UNIT_ID,MESSAGE,MESSAGE_ID,MESSAGE_NUMBER,MESSAGE_V1,MESSAGE_V2,MESSAGE_V3,MESSAGE_V4
00505684390C1ED9BD99ED5C23B4A0B3,Application error,00,001,Application error,,,
00505684390C1ED9BD99ED5C23B4E0B3,Application error,00,001,Application error,,,
00505684390C1ED9BD99ED5C23B520B3,Application error,00,001,Application error,,,
00505684390C1ED9BD99ED5C23B560B3,Application error,00,001,Application error,,,
00505684390C1ED9BD99ED5C23B5A0B3,Application error,00,001,Application error,,,
00505684390C1ED9BD99ED5C23B5E0B3,Application error,00,001,Application error,,,
00505684390C1ED9BD99ED5C23B620B3,Application error,00,001,Application error,,,
00505684390C1ED9BD99ED5C23B660B3,Application error,00,001,Application error,,,
00505684390C1ED9BD99ED5C23B6A0B3,Application error,00,001,Application error,,,
00505684390C1ED9BD99ED5C23B6E0B3,Application error,00,001,Application error,,,
00505684390C1ED9BD99ED5C23B720B3,Application error,00,001,Application error,,,
00505684390C1ED9BD99ED5C23B760B3,Application error,00,001,Application error,,,
00505684390C1ED9BD99ED5C23B7A0B3,Application error,00,001,Application error,,,
00505684390C1ED9BD99ED76E1CA20B3,Application error,00,001,Application error,,,
00505684390C1ED9BD99ED7B7B7220B3,Application error,00,001,Application error,,,
00505684390C1ED9BD99ED7B7B7260B3,Application error,00,001,Application error,,,
00505684390C1ED9BD99ED7B7B72A0B3,Application error,00,001,Application error,,,
00505684390C1EDAB1FEA48F4F92B595,Application error,00,001,Application error,,,
00505684390C1EDAB38110211AE67990,Application error,00,001,Application error,,,
00505684390C1EDB80E4275C2F58DD0F,Application error,00,001,Application error,,,
00505684390C1EDB80E42F1EE3A1DD0F,Application error,00,001,Application error,,,
00505684390C1EDB80E43202B17A3D0F,Application error,00,001,Application error,,,
00505684390C1EDB80E43483286B5D0F,Application error,00,001,Application error,,,
00505684390C1EDB89800165533FD1C6,Application error,00,001,Application error,,,
00505684390C1EDB8AADC72FC3FC77FA,Application error,00,001,Application error,,,
00505684390C1EDB98ADC90E065A04A4,Application error,00,001,Application error,,,
00505684390C1EDB98AF7E0BD32B44BA,Application error,00,001,Application error,,,
00505684390C1EDB98AFA7F2BE3D84BB,Application error,00,001,Application error,,,
00505684390C1EDB98AFAA7025E284BB,Application error,00,001,Application error,,,
00505684390C1EDB98FA9E858A0A4725,Application error,00,001,Application error,,,
00505684390C1EDB98FAAF23E061C727,Application error,00,001,Application error,,,
00505684390C1EDB98FABC72F1B88727,Application error,00,001,Application error,,,
00505684390C1EDB98FB02743161872A,Application error,00,001,Application error,,,
00505684390C1EDB98FB0BFE6341872A,Application error,00,001,Application error,,,
00505684390C1EDB98FB11F48E60072A,Application error,00,001,Application error,,,
00505684390C1EDB98FB240A3812C72A,Application error,00,001,Application error,,,
00505684390C1EDB98FB703E928EC72D,Application error,00,001,Application error,,,
00505684390C1EDB98FCED5165EB073A,Application error,00,001,Application error,,,
00505684390C1EDB998B0CEDB49F07BC,Application error,00,001,Application error,,,
00505684390C1EDB998B29B09351E7BD,Application error,00,001,Application error,,,
00505684390C1EDB998B9FB0181D87BF,Application error,00,001,Application error,,,
00505684390C1EDB998BA3C5FA0E07BF,Application error,00,001,Application error,,,
00505684390C1EDB998BA9BC59C807C0,Application error,00,001,Application error,,,
00505684390C1EDB998BB06EB7E9A7C0,Application error,00,001,Application error,,,
00505684390C1EDB99F8FAF12A8FAC2B,Application error,00,001,Application error,,,
00505684390C1EDB99F90836012D2C2C,Application error,00,001,Application error,,,
00505684390C1EDB99F9154FE4D36C2E,Application error,00,001,Application error,,,
00505684390C1EDB99F921E0F6094C2F,Application error,00,001,Application error,,,
00505684390C1EDB99FF85FD090DCC50,Application error,00,001,Application error,,,
00505684390C1EDB9DEDD97181587FF6,runtime resume failed,00,001,runtime resume failed,,,
00505684390C1EDB9DEDD97181597FF6,runtime resume failed,00,001,runtime resume failed,,,
00505684390C1EDB9DEE0B22DC0D1FF6,runtime resume failed,00,001,runtime resume failed,,,
00505684390C1EDB9DEE0B22DC0E1FF6,runtime resume failed,00,001,runtime resume failed,,,
00505684390C1EDBAAA4CB707CDA6066,Application error,00,001,Application error,,,
00505684390C1EDBABF9DA0E9D7C01DE,Application error,00,001,Application error,,,
00505684390C1EDBABF9DA34421DA1DE,Application error,00,001,Application error,,,
00505684390C1EDBABF9DA5BCBB3C1DE,Application error,00,001,Application error,,,
00505684390C1EDBABF9DAA6824541DE,Application error,00,001,Application error,,,
00505684390C1EDBABF9DACDFC4D21DE,Application error,00,001,Application error,,,
00505684390C1EDBABF9DAF6AACBC1DE,Application error,00,001,Application error,,,
00505684390C1EDBABF9DB20CBE3C1DE,Application error,00,001,Application error,,,
00505684390C1EDBABF9DB4225C481DE,Application error,00,001,Application error,,,
00505684390C1EDBABF9DB8B925621DE,Application error,00,001,Application error,,,
00505684390C1EDBABF9DBB2EFF621DE,Application error,00,001,Application error,,,
00505684390C1EDBABF9DC30C520A1DE,Application error,00,001,Application error,,,
00505684390C1EDBABF9DC50484A61DE,Application error,00,001,Application error,,,
00505684390C1EDBABF9DE13EB9601DE,Application error,00,001,Application error,,,
00505684390C1EDBABF9DF93101941DE,Application error,00,001,Application error,,,
00505684390C1EDBAC9E5FB6A61DA2F7,Application error,00,001,Application error,,,
00505684390C1EDBAC9E603DBF3282F7,Application error,00,001,Application error,,,
00505684390C1EDBAD927EAA7CCE471E,Application error,00,001,Application error,,,
00505684390C1EDBAD927F3E3845A71E,Application error,00,001,Application error,,,
00505684390C1EDBAD927F89C6D6C71E,Application error,00,001,Application error,,,
00505684390C1EDBAD927FB012EE271E,Application error,00,001,Application error,,,
00505684390C1EDBAD927FD64969871E,Application error,00,001,Application error,,,
00505684390C1EDBAD927FFC651C471E,Application error,00,001,Application error,,,
00505684390C1EDBAD928022F958871E,Application error,00,001,Application error,,,
00505684390C1EDBAD9280467143071E,Application error,00,001,Application error,,,
00505684390C1EDBAD9280472050071E,Application error,00,001,Application error,,,
00505684390C1EDBAD92806CF7DA471E,Application error,00,001,Application error,,,
00505684390C1EDBAD92806CF7E0871E,Application error,00,001,Application error,,,
00505684390C1EDBAD92806D8EC0271E,Application error,00,001,Application error,,,
00505684390C1EDBAD928092BB22271E,Application error,00,001,Application error,,,
00505684390C1EDBAD928093E899871E,Application error,00,001,Application error,,,
00505684390C1EDBAD9280B9060D071E,Application error,00,001,Application error,,,
00505684390C1EDBAD9280BA37DEA71E,Application error,00,001,Application error,,,
00505684390C1EDBAD9280DF07DF071E,Application error,00,001,Application error,,,
00505684390C1EDBAD9280DFF574471E,Application error,00,001,Application error,,,
00505684390C1EDBAD9281055C74671E,Application error,00,001,Application error,,,
00505684390C1EDBAD928106DECC071E,Application error,00,001,Application error,,,
00505684390C1EDBAD92812B52A5671E,Application error,00,001,Application error,,,
00505684390C1EDBAD92812B9200871E,Application error,00,001,Application error,,,
00505684390C1EDBAD928151AF61A71E,Application error,00,001,Application error,,,
00505684390C1EDBAD9281526A89671E,Application error,00,001,Application error,,,
00505684390C1EDBAD9281649492471E,Application error,00,001,Application error,,,
00505684390C1EDBAD9281649496C71E,Application error,00,001,Application error,,,
00505684390C1EDBAD928177F0E0071E,Application error,00,001,Application error,,,
00505684390C1EDBAD9281793C12C71E,Application error,00,001,Application error,,,
00505684390C1EDBAD9281793C18E71E,Application error,00,001,Application error,,,
00505684390C1EDBAD92819EA2D2671E,Application error,00,001,Application error,,,
00505684390C1EDBAD9281C41B5B871E,Application error,00,001,Application error,,,
00505684390C1EDBAD9281EA615DE71E,Application error,00,001,Application error,,,
00505684390C1EDBAD928236E95AE71E,Application error,00,001,Application error,,,
00505684390C1EDBAD92825DA201A71E,Application error,00,001,Application error,,,
00505684390C1EDBAD928282DE2B271E,Application error,00,001,Application error,,,
00505684390C1EDBAD9282CF879B871E,Application error,00,001,Application error,,,
00505684390C1EDBAD9282F62CA5271E,Application error,00,001,Application error,,,
00505684390C1EDBAD92831BB7A5E71E,Application error,00,001,Application error,,,
00505684390C1EDBAD928367A9C4E71F,Application error,00,001,Application error,,,
00505684390C1EDBAD928391419DE71F,Application error,00,001,Application error,,,
00505684390C1EDBAD9283B435F9C71F,Application error,00,001,Application error,,,
00505684390C1EDBAD9283DD167F671F,Application error,00,001,Application error,,,
00505684390C1EDBAD928401A629071F,Application error,00,001,Application error,,,
00505684390C1EDBAD928401A62FC71F,Application error,00,001,Application error,,,
00505684390C1EDBAD928426D58E871F,Application error,00,001,Application error,,,
00505684390C1EDBAD92844CE56C671F,Application error,00,001,Application error,,,
00505684390C1EDBAD92844CE573271F,Application error,00,001,Application error,,,
00505684390C1EDBAD9284731EF6E71F,Application error,00,001,Application error,,,
00505684390C1EDBAD9284731EFDA71F,Application error,00,001,Application error,,,
00505684390C1EDBAD92849A0A41271F,Application error,00,001,Application error,,,
00505684390C1EDBAD9284BFB22B871F,Application error,00,001,Application error,,,
00505684390C1EDBAD9284E53240271F,Application error,00,001,Application error,,,
00505684390C1EDBAD9284E53247C71F,Application error,00,001,Application error,,,
00505684390C1EDBAD92850E2986471F,Application error,00,001,Application error,,,
00505684390C1EDBAD9285317CA6C71F,Application error,00,001,Application error,,,
00505684390C1EDBAD9285627150471F,Application error,00,001,Application error,,,
00505684390C1EDBAD9285A4003F071F,Application error,00,001,Application error,,,
00505684390C1EDBAD9285CC8F0FA71F,Application error,00,001,Application error,,,
00505684390C1EDBAD9285F00B49271F,Application error,00,001,Application error,,,
00505684390C1EDBAD9285F00B50671F,Application error,00,001,Application error,,,
00505684390C1EDBAD92863CA74D271F,Application error,00,001,Application error,,,
00505684390C1EDBAD9286632D3EA71F,Application error,00,001,Application error,,,
00505684390C1EDBAD928688A457C71F,Application error,00,001,Application error,,,
00505684390C1EDBAD9286AF7550E71F,Application error,00,001,Application error,,,
00505684390C1EDBAD9286D70848671F,Application error,00,001,Application error,,,
00505684390C1EDBAD9286FB1264471F,Application error,00,001,Application error,,,
00505684390C1EDBAD9287212E73671F,Application error,00,001,Application error,,,
00505684390C1EDBAD928747AAE0271F,Application error,00,001,Application error,,,
00505684390C1EDBAD9299AE9D44871F,Application error,00,001,Application error,,,
00505684390C1EDBAD9299D6F3D8E71F,Application error,00,001,Application error,,,
00505684390C1EDBAD9299FD855CE71F,Application error,00,001,Application error,,,
00505684390C1EDBAD929A21B822C71F,Application error,00,001,Application error,,,
00505684390C1EDBAD929A485B9D271F,Application error,00,001,Application error,,,
00505684390C1EDBAD929A6DF2F4471F,Application error,00,001,Application error,,,
00505684390C1EDBAD929A949205E71F,Application error,00,001,Application error,,,
00505684390C1EDBAD929ABA6BA9671F,Application error,00,001,Application error,,,
00505684390C1EDBAD929AE44587A71F,Application error,00,001,Application error,,,
00505684390C1EDBAD929B0D273F271F,Application error,00,001,Application error,,,
00505684390C1EDBAD929B35D03EE71F,Application error,00,001,Application error,,,
00505684390C1EDBAD929B790B46A71F,Application error,00,001,Application error,,,
00505684390C1EDBAD929BC857FB071F,Application error,00,001,Application error,,,
00505684390C1EDBAD929BF3BF2A671F,Application error,00,001,Application error,,,
00505684390C1EDBAD929C3CD07E271F,Application error,00,001,Application error,,,
00505684390C1EDBAD929C83D406671F,Application error,00,001,Application error,,,
00505684390C1EDBAD929CAA7351A71F,Application error,00,001,Application error,,,
00505684390C1EDBAD929CDEBF28271F,Application error,00,001,Application error,,,
00505684390C1EDBAD929D423072471F,Application error,00,001,Application error,,,
00505684390C1EDBAD929D697D01A71F,Application error,00,001,Application error,,,
00505684390C1EDBAD929D9C15A0471F,Application error,00,001,Application error,,,
00505684390C1EDBAD929E01146F071F,Application error,00,001,Application error,,,
00505684390C1EDBAD929E011474A71F,Application error,00,001,Application error,,,
00505684390C1EDBAD929E280CF2271F,Application error,00,001,Application error,,,
00505684390C1EDBAD929E4D1D06E71F,Application error,00,001,Application error,,,
00505684390C1EDBAD929E4D1D0D471F,Application error,00,001,Application error,,,
00505684390C1EDBAD929E73438B671F,Application error,00,001,Application error,,,
00505684390C1EDBAD929E734391C71F,Application error,00,001,Application error,,,
00505684390C1EDBAD929E99E57E071F,Application error,00,001,Application error,,,
00505684390C1EDBAD929E99E584671F,Application error,00,001,Application error,,,
00505684390C1EDBAD929EBFF555C71F,Application error,00,001,Application error,,,
00505684390C1EDBAD929EBFF55C271F,Application error,00,001,Application error,,,
00505684390C1EDBAD929EE5CC75A71F,Application error,00,001,Application error,,,
00505684390C1EDBAD929F0C814A271F,Application error,00,001,Application error,,,
00505684390C1EDBAD929F0C8152A71F,Application error,00,001,Application error,,,
00505684390C1EDBAD929F32170C671F,Application error,00,001,Application error,,,
00505684390C1EDBAD929F321713C71F,Application error,00,001,Application error,,,
00505684390C1EDBAD929F586D53A71F,Application error,00,001,Application error,,,
00505684390C1EDBAD929F7E5007071F,Application error,00,001,Application error,,,
00505684390C1EDBAD929FCB1C3D671F,Application error,00,001,Application error,,,
00505684390C1EDBAD92A08990A2271F,Application error,00,001,Application error,,,
00505684390C1EDBAD92A1489CEAC71F,Application error,00,001,Application error,,,
00505684390C1EDBAD92A1489CF2471F,Application error,00,001,Application error,,,
00505684390C1EDBAD92A1707F29A71F,Application error,00,001,Application error,,,
00505684390C1EDBAD92A1947117471F,Application error,00,001,Application error,,,
00505684390C1EDBAD92A197034BA71F,Application error,00,001,Application error,,,
00505684390C1EDBAD92A1C0C023271F,Application error,00,001,Application error,,,
00505684390C1EDBAD92A27BCE72871F,Application error,00,001,Application error,,,
00505684390C1EDBAD92A3FE0CA4671F,Application error,00,001,Application error,,,
00505684390C1EDBAD92A490023F671F,Application error,00,001,Application error,,,
00505684390C1EDBAD92A4DB91CC471F,Application error,00,001,Application error,,,
00505684390C1EDBAD92A621AFB9071F,Application error,00,001,Application error,,,
00505684390C1EDBAD92A659BDAE871F,Application error,00,001,Application error,,,
00505684390C1EDBAD92A6CDE54E871F,Application error,00,001,Application error,,,
00505684390C1EDBAD92A73FF547471F,Application error,00,001,Application error,,,
00505684390C1EDBAD92A7664981C71F,Application error,00,001,Application error,,,
00505684390C1EDBAD92A78BD83F671F,Application error,00,001,Application error,,,
00505684390C1EDBAD92A78BD845071F,Application error,00,001,Application error,,,
00505684390C1EDBAD92A7B16EA5071F,Application error,00,001,Application error,,,
00505684390C1EDBAD92A7D6829F471F,Application error,00,001,Application error,,,
00505684390C1EDBAD92A7FDC6E9E71F,Application error,00,001,Application error,,,
00505684390C1EDBAD92A7FDC6EE871F,Application error,00,001,Application error,,,
00505684390C1EDBAD92A87141C2671F,Application error,00,001,Application error,,,
00505684390C1EDBAD92CC47C14D471F,Application error,00,001,Application error,,,
00505684390C1EDBAD92CE108C82C71F,Application error,00,001,Application error,,,
00505684390C1EDBAD92CE108C87271F,Application error,00,001,Application error,,,
00505684390C1EDBAD92CE37A31B471F,Application error,00,001,Application error,,,
00505684390C1EDBAD92CE5C9FDAE71F,Application error,00,001,Application error,,,
00505684390C1EDBAD92CE81C1FB071F,Application error,00,001,Application error,,,
00505684390C1EDBAD92CEAACE40471F,Application error,00,001,Application error,,,
00505684390C1EDBAD92CEBF892EA71F,Application error,00,001,Application error,,,
00505684390C1EDBAD92CEBF8933671F,Application error,00,001,Application error,,,
00505684390C1EDBAD92CECEE0AF471F,Application error,00,001,Application error,,,
00505684390C1EDBAD92CEF494BB071F,Application error,00,001,Application error,,,
00505684390C1EDBAD92CF1A44B2871F,Application error,00,001,Application error,,,
00505684390C1EDBAD92CF43AAFEC71F,Application error,00,001,Application error,,,
00505684390C1EDBAD92CF667D37071F,Application error,00,001,Application error,,,
00505684390C1EDBAD92D5F99961E71F,Application error,00,001,Application error,,,
00505684390C1EDBAD92D61BDC81671F,Application error,00,001,Application error,,,
00505684390C1EDBAD92D6418F03671F,Application error,00,001,Application error,,,
00505684390C1EDBAD92D668F3AC471F,Application error,00,001,Application error,,,
00505684390C1EDBAD92D690D1A0071F,Application error,00,001,Application error,,,
00505684390C1EDBAD92D6B78FD1871F,Application error,00,001,Application error,,,
00505684390C1EDBAD92D6DDC5C6C71F,Application error,00,001,Application error,,,
00505684390C1EDBAD92D7047559C71F,Application error,00,001,Application error,,,
00505684390C1EDBAD92D72B66C2871F,Application error,00,001,Application error,,,
00505684390C1EDBAD92D7519825C71F,Application error,00,001,Application error,,,
00505684390C1EDBAD92D7779D1F071F,Application error,00,001,Application error,,,
00505684390C1EDBAD92D79D0B87471F,Application error,00,001,Application error,,,
00505684390C1EDBAD92D7C23E5B071F,Application error,00,001,Application error,,,
00505684390C1EDBAD92D7E82CBF071F,Application error,00,001,Application error,,,
00505684390C1EDBAD92D80EBE2C871F,Application error,00,001,Application error,,,
00505684390C1EDBAD92D834E11F871F,Application error,00,001,Application error,,,
00505684390C1EDBAD92D85A4446871F,Application error,00,001,Application error,,,
00505684390C1EDBAD92D8A395D5471F,Application error,00,001,Application error,,,
00505684390C1EDBAD92D8CAB3FEE71F,Application error,00,001,Application error,,,
00505684390C1EDBAD92D8F5AF04271F,Application error,00,001,Application error,,,
00505684390C1EDBAD92D93C367D671F,Application error,00,001,Application error,,,
00505684390C1EDBAD92EF36E751071F,Application error,00,001,Application error,,,
00505684390C1EDBAD92EF5E78FC871F,Application error,00,001,Application error,,,
00505684390C1EDBAD944A8F9D3F8724,Application error,00,001,Application error,,,
00505684390C1EDBAD944BE6CF870724,Application error,00,001,Application error,,,
00505684390C1EDBADA734C54309674D,Application error,00,001,Application error,,,
00505684390C1EDBADA7366A8D5AA74D,Application error,00,001,Application error,,,
00505684390C1EDBADAC36622842C785,Application error,00,001,Application error,,,
00505684390C1EDBADAC36B9AC68A785,Application error,00,001,Application error,,,
00505684390C1EDBADACEA133069078A,Application error,00,001,Application error,,,
00505684390C1EDBADAD074F7066E78B,Application error,00,001,Application error,,,
00505684390C1EDBADC4534EEEF6C7CD,Application error,00,001,Application error,,,
00505684390C1EDBADC4538B1D8BC7CD,Application error,00,001,Application error,,,
00505684390C1EDBADFC66DAC87B49EC,Application error,00,001,Application error,,,
00505684390C1EDBADFC6BCF9E8269EC,Application error,00,001,Application error,,,
00505684390C1EDBADFC6E99B5E189EC,Application error,00,001,Application error,,,
00505684390C1EDBAEC2E169C6BF8AE9,Application error,00,001,Application error,,,
00505684390C1EDBAEC2E1B59A80AAE9,Application error,00,001,Application error,,,
00505684390C1EDBB18BB66380FB6FAB,Application error,00,001,Application error,,,
00505684390C1EDBB18BB66665606FAB,Application error,00,001,Application error,,,
00505684390C1EDBB18BB865DA67CFAB,Application error,00,001,Application error,,,
00505684390C1EDBB18BBC330A0BEFAB,Application error,00,001,Application error,,,
00505684390C1EDBB18BBD3F5A8F2FAB,Application error,00,001,Application error,,,
00505684390C1EDBB18BC87E5CCA6FAB,Application error,00,001,Application error,,,
00505684390C1EDBB18BCFF0D9912FAB,Application error,00,001,Application error,,,
00505684390C1EDBB18BD508FFB6EFAB,Application error,00,001,Application error,,,
00505684390C1EDBB18C3D2A98316FAF,Application error,00,001,Application error,,,
00505684390C1EDBB2C79CC097509158,Application error,00,001,Application error,,,
00505684390C1EDBB2C79CC097555158,Application error,00,001,Application error,,,
00505684390C1EDBB2C7DA2653561158,Application error,00,001,Application error,,,
00505684390C1EDBB2C7DA49EF267158,Application error,00,001,Application error,,,
00505684390C1EDBB2C7DA71747D5158,Application error,00,001,Application error,,,
00505684390C1EDBB2C7DABC2ADE1158,Application error,00,001,Application error,,,
00505684390C1EDBB2C7DB0B545BB158,Application error,00,001,Application error,,,
00505684390C1EDBB2C7DB352BC55158,Application error,00,001,Application error,,,
00505684390C1EDBB2C7DB592DE6D158,Application error,00,001,Application error,,,
00505684390C1EDBB2C7DBA10D03B158,Application error,00,001,Application error,,,
00505684390C1EDBB2C7DBC756151158,Application error,00,001,Application error,,,
00505684390C1EDBB2C7DBEDCFF25158,Application error,00,001,Application error,,,
00505684390C1EDBB2C7DC3C8F88B158,Application error,00,001,Application error,,,
00505684390C1EDBB2C7DC61CA53D158,Application error,00,001,Application error,,,
00505684390C1EDBB2C7DCB1B1BD7158,Application error,00,001,Application error,,,
00505684390C1EDBB2C7DCD676B25158,Application error,00,001,Application error,,,
00505684390C1EDBB2C7DD09CB8EF158,Application error,00,001,Application error,,,
00505684390C1EDBB2C7DD47CB397158,Application error,00,001,Application error,,,
00505684390C1EDBB2C7DD6CEF6BB158,Application error,00,001,Application error,,,
00505684390C1EDBB2C7DD93E1543158,Application error,00,001,Application error,,,
00505684390C1EDBB2C7DE2A71D5F158,Application error,00,001,Application error,,,
00505684390C1EDBB2C7DE4FB2F9D158,Application error,00,001,Application error,,,
00505684390C1EDBB2C7DE7688983158,Application error,00,001,Application error,,,
00505684390C1EDBB2C7DEC40E541158,Application error,00,001,Application error,,,
00505684390C1EDBB2C7DF11ABB93158,Application error,00,001,Application error,,,
00505684390C1EDBB2C7DF34BA56F158,Application error,00,001,Application error,,,
00505684390C1EDBB2C7DF5BBFD53158,Application error,00,001,Application error,,,
00505684390C1EDBB2C7DF84EE707158,Application error,00,001,Application error,,,
00505684390C1EDBB2C7DFAA1BF29158,Application error,00,001,Application error,,,
00505684390C1EDBB2C7DFCDC5F55158,Application error,00,001,Application error,,,
00505684390C1EDBB2C7DFF6A1EDD158,Application error,00,001,Application error,,,
00505684390C1EDBB2C7E01CCA691158,Application error,00,001,Application error,,,
00505684390C1EDBB2C7E044899B1158,Application error,00,001,Application error,,,
00505684390C1EDBB2C7E06AC717D158,Application error,00,001,Application error,,,
00505684390C1EDBB2C7E091D27BD158,Application error,00,001,Application error,,,
00505684390C1EDBB2C7E0B297CB5158,Application error,00,001,Application error,,,
00505684390C1EDBB2C7E0DA1E683158,Application error,00,001,Application error,,,
00505684390C1EDBB2C7E0DA1E707158,Application error,00,001,Application error,,,
00505684390C1EDBB2C7E1011C65B158,Application error,00,001,Application error,,,
00505684390C1EDBB2C7E124A3075158,Application error,00,001,Application error,,,
00505684390C1EDBB2C7E14B2E679158,Application error,00,001,Application error,,,
00505684390C1EDBB2C7E1735888F158,Application error,00,001,Application error,,,
00505684390C1EDBB2C7E1CC9B587158,Application error,00,001,Application error,,,
00505684390C1EDBB2C7E1E59803D158,Application error,00,001,Application error,,,
00505684390C1EDBB2C7E2A5898A5158,Application error,00,001,Application error,,,
00505684390C1EDBB2C7E4700C3F7158,Application error,00,001,Application error,,,
00505684390C1EDBB2C7E492038B5158,Application error,00,001,Application error,,,
00505684390C1EDBB2C7E4DEDCDC7158,Application error,00,001,Application error,,,
00505684390C1EDBB2C7E4DEDCE13158,Application error,00,001,Application error,,,
00505684390C1EDBB2C7E610DA41B158,Application error,00,001,Application error,,,
00505684390C1EDBB2C7E7365B3BF158,Application error,00,001,Application error,,,
00505684390C1EDBB2C7E815492DB158,Application error,00,001,Application error,,,
00505684390C1EDBB2C7E8D83924D158,Application error,00,001,Application error,,,
00505684390C1EDBB2C7EA9BF166F158,Application error,00,001,Application error,,,
00505684390C1EDBB2C7EC42BD3FB158,Application error,00,001,Application error,,,
00505684390C1EDBB2C7EC64CA12F158,Application error,00,001,Application error,,,
00505684390C1EDBB2C7EC8B0ED7F158,Application error,00,001,Application error,,,
00505684390C1EDBB2C7ECB161F2F158,Application error,00,001,Application error,,,
00505684390C1EDBB2C7ECD8C8257158,Application error,00,001,Application error,,,
00505684390C1EDBB2C7ED2482BBD158,Application error,00,001,Application error,,,
00505684390C1EDBB2C7ED71BD6B3158,Application error,00,001,Application error,,,
00505684390C1EDBB2C7ED9A5EBCF158,Application error,00,001,Application error,,,
00505684390C1EDBB2C7EE7B820C7158,Application error,00,001,Application error,,,
00505684390C1EDBB2C7EEC6EF269158,Application error,00,001,Application error,,,
00505684390C1EDBB2D0FE3A46F1D15F,runtime resume failed,00,001,runtime resume failed,,,
00505684390C1EDBB2D0FE3A46F2115F,runtime resume failed,00,001,runtime resume failed,,,
00505684390C1EDBB2D103AC7982D15F,runtime resume failed,00,001,runtime resume failed,,,
00505684390C1EDBB2D103AC7983115F,runtime resume failed,00,001,runtime resume failed,,,
00505684390C1EDBB2D11C69458BF15F,runtime resume failed,00,001,runtime resume failed,,,
00505684390C1EDBB2D11C69458C315F,runtime resume failed,00,001,runtime resume failed,,,
00505684390C1EDBB2D17384C3C8315F,runtime resume failed,00,001,runtime resume failed,,,
00505684390C1EDBB2D17384C3C8715F,runtime resume failed,00,001,runtime resume failed,,,
00505684390C1EDBB2D1B24CF97A9160,runtime resume failed,00,001,runtime resume failed,,,
00505684390C1EDBB2D1B24CF97AD160,runtime resume failed,00,001,runtime resume failed,,,
00505684390C1EDBB3A0D14D8414719C,Application error,00,001,Application error,,,
00505684390C1EDBB3A0D172E697519C,Application error,00,001,Application error,,,
00505684390C1EDBB3A1035F55E2119C,Application error,00,001,Application error,,,
00505684390C1EDBB3A103841230119C,Application error,00,001,Application error,,,
00505684390C1EDBB3A103F639CC319C,Application error,00,001,Application error,,,
00505684390C1EDBB3A104267C2CF19C,Application error,00,001,Application error,,,
00505684390C1EDBB3A10443597D119C,Application error,00,001,Application error,,,
00505684390C1EDBB3A1046A2545319C,Application error,00,001,Application error,,,
00505684390C1EDBB3A104939114319C,Application error,00,001,Application error,,,
00505684390C1EDBB3A104B5EB05F19C,Application error,00,001,Application error,,,
00505684390C1EDBB3A104DB4C0B519C,Application error,00,001,Application error,,,
00505684390C1EDBB3A10505DF36319C,Application error,00,001,Application error,,,
00505684390C1EDBB3A10530E574719C,Application error,00,001,Application error,,,
00505684390C1EDBB3A1054DB001F19C,Application error,00,001,Application error,,,
00505684390C1EDBB3A105742B6C519C,Application error,00,001,Application error,,,
00505684390C1EDBB3A1059BE954719C,Application error,00,001,Application error,,,
00505684390C1EDBB3A105C009B0919C,Application error,00,001,Application error,,,
00505684390C1EDBB3A105E99C90B19C,Application error,00,001,Application error,,,
00505684390C1EDBB3A105E99C98719C,Application error,00,001,Application error,,,
00505684390C1EDBB3A1060C8476F19C,Application error,00,001,Application error,,,
00505684390C1EDBB3A106A8AAF9F19C,Application error,00,001,Application error,,,
00505684390C1EDBB3A106F166FCB19C,Application error,00,001,Application error,,,
00505684390C1EDBB3A106F16706319C,Application error,00,001,Application error,,,
00505684390C1EDBB3A1073E3A2BD19C,Application error,00,001,Application error,,,
00505684390C1EDBB3A107D66E4BD19C,Application error,00,001,Application error,,,
00505684390C1EDBB3A1092D4FCB319C,Application error,00,001,Application error,,,
00505684390C1EDBB3A10A3B0313B19C,Application error,00,001,Application error,,,
00505684390C1EDBB3A10A62B128319C,Application error,00,001,Application error,,,
00505684390C1EDBB3A10AD0E737D19C,Application error,00,001,Application error,,,
00505684390C1EDBB3A10AF82C64519C,Application error,00,001,Application error,,,
00505684390C1EDBB3A10C027CEDB19C,Application error,00,001,Application error,,,
00505684390C1EDBB3A10C28A9CAD19C,Application error,00,001,Application error,,,
00505684390C1EDBB3A10C778878519C,Application error,00,001,Application error,,,
00505684390C1EDBB3A10C77887F319C,Application error,00,001,Application error,,,
00505684390C1EDBB3A10C9CDFB9719C,Application error,00,001,Application error,,,
00505684390C1EDBB3A10DF20AEDF19C,Application error,00,001,Application error,,,
00505684390C1EDBB3A10DF20AF5119C,Application error,00,001,Application error,,,
00505684390C1EDBB3A10E8FDFB3719C,Application error,00,001,Application error,,,
00505684390C1EDBB3A10EB2A013919C,Application error,00,001,Application error,,,
00505684390C1EDBB3A110F0BCE5D19C,Application error,00,001,Application error,,,
00505684390C1EDBB3A111148C28719C,Application error,00,001,Application error,,,
00505684390C1EDBB3A111148C2F919C,Application error,00,001,Application error,,,
00505684390C1EDBB3A111670B61D19C,Application error,00,001,Application error,,,
00505684390C1EDBB3A111858013B19C,Application error,00,001,Application error,,,
00505684390C1EDBB3A1126A805CB19C,Application error,00,001,Application error,,,
00505684390C1EDBB3A113E98131F19C,Application error,00,001,Application error,,,
00505684390C1EDBB3A11412ECA8719C,Application error,00,001,Application error,,,
00505684390C1EDBB3A114346B35519C,Application error,00,001,Application error,,,
00505684390C1EDBB3A114346B3A119C,Application error,00,001,Application error,,,
00505684390C1EDBB3A1153F2F4C919C,Application error,00,001,Application error,,,
00505684390C1EDBB3A1164A79F4119C,Application error,00,001,Application error,,,
00505684390C1EDBB3A1170C0918719C,Application error,00,001,Application error,,,
00505684390C1EDBB3A117A576CC319C,Application error,00,001,Application error,,,
00505684390C1EDBB3A1194C1815B19C,Application error,00,001,Application error,,,
00505684390C1EDBB3A11AA1E0DCB19C,Application error,00,001,Application error,,,
00505684390C1EDBB3A11AC38FC3519C,Application error,00,001,Application error,,,
00505684390C1EDBB3A11AE9E750F19C,Application error,00,001,Application error,,,
00505684390C1EDBB3A11B101159319C,Application error,00,001,Application error,,,
00505684390C1EDBB3A11B388E31B19C,Application error,00,001,Application error,,,
00505684390C1EDBB3A11B5C3266D19C,Application error,00,001,Application error,,,
00505684390C1EDBB3A11BA87859F19C,Application error,00,001,Application error,,,
00505684390C1EDBB3A11BCDE190319C,Application error,00,001,Application error,,,
00505684390C1EDBB3A11C9BE6E7B19C,Application error,00,001,Application error,,,
00505684390C1EDBB3A11CD9566EB19C,Application error,00,001,Application error,,,
00505684390C1EDBB3AC12DDC201D1AA,Application error,00,001,Application error,,,
00505684390C1EDBB3AC12F7231651AA,Application error,00,001,Application error,,,
00505684390C1EDBB3AC40A26992F1AB,Application error,00,001,Application error,,,
00505684390C1EDBB3AC40C7E54C51AB,Application error,00,001,Application error,,,
00505684390C1EDBB3AC413AED71B1AB,Application error,00,001,Application error,,,
00505684390C1EDBB3AC4164DC54F1AB,Application error,00,001,Application error,,,
00505684390C1EDBB3AC418715B951AB,Application error,00,001,Application error,,,
00505684390C1EDBB3AC41AD5C0111AB,Application error,00,001,Application error,,,
00505684390C1EDBB3AC41D362FC51AB,Application error,00,001,Application error,,,
00505684390C1EDBB3AC41F9B077B1AB,Application error,00,001,Application error,,,
00505684390C1EDBB3AC421FF38971AB,Application error,00,001,Application error,,,
00505684390C1EDBB3AC424581B8B1AB,Application error,00,001,Application error,,,
00505684390C1EDBB3AC426BE13B71AB,Application error,00,001,Application error,,,
00505684390C1EDBB3AC429151D131AB,Application error,00,001,Application error,,,
00505684390C1EDBB3AC42B82AE4B1AB,Application error,00,001,Application error,,,
00505684390C1EDBB3AC42DD9E94B1AB,Application error,00,001,Application error,,,
00505684390C1EDBB3AC42DD9E9C91AB,Application error,00,001,Application error,,,
00505684390C1EDBB3AC4305110891AB,Application error,00,001,Application error,,,
00505684390C1EDBB3AC432A2BF011AB,Application error,00,001,Application error,,,
00505684390C1EDBB3AC435007E351AB,Application error,00,001,Application error,,,
00505684390C1EDBB3AC43C391FED1AB,Application error,00,001,Application error,,,
00505684390C1EDBB3AC43E8E76611AB,Application error,00,001,Application error,,,
00505684390C1EDBB3AC4435B99611AB,Application error,00,001,Application error,,,
00505684390C1EDBB3AC448248F9F1AB,Application error,00,001,Application error,,,
00505684390C1EDBB3AC4567117B71AB,Application error,00,001,Application error,,,
00505684390C1EDBB3AC46BED87D51AB,Application error,00,001,Application error,,,
00505684390C1EDBB3AC47CADD06F1AB,Application error,00,001,Application error,,,
00505684390C1EDBB3AC47FFD61251AB,Application error,00,001,Application error,,,
00505684390C1EDBB3AC488A109511AB,Application error,00,001,Application error,,,
00505684390C1EDBB3AC488A109C11AB,Application error,00,001,Application error,,,
00505684390C1EDBB3AC49E13C5D51AB,Application error,00,001,Application error,,,
00505684390C1EDBB3AC4A049F0E11AB,Application error,00,001,Application error,,,
00505684390C1EDBB3AC4A526339B1AB,Application error,00,001,Application error,,,
00505684390C1EDBB3AC4A526340B1AB,Application error,00,001,Application error,,,
00505684390C1EDBB3AC4A7733B6B1AB,Application error,00,001,Application error,,,
00505684390C1EDBB3AC4BF4D96831AB,Application error,00,001,Application error,,,
00505684390C1EDBB3AC4BF4D96F71AB,Application error,00,001,Application error,,,
00505684390C1EDBB3AC4C8DE630F1AB,Application error,00,001,Application error,,,
00505684390C1EDBB3AC4CB5D02271AB,Application error,00,001,Application error,,,
00505684390C1EDBB3AC4EEFB74791AB,Application error,00,001,Application error,,,
00505684390C1EDBB3AC4F15AE4151AB,Application error,00,001,Application error,,,
00505684390C1EDBB3AC4F3DDC98B1AB,Application error,00,001,Application error,,,
00505684390C1EDBB3AC4F883A04D1AB,Application error,00,001,Application error,,,
00505684390C1EDBB3AC4FAE4042F1AB,Application error,00,001,Application error,,,
00505684390C1EDBB3AC5094650991AB,Application error,00,001,Application error,,,
00505684390C1EDBB3AC52113BCA11AB,Application error,00,001,Application error,,,
00505684390C1EDBB3AC5236BB9551AB,Application error,00,001,Application error,,,
00505684390C1EDBB3AC525D1C51F1AB,Application error,00,001,Application error,,,
00505684390C1EDBB3AC52832D5131AB,Application error,00,001,Application error,,,
00505684390C1EDBB3AC538FC5F531AB,Application error,00,001,Application error,,,
00505684390C1EDBB3AC547A497411AB,Application error,00,001,Application error,,,
00505684390C1EDBB3AC5531C7B791AB,Application error,00,001,Application error,,,
00505684390C1EDBB3AC55F2B07251AB,Application error,00,001,Application error,,,
00505684390C1EDBB3AC57941FA8D1AB,Application error,00,001,Application error,,,
00505684390C1EDBB3AC58F5370031AB,Application error,00,001,Application error,,,
00505684390C1EDBB3AC5912453371AB,Application error,00,001,Application error,,,
00505684390C1EDBB3AC5912453A11AB,Application error,00,001,Application error,,,
00505684390C1EDBB3AC593903EDD1AB,Application error,00,001,Application error,,,
00505684390C1EDBB3AC595FBDB531AB,Application error,00,001,Application error,,,
00505684390C1EDBB3AC5984BE3F11AB,Application error,00,001,Application error,,,
00505684390C1EDBB3AC59D0B4CC71AB,Application error,00,001,Application error,,,
00505684390C1EDBB3AC59D0B4D131AB,Application error,00,001,Application error,,,
00505684390C1EDBB3AC5A6E0808F1AB,Application error,00,001,Application error,,,
00505684390C1EDBB3AC5A91C8BE31AB,Application error,00,001,Application error,,,
00505684390C1EDBB3C53868DBD911DF,Application error,00,001,Application error,,,
00505684390C1EDBB3C53868DBDE51DF,Application error,00,001,Application error,,,
00505684390C1EDBB3C56689B39851E0,Application error,00,001,Application error,,,
00505684390C1EDBB3C566ADFF7791E0,Application error,00,001,Application error,,,
00505684390C1EDBB3C566F9DFB431E0,Application error,00,001,Application error,,,
00505684390C1EDBB3C56745EFA8D1E0,Application error,00,001,Application error,,,
00505684390C1EDBB3C5676C1501B1E0,Application error,00,001,Application error,,,
00505684390C1EDBB3C56793AFA711E0,Application error,00,001,Application error,,,
00505684390C1EDBB3C567B86281F1E0,Application error,00,001,Application error,,,
00505684390C1EDBB3C567DF1708B1E0,Application error,00,001,Application error,,,
00505684390C1EDBB3C567DF171091E0,Application error,00,001,Application error,,,
00505684390C1EDBB3C56805342091E0,Application error,00,001,Application error,,,
00505684390C1EDBB3C5682C265011E0,Application error,00,001,Application error,,,
00505684390C1EDBB3C56853A15F71E0,Application error,00,001,Application error,,,
00505684390C1EDBB3C5687C8388B1E0,Application error,00,001,Application error,,,
00505684390C1EDBB3C5689E9B3B11E0,Application error,00,001,Application error,,,
00505684390C1EDBB3C568C58860D1E0,Application error,00,001,Application error,,,
00505684390C1EDBB3C568E9EE56D1E0,Application error,00,001,Application error,,,
00505684390C1EDBB3C568E9EE5EB1E0,Application error,00,001,Application error,,,
00505684390C1EDBB3C5690FB686D1E0,Application error,00,001,Application error,,,
00505684390C1EDBB3C569F5633D31E0,Application error,00,001,Application error,,,
00505684390C1EDBB3C56A8F12CC91E0,Application error,00,001,Application error,,,
00505684390C1EDBB3C56AB570A051E0,Application error,00,001,Application error,,,
00505684390C1EDBB3C56B006ADDD1E0,Application error,00,001,Application error,,,
00505684390C1EDBB3C56BBF0C8CD1E0,Application error,00,001,Application error,,,
00505684390C1EDBB3C56D181929F1E0,Application error,00,001,Application error,,,
00505684390C1EDBB3C56E20A53B11E0,Application error,00,001,Application error,,,
00505684390C1EDBB3C56E20A53FF1E0,Application error,00,001,Application error,,,
00505684390C1EDBB3C56EBBBF21D1E0,Application error,00,001,Application error,,,
00505684390C1EDBB3C56EE0494191E0,Application error,00,001,Application error,,,
00505684390C1EDBB3C56FEAE923F1E1,Application error,00,001,Application error,,,
00505684390C1EDBB3C57010989571E1,Application error,00,001,Application error,,,
00505684390C1EDBB3C5705CDDDF31E1,Application error,00,001,Application error,,,
00505684390C1EDBB3C57084AA1171E1,Application error,00,001,Application error,,,
00505684390C1EDBB3C57084AA1871E1,Application error,00,001,Application error,,,
00505684390C1EDBB3C571DC9F5651E1,Application error,00,001,Application error,,,
00505684390C1EDBB3C572024510F1E1,Application error,00,001,Application error,,,
00505684390C1EDBB3C57299A498F1E1,Application error,00,001,Application error,,,
00505684390C1EDBB3C57299A4A151E1,Application error,00,001,Application error,,,
00505684390C1EDBB3C574B3BDF651E1,Application error,00,001,Application error,,,
00505684390C1EDBB3C574D6F88BB1E1,Application error,00,001,Application error,,,
00505684390C1EDBB3C574D6F892F1E1,Application error,00,001,Application error,,,
00505684390C1EDBB3C5752CAEF411E1,Application error,00,001,Application error,,,
00505684390C1EDBB3C5756E146331E1,Application error,00,001,Application error,,,
00505684390C1EDBB3C576068C8F31E1,Application error,00,001,Application error,,,
00505684390C1EDBB3C5775F10A311E1,Application error,00,001,Application error,,,
00505684390C1EDBB3C577888BDE91E1,Application error,00,001,Application error,,,
00505684390C1EDBB3C577AB3E8151E1,Application error,00,001,Application error,,,
00505684390C1EDBB3C577AB3E8631E1,Application error,00,001,Application error,,,
00505684390C1EDBB3C5788F7B43F1E1,Application error,00,001,Application error,,,
00505684390C1EDBB3C579790B5211E1,Application error,00,001,Application error,,,
00505684390C1EDBB3C57A329A5411E1,Application error,00,001,Application error,,,
00505684390C1EDBB3C57ACBF0EDD1E1,Application error,00,001,Application error,,,
00505684390C1EDBB3C57C238904D1E1,Application error,00,001,Application error,,,
00505684390C1EDBB3C57D7A7D7711E1,Application error,00,001,Application error,,,
00505684390C1EDBB3C57DA11C2AD1E1,Application error,00,001,Application error,,,
00505684390C1EDBB3C57DC658C9F1E1,Application error,00,001,Application error,,,
00505684390C1EDBB3C57DC658D011E1,Application error,00,001,Application error,,,
00505684390C1EDBB3C57DED5920F1E1,Application error,00,001,Application error,,,
00505684390C1EDBB3C57E147603D1E1,Application error,00,001,Application error,,,
00505684390C1EDBB3C57E5FAC09B1E1,Application error,00,001,Application error,,,
00505684390C1EDBB3C57E5FAC0E71E1,Application error,00,001,Application error,,,
00505684390C1EDBB3C57EF9A9F231E1,Application error,00,001,Application error,,,
00505684390C1EDBB3C57F1E91F071E1,Application error,00,001,Application error,,,
00505684390C1EDBB3D2CC0AA56DD201,runtime resume failed,00,001,runtime resume failed,,,
00505684390C1EDBB3DE5DB711753214,Application error,00,001,Application error,,,
00505684390C1EDBB3DE5DDCB9BFF214,Application error,00,001,Application error,,,
00505684390C1EDBB3DE89756D1B5214,Application error,00,001,Application error,,,
00505684390C1EDBB3DE899ABC023214,Application error,00,001,Application error,,,
00505684390C1EDBB3DE89E491723214,Application error,00,001,Application error,,,
00505684390C1EDBB3DE8A31B7C07214,Application error,00,001,Application error,,,
00505684390C1EDBB3DE8A592652D214,Application error,00,001,Application error,,,
00505684390C1EDBB3DE8A7D728ED214,Application error,00,001,Application error,,,
00505684390C1EDBB3DE8AA7ACBAB214,Application error,00,001,Application error,,,
00505684390C1EDBB3DE8AC9B1831214,Application error,00,001,Application error,,,
00505684390C1EDBB3DE8AEF83B1B214,Application error,00,001,Application error,,,
00505684390C1EDBB3DE8B16BFEFF214,Application error,00,001,Application error,,,
00505684390C1EDBB3DE8B3BEF417214,Application error,00,001,Application error,,,
00505684390C1EDBB3DE8B3BEF48F214,Application error,00,001,Application error,,,
00505684390C1EDBB3DE8B642A97B214,Application error,00,001,Application error,,,
00505684390C1EDBB3DE8B887DA7B214,Application error,00,001,Application error,,,
00505684390C1EDBB3DE8BAE41EFD214,Application error,00,001,Application error,,,
00505684390C1EDBB3DE8BD7790AF214,Application error,00,001,Application error,,,
00505684390C1EDBB3DE8BFB3D92B214,Application error,00,001,Application error,,,
00505684390C1EDBB3DE8BFB3D9A9214,Application error,00,001,Application error,,,
00505684390C1EDBB3DE8C9410931214,Application error,00,001,Application error,,,
00505684390C1EDBB3DE8D5215121214,Application error,00,001,Application error,,,
00505684390C1EDBB3DE8D7B1D995214,Application error,00,001,Application error,,,
00505684390C1EDBB3DE8D9E9810F214,Application error,00,001,Application error,,,
00505684390C1EDBB3DE8DEAC3DF3214,Application error,00,001,Application error,,,
00505684390C1EDBB3DE8E842DE0F214,Application error,00,001,Application error,,,
00505684390C1EDBB3DE8FDDE3213214,Application error,00,001,Application error,,,
00505684390C1EDBB3DE90E710D7D214,Application error,00,001,Application error,,,
00505684390C1EDBB3DE910DA4ED3214,Application error,00,001,Application error,,,
00505684390C1EDBB3DE917F67791214,Application error,00,001,Application error,,,
00505684390C1EDBB3DE91A4E4D3F214,Application error,00,001,Application error,,,
00505684390C1EDBB3DE92D704E3D214,Application error,00,001,Application error,,,
00505684390C1EDBB3DE92D704EAD214,Application error,00,001,Application error,,,
00505684390C1EDBB3DE93246E6D5214,Application error,00,001,Application error,,,
00505684390C1EDBB3DE93494B9DF214,Application error,00,001,Application error,,,
00505684390C1EDBB3DE936F6AE4B214,Application error,00,001,Application error,,,
00505684390C1EDBB3DE94C55117D215,Application error,00,001,Application error,,,
00505684390C1EDBB3DE94C5511F1215,Application error,00,001,Application error,,,
00505684390C1EDBB3DE955E26DC1215,Application error,00,001,Application error,,,
00505684390C1EDBB3DE95842FB97215,Application error,00,001,Application error,,,
00505684390C1EDBB3DE97773EE7F215,Application error,00,001,Application error,,,
00505684390C1EDBB3DE97773EEF3215,Application error,00,001,Application error,,,
00505684390C1EDBB3DE979A146C7215,Application error,00,001,Application error,,,
00505684390C1EDBB3DE97E7768B1215,Application error,00,001,Application error,,,
00505684390C1EDBB3DE980D802DD215,Application error,00,001,Application error,,,
00505684390C1EDBB3DE98CC12B39215,Application error,00,001,Application error,,,
00505684390C1EDBB3DE9A489FA05215,Application error,00,001,Application error,,,
00505684390C1EDBB3DE9A6F3457D215,Application error,00,001,Application error,,,
00505684390C1EDBB3DE9A6F345ED215,Application error,00,001,Application error,,,
00505684390C1EDBB3DE9A9737051215,Application error,00,001,Application error,,,
00505684390C1EDBB3DE9B7A3244B215,Application error,00,001,Application error,,,
00505684390C1EDBB3DE9C86EF4BF215,Application error,00,001,Application error,,,
00505684390C1EDBB3DE9D4405A83215,Application error,00,001,Application error,,,
00505684390C1EDBB3DE9DDC87775215,Application error,00,001,Application error,,,
00505684390C1EDBB3DE9F5CC615B215,Application error,00,001,Application error,,,
00505684390C1EDBB3DEA08AD0795215,Application error,00,001,Application error,,,
00505684390C1EDBB3DEA0B1D6FA7215,Application error,00,001,Application error,,,
00505684390C1EDBB3DEA0D75F375215,Application error,00,001,Application error,,,
00505684390C1EDBB3DEA0FD78225215,Application error,00,001,Application error,,,
00505684390C1EDBB3DEA0FD78289215,Application error,00,001,Application error,,,
00505684390C1EDBB3DEA12426B73215,Application error,00,001,Application error,,,
00505684390C1EDBB3DEA1709268B215,Application error,00,001,Application error,,,
00505684390C1EDBB3DEA170926D7215,Application error,00,001,Application error,,,
00505684390C1EDBB3DEA20868EF3215,Application error,00,001,Application error,,,
00505684390C1EDBB3DEA231A4785215,Application error,00,001,Application error,,,
00505684390C1EDBB3E59C0A1C139224,Application error,00,001,Application error,,,
00505684390C1EDBB3E59C2B00305224,Application error,00,001,Application error,,,
00505684390C1EDBB3E5C9C22120B225,Application error,00,001,Application error,,,
00505684390C1EDBB3E5C9EA5A5D5225,Application error,00,001,Application error,,,
00505684390C1EDBB3E5CA346DA13225,Application error,00,001,Application error,,,
00505684390C1EDBB3E5CA8B41E93225,Application error,00,001,Application error,,,
00505684390C1EDBB3E5CAA792C7F225,Application error,00,001,Application error,,,
00505684390C1EDBB3E5CACDBE399225,Application error,00,001,Application error,,,
00505684390C1EDBB3E5CAF426D39225,Application error,00,001,Application error,,,
00505684390C1EDBB3E5CB1A206B9225,Application error,00,001,Application error,,,
00505684390C1EDBB3E5CB1A20737225,Application error,00,001,Application error,,,
00505684390C1EDBB3E5CB4020AA7225,Application error,00,001,Application error,,,
00505684390C1EDBB3E5CB917DCA7225,Application error,00,001,Application error,,,
00505684390C1EDBB3E5CBB577BB7225,Application error,00,001,Application error,,,
00505684390C1EDBB3E5CBDA6F0FF225,Application error,00,001,Application error,,,
00505684390C1EDBB3E5CC0099C53225,Application error,00,001,Application error,,,
00505684390C1EDBB3E5CC0099CD1225,Application error,00,001,Application error,,,
00505684390C1EDBB3E5CC26BABD5225,Application error,00,001,Application error,,,
00505684390C1EDBB3E5CC4E4B623225,Application error,00,001,Application error,,,
00505684390C1EDBB3E5CC72F3A87225,Application error,00,001,Application error,,,
00505684390C1EDBB3E5CCBF43ECF225,Application error,00,001,Application error,,,
00505684390C1EDBB3E5CD7BB08C7225,Application error,00,001,Application error,,,
00505684390C1EDBB3E5CDA2D7FA7225,Application error,00,001,Application error,,,
00505684390C1EDBB3E5CDC991F67225,Application error,00,001,Application error,,,
00505684390C1EDBB3E5CE162841F225,Application error,00,001,Application error,,,
00505684390C1EDBB3E5CEAE84D5B225,Application error,00,001,Application error,,,
00505684390C1EDBB3E5D02F87E2B225,Application error,00,001,Application error,,,
00505684390C1EDBB3E5D10FC9AEB225,Application error,00,001,Application error,,,
00505684390C1EDBB3E5D10FC9B39225,Application error,00,001,Application error,,,
00505684390C1EDBB3E5D1A889053225,Application error,00,001,Application error,,,
00505684390C1EDBB3E5D1A8890C3225,Application error,00,001,Application error,,,
00505684390C1EDBB3E5D3035AD7F225,Application error,00,001,Application error,,,
00505684390C1EDBB3E5D3035ADEF225,Application error,00,001,Application error,,,
00505684390C1EDBB3E5D374CBDDD225,Application error,00,001,Application error,,,
00505684390C1EDBB3E5D397E497F225,Application error,00,001,Application error,,,
00505684390C1EDBB3E5D397E49EF225,Application error,00,001,Application error,,,
00505684390C1EDBB3E5D4F0A9FFB225,Application error,00,001,Application error,,,
00505684390C1EDBB3E5D51711A05225,Application error,00,001,Application error,,,
00505684390C1EDBB3E5D58984449225,Application error,00,001,Application error,,,
00505684390C1EDBB3E5D5AE40053225,Application error,00,001,Application error,,,
00505684390C1EDBB3E5D7A09BAF7225,Application error,00,001,Application error,,,
00505684390C1EDBB3E5D7C6D68BB225,Application error,00,001,Application error,,,
00505684390C1EDBB3E5D7EB747C1225,Application error,00,001,Application error,,,
00505684390C1EDBB3E5D85C67B7F225,Application error,00,001,Application error,,,
00505684390C1EDBB3E5D8839D9B7225,Application error,00,001,Application error,,,
00505684390C1EDBB3E5D9426E8E5225,Application error,00,001,Application error,,,
00505684390C1EDBB3E5DABEF8963225,Application error,00,001,Application error,,,
00505684390C1EDBB3E5DAE9CFEF9225,Application error,00,001,Application error,,,
00505684390C1EDBB3E5DB8792377225,Application error,00,001,Application error,,,
00505684390C1EDBB3E5DB87923C5225,Application error,00,001,Application error,,,
00505684390C1EDBB3E5DCAF4CF2B225,Application error,00,001,Application error,,,
00505684390C1EDBB3E5DD93D2BA3225,Application error,00,001,Application error,,,
00505684390C1EDBB3E5DE2EC2A5D225,Application error,00,001,Application error,,,
00505684390C1EDBB3E5DEEC3E7DB225,Application error,00,001,Application error,,,
00505684390C1EDBB3E5E044213DF225,Application error,00,001,Application error,,,
00505684390C1EDBB3E5E1752D96D225,Application error,00,001,Application error,,,
00505684390C1EDBB3E5E19AA00CB225,Application error,00,001,Application error,,,
00505684390C1EDBB3E5E1C0BC965225,Application error,00,001,Application error,,,
00505684390C1EDBB3E5E1E5E53C9225,Application error,00,001,Application error,,,
00505684390C1EDBB3E5E212E3907225,Application error,00,001,Application error,,,
00505684390C1EDBB3E5E232C880D225,Application error,00,001,Application error,,,
00505684390C1EDBB3E5E2592944B225,Application error,00,001,Application error,,,
00505684390C1EDBB3E5E27E5D203225,Application error,00,001,Application error,,,
00505684390C1EDBB3E5E318EBEE3225,Application error,00,001,Application error,,,
00505684390C1EDBB3E5E33F2299F225,Application error,00,001,Application error,,,
00505684390C1EDBB3F79CB979ECF2BA,Application error,00,001,Application error,,,
00505684390C1EDBB3F79D51B1F5F2BA,Application error,00,001,Application error,,,
00505684390C1EDBB3F79E8499BE52BA,Application error,00,001,Application error,,,
00505684390C1EDBB3F79EAB3B6CB2BA,Application error,00,001,Application error,,,
00505684390C1EDBB3F79F66848CD2BA,Application error,00,001,Application error,,,
00505684390C1EDBB3F7A024EB8D72BA,Application error,00,001,Application error,,,
00505684390C1EDBB3F7A0C505EAF2BA,Application error,00,001,Application error,,,
00505684390C1EDBB3F7A1307F84D2BA,Application error,00,001,Application error,,,
00505684390C1EDBB3F7A2635445F2BA,Application error,00,001,Application error,,,
00505684390C1EDBB3F7A397D49E72BA,Application error,00,001,Application error,,,
00505684390C1EDBB490C59F8269F3F0,Application error,00,001,Application error,,,
00505684390C1EDBB490C6570B5493F0,Application error,00,001,Application error,,,
00505684390C1EDBB490C7D4C92AF3F0,Application error,00,001,Application error,,,
00505684390C1EDBB490C7D4C93013F0,Application error,00,001,Application error,,,
00505684390C1EDBB490C8E0FC7D53F0,Application error,00,001,Application error,,,
00505684390C1EDBB490C9EB7C31F3F0,Application error,00,001,Application error,,,
00505684390C1EDBB490CAA9A3E873F0,Application error,00,001,Application error,,,
00505684390C1EDBB490CB4228F293F0,Application error,00,001,Application error,,,
00505684390C1EDBB490CC9A074093F0,Application error,00,001,Application error,,,
00505684390C1EDBB490CDF23C15F3F0,Application error,00,001,Application error,,,
00505684390C1EDBB4DC3BCB205B3503,Application error,00,001,Application error,,,
00505684390C1EDBB4DC3DD94A8A3503,Application error,00,001,Application error,,,
00505684390C1EDBB4DC3E0012623503,Application error,00,001,Application error,,,
00505684390C1EDBB4DC3E262A7B5503,Application error,00,001,Application error,,,
00505684390C1EDBB4DC3E4CD2DA3503,Application error,00,001,Application error,,,
00505684390C1EDBB4DC3F2FC2713503,Application error,00,001,Application error,,,
00505684390C1EDBB4DC404F16ECB503,Application error,00,001,Application error,,,
00505684390C1EDBB4DC410CA971F503,Application error,00,001,Application error,,,
00505684390C1EDBB4DC41FAA063B503,Application error,00,001,Application error,,,
00505684390C1EDBB4DC4372FFE4B503,Application error,00,001,Application error,,,
00505684390C1EDBB4DC44F47C207503,Application error,00,001,Application error,,,
00505684390C1EDBB4DC5E7F217A9503,Application error,00,001,Application error,,,
00505684390C1EDBB4DC5F39B07A3503,Application error,00,001,Application error,,,
00505684390C1EDBB4DC5F87BF375503,Application error,00,001,Application error,,,
00505684390C1EDBB4DC5FF87039D503,Application error,00,001,Application error,,,
00505684390C1EDBB4DC60CA1C8AD505,Application error,00,001,Application error,,,
00505684390C1EDBB4F57CDE6C5A751E,Application error,00,001,Application error,,,
00505684390C1EDBB4F57ECB11C2F51E,Application error,00,001,Application error,,,
00505684390C1EDBB4F57EF094D4951E,Application error,00,001,Application error,,,
00505684390C1EDBB4F57F24A3E2551E,Application error,00,001,Application error,,,
00505684390C1EDBB4F57F46223E951E,Application error,00,001,Application error,,,
00505684390C1EDBB4F57FFC0990B51E,Application error,00,001,Application error,,,
00505684390C1EDBB4F580E1CE08B51E,Application error,00,001,Application error,,,
00505684390C1EDBB4F581A33489751E,Application error,00,001,Application error,,,
00505684390C1EDBB4F58236F831D51E,Application error,00,001,Application error,,,
00505684390C1EDBB4F5838EE8B1B51E,Application error,00,001,Application error,,,
00505684390C1EDBB4F584BF77FE751E,Application error,00,001,Application error,,,
00505684390C1EDBB58E5F9C97ECD531,Application error,00,001,Application error,,,
00505684390C1EDBB58E5FB1EBF51531,Application error,00,001,Application error,,,
00505684390C1EDBB58E5FB473813531,Application error,00,001,Application error,,,
00505684390C1EDBB58E9308B8C4D531,Application error,00,001,Application error,,,
00505684390C1EDBB58E93544345F531,Application error,00,001,Application error,,,
00505684390C1EDBB58E93C5E98DD531,Application error,00,001,Application error,,,
00505684390C1EDBB58E93ED0765B531,Application error,00,001,Application error,,,
00505684390C1EDBB58E941273993531,Application error,00,001,Application error,,,
00505684390C1EDBB58E943B23969531,Application error,00,001,Application error,,,
00505684390C1EDBB58E946395697531,Application error,00,001,Application error,,,
00505684390C1EDBB58E94FA2586D531,Application error,00,001,Application error,,,
00505684390C1EDBB58E9522EFF69531,Application error,00,001,Application error,,,
00505684390C1EDBB58E954583605531,Application error,00,001,Application error,,,
00505684390C1EDBB58E956E0B055531,Application error,00,001,Application error,,,
00505684390C1EDBB58E9592FFBBD531,Application error,00,001,Application error,,,
00505684390C1EDBB58E95B6CD28B531,Application error,00,001,Application error,,,
00505684390C1EDBB58E95DDEC113531,Application error,00,001,Application error,,,
00505684390C1EDBB58E960486163531,Application error,00,001,Application error,,,
00505684390C1EDBB58E9629561D3531,Application error,00,001,Application error,,,
00505684390C1EDBB58E964E40B95531,Application error,00,001,Application error,,,
00505684390C1EDBB58E96746490F531,Application error,00,001,Application error,,,
00505684390C1EDBB58E96E897075531,Application error,00,001,Application error,,,
00505684390C1EDBB58E97A67F229531,Application error,00,001,Application error,,,
00505684390C1EDBB58E97CBC0291531,Application error,00,001,Application error,,,
00505684390C1EDBB58E97F49B42F531,Application error,00,001,Application error,,,
00505684390C1EDBB58E983FB33DB531,Application error,00,001,Application error,,,
00505684390C1EDBB58E9900957FF531,Application error,00,001,Application error,,,
00505684390C1EDBB58E9AA0E3F95531,Application error,00,001,Application error,,,
00505684390C1EDBB58E9BABE55B1531,Application error,00,001,Application error,,,
00505684390C1EDBB58E9BD20EFFB531,Application error,00,001,Application error,,,
00505684390C1EDBB58E9C5A700B1531,Application error,00,001,Application error,,,
00505684390C1EDBB58E9C7E2F2BF531,Application error,00,001,Application error,,,
00505684390C1EDBB58E9DAE981FB531,Application error,00,001,Application error,,,
00505684390C1EDBB58E9DAE9826B531,Application error,00,001,Application error,,,
00505684390C1EDBB58E9E2170133531,Application error,00,001,Application error,,,
00505684390C1EDBB58E9E21701A3531,Application error,00,001,Application error,,,
00505684390C1EDBB58E9E4B57BD1531,Application error,00,001,Application error,,,
00505684390C1EDBB58E9F9E8905B531,Application error,00,001,Application error,,,
00505684390C1EDBB58E9F9E890CD531,Application error,00,001,Application error,,,
00505684390C1EDBB58EA03730397531,Application error,00,001,Application error,,,
00505684390C1EDBB58EA05E4E23F531,Application error,00,001,Application error,,,
00505684390C1EDBB58EA2278EB1F531,Application error,00,001,Application error,,,
00505684390C1EDBB58EA2278EB91531,Application error,00,001,Application error,,,
00505684390C1EDBB58EA24DCC9BD531,Application error,00,001,Application error,,,
00505684390C1EDBB58EA29DC8A2B531,Application error,00,001,Application error,,,
00505684390C1EDBB58EA2BFFC327531,Application error,00,001,Application error,,,
00505684390C1EDBB58EA37F6C80B531,Application error,00,001,Application error,,,
00505684390C1EDBB58EA489A183F531,Application error,00,001,Application error,,,
00505684390C1EDBB58EA4B046D99531,Application error,00,001,Application error,,,
00505684390C1EDBB58EA4D5EED3F531,Application error,00,001,Application error,,,
00505684390C1EDBB58EA4FC678C7531,Application error,00,001,Application error,,,
00505684390C1EDBB58EA5BA78D01531,Application error,00,001,Application error,,,
00505684390C1EDBB58EA67AF8397531,Application error,00,001,Application error,,,
00505684390C1EDBB58EA738022B7531,Application error,00,001,Application error,,,
00505684390C1EDBB58EA7D328433531,Application error,00,001,Application error,,,
00505684390C1EDBB58EA904C3767531,Application error,00,001,Application error,,,
00505684390C1EDBB58EAA0ECFC01531,Application error,00,001,Application error,,,
00505684390C1EDBB58EAA35D461D531,Application error,00,001,Application error,,,
00505684390C1EDBB58EAA594166D531,Application error,00,001,Application error,,,
00505684390C1EDBB58EAA59416CF531,Application error,00,001,Application error,,,
00505684390C1EDBB58EAA7F476FD531,Application error,00,001,Application error,,,
00505684390C1EDBB58EAACB6C551531,Application error,00,001,Application error,,,
00505684390C1EDBB58EAAF213BB7531,Application error,00,001,Application error,,,
00505684390C1EDBB58EAB180B535531,Application error,00,001,Application error,,,
00505684390C1EDBB58EAB8BD51C3531,Application error,00,001,Application error,,,
00505684390C1EDBB58EABD756D65531,Application error,00,001,Application error,,,
00505684390C1EDBB58EABD756DC7531,Application error,00,001,Application error,,,
00505684390C1EDBB5979E14B10D1545,Application error,00,001,Application error,,,
00505684390C1EDBB5979E87B0D3B545,Application error,00,001,Application error,,,
00505684390C1EDBB597EA73BE099545,Application error,00,001,Application error,,,
00505684390C1EDBB597EAE31DB43545,Application error,00,001,Application error,,,
00505684390C1EDBB597EB5601517545,Application error,00,001,Application error,,,
00505684390C1EDBB597EB7BFA317545,Application error,00,001,Application error,,,
00505684390C1EDBB597EBCBAC08F545,Application error,00,001,Application error,,,
00505684390C1EDBB597EC1481EFF545,Application error,00,001,Application error,,,
00505684390C1EDBB597EC631AF6B545,Application error,00,001,Application error,,,
00505684390C1EDBB597EC87B80E1545,Application error,00,001,Application error,,,
00505684390C1EDBB597ECB044F9F545,Application error,00,001,Application error,,,
00505684390C1EDBB597ECD3004C1545,Application error,00,001,Application error,,,
00505684390C1EDBB597ECFD39A63545,Application error,00,001,Application error,,,
00505684390C1EDBB597ED4ACEE8F545,Application error,00,001,Application error,,,
00505684390C1EDBB597ED6D65BB7545,Application error,00,001,Application error,,,
00505684390C1EDBB597ED928B077545,Application error,00,001,Application error,,,
00505684390C1EDBB597EDB9368CF545,Application error,00,001,Application error,,,
00505684390C1EDBB597EDDE2479D545,Application error,00,001,Application error,,,
00505684390C1EDBB597EE050057B545,Application error,00,001,Application error,,,
00505684390C1EDBB597EE2AC2529545,Application error,00,001,Application error,,,
00505684390C1EDBB597EEC7BF2D5545,Application error,00,001,Application error,,,
00505684390C1EDBB597EFAA9AF29545,Application error,00,001,Application error,,,
00505684390C1EDBB597EFF539DFF545,Application error,00,001,Application error,,,
00505684390C1EDBB597F01A7537D545,Application error,00,001,Application error,,,
00505684390C1EDBB597F08CBCED5545,Application error,00,001,Application error,,,
00505684390C1EDBB597F17282A8F545,Application error,00,001,Application error,,,
00505684390C1EDBB597F315301E9545,Application error,00,001,Application error,,,
00505684390C1EDBB597F42431D9D545,Application error,00,001,Application error,,,
00505684390C1EDBB597F4466A0D1545,Application error,00,001,Application error,,,
00505684390C1EDBB597F4E07A31B545,Application error,00,001,Application error,,,
00505684390C1EDBB597F5054B143545,Application error,00,001,Application error,,,
00505684390C1EDBB597F684ECE29545,Application error,00,001,Application error,,,
00505684390C1EDBB597F6AADCCF1545,Application error,00,001,Application error,,,
00505684390C1EDBB597F71B7A8E5545,Application error,00,001,Application error,,,
00505684390C1EDBB597F74367F4F545,Application error,00,001,Application error,,,
00505684390C1EDBB597F76838A13545,Application error,00,001,Application error,,,
00505684390C1EDBB597F8E826BA7545,Application error,00,001,Application error,,,
00505684390C1EDBB597F90CD73E3545,Application error,00,001,Application error,,,
00505684390C1EDBB597F9F2B54CF545,Application error,00,001,Application error,,,
00505684390C1EDBB597FA16A181B545,Application error,00,001,Application error,,,
00505684390C1EDBB597FC52D9E61545,Application error,00,001,Application error,,,
00505684390C1EDBB597FC788219D545,Application error,00,001,Application error,,,
00505684390C1EDBB597FCA3F8CBF545,Application error,00,001,Application error,,,
00505684390C1EDBB597FD124C937545,Application error,00,001,Application error,,,
00505684390C1EDBB597FD5EA8157545,Application error,00,001,Application error,,,
00505684390C1EDBB597FE42DE713545,Application error,00,001,Application error,,,
00505684390C1EDBB597FFE6C153F545,Application error,00,001,Application error,,,
00505684390C1EDBB59800349DCBB545,Application error,00,001,Application error,,,
00505684390C1EDBB598005AFDF23545,Application error,00,001,Application error,,,
00505684390C1EDBB598005AFDF71545,Application error,00,001,Application error,,,
00505684390C1EDBB598016B221F7545,Application error,00,001,Application error,,,
00505684390C1EDBB598024996C43545,Application error,00,001,Application error,,,
00505684390C1EDBB59803543E10F545,Application error,00,001,Application error,,,
00505684390C1EDBB598043F087A3545,Application error,00,001,Application error,,,
00505684390C1EDBB59805DCF432B545,Application error,00,001,Application error,,,
00505684390C1EDBB598077FFCD4D545,Application error,00,001,Application error,,,
00505684390C1EDBB598077FFCDB5545,Application error,00,001,Application error,,,
00505684390C1EDBB59807A71C9AF545,Application error,00,001,Application error,,,
00505684390C1EDBB59807CDA6B49545,Application error,00,001,Application error,,,
00505684390C1EDBB59807F1DB6F9545,Application error,00,001,Application error,,,
00505684390C1EDBB598083F2FF39545,Application error,00,001,Application error,,,
00505684390C1EDBB598088E1475B545,Application error,00,001,Application error,,,
00505684390C1EDBB598088E147A7545,Application error,00,001,Application error,,,
00505684390C1EDBB598094A7BB83545,Application error,00,001,Application error,,,
00505684390C1EDBB598096F6A171545,Application error,00,001,Application error,,,
00505684390C1EDBB598099633173545,Application error,00,001,Application error,,,
00505684390C1EDBB5A78516F30FD559,Application error,00,001,Application error,,,
00505684390C1EDBB5A785394DBAD559,Application error,00,001,Application error,,,
00505684390C1EDBB5A7853EE1827559,Application error,00,001,Application error,,,
00505684390C1EDBB5A7855F8D057559,Application error,00,001,Application error,,,
00505684390C1EDBB5A7B92821B2B55A,Application error,00,001,Application error,,,
00505684390C1EDBB5A7B94D6799F55A,Application error,00,001,Application error,,,
00505684390C1EDBB5A7B9C1637B155A,Application error,00,001,Application error,,,
00505684390C1EDBB5A7B9E50749955A,Application error,00,001,Application error,,,
00505684390C1EDBB5A7BA57760E755A,Application error,00,001,Application error,,,
00505684390C1EDBB5A7BA7E9F92D55A,Application error,00,001,Application error,,,
00505684390C1EDBB5A7BAA97BFA955A,Application error,00,001,Application error,,,
00505684390C1EDBB5A7BACEABECD55A,Application error,00,001,Application error,,,
00505684390C1EDBB5A7BB032439F55A,Application error,00,001,Application error,,,
00505684390C1EDBB5A7BB2E2BA0755A,Application error,00,001,Application error,,,
00505684390C1EDBB5A7BB4F9598F55A,Application error,00,001,Application error,,,
00505684390C1EDBB5A7BB755F6BB55A,Application error,00,001,Application error,,,
00505684390C1EDBB5A7BB9BAA30755A,Application error,00,001,Application error,,,
00505684390C1EDBB5A7BBC2A498F55A,Application error,00,001,Application error,,,
00505684390C1EDBB5A7BBEB2738355A,Application error,00,001,Application error,,,
00505684390C1EDBB5A7BC0EBF09355A,Application error,00,001,Application error,,,
00505684390C1EDBB5A7BC369CDD355A,Application error,00,001,Application error,,,
00505684390C1EDBB5A7BC5B07B9B55A,Application error,00,001,Application error,,,
00505684390C1EDBB5A7BCCE0C9B955A,Application error,00,001,Application error,,,
00505684390C1EDBB5A7BD8DE523355A,Application error,00,001,Application error,,,
00505684390C1EDBB5A7BDB2017F755A,Application error,00,001,Application error,,,
00505684390C1EDBB5A7BDFDDB83B55A,Application error,00,001,Application error,,,
00505684390C1EDBB5A7BE23F2CCF55A,Application error,00,001,Application error,,,
00505684390C1EDBB5A7BE4A964F355A,Application error,00,001,Application error,,,
00505684390C1EDBB5A7BE972F16355A,Application error,00,001,Application error,,,
00505684390C1EDBB5A7BF558E59B55A,Application error,00,001,Application error,,,
00505684390C1EDBB5A7C0FC4D6FB55A,Application error,00,001,Application error,,,
00505684390C1EDBB5A7C2047809155A,Application error,00,001,Application error,,,
00505684390C1EDBB5A7C204780DF55A,Application error,00,001,Application error,,,
00505684390C1EDBB5A7C29E5BE5D55A,Application error,00,001,Application error,,,
00505684390C1EDBB5A7C2C5D67F755A,Application error,00,001,Application error,,,
00505684390C1EDBB5A7C4403834355A,Application error,00,001,Application error,,,
00505684390C1EDBB5A7C440383B355A,Application error,00,001,Application error,,,
00505684390C1EDBB5A7C4B4FAAEF55A,Application error,00,001,Application error,,,
00505684390C1EDBB5A7C4D8E2F0D55A,Application error,00,001,Application error,,,
00505684390C1EDBB5A7C4D8E2F7D55A,Application error,00,001,Application error,,,
00505684390C1EDBB5A7C656D12C355A,Application error,00,001,Application error,,,
00505684390C1EDBB5A7C67ED0E0B55A,Application error,00,001,Application error,,,
00505684390C1EDBB5A7C717BB9AB55A,Application error,00,001,Application error,,,
00505684390C1EDBB5A7C73D0850355A,Application error,00,001,Application error,,,
00505684390C1EDBB5A7C95708CDB55A,Application error,00,001,Application error,,,
00505684390C1EDBB5A7C977BA2FB55A,Application error,00,001,Application error,,,
00505684390C1EDBB5A7C99E4FCA755A,Application error,00,001,Application error,,,
00505684390C1EDBB5A7C9E98AC5155A,Application error,00,001,Application error,,,
00505684390C1EDBB5A7CA35D73A355A,Application error,00,001,Application error,,,
00505684390C1EDBB5A7CAF571C8F55A,Application error,00,001,Application error,,,
00505684390C1EDBB5A7CC73D38F755A,Application error,00,001,Application error,,,
00505684390C1EDBB5A7CC9C6F31355A,Application error,00,001,Application error,,,
00505684390C1EDBB5A7CCC07ADBB55A,Application error,00,001,Application error,,,
00505684390C1EDBB5A7CCC07AE0955A,Application error,00,001,Application error,,,
00505684390C1EDBB5A7CDA57F5FB55A,Application error,00,001,Application error,,,
00505684390C1EDBB5A7CEB27F6F355A,Application error,00,001,Application error,,,
00505684390C1EDBB5A7CF487F52155A,Application error,00,001,Application error,,,
00505684390C1EDBB5A7D0094BD2B55A,Application error,00,001,Application error,,,
00505684390C1EDBB5A7D15F542F755A,Application error,00,001,Application error,,,
00505684390C1EDBB5A7D2B45E00B55A,Application error,00,001,Application error,,,
00505684390C1EDBB5A7D2B45E07355A,Application error,00,001,Application error,,,
00505684390C1EDBB5A7D2DD26DE755A,Application error,00,001,Application error,,,
00505684390C1EDBB5A7D302DA92355A,Application error,00,001,Application error,,,
00505684390C1EDBB5A7D32ABD94355A,Application error,00,001,Application error,,,
00505684390C1EDBB5A7D34F1063955A,Application error,00,001,Application error,,,
00505684390C1EDBB5A7D373F413755A,Application error,00,001,Application error,,,
00505684390C1EDBB5A7D3994FC5D55A,Application error,00,001,Application error,,,
00505684390C1EDBB5A7D433C1D8B55A,Application error,00,001,Application error,,,
00505684390C1EDBB5A7D45B1F20755A,Application error,00,001,Application error,,,
00505684390C1EDBB5A7D45B1F26955A,Application error,00,001,Application error,,,
00505684390C1EDBB5C0AE9E1071D58E,Application error,00,001,Application error,,,
00505684390C1EDBB5C0AE9E1077358E,Application error,00,001,Application error,,,
00505684390C1EDBB5C0AEC452ED958E,Application error,00,001,Application error,,,
00505684390C1EDBB5C0AEEF8666D58E,Application error,00,001,Application error,,,
00505684390C1EDBB5C0E2FFB1D7558E,Application error,00,001,Application error,,,
00505684390C1EDBB5C0E34BC720D58E,Application error,00,001,Application error,,,
00505684390C1EDBB5C0E3BF0619F58E,Application error,00,001,Application error,,,
00505684390C1EDBB5C0E3E4B82E758E,Application error,00,001,Application error,,,
00505684390C1EDBB5C0E43225C4558E,Application error,00,001,Application error,,,
00505684390C1EDBB5C0E458618F358E,Application error,00,001,Application error,,,
00505684390C1EDBB5C0E4806FD0358E,Application error,00,001,Application error,,,
00505684390C1EDBB5C0E4A3E3D3F58E,Application error,00,001,Application error,,,
00505684390C1EDBB5C0E4C8F161158E,Application error,00,001,Application error,,,
00505684390C1EDBB5C0E4F00A93F58E,Application error,00,001,Application error,,,
00505684390C1EDBB5C0E514D83A958E,Application error,00,001,Application error,,,
00505684390C1EDBB5C0E53B9B4A358E,Application error,00,001,Application error,,,
00505684390C1EDBB5C0E5610AF5158E,Application error,00,001,Application error,,,
00505684390C1EDBB5C0E588C389358E,Application error,00,001,Application error,,,
00505684390C1EDBB5C0E5AD7FDDB58E,Application error,00,001,Application error,,,
00505684390C1EDBB5C0E5D45CADF58E,Application error,00,001,Application error,,,
00505684390C1EDBB5C0E5F9CB3DB58E,Application error,00,001,Application error,,,
00505684390C1EDBB5C0E5F9CB45758E,Application error,00,001,Application error,,,
00505684390C1EDBB5C0E69B1752358E,Application error,00,001,Application error,,,
00505684390C1EDBB5C0E72ACFC0F58E,Application error,00,001,Application error,,,
00505684390C1EDBB5C0E752770F358E,Application error,00,001,Application error,,,
00505684390C1EDBB5C0E79EFB86158E,Application error,00,001,Application error,,,
00505684390C1EDBB5C0E7C48D90B58E,Application error,00,001,Application error,,,
00505684390C1EDBB5C0E7EADE92358E,Application error,00,001,Application error,,,
00505684390C1EDBB5C0E85CE8AB358E,Application error,00,001,Application error,,,
00505684390C1EDBB5C0E92247E4D58E,Application error,00,001,Application error,,,
00505684390C1EDBB5C0EABEC1DC358E,Application error,00,001,Application error,,,
00505684390C1EDBB5C0EBF032C5B58E,Application error,00,001,Application error,,,
00505684390C1EDBB5C0EC15EDA3B58E,Application error,00,001,Application error,,,
00505684390C1EDBB5C0EC894EEFD58E,Application error,00,001,Application error,,,
00505684390C1EDBB5C0ECAE43AE358E,Application error,00,001,Application error,,,
00505684390C1EDBB5C0EDB97BEA158E,Application error,00,001,Application error,,,
00505684390C1EDBB5C0EDE26701758E,Application error,00,001,Application error,,,
00505684390C1EDBB5C0EE2E833C158E,Application error,00,001,Application error,,,
00505684390C1EDBB5C0EE5375B9358E,Application error,00,001,Application error,,,
00505684390C1EDBB5C0EE7A083FB58E,Application error,00,001,Application error,,,
00505684390C1EDBB5C0EFCF7926358E,Application error,00,001,Application error,,,
00505684390C1EDBB5C0EFCF792D558E,Application error,00,001,Application error,,,
00505684390C1EDBB5C0F0683C0BB58E,Application error,00,001,Application error,,,
00505684390C1EDBB5C0F08E4F50F58E,Application error,00,001,Application error,,,
00505684390C1EDBB5C0F2349A03958E,Application error,00,001,Application error,,,
00505684390C1EDBB5C0F25A9C6B158E,Application error,00,001,Application error,,,
00505684390C1EDBB5C0F2817EC3F58E,Application error,00,001,Application error,,,
00505684390C1EDBB5C0F2CAD03EF58E,Application error,00,001,Application error,,,
00505684390C1EDBB5C0F2F253DF558E,Application error,00,001,Application error,,,
00505684390C1EDBB5C0F3AFF256758E,Application error,00,001,Application error,,,
00505684390C1EDBB5C0F4E8B0C5B58E,Application error,00,001,Application error,,,
00505684390C1EDBB5C0F50AA6C5F58E,Application error,00,001,Application error,,,
00505684390C1EDBB5C0F52D9BF5358E,Application error,00,001,Application error,,,
00505684390C1EDBB5C0F52D9BFA158E,Application error,00,001,Application error,,,
00505684390C1EDBB5C0F61309D4758E,Application error,00,001,Application error,,,
00505684390C1EDBB5C0F6D24F29758E,Application error,00,001,Application error,,,
00505684390C1EDBB5C0F78F187CD58E,Application error,00,001,Application error,,,
00505684390C1EDBB5C0F82AF530758E,Application error,00,001,Application error,,,
00505684390C1EDBB5C0F95CC135358E,Application error,00,001,Application error,,,
00505684390C1EDBB5C0FA8FF4E8B58E,Application error,00,001,Application error,,,
00505684390C1EDBB5C0FA8FF4EF358E,Application error,00,001,Application error,,,
00505684390C1EDBB5C0FAB2F331B58E,Application error,00,001,Application error,,,
00505684390C1EDBB5C0FAD66E19958E,Application error,00,001,Application error,,,
00505684390C1EDBB5C0FAFC6F8A958E,Application error,00,001,Application error,,,
00505684390C1EDBB5C0FB235C75758E,Application error,00,001,Application error,,,
00505684390C1EDBB5C0FB4A7674758E,Application error,00,001,Application error,,,
00505684390C1EDBB5C0FB706224B58E,Application error,00,001,Application error,,,
00505684390C1EDBB5C0FBE1BC35758E,Application error,00,001,Application error,,,
00505684390C1EDBB5C0FC079405F58E,Application error,00,001,Application error,,,
00505684390C1EDBB5C0FC2F69F7958E,Application error,00,001,Application error,,,
00505684390C1EDBB5E03B8FE8B3159B,Application error,00,001,Application error,,,
00505684390C1EDBB5E03BA49510559B,Application error,00,001,Application error,,,
00505684390C1EDBB5E03BBC2B69B59B,Application error,00,001,Application error,,,
00505684390C1EDBB5E03BDFFBD4B59B,Application error,00,001,Application error,,,
00505684390C1EDBB5E071CFD411B59B,Application error,00,001,Application error,,,
00505684390C1EDBB5E071F70E3B359B,Application error,00,001,Application error,,,
00505684390C1EDBB5E072B5B731559B,Application error,00,001,Application error,,,
00505684390C1EDBB5E072DC8771B59B,Application error,00,001,Application error,,,
00505684390C1EDBB5E073269E23359B,Application error,00,001,Application error,,,
00505684390C1EDBB5E0734EE18B359B,Application error,00,001,Application error,,,
00505684390C1EDBB5E073782327B59B,Application error,00,001,Application error,,,
00505684390C1EDBB5E073994BD0F59B,Application error,00,001,Application error,,,
00505684390C1EDBB5E073994BD8B59B,Application error,00,001,Application error,,,
00505684390C1EDBB5E073C1F3C3559B,Application error,00,001,Application error,,,
00505684390C1EDBB5E073E53DCDF59B,Application error,00,001,Application error,,,
00505684390C1EDBB5E0740B5429559B,Application error,00,001,Application error,,,
00505684390C1EDBB5E07431C507D59B,Application error,00,001,Application error,,,
00505684390C1EDBB5E074579E10359B,Application error,00,001,Application error,,,
00505684390C1EDBB5E0747DA77E559B,Application error,00,001,Application error,,,
00505684390C1EDBB5E074A51C65D59B,Application error,00,001,Application error,,,
00505684390C1EDBB5E074CA8865759B,Application error,00,001,Application error,,,
00505684390C1EDBB5E074F2FBBA359B,Application error,00,001,Application error,,,
00505684390C1EDBB5E07565AE27159B,Application error,00,001,Application error,,,
00505684390C1EDBB5E0762495D0F59B,Application error,00,001,Application error,,,
00505684390C1EDBB5E07649B9AFF59B,Application error,00,001,Application error,,,
00505684390C1EDBB5E07649B9B4B59B,Application error,00,001,Application error,,,
00505684390C1EDBB5E07693F57BF59B,Application error,00,001,Application error,,,
00505684390C1EDBB5E076BC1DC5759B,Application error,00,001,Application error,,,
00505684390C1EDBB5E076E3731F359B,Application error,00,001,Application error,,,
00505684390C1EDBB5E0772D4FF2759B,Application error,00,001,Application error,,,
00505684390C1EDBB5E077EB80DFD59B,Application error,00,001,Application error,,,
00505684390C1EDBB5E07969DA6D559B,Application error,00,001,Application error,,,
00505684390C1EDBB5E07A74861FB59B,Application error,00,001,Application error,,,
00505684390C1EDBB5E07A9C3C1DF59B,Application error,00,001,Application error,,,
00505684390C1EDBB5E07B351F74D59B,Application error,00,001,Application error,,,
00505684390C1EDBB5E07B5906B4759B,Application error,00,001,Application error,,,
00505684390C1EDBB5E07CB0A591F59B,Application error,00,001,Application error,,,
00505684390C1EDBB5E07CB0A598F59B,Application error,00,001,Application error,,,
00505684390C1EDBB5E07D24653AF59B,Application error,00,001,Application error,,,
00505684390C1EDBB5E07D246541F59B,Application error,00,001,Application error,,,
00505684390C1EDBB5E07D4A0C58359B,Application error,00,001,Application error,,,
00505684390C1EDBB5E07EC696A0F59B,Application error,00,001,Application error,,,
00505684390C1EDBB5E07EC696A8159B,Application error,00,001,Application error,,,
00505684390C1EDBB5E07F8622AF359B,Application error,00,001,Application error,,,
00505684390C1EDBB5E07F8622B7759B,Application error,00,001,Application error,,,
00505684390C1EDBB5E0814E5797759B,Application error,00,001,Application error,,,
00505684390C1EDBB5E08174DBDCD59B,Application error,00,001,Application error,,,
00505684390C1EDBB5E0819DA23C759B,Application error,00,001,Application error,,,
00505684390C1EDBB5E081F424C8B59B,Application error,00,001,Application error,,,
00505684390C1EDBB5E0820D0B4E759B,Application error,00,001,Application error,,,
00505684390C1EDBB5E082A809AB359B,Application error,00,001,Application error,,,
00505684390C1EDBB5E083FF7E96359B,Application error,00,001,Application error,,,
00505684390C1EDBB5E08426105EF59B,Application error,00,001,Application error,,,
00505684390C1EDBB5E0844A73EE759B,Application error,00,001,Application error,,,
00505684390C1EDBB5E0846F6670559B,Application error,00,001,Application error,,,
00505684390C1EDBB5E0852F4A48759B,Application error,00,001,Application error,,,
00505684390C1EDBB5E0861321D6B59B,Application error,00,001,Application error,,,
00505684390C1EDBB5E086D87C72F59B,Application error,00,001,Application error,,,
00505684390C1EDBB5E0876A72D5159B,Application error,00,001,Application error,,,
00505684390C1EDBB5E088C239CC959B,Application error,00,001,Application error,,,
00505684390C1EDBB5E08A1D96AFD59B,Application error,00,001,Application error,,,
00505684390C1EDBB5E08A43BD58159B,Application error,00,001,Application error,,,
00505684390C1EDBB5E08A658085B59B,Application error,00,001,Application error,,,
00505684390C1EDBB5E08A8DECADF59B,Application error,00,001,Application error,,,
00505684390C1EDBB5E08AB2502FB59B,Application error,00,001,Application error,,,
00505684390C1EDBB5E08AD81EEC759B,Application error,00,001,Application error,,,
00505684390C1EDBB5E08B26339DF59B,Application error,00,001,Application error,,,
00505684390C1EDBB5E08B2633A2B59B,Application error,00,001,Application error,,,
00505684390C1EDBB5E08BBD11F6359B,Application error,00,001,Application error,,,
00505684390C1EDBB5E08C09568A159B,Application error,00,001,Application error,,,
00505684390C1EDBB5E08C095690359B,Application error,00,001,Application error,,,
00505684390C1EDBB5E7F515A50515A2,Application error,00,001,Application error,,,
00505684390C1EDBB5E7F52E4EF855A2,Application error,00,001,Application error,,,
00505684390C1EDBB5E7F5472D88B5A2,Application error,00,001,Application error,,,
00505684390C1EDBB5E7F5754D6E35A2,Application error,00,001,Application error,,,
00505684390C1EDBB5E82A396019D5A2,Application error,00,001,Application error,,,
00505684390C1EDBB5E82A88198055A2,Application error,00,001,Application error,,,
00505684390C1EDBB5E82AFA0371F5A2,Application error,00,001,Application error,,,
00505684390C1EDBB5E82B44704255A2,Application error,00,001,Application error,,,
00505684390C1EDBB5E82B913E48F5A2,Application error,00,001,Application error,,,
00505684390C1EDBB5E82BB7650DF5A2,Application error,00,001,Application error,,,
00505684390C1EDBB5E82BDD0E35D5A2,Application error,00,001,Application error,,,
00505684390C1EDBB5E82C03298EB5A2,Application error,00,001,Application error,,,
00505684390C1EDBB5E82C2B27E075A2,Application error,00,001,Application error,,,
00505684390C1EDBB5E82C5382CDB5A2,Application error,00,001,Application error,,,
00505684390C1EDBB5E82C78DCC1B5A2,Application error,00,001,Application error,,,
00505684390C1EDBB5E82C9F0550F5A2,Application error,00,001,Application error,,,
00505684390C1EDBB5E82CC66FD435A2,Application error,00,001,Application error,,,
00505684390C1EDBB5E82CE83F57B5A2,Application error,00,001,Application error,,,
00505684390C1EDBB5E82D0F4B3DF5A2,Application error,00,001,Application error,,,
00505684390C1EDBB5E82D37689DB5A2,Application error,00,001,Application error,,,
00505684390C1EDBB5E82D5AC9CEF5A2,Application error,00,001,Application error,,,
00505684390C1EDBB5E82D5AC9D6B5A2,Application error,00,001,Application error,,,
00505684390C1EDBB5E82DF5B0FC95A2,Application error,00,001,Application error,,,
00505684390C1EDBB5E82EFEAF5215A2,Application error,00,001,Application error,,,
00505684390C1EDBB5E82F24DA5595A2,Application error,00,001,Application error,,,
00505684390C1EDBB5E82F4D51D975A2,Application error,00,001,Application error,,,
00505684390C1EDBB5E82F98009B95A2,Application error,00,001,Application error,,,
00505684390C1EDBB5E82FE6A5A6F5A2,Application error,00,001,Application error,,,
00505684390C1EDBB5E830092C4195A2,Application error,00,001,Application error,,,
00505684390C1EDBB5E830586F9A55A2,Application error,00,001,Application error,,,
00505684390C1EDBB5E8313D286D35A2,Application error,00,001,Application error,,,
00505684390C1EDBB5E832DE6308D5A2,Application error,00,001,Application error,,,
00505684390C1EDBB5E8340F404D15A2,Application error,00,001,Application error,,,
00505684390C1EDBB5E8345B895A35A2,Application error,00,001,Application error,,,
00505684390C1EDBB5E834F41D56B5A2,Application error,00,001,Application error,,,
00505684390C1EDBB5E834F41D5DB5A2,Application error,00,001,Application error,,,
00505684390C1EDBB5E8364BAF9555A2,Application error,00,001,Application error,,,
00505684390C1EDBB5E83672BF52B5A2,Application error,00,001,Application error,,,
00505684390C1EDBB5E836E4B69A35A2,Application error,00,001,Application error,,,
00505684390C1EDBB5E8370B4604B5A2,Application error,00,001,Application error,,,
00505684390C1EDBB5E837339BC275A2,Application error,00,001,Application error,,,
00505684390C1EDBB5E838B01598D5A2,Application error,00,001,Application error,,,
00505684390C1EDBB5E838D5EF9875A2,Application error,00,001,Application error,,,
00505684390C1EDBB5E8396D249175A2,Application error,00,001,Application error,,,
00505684390C1EDBB5E839938AE735A2,Application error,00,001,Application error,,,
00505684390C1EDBB5E83B85C909F5A2,Application error,00,001,Application error,,,
00505684390C1EDBB5E83BAA78DCB5A2,Application error,00,001,Application error,,,
00505684390C1EDBB5E83BCFD91175A2,Application error,00,001,Application error,,,
00505684390C1EDBB5E83C3E1021B5A2,Application error,00,001,Application error,,,
00505684390C1EDBB5E83C55539215A2,Application error,00,001,Application error,,,
00505684390C1EDBB5E83D12EB3E95A2,Application error,00,001,Application error,,,
00505684390C1EDBB5E83E4699C5F5A2,Application error,00,001,Application error,,,
00505684390C1EDBB5E83E6E80A6B5A2,Application error,00,001,Application error,,,
00505684390C1EDBB5E83E92DAEA35A2,Application error,00,001,Application error,,,
00505684390C1EDBB5E83EB7797C35A2,Application error,00,001,Application error,,,
00505684390C1EDBB5E83F9B6C0315A2,Application error,00,001,Application error,,,
00505684390C1EDBB5E840AA2A6335A2,Application error,00,001,Application error,,,
00505684390C1EDBB5E8416727D255A2,Application error,00,001,Application error,,,
00505684390C1EDBB5E84224F3D255A2,Application error,00,001,Application error,,,
00505684390C1EDBB5E843A918DBB5A2,Application error,00,001,Application error,,,
00505684390C1EDBB5E8452AC84235A2,Application error,00,001,Application error,,,
00505684390C1EDBB5E845465A10F5A2,Application error,00,001,Application error,,,
00505684390C1EDBB5E8456B2CBC75A2,Application error,00,001,Application error,,,
00505684390C1EDBB5E8456B2CC295A2,Application error,00,001,Application error,,,
00505684390C1EDBB5E84593252575A2,Application error,00,001,Application error,,,
00505684390C1EDBB5E845E0FA6EF5A2,Application error,00,001,Application error,,,
00505684390C1EDBB5E84603C1E235A2,Application error,00,001,Application error,,,
00505684390C1EDBB5E8462A61E0F5A2,Application error,00,001,Application error,,,
00505684390C1EDBB5E846C3505BF5A2,Application error,00,001,Application error,,,
00505684390C1EDBB5E846EB3A3F15A2,Application error,00,001,Application error,,,
00505684390C1EDBB5E8470EFBA455A2,Application error,00,001,Application error,,,
00505684390C1EDBB5E8A8E4D5AB35A2,Application error,00,001,Application error,,,
00505684390C1EDBB5E8AA15FFA735A2,Application error,00,001,Application error,,,
00505684390C1EDBB5E8AA60E8A875A2,Application error,00,001,Application error,,,
00505684390C1EDBB5E8AA8704B615A2,Application error,00,001,Application error,,,
00505684390C1EDBB5E8AAAF89D335A2,Application error,00,001,Application error,,,
00505684390C1EDBB5E8AB733BBB35A2,Application error,00,001,Application error,,,
00505684390C1EDBB5E8AC2DE2A0F5A2,Application error,00,001,Application error,,,
00505684390C1EDBB5E8ACC3252275A2,Application error,00,001,Application error,,,
00505684390C1EDBB5E8AD5E731095A2,Application error,00,001,Application error,,,
00505684390C1EDBB5E8AE8DBB6AD5A2,Application error,00,001,Application error,,,
00505684390C1EDBB5E8AFE80CB535A2,Application error,00,001,Application error,,,
00505684390C1EDBB5E8B0C8B2F1F5A2,Application error,00,001,Application error,,,
00505684390C1EDBB5E8B6862114D5A2,Application error,00,001,Application error,,,
00505684390C1EDBB5E8B6B220C255A2,Application error,00,001,Application error,,,
00505684390C1EDBB5E8B76A716495A2,Application error,00,001,Application error,,,
00505684390C1EDBB5E8BA40218255A2,Application error,00,001,Application error,,,
00505684390C1EDBB5E8BB4A177A95A2,Application error,00,001,Application error,,,
00505684390C1EDBB5E8BBE20550F5A2,Application error,00,001,Application error,,,
00505684390C1EDBB5E8BEA4B576D5A2,Application error,00,001,Application error,,,
00505684390C1EDBB5E8C10630A835A2,Application error,00,001,Application error,,,
00505684390C1EDBB5E8C2D42382D5A2,Application error,00,001,Application error,,,
00505684390C1EDBB5E8C43BF6A135A2,Application error,00,001,Application error,,,
00505684390C1EDBB5E8C5965BE815A2,Application error,00,001,Application error,,,
00505684390C1EDBB5E8C604200655A2,Application error,00,001,Application error,,,
00505684390C1EDBB5E8C652720AD5A2,Application error,00,001,Application error,,,
00505684390C1EDBB5E8C6C49AACF5A2,Application error,00,001,Application error,,,
00505684390C1EDBB5E8C71495B3B5A2,Application error,00,001,Application error,,,
00505684390C1EDBB5E8C7A7D476D5A2,Application error,00,001,Application error,,,
00505684390C1EDBB5E8C7F4B1ABB5A2,Application error,00,001,Application error,,,
00505684390C1EDBB5E8C8404CF1D5A2,Application error,00,001,Application error,,,
00505684390C1EDBB5E8C8B5282375A2,Application error,00,001,Application error,,,
00505684390C1EDBB5E8C901028435A2,Application error,00,001,Application error,,,
00505684390C1EDBB5E8C971693FF5A2,Application error,00,001,Application error,,,
00505684390C1EDBB5E8C9BF8D7C35A2,Application error,00,001,Application error,,,
00505684390C1EDBB5E8CA0D1CB335A2,Application error,00,001,Application error,,,
00505684390C1EDBB5E8CA7D5397B5A2,Application error,00,001,Application error,,,
00505684390C1EDBB5E8CACDFB1E75A2,Application error,00,001,Application error,,,
00505684390C1EDBB5E8CB3C766675A2,Application error,00,001,Application error,,,
00505684390C1EDBB68C5EC0193AB5AF,Application error,00,001,Application error,,,
00505684390C1EDBB68C75CA63A8B5AF,Application error,00,001,Application error,,,
00505684390C1EDBB68C7611D633F5AF,Application error,00,001,Application error,,,
00505684390C1EDBB68CDFF2213DF5AF,Application error,00,001,Application error,,,
00505684390C1EDBB68CE2C6120595AF,Application error,00,001,Application error,,,
00505684390C1EDBB695CB3CBB45B5B5,runtime resume failed,00,001,runtime resume failed,,,
00505684390C1EDBB6963C3725E555B6,runtime resume failed,00,001,runtime resume failed,,,
00505684390C1EDBB6A579D7B27FB5CA,Application error,00,001,Application error,,,
00505684390C1EDBB6A579FFAE0095CA,Application error,00,001,Application error,,,
00505684390C1EDBB6A57A27921555CA,Application error,00,001,Application error,,,
00505684390C1EDBB6A57A96854935CA,Application error,00,001,Application error,,,
00505684390C1EDBB6A57ABC900315CA,Application error,00,001,Application error,,,
00505684390C1EDBB6A57AE3565855CA,Application error,00,001,Application error,,,
00505684390C1EDBB6A57B08DBBAB5CA,Application error,00,001,Application error,,,
00505684390C1EDBB6A57B08DBC155CA,Application error,00,001,Application error,,,
00505684390C1EDBB6A57B2FD891D5CA,Application error,00,001,Application error,,,
00505684390C1EDBB6A57B55F83F75CA,Application error,00,001,Application error,,,
00505684390C1EDBB6A57B55F84615CA,Application error,00,001,Application error,,,
00505684390C1EDBB6A57B7C8A6855CA,Application error,00,001,Application error,,,
00505684390C1EDBB6A57BA184C7F5CA,Application error,00,001,Application error,,,
00505684390C1EDBB6A57BA184CE95CA,Application error,00,001,Application error,,,
00505684390C1EDBB6A57BC8F46915CA,Application error,00,001,Application error,,,
00505684390C1EDBB6A57BEDAFACB5CA,Application error,00,001,Application error,,,
00505684390C1EDBB6A57C1372B435CA,Application error,00,001,Application error,,,
00505684390C1EDBB6A57C1372BC15CA,Application error,00,001,Application error,,,
00505684390C1EDBB6A57C39A5F375CA,Application error,00,001,Application error,,,
00505684390C1EDBB6A57C62D94675CA,Application error,00,001,Application error,,,
00505684390C1EDBB6A57C62D94D35CA,Application error,00,001,Application error,,,
00505684390C1EDBB6A57CD234D7B5CA,Application error,00,001,Application error,,,
00505684390C1EDBB6A57D91356075CA,Application error,00,001,Application error,,,
00505684390C1EDBB6A57EE8651415CA,Application error,00,001,Application error,,,
00505684390C1EDBB6A57EE8651AD5CA,Application error,00,001,Application error,,,
00505684390C1EDBB6A585E95A37D5CA,Application error,00,001,Application error,,,
00505684390C1EDBB6A58637AEDE35CA,Application error,00,001,Application error,,,
00505684390C1EDBB6A5FE06DDF255CA,Application error,00,001,Application error,,,
00505684390C1EDBB6BE6AB0D750F5DD,Application error,00,001,Application error,,,
00505684390C1EDBB6BEA2A4DAC135DD,Application error,00,001,Application error,,,
00505684390C1EDBB6BEA4CF410015DD,Application error,00,001,Application error,,,
00505684390C1EDBB6BEAA0C3D5635DD,Application error,00,001,Application error,,,
00505684390C1EDBB6BEB0E028F1D5DD,Application error,00,001,Application error,,,
00505684390C1EDBB6BEB12C4ACA35DD,Application error,00,001,Application error,,,
00505684390C1EDBB6D78FA5579195EC,Application error,00,001,Application error,,,
00505684390C1EDBB6D7CC46A335D5EC,Application error,00,001,Application error,,,
00505684390C1EDBB6D7CEB9CA2575EC,Application error,00,001,Application error,,,
00505684390C1EDBB6D7D48DB5C0B5EC,Application error,00,001,Application error,,,
00505684390C1EDBB6D7D596AA0195EC,Application error,00,001,Application error,,,
00505684390C1EDBB6D7DC128DDD35EC,Application error,00,001,Application error,,,
00505684390C1EDBB6D7DC5D27EB75EC,Application error,00,001,Application error,,,
00505684390C1EDBB6D83350EA7C35ED,Application error,00,001,Application error,,,
00505684390C1EDBB6F0F30F0CE0B5F9,Application error,00,001,Application error,,,
00505684390C1EDBB6F0F848C1B915F9,Application error,00,001,Application error,,,
00505684390C1EDBB6F0FAD0FD2515F9,Application error,00,001,Application error,,,
00505684390C1EDBB6F0FB8E3AB415F9,Application error,00,001,Application error,,,
00505684390C1EDBB6F0FD31C2BBB5F9,Application error,00,001,Application error,,,
00505684390C1EDBB6F0FEB48394B5F9,Application error,00,001,Application error,,,
00505684390C1EDBB6F0FED7E4F6F5F9,Application error,00,001,Application error,,,
00505684390C1EDBB6F0FEFC020F95F9,Application error,00,001,Application error,,,
00505684390C1EDBB6F0FF21D51A55F9,Application error,00,001,Application error,,,
00505684390C1EDBB6F0FF47D037D5F9,Application error,00,001,Application error,,,
00505684390C1EDBB6F0FF6DC05DF5F9,Application error,00,001,Application error,,,
00505684390C1EDBB6F0FFBEA19A75F9,Application error,00,001,Application error,,,
00505684390C1EDBB6F0FFBEA19F35F9,Application error,00,001,Application error,,,
00505684390C1EDBB6F10053D15BD5F9,Application error,00,001,Application error,,,
00505684390C1EDBB6F10078DAD075F9,Application error,00,001,Application error,,,
00505684390C1EDBB6F1009E8ACB95F9,Application error,00,001,Application error,,,
00505684390C1EDBB6F14E8EB28AF5F9,Application error,00,001,Application error,,,
00505684390C1EDBB6F14EB4F61555F9,Application error,00,001,Application error,,,
00505684390C1EDBB6F14F9B421435F9,Application error,00,001,Application error,,,
00505684390C1EDBB890C021CBBC165D,connection closed (no data),,000,,,,
00505684390C1EDBB8DB42C4E67A768E,The mode was separated from the debugger and the debugger was closed.,,000,,,,
00505684390C1EDBBCDDEB9C5124D84A,Application error,00,001,Application error,,,
00505684390C1EDBBCDDEC67B520B84A,Application error,00,001,Application error,,,
00505684390C1EDBBCDE0763C880584A,Application error,00,001,Application error,,,
00505684390C1EDBBCDE1D131ADD984A,Application error,00,001,Application error,,,
00505684390C1EDBBCDE43CB65B1384C,Application error,00,001,Application error,,,
00505684390C1EDBBCDE53546F24584C,Application error,00,001,Application error,,,
00505684390C1EDBBCDE5AAD6601D84C,Application error,00,001,Application error,,,
00505684390C1EDBBECE1BA8D76F99E4,runtime resume failed,00,001,runtime resume failed,,,
00505684390C1EDBBECE38CEB77679E4,runtime resume failed,00,001,runtime resume failed,,,
00505684390C1EDC84931F9D64D81C17,runtime resume failed,00,001,runtime resume failed,,,
00505684390C1EDC84931F9D64D85C17,runtime resume failed,00,001,runtime resume failed,,,
00505684390C1EDC8B95F5B96811BD84,runtime resume failed,00,001,runtime resume failed,,,
00505684390C1EDC8B98143BFE547D84,runtime resume failed,00,001,runtime resume failed,,,
00505684390C1EDC8B98159EC25B1D84,runtime resume failed,00,001,runtime resume failed,,,
00505684390C1EDC8B998169304C7D84,runtime resume failed,00,001,runtime resume failed,,,
00505684390C1EDC8B998169304CBD84,runtime resume failed,00,001,runtime resume failed,,,
00505684390C1EDC8CB9C00D3FE63DD5,Application error,00,001,Application error,,,
00505684390C1EDC8CB9CA59528C3DD5,Application error,00,001,Application error,,,
00505684390C1EDC8CB9D09E0766BDD5,Application error,00,001,Application error,,,
00505684390C1EDC8CB9D4F3AE92BDD5,Application error,00,001,Application error,,,
00505684390C1EDC8CBA298569D2BDD5,Application error,00,001,Application error,,,
00505684390C1EDC8CBA2FEAB8AFFDD5,Application error,00,001,Application error,,,
00505684390C1EDC8CBDC30A0C6EBDDD,Application error,00,001,Application error,,,
00505684390C1EDC8CBDC37AD7949DDD,Application error,00,001,Application error,,,
00505684390C1EDC8CBDC3A3AA103DDD,Application error,00,001,Application error,,,
00505684390C1EDC8CBDC55125327DDD,Application error,00,001,Application error,,,
00505684390C1EDC8CBDC5DBF6DEBDDD,Application error,00,001,Application error,,,
00505684390C1EDC8CBDC6035D331DDD,Application error,00,001,Application error,,,
00505684390C1EDC8CBDC62942FD5DDD,Application error,00,001,Application error,,,
00505684390C1EDC8CBDC64EBEDA5DDD,Application error,00,001,Application error,,,
00505684390C1EDC8CBDC69BD9DBFDDD,Application error,00,001,Application error,,,
00505684390C1EDC8CBDC787ABB33DDD,Application error,00,001,Application error,,,
00505684390C1EDC8CBDC7A5C05EBDDD,Application error,00,001,Application error,,,
00505684390C1EDC8CBDCC984B317DDD,Application error,00,001,Application error,,,
00505684390C1EDC8CBDCE5DABD03DDD,Application error,00,001,Application error,,,
00505684390C1EDC8CBDEC4900A3FDDD,Application error,00,001,Application error,,,
00505684390C1EDC8CBDED8153957DDD,Application error,00,001,Application error,,,
00505684390C1EDC8CBDF32F87E53DDD,Application error,00,001,Application error,,,
00505684390C1EDC8CBDF52C9B249DDE,Application error,00,001,Application error,,,
00505684390C1EDC8CBDF6A927345DDE,Application error,00,001,Application error,,,
00505684390C1EDC8CBDF82BF4C9BDDE,Application error,00,001,Application error,,,
00505684390C1EDC8CBDF984B910FDDE,Application error,00,001,Application error,,,
00505684390C1EDC8CBE000C6FD9DDDE,Application error,00,001,Application error,,,
00505684390C1EDC8CBE39E8207F1DDF,Application error,00,001,Application error,,,
00505684390C1EDC8CBE3A46A22B1DDF,Application error,00,001,Application error,,,
00505684390C1EDC8CC223ACB9D33DDF,Application error,00,001,Application error,,,
00505684390C1EDC8CC2244460D2BDDF,Application error,00,001,Application error,,,
00505684390C1EDC8CD701371D35BDF4,Application error,00,001,Application error,,,
00505684390C1EDC8CD702047152FDF4,Application error,00,001,Application error,,,
00505684390C1EDC8CD702204F58FDF4,Application error,00,001,Application error,,,
00505684390C1EDC8CD70466EB267DF4,Application error,00,001,Application error,,,
00505684390C1EDC8CD705C28EB63DF4,Application error,00,001,Application error,,,
00505684390C1EDC8CD705EC07857DF4,Application error,00,001,Application error,,,
00505684390C1EDC8CD7060FF5455DF4,Application error,00,001,Application error,,,
00505684390C1EDC8CD7066E1BC97DF4,Application error,00,001,Application error,,,
00505684390C1EDC8CD706C4D9007DF4,Application error,00,001,Application error,,,
00505684390C1EDC8CD708292A09BDF4,Application error,00,001,Application error,,,
00505684390C1EDC8CD7084C314C7DF4,Application error,00,001,Application error,,,
00505684390C1EDC8CD70DF7AEF07DF4,Application error,00,001,Application error,,,
00505684390C1EDC8CD7100D5BEABDF4,Application error,00,001,Application error,,,
00505684390C1EDC8CD715ED946FBDF4,Application error,00,001,Application error,,,
00505684390C1EDC8CD7282E56D0BDF4,Application error,00,001,Application error,,,
00505684390C1EDC8CD72BAF11BD7DF4,Application error,00,001,Application error,,,
00505684390C1EDC8CD72D5279DDBDF4,Application error,00,001,Application error,,,
00505684390C1EDC8CD72F4675137DF4,Application error,00,001,Application error,,,
00505684390C1EDC8CD730C014FB9DF4,Application error,00,001,Application error,,,
00505684390C1EDC8CD7323F733B3DF4,Application error,00,001,Application error,,,
00505684390C1EDC8CD7336E7D8F7DF4,Application error,00,001,Application error,,,
00505684390C1EDC8CD7391A7DF05DF4,Application error,00,001,Application error,,,
00505684390C1EDC8CD7718F9D11DDF4,Application error,00,001,Application error,,,
00505684390C1EDC8CD771F1D2BD1DF4,Application error,00,001,Application error,,,
00505684390C1EDC8CDB3DD2B74A5DF4,Application error,00,001,Application error,,,
00505684390C1EDC8CDB3E64678B7DF4,Application error,00,001,Application error,,,
00505684390C1EDC8CDE499915637DF7,Application error,00,001,Application error,,,
00505684390C1EDC8CF005F6595EBE38,Application error,00,001,Application error,,,
00505684390C1EDC8CF0061DBCF8FE38,Application error,00,001,Application error,,,
00505684390C1EDC8CF007520DDFBE38,Application error,00,001,Application error,,,
00505684390C1EDC8CF007C02CCAFE38,Application error,00,001,Application error,,,
00505684390C1EDC8CF007E514395E38,Application error,00,001,Application error,,,
00505684390C1EDC8CF0080BB35FDE38,Application error,00,001,Application error,,,
00505684390C1EDC8CF00833AB6CBE38,Application error,00,001,Application error,,,
00505684390C1EDC8CF008F0A6047E38,Application error,00,001,Application error,,,
00505684390C1EDC8CF0091738247E38,Application error,00,001,Application error,,,
00505684390C1EDC8CF00D93CB153E38,Application error,00,001,Application error,,,
00505684390C1EDC8CF01163CEC7FE38,Application error,00,001,Application error,,,
00505684390C1EDC8CF0134C2652BE38,Application error,00,001,Application error,,,
00505684390C1EDC8CF02422B6A3BE38,Application error,00,001,Application error,,,
00505684390C1EDC8CF0245C84757E38,Application error,00,001,Application error,,,
00505684390C1EDC8CF028EE239C7E38,Application error,00,001,Application error,,,
00505684390C1EDC8CF02B0070EBBE38,Application error,00,001,Application error,,,
00505684390C1EDC8CF02B6FDE475E38,Application error,00,001,Application error,,,
00505684390C1EDC8CF02C2E4018FE38,Application error,00,001,Application error,,,
00505684390C1EDC8CF02D602FB9BE38,Application error,00,001,Application error,,,
00505684390C1EDC8CF02E459D691E38,Application error,00,001,Application error,,,
00505684390C1EDC8CF0332FB880FE38,Application error,00,001,Application error,,,
00505684390C1EDC8CF05C4B3C575E38,Application error,00,001,Application error,,,
00505684390C1EDC8CF05C8AA10E9E38,Application error,00,001,Application error,,,
00505684390C1EDC8CF437C49219FE38,Application error,00,001,Application error,,,
00505684390C1EDC8CF43856F36BFE38,Application error,00,001,Application error,,,
00505684390C1EDC8DB525C70BD95E56,connection closed (no data),,000,,,,
00505684390C1EDC8DBB77E08324BE59,Application error,00,001,Application error,,,
00505684390C1EDC8DBB785278F3FE59,Application error,00,001,Application error,,,
00505684390C1EDC8DBB7878A56EBE59,Application error,00,001,Application error,,,
00505684390C1EDC8DBB79A9F096BE59,Application error,00,001,Application error,,,
00505684390C1EDC8DBB7A1D7FF69E59,Application error,00,001,Application error,,,
00505684390C1EDC8DBB7A421594DE59,Application error,00,001,Application error,,,
00505684390C1EDC8DBB7A902A5A3E59,Application error,00,001,Application error,,,
00505684390C1EDC8DBB7AB6BEC63E59,Application error,00,001,Application error,,,
00505684390C1EDC8DBB7B741C643E59,Application error,00,001,Application error,,,
00505684390C1EDC8DBB7B9AAA5EFE59,Application error,00,001,Application error,,,
00505684390C1EDC8DBB839818717E59,Application error,00,001,Application error,,,
00505684390C1EDC8DBB853C23B7BE59,Application error,00,001,Application error,,,
00505684390C1EDC8DBB85CF98973E59,Application error,00,001,Application error,,,
00505684390C1EDC8DBB91E88785BE59,Application error,00,001,Application error,,,
00505684390C1EDC8DBB94BDDC973E59,Application error,00,001,Application error,,,
00505684390C1EDC8DBB9632D31FDE59,Application error,00,001,Application error,,,
00505684390C1EDC8DBB97FC8D0A5E59,Application error,00,001,Application error,,,
00505684390C1EDC8DBB986F1B15FE59,Application error,00,001,Application error,,,
00505684390C1EDC8DBB992E20F13E59,Application error,00,001,Application error,,,
00505684390C1EDC8DBB9AD50E62BE59,Application error,00,001,Application error,,,
00505684390C1EDC8DBB9BB87F421E59,Application error,00,001,Application error,,,
00505684390C1EDC8DBBA0A1321B3E59,Application error,00,001,Application error,,,
00505684390C1EDC8DBBCFE3E5C09E59,Application error,00,001,Application error,,,
00505684390C1EDC8DBBD0045147BE59,Application error,00,001,Application error,,,
00505684390C1EDC8DBFE1170843BE5A,Application error,00,001,Application error,,,
00505684390C1EDC8DBFE1AEA1875E5A,Application error,00,001,Application error,,,
00505684390C1EDC90E9A4ADA6AE1F81,Application error,00,001,Application error,,,
00505684390C1EDC90E9AB1878443F81,Application error,00,001,Application error,,,
00505684390C1EDC90E9ACE1636ABF81,Application error,00,001,Application error,,,
00505684390C1EEA9B9E75E0D0E5B0F8,Application error,00,001,Application error,,,
00505684390C1EEA9B9E80B6B49C70F8,Application error,00,001,Application error,,,
00505684390C1EEA9BFF8C54D66233B4,Application error,00,001,Application error,,,
00505684390C1EEA9C80B0586991D3B9,Application error,00,001,Application error,,,
00505684390C1EEA9C810F4AB2C793C0,Application error,00,001,Application error,,,
00505684390C1EEA9C81141FC20453C1,Application error,00,001,Application error,,,
00505684390C1EEA9C826A6647EF93C5,Application error,00,001,Application error,,,
00505684390C1EEA9C826C7B86FB93C5,Application error,00,001,Application error,,,
00505684390C1EEA9CBCDDD2C93F146F,Application error,00,001,Application error,,,
00505684390C1EEA9CBCE8B500E3546F,Application error,00,001,Application error,,,
00505684390C1EEA9CCB1E63E00C1493,Application error,00,001,Application error,,,
00505684390C1EEA9CCB40A401D1D494,Application error,00,001,Application error,,,
00505684390C1EEA9CCB47BE406F5495,Application error,00,001,Application error,,,
00505684390C1EEA9CCB49F52C00D495,Application error,00,001,Application error,,,
00505684390C1EEA9CCB531FA69D9495,Application error,00,001,Application error,,,
00505684390C1EEA9CCB6064B1F35495,Application error,00,001,Application error,,,
00505684390C1EEA9CCB62935D705495,Application error,00,001,Application error,,,
00505684390C1EEA9CCB62935D733495,Application error,00,001,Application error,,,
00505684390C1EEA9CCB62B6A6595495,Application error,00,001,Application error,,,
00505684390C1EEA9CCB9B6422E6D496,Application error,00,001,Application error,,,
00505684390C1EEA9CCBCC333A841496,Application error,00,001,Application error,,,
00505684390C1EEA9CCBE49A683FD497,Application error,00,001,Application error,,,
00505684390C1EEA9CCC11898405949C,Application error,00,001,Application error,,,
00505684390C1EEA9CCD23E6E5AB94A5,Application error,00,001,Application error,,,
00505684390C1EEA9CCDDB7BB4CE14AE,Application error,00,001,Application error,,,
00505684390C1EEA9CCE0B610C7B94AE,Application error,00,001,Application error,,,
00505684390C1EEA9EB0FD82F6BA7BC5,Application error,00,001,Application error,,,
00505684390C1EEAB8A668D17E0A8EA5,Application error,00,001,Application error,,,
00505684390C1EEABAA1DAB66368D4DE,Application error,00,001,Application error,,,
00505684390C1EEB81CE75A905BDE285,Application error,00,001,Application error,,,
00505684390C1EEB8E8971E4AE9F875C,Application error,00,001,Application error,,,
00505684390C1EEB8E8972112A14C75C,Application error,00,001,Application error,,,
00505684390C1EEB8E897230BDE5275C,Application error,00,001,Application error,,,
00505684390C1EEB8E897230BDE8075C,Application error,00,001,Application error,,,
00505684390C1EEB8E89725ECF21C75C,Application error,00,001,Application error,,,
00505684390C1EEB8E89725ECF24A75C,Application error,00,001,Application error,,,
00505684390C1EEB8E897295AFFC075C,Application error,00,001,Application error,,,
00505684390C1EEB8E897295AFFEE75C,Application error,00,001,Application error,,,
00505684390C1EEB8E8972C7EFAE475C,Application error,00,001,Application error,,,
00505684390C1EEB8E8972E5D807475C,Application error,00,001,Application error,,,
00505684390C1EEB8E89730341F5075C,Application error,00,001,Application error,,,
00505684390C1EEB8E89730341F7E75C,Application error,00,001,Application error,,,
00505684390C1EEB8E89733BFD6E875C,Application error,00,001,Application error,,,
00505684390C1EEB8E897361D178475C,Application error,00,001,Application error,,,
00505684390C1EEB8E897388FABEC75C,Application error,00,001,Application error,,,
00505684390C1EEB8E897388FAC1A75C,Application error,00,001,Application error,,,
00505684390C1EEB8E8973C68563075C,Application error,00,001,Application error,,,
00505684390C1EEB8E8977434F59C75C,Application error,00,001,Application error,,,
00505684390C1EEB8E897766B9AB475C,Application error,00,001,Application error,,,
00505684390C1EEB8E89778E115A875C,Application error,00,001,Application error,,,
00505684390C1EEB8E897897314D475C,Application error,00,001,Application error,,,
00505684390C1EEB8E8979A252E2075C,Application error,00,001,Application error,,,
00505684390C1EEB8E897AB0E1FF875C,Application error,00,001,Application error,,,
00505684390C1EEB8E897BBFFA04875C,Application error,00,001,Application error,,,
00505684390C1EEB93CD912777D1D634,Application error,00,001,Application error,,,
00505684390C1EEB9DFF9932DDD7A032,runtime resume failed,00,001,runtime resume failed,,,
00505684390C1EEB9DFF9932DDD8A032,runtime resume failed,00,001,runtime resume failed,,,
00505684390C1EEB9EBC3DC7CB02C10D,Application error,00,001,Application error,,,
00505684390C1EEB9EC09583D00F611E,Application error,00,001,Application error,,,
00505684390C1EEB9EC09725CA59E11E,Application error,00,001,Application error,,,
00505684390C1EEB9EC09725CA5E611E,Application error,00,001,Application error,,,
00505684390C1EEB9EC097C8C058E11E,Application error,00,001,Application error,,,
00505684390C1EEB9EC097E59D5C611E,Application error,00,001,Application error,,,
00505684390C1EEB9EC0986C164C211E,Application error,00,001,Application error,,,
00505684390C1EEB9EC09891A8D5211E,Application error,00,001,Application error,,,
00505684390C1EEB9EC09891EED4C11E,Application error,00,001,Application error,,,
00505684390C1EEB9EC09891EEDAE11E,Application error,00,001,Application error,,,
00505684390C1EEB9EC098B786C0611E,Application error,00,001,Application error,,,
00505684390C1EEB9EC098E09F7A411E,Application error,00,001,Application error,,,
00505684390C1EEB9EC09902A5EAA11E,Application error,00,001,Application error,,,
00505684390C1EEB9EC0990F2430211E,Application error,00,001,Application error,,,
00505684390C1EEB9EC09928A28C011E,Application error,00,001,Application error,,,
00505684390C1EEB9EC09951AC79A11E,Application error,00,001,Application error,,,
00505684390C1EEB9EC0999C97B5E11E,Application error,00,001,Application error,,,
00505684390C1EEB9EC099C33FBEA11E,Application error,00,001,Application error,,,
00505684390C1EEB9EC09A0EC571E11E,Application error,00,001,Application error,,,
00505684390C1EEB9EC09A59A859E11E,Application error,00,001,Application error,,,
00505684390C1EEB9EC09AD03757611E,Application error,00,001,Application error,,,
00505684390C1EEB9EC09B18AC9BA11E,Application error,00,001,Application error,,,
00505684390C1EEB9EC09C196E10E11E,Application error,00,001,Application error,,,
00505684390C1EEB9EC09C3997E0811E,Application error,00,001,Application error,,,
00505684390C1EEB9EC09C82C1A7A11E,Application error,00,001,Application error,,,
00505684390C1EEB9EC09F0D100B211E,Application error,00,001,Application error,,,
00505684390C1EEB9EC09FE826D2811E,Application error,00,001,Application error,,,
00505684390C1EEB9EC0A00A7E8C011E,Application error,00,001,Application error,,,
00505684390C1EEB9EC0A05007E8C11E,Application error,00,001,Application error,,,
00505684390C1EEB9EC0A09CE3F5A11E,Application error,00,001,Application error,,,
00505684390C1EEB9EC0A19784D7811E,Application error,00,001,Application error,,,
00505684390C1EEB9EC0A1BD48AE611E,Application error,00,001,Application error,,,
00505684390C1EEB9EC0A2E90B8A811E,Application error,00,001,Application error,,,
00505684390C1EEB9EC0A338D381211E,Application error,00,001,Application error,,,
00505684390C1EEB9EC0A3603B42811E,Application error,00,001,Application error,,,
00505684390C1EEB9EC0A52DB8E5211E,Application error,00,001,Application error,,,
00505684390C1EEB9EC0A5E83FD2611E,Application error,00,001,Application error,,,
00505684390C1EEB9EC0A610E2BBC11E,Application error,00,001,Application error,,,
00505684390C1EEB9EC0A63B8D43211E,Application error,00,001,Application error,,,
00505684390C1EEB9EC0A665A43E211E,Application error,00,001,Application error,,,
00505684390C1EEB9EC0A68F915F611E,Application error,00,001,Application error,,,
00505684390C1EEB9EC0A6CBA0A5211E,Application error,00,001,Application error,,,
00505684390C1EEB9EC0A6F4B8E8E11E,Application error,00,001,Application error,,,
00505684390C1EEB9EC0A78EC5CCA11E,Application error,00,001,Application error,,,
00505684390C1EEB9EC0D23CC227C11E,Application error,00,001,Application error,,,
00505684390C1EEB9EC0D26121F9011E,Application error,00,001,Application error,,,
00505684390C1EEB9EC0DC7022AF811E,Application error,00,001,Application error,,,
00505684390C1EEB9EC0DC97649BE11E,Application error,00,001,Application error,,,
00505684390C1EEB9EC0DCBCFFEF811E,Application error,00,001,Application error,,,
00505684390C1EEB9EC0DD08CB34A11E,Application error,00,001,Application error,,,
00505684390C1EEB9EC0DD2F60B8411E,Application error,00,001,Application error,,,
00505684390C1EEB9EC0DD54B746811E,Application error,00,001,Application error,,,
00505684390C1EEB9EC0DDA4B903811E,Application error,00,001,Application error,,,
00505684390C1EEB9EC0DDED85A7211E,Application error,00,001,Application error,,,
00505684390C1EEB9EC0DDED85ACC11E,Application error,00,001,Application error,,,
00505684390C1EEB9EC0DE176E86A11E,Application error,00,001,Application error,,,
00505684390C1EEB9EC0DE176E8B611E,Application error,00,001,Application error,,,
00505684390C1EEB9EC0DE39B81C411E,Application error,00,001,Application error,,,
00505684390C1EEB9EC0DE39B822A11E,Application error,00,001,Application error,,,
00505684390C1EEB9EC0DE61F3D0611E,Application error,00,001,Application error,,,
00505684390C1EEB9EC0DE86CB22C11E,Application error,00,001,Application error,,,
00505684390C1EEB9EC0DE86CB29211E,Application error,00,001,Application error,,,
00505684390C1EEB9EC0DEAC1F46611E,Application error,00,001,Application error,,,
00505684390C1EEB9EC0DED25872011E,Application error,00,001,Application error,,,
00505684390C1EEB9EC0DED25879A11E,Application error,00,001,Application error,,,
00505684390C1EEB9EC0DEFA046E811E,Application error,00,001,Application error,,,
00505684390C1EEB9EC0DF1FCC8B211E,Application error,00,001,Application error,,,
00505684390C1EEB9EC0DF1FCC93811E,Application error,00,001,Application error,,,
00505684390C1EEB9EC0DF44A9FB411E,Application error,00,001,Application error,,,
00505684390C1EEB9EC0DF6C718E811E,Application error,00,001,Application error,,,
00505684390C1EEB9EC0DF919343811E,Application error,00,001,Application error,,,
00505684390C1EEB9EC0DFE7EFF2E11E,Application error,00,001,Application error,,,
00505684390C1EEB9EC0E00378A1211E,Application error,00,001,Application error,,,
00505684390C1EEB9EC0E0E855E7411E,Application error,00,001,Application error,,,
00505684390C1EEB9EC0E21A001E211E,Application error,00,001,Application error,,,
00505684390C1EEB9EC0E241A45CA11E,Application error,00,001,Application error,,,
00505684390C1EEB9EC0E265DA22C11E,Application error,00,001,Application error,,,
00505684390C1EEB9EC0E28BCC27011E,Application error,00,001,Application error,,,
00505684390C1EEB9EC0E42FF272011E,Application error,00,001,Application error,,,
00505684390C1EEB9EC0E5D311EC611E,Application error,00,001,Application error,,,
00505684390C1EEB9EC0E64627E5211E,Application error,00,001,Application error,,,
00505684390C1EEB9EC0E6928108411E,Application error,00,001,Application error,,,
00505684390C1EEB9EC0E72B0EFE211E,Application error,00,001,Application error,,,
00505684390C1EEB9EC0E7C3D1A8C11E,Application error,00,001,Application error,,,
00505684390C1EEB9EC0E7E9646AA11E,Application error,00,001,Application error,,,
00505684390C1EEB9EC0E80F4FD3E11E,Application error,00,001,Application error,,,
00505684390C1EEB9EC0E80F4FD9811E,Application error,00,001,Application error,,,
00505684390C1EEB9EC0E837E641011E,Application error,00,001,Application error,,,
00505684390C1EEB9EC0E85CC52AE11E,Application error,00,001,Application error,,,
00505684390C1EEB9EC11A0E253FA11E,Application error,00,001,Application error,,,
00505684390C1EEB9EC11A362E9F211E,Application error,00,001,Application error,,,
00505684390C1EEB9EC11A5C5147C11E,Application error,00,001,Application error,,,
00505684390C1EEB9EC11A815BE7811E,Application error,00,001,Application error,,,
00505684390C1EEB9EC11AA81528C11E,Application error,00,001,Application error,,,
00505684390C1EEB9EC11ACD4D65811E,Application error,00,001,Application error,,,
00505684390C1EEB9EC11AF46130A11E,Application error,00,001,Application error,,,
00505684390C1EEB9EC11B192414211E,Application error,00,001,Application error,,,
00505684390C1EEB9EC11B431F6C011E,Application error,00,001,Application error,,,
00505684390C1EEB9EC11B67F25B211E,Application error,00,001,Application error,,,
00505684390C1EEB9EC11B8C7C7A211E,Application error,00,001,Application error,,,
00505684390C1EEB9EC11BB4BA9EC11E,Application error,00,001,Application error,,,
00505684390C1EEB9EC11BD9F7B9C11E,Application error,00,001,Application error,,,
00505684390C1EEB9EC11C001A22011E,Application error,00,001,Application error,,,
00505684390C1EEB9EC11C239B43811E,Application error,00,001,Application error,,,
00505684390C1EEB9EC11C50049F611E,Application error,00,001,Application error,,,
00505684390C1EEB9EC11C718AD9611E,Application error,00,001,Application error,,,
00505684390C1EEB9EC11CBC90B9A11E,Application error,00,001,Application error,,,
00505684390C1EEB9EC11CE30359A11E,Application error,00,001,Application error,,,
00505684390C1EEB9EC11D08FB02411E,Application error,00,001,Application error,,,
00505684390C1EEB9EC11D2F23B2811E,Application error,00,001,Application error,,,
00505684390C1EEB9EC11D7D6BD4611E,Application error,00,001,Application error,,,
00505684390C1EEB9EC11DA4EB55E11E,Application error,00,001,Application error,,,
00505684390C1EEB9EC11DC7CC04A11E,Application error,00,001,Application error,,,
00505684390C1EEB9EC11E13AAD7611E,Application error,00,001,Application error,,,
00505684390C1EEB9EC11E3A90A3E11E,Application error,00,001,Application error,,,
00505684390C1EEB9EC11E601CBA211E,Application error,00,001,Application error,,,
00505684390C1EEB9EC11E88AE86A11E,Application error,00,001,Application error,,,
00505684390C1EEB9EC11E88AE8CE11E,Application error,00,001,Application error,,,
00505684390C1EEB9EC11EAE2C07E11E,Application error,00,001,Application error,,,
00505684390C1EEB9EC11ED2E032A11E,Application error,00,001,Application error,,,
00505684390C1EEB9EC11ED2E038E11E,Application error,00,001,Application error,,,
00505684390C1EEB9EC11EF9AE44611E,Application error,00,001,Application error,,,
00505684390C1EEB9EC11EF9AE4AA11E,Application error,00,001,Application error,,,
00505684390C1EEB9EC11F1FD278E11E,Application error,00,001,Application error,,,
00505684390C1EEB9EC11F47D770A11E,Application error,00,001,Application error,,,
00505684390C1EEB9EC11F6D2B00211E,Application error,00,001,Application error,,,
00505684390C1EEB9EC11F6D2B07411E,Application error,00,001,Application error,,,
00505684390C1EEB9EC11F910091811E,Application error,00,001,Application error,,,
00505684390C1EEB9EC11FB7F7BC011E,Application error,00,001,Application error,,,
00505684390C1EEB9EC11FDDF596811E,Application error,00,001,Application error,,,
00505684390C1EEB9EC1202AA49B211E,Application error,00,001,Application error,,,
00505684390C1EEB9EC1202AA4A2211E,Application error,00,001,Application error,,,
00505684390C1EEB9EC1204FE324211E,Application error,00,001,Application error,,,
00505684390C1EEB9EC1207A13D2E11E,Application error,00,001,Application error,,,
00505684390C1EEB9EC1209F9118A11E,Application error,00,001,Application error,,,
00505684390C1EEB9EC120C24312011E,Application error,00,001,Application error,,,
00505684390C1EEB9EC120C24318211E,Application error,00,001,Application error,,,
00505684390C1EEB9EC120E9B3D9811E,Application error,00,001,Application error,,,
00505684390C1EEB9EC12110BB5E011E,Application error,00,001,Application error,,,
00505684390C1EEB9EC121389025E11E,Application error,00,001,Application error,,,
00505684390C1EEB9EC1215D0AD7E11E,Application error,00,001,Application error,,,
00505684390C1EEB9EC1215D0ADE011E,Application error,00,001,Application error,,,
00505684390C1EEB9EC12180EDB4411E,Application error,00,001,Application error,,,
00505684390C1EEB9EC8DE948B0B0151,Application error,00,001,Application error,,,
00505684390C1EEB9EC8E4B1165CC151,Application error,00,001,Application error,,,
00505684390C1EEB9EC8E4B1165D0151,Application error,00,001,Application error,,,
00505684390C1EEB9ECA5977F767015A,Application error,00,001,Application error,,,
00505684390C1EEB9ECCAB099214015E,Application error,00,001,Application error,,,
00505684390C1EEB9ECCB41D7B94015F,Application error,00,001,Application error,,,
00505684390C1EEB9ECCF74833CFE164,Application error,00,001,Application error,,,
00505684390C1EEB9ECCF74833D02164,Application error,00,001,Application error,,,
00505684390C1EEB9ECF47AEE501817C,Application error,00,001,Application error,,,
00505684390C1EEB9ECF4C8CDAF6817C,Application error,00,001,Application error,,,
00505684390C1EEB9ED040082169818D,Application error,00,001,Application error,,,
00505684390C1EEB9ED0711B4530218D,Application error,00,001,Application error,,,
00505684390C1EEB9ED08B49CCC5418E,Application error,00,001,Application error,,,
00505684390C1EEB9ED09A6344C5418E,Application error,00,001,Application error,,,
00505684390C1EEB9ED157F25D7AC1A0,Application error,00,001,Application error,,,
00505684390C1EEB9ED16037CB7281A0,Application error,00,001,Application error,,,
00505684390C1EEB9ED223CC3C2F61A8,Application error,00,001,Application error,,,
00505684390C1EEB9ED224602D3261A8,Application error,00,001,Application error,,,
00505684390C1EEB9ED3CF3638ADA1AB,Application error,00,001,Application error,,,
00505684390C1EEB9ED9B7A1669901BD,Application error,00,001,Application error,,,
00505684390C1EEB9ED9B80F996961BD,Application error,00,001,Application error,,,
00505684390C1EEB9ED9B93E8E8C81BD,Application error,00,001,Application error,,,
00505684390C1EEB9ED9B93E8E9101BD,Application error,00,001,Application error,,,
00505684390C1EEB9ED9B964AFDE41BD,Application error,00,001,Application error,,,
00505684390C1EEB9ED9B98B528C01BD,Application error,00,001,Application error,,,
00505684390C1EEB9ED9B9B591B281BD,Application error,00,001,Application error,,,
00505684390C1EEB9ED9B9D78BB9C1BD,Application error,00,001,Application error,,,
00505684390C1EEB9ED9B9FD4E4721BD,Application error,00,001,Application error,,,
00505684390C1EEB9ED9BA25BA8C41BD,Application error,00,001,Application error,,,
00505684390C1EEB9ED9BA4E516A81BD,Application error,00,001,Application error,,,
00505684390C1EEB9ED9BA6FFAD541BD,Application error,00,001,Application error,,,
00505684390C1EEB9ED9BA96542FC1BD,Application error,00,001,Application error,,,
00505684390C1EEB9ED9F45540F381BE,Application error,00,001,Application error,,,
00505684390C1EEB9ED9F47B796341BE,Application error,00,001,Application error,,,
00505684390C1EEB9EDA30AEACC0A1BF,Application error,00,001,Application error,,,
00505684390C1EEB9EDA30FA48F801BF,Application error,00,001,Application error,,,
00505684390C1EEB9EDA31219764E1BF,Application error,00,001,Application error,,,
00505684390C1EEB9EDA3145F03A61BF,Application error,00,001,Application error,,,
00505684390C1EEB9EDA316CAF5B61BF,Application error,00,001,Application error,,,
00505684390C1EEB9EDA3193005261BF,Application error,00,001,Application error,,,
00505684390C1EEB9EDA31B8BF47E1BF,Application error,00,001,Application error,,,
00505684390C1EEB9EDA31DEBE1B01BF,Application error,00,001,Application error,,,
00505684390C1EEB9EDA31DEBE2421BF,Application error,00,001,Application error,,,
00505684390C1EEB9EDA32075D6A41BF,Application error,00,001,Application error,,,
00505684390C1EEB9EDA322C0A0941BF,Application error,00,001,Application error,,,
00505684390C1EEB9EDA3251EC8FA1BF,Application error,00,001,Application error,,,
00505684390C1EEB9EDA327BE2CFC1BF,Application error,00,001,Application error,,,
00505684390C1EEB9EDA329FF69181BF,Application error,00,001,Application error,,,
00505684390C1EEB9EDA32C4026181BF,Application error,00,001,Application error,,,
00505684390C1EEB9EDA32E99B68C1BF,Application error,00,001,Application error,,,
00505684390C1EEB9EDA33153C9561BF,Application error,00,001,Application error,,,
00505684390C1EEB9EDA335E0739E1BF,Application error,00,001,Application error,,,
00505684390C1EEB9EDA3384F56EE1BF,Application error,00,001,Application error,,,
00505684390C1EEB9EDA33A838BFA1BF,Application error,00,001,Application error,,,
00505684390C1EEB9EDA33CF8B2F81BF,Application error,00,001,Application error,,,
00505684390C1EEB9EDA341B711321BF,Application error,00,001,Application error,,,
00505684390C1EEB9EDA3447107061BF,Application error,00,001,Application error,,,
00505684390C1EEB9EDA3468CBF921BF,Application error,00,001,Application error,,,
00505684390C1EEB9EDA34B460FF61BF,Application error,00,001,Application error,,,
00505684390C1EEB9EDA34D96625C1BF,Application error,00,001,Application error,,,
00505684390C1EEB9EDA34D9662C01BF,Application error,00,001,Application error,,,
00505684390C1EEB9EDA3525CA79A1BF,Application error,00,001,Application error,,,
00505684390C1EEB9EDA3525CA7FE1BF,Application error,00,001,Application error,,,
00505684390C1EEB9EDA354CA58FA1BF,Application error,00,001,Application error,,,
00505684390C1EEB9EDA354CA595E1BF,Application error,00,001,Application error,,,
00505684390C1EEB9EDA3572B69A61BF,Application error,00,001,Application error,,,
00505684390C1EEB9EDA35990B8AA1BF,Application error,00,001,Application error,,,
00505684390C1EEB9EDA35990B90E1BF,Application error,00,001,Application error,,,
00505684390C1EEB9EDA35BF2921E1BF,Application error,00,001,Application error,,,
00505684390C1EEB9EDA35E733E6A1BF,Application error,00,001,Application error,,,
00505684390C1EEB9EDA35E733EDC1BF,Application error,00,001,Application error,,,
00505684390C1EEB9EDA360C4BC501BF,Application error,00,001,Application error,,,
00505684390C1EEB9EDA36315D5FE1BF,Application error,00,001,Application error,,,
00505684390C1EEB9EDA365738B081BF,Application error,00,001,Application error,,,
00505684390C1EEB9EDA3680B3B9E1BF,Application error,00,001,Application error,,,
00505684390C1EEB9EDA36F3CD8F81BF,Application error,00,001,Application error,,,
00505684390C1EEB9EDA37164A8C21BF,Application error,00,001,Application error,,,
00505684390C1EEB9EDA373BFF4CE1BF,Application error,00,001,Application error,,,
00505684390C1EEB9EDA373BFF5321BF,Application error,00,001,Application error,,,
00505684390C1EEB9EDA3762053781BF,Application error,00,001,Application error,,,
00505684390C1EEB9EDA37887E3021BF,Application error,00,001,Application error,,,
00505684390C1EEB9EDA37AF7C7EC1BF,Application error,00,001,Application error,,,
00505684390C1EEB9EDA37D5B59881BF,Application error,00,001,Application error,,,
00505684390C1EEB9EDA37FC87EA41BF,Application error,00,001,Application error,,,
00505684390C1EEB9EDA3820ECAC81BF,Application error,00,001,Application error,,,
00505684390C1EEB9EDA384762EE41BF,Application error,00,001,Application error,,,
00505684390C1EEB9EDA386DB3C4A1BF,Application error,00,001,Application error,,,
00505684390C1EEB9EDA386DB3CAC1BF,Application error,00,001,Application error,,,
00505684390C1EEBA6874D965B2ED79C,Application error,00,001,Application error,,,
00505684390C1EEC99DFC769E5CF229D,Application error,00,001,Application error,,,
00505684390C1EEC9FB8D21D9234C506,Application error,00,001,Application error,,,
00505684390C1EECA0FE77D00F5CC5B9,runtime resume failed,00,001,runtime resume failed,,,
00505684390C1EECA0FE77D00F5DC5B9,runtime resume failed,00,001,runtime resume failed,,,
00505684390C1EECA0FE96AC500445B9,runtime resume failed,00,001,runtime resume failed,,,
00505684390C1EECA0FE96AC500545B9,runtime resume failed,00,001,runtime resume failed,,,
00505684390C1EECA0FED76BF09D65B9,runtime resume failed,00,001,runtime resume failed,,,
00505684390C1EECA0FED76BF09E65B9,runtime resume failed,00,001,runtime resume failed,,,
00505684390C1EECA0FF10BA6B5EC5B9,runtime resume failed,00,001,runtime resume failed,,,
00505684390C1EECA0FF10BA6B5FC5B9,runtime resume failed,00,001,runtime resume failed,,,
00505684390C1EECA0FF19D7852C85B9,runtime resume failed,00,001,runtime resume failed,,,
00505684390C1EECA181CFB146AB05BF,Application error,00,001,Application error,,,
00505684390C1EECA1823763B5E2C5C0,Application error,00,001,Application error,,,
00505684390C1EECA18238121A3865C0,Application error,00,001,Application error,,,
00505684390C1EECA1824E19F18345C0,Application error,00,001,Application error,,,
00505684390C1EECA18254275D4905C0,Application error,00,001,Application error,,,
00505684390C1EECA18315CADCCEE5C1,Application error,00,001,Application error,,,
00505684390C1EECA18324701728A5C1,Application error,00,001,Application error,,,
00505684390C1EECA1833B4B5C3B85C1,Application error,00,001,Application error,,,
00505684390C1EECA183410EF96B85C1,Application error,00,001,Application error,,,
00505684390C1EECA18350031E4905C1,Application error,00,001,Application error,,,
00505684390C1EECA183845F86BCC5C1,Application error,00,001,Application error,,,
00505684390C1EECA29C6EE152298614,Application error,00,001,Application error,,,
00505684390C1EECB1A74608856CA81D,Application error,00,001,Application error,,,
00505684390C1EECB1A747081351481D,Application error,00,001,Application error,,,
00505684390C1EECB1A762F16D8F481D,Application error,00,001,Application error,,,
00505684390C1EECB1A763E00D53481D,Application error,00,001,Application error,,,
00505684390C1EECB9DEFD43FE33081D,Application error,00,001,Application error,,,
00505684390C1EECB9DEFD43FE33481D,Application error,00,001,Application error,,,
00505684390C1EECB9DEFD43FE33881D,Application error,00,001,Application error,,,
00505684390C1EECBBB8EE7CF265081D,Application error,00,001,Application error,,,
00505684390C1EECBBB8EEA34188681D,Application error,00,001,Application error,,,
00505684390C1EECBBB8EEA3418DC81D,Application error,00,001,Application error,,,
00505684390C1EECBBB8EECA67A7C81D,Application error,00,001,Application error,,,
00505684390C1EECBBB8EEEFF90D881D,Application error,00,001,Application error,,,
00505684390C1EECBBB8EF153C0AE81D,Application error,00,001,Application error,,,
00505684390C1EECBBB8EF3EBADA081D,Application error,00,001,Application error,,,
00505684390C1EECBBB8F013CB4E681D,Application error,00,001,Application error,,,
00505684390C1EECBBB8F0CC10C2481D,Application error,00,001,Application error,,,
00505684390C1EECBBB8F0F82AB6281D,Application error,00,001,Application error,,,
00505684390C1EECBBB8F1B5A47F681D,Application error,00,001,Application error,,,
00505684390C1EECBBB8F1D69902C81D,Application error,00,001,Application error,,,
00505684390C1EECBBB8F222F60D881D,Application error,00,001,Application error,,,
00505684390C1EECBBB8F249768F881D,Application error,00,001,Application error,,,
00505684390C1EECBBB8F26FFEB4281D,Application error,00,001,Application error,,,
00505684390C1EECBBB8F2C1B125881D,Application error,00,001,Application error,,,
00505684390C1EECBBB8F2E1E43BE81D,Application error,00,001,Application error,,,
00505684390C1EECBBB8F33131BA081D,Application error,00,001,Application error,,,
00505684390C1EECBBB8F353EA28E81D,Application error,00,001,Application error,,,
00505684390C1EECBBB8F37AB921481D,Application error,00,001,Application error,,,
00505684390C1EECBBB8F3CBD314081D,Application error,00,001,Application error,,,
00505684390C1EECBBB8F3EDF063A81D,Application error,00,001,Application error,,,
00505684390C1EECBBB8F438FB69C81D,Application error,00,001,Application error,,,
00505684390C1EECBBB8F463EF7FA81D,Application error,00,001,Application error,,,
00505684390C1EECBBB8F4B15ABDC81D,Application error,00,001,Application error,,,
00505684390C1EECBBB8F521FE80C81D,Application error,00,001,Application error,,,
00505684390C1EECBBB8F543F0DC681D,Application error,00,001,Application error,,,
00505684390C1EECBBB8F5B783CF881D,Application error,00,001,Application error,,,
00505684390C1EECBBB8F62AEECFA81D,Application error,00,001,Application error,,,
00505684390C1EECBBB8F64F37DE281D,Application error,00,001,Application error,,,
00505684390C1EECBBB8F6C90C39E81D,Application error,00,001,Application error,,,
00505684390C1EECBBB8F7103F40C81D,Application error,00,001,Application error,,,
00505684390C1EECBBB8F75A1050681D,Application error,00,001,Application error,,,
00505684390C1EECBBB8F7CC6548C81D,Application error,00,001,Application error,,,
00505684390C1EECBBB8F818B9EA281D,Application error,00,001,Application error,,,
00505684390C1EECBBB8F842CB1EA81D,Application error,00,001,Application error,,,
00505684390C1EECBBB8F88BEC5A681D,Application error,00,001,Application error,,,
00505684390C1EECBBB8F90450E1481D,Application error,00,001,Application error,,,
00505684390C1EECBBB8F9704818A81D,Application error,00,001,Application error,,,
00505684390C1EECBBB8F9E34F18281D,Application error,00,001,Application error,,,
00505684390C1EECBBB8FA5598F3081D,Application error,00,001,Application error,,,
00505684390C1EECBBB8FAC78DDEC81D,No metadata found for database connection R/3*TXH.,SRT_CORE,143,,,,
00505684390C1EECBBB8FAEE4BCF281D,Application error,00,001,Application error,,,
00505684390C1EECBBB8FB14E8CAA81D,Application error,00,001,Application error,,,
00505684390C1EECBBB8FB672800881D,Application error,00,001,Application error,,,
00505684390C1EECBBB8FBD3D71F681D,Application error,00,001,Application error,,,
00505684390C1EECBBB8FBF87DB5081D,Application error,00,001,Application error,,,
00505684390C1EECBBB8FC44E5BA481D,Application error,00,001,Application error,,,
00505684390C1EECBBB90DCB0498C81D,Application error,00,001,Application error,,,
00505684390C1EECBBB90DF65C02481D,Application error,00,001,Application error,,,
00505684390C1EECBBB91C0A7377A81D,Application error,00,001,Application error,,,
00505684390C1EECBBF547127479081D,Application error,00,001,Application error,,,
00505684390C1EECBCCE69A4E2B6881D,Application error,00,001,Application error,,,
00505684390C1EECBCCE69DBECFE681D,Application error,00,001,Application error,,,
00505684390C1EECBCCE6AEA019C281D,Application error,00,001,Application error,,,
00505684390C1EECBCCE6B963A62081D,Application error,00,001,Application error,,,
00505684390C1EECBCCE6C3F0494C81D,Application error,00,001,Application error,,,
00505684390C1EECBCCE6C8CC265081D,Application error,00,001,Application error,,,
00505684390C1EECBCCE6CA66883E81D,Application error,00,001,Application error,,,
00505684390C1EECBCCE6CFDC3DF881D,Application error,00,001,Application error,,,
00505684390C1EECBCCE6D66E4C7081D,Application error,00,001,Application error,,,
00505684390C1EECBCCE6E1E9449C81D,Application error,00,001,Application error,,,
00505684390C1EECBCCE6E5C8370C81D,Application error,00,001,Application error,,,
00505684390C1EECBCCE6EBF29FF881D,Application error,00,001,Application error,,,
00505684390C1EECBCCE6F002A20081D,Application error,00,001,Application error,,,
00505684390C1EECBCCE6FE67F15481D,Application error,00,001,Application error,,,
00505684390C1EECBCCE70252066481D,Application error,00,001,Application error,,,
00505684390C1EECBCCE708266CAC81D,Application error,00,001,Application error,,,
00505684390C1EECBCCE70C7ECF8881D,Application error,00,001,Application error,,,
00505684390C1EECBCCE70E053A1C81D,Application error,00,001,Application error,,,
00505684390C1EECBCCE719098F7C81D,Application error,00,001,Application error,,,
00505684390C1EECBCCE71CD9938081D,Application error,00,001,Application error,,,
00505684390C1EECBCCE72474DA6481D,Application error,00,001,Application error,,,
00505684390C1EECBCCE725A32A0A81D,Application error,00,001,Application error,,,
00505684390C1EECBCCE72790E5B881D,Application error,00,001,Application error,,,
00505684390C1EECBCCE72A9A52F481D,Application error,00,001,Application error,,,
00505684390C1EECBCCE734034A6081D,Application error,00,001,Application error,,,
00505684390C1EECBCCE75C99678081D,Application error,00,001,Application error,,,
00505684390C1EECBCCE7762415C481D,Application error,00,001,Application error,,,
00505684390C1EECBCCE77C62E84E81D,Application error,00,001,Application error,,,
00505684390C1EECBCCE78896148C81D,Application error,00,001,Application error,,,
00505684390C1EECBCCE788A7F5C281D,Application error,00,001,Application error,,,
00505684390C1EECBCCE790B4127C81D,Application error,00,001,Application error,,,
00505684390C1EECBCCE7955900C281D,Application error,00,001,Application error,,,
00505684390C1EECBCCE7A6B662C081D,Application error,00,001,Application error,,,
00505684390C1EECBCCE7B1A9D08A81D,Application error,00,001,Application error,,,
00505684390C1EECBCCE7B2666C0481D,Application error,00,001,Application error,,,
00505684390C1EECBCCE7BBEF059E81D,Application error,00,001,Application error,,,
00505684390C1EECBCCE7C83A7A3C81D,Application error,00,001,Application error,,,
00505684390C1EECBCCE7CA66851681D,Application error,00,001,Application error,,,
00505684390C1EECBCCE7D66EE4E081D,Application error,00,001,Application error,,,
00505684390C1EECBCCE7DD418D3C81D,Application error,00,001,Application error,,,
00505684390C1EECBCCE8006269C681D,Application error,00,001,Application error,,,
00505684390C1EECBCCE8014FE95881D,Application error,00,001,Application error,,,
00505684390C1EECBCCE81430A77481D,Application error,00,001,Application error,,,
00505684390C1EECBCCE82B0FB68C81D,Application error,00,001,Application error,,,
00505684390C1EECBCCE85B7F9C4681D,Application error,00,001,Application error,,,
00505684390C1EECBCCE86551320E81D,Application error,00,001,Application error,,,
00505684390C1EECBCCE869F2C6D481D,Application error,00,001,Application error,,,
00505684390C1EECBCCE86A22A25C81D,Application error,00,001,Application error,,,
00505684390C1EECBCCE86FE5788E81D,Application error,00,001,Application error,,,
00505684390C1EECBCCE87845555A81D,Application error,00,001,Application error,,,
00505684390C1EECBCCE87AC2E11C81D,Application error,00,001,Application error,,,
00505684390C1EECBCCE87C4EEE2881D,Application error,00,001,Application error,,,
00505684390C1EECBCCE87D0CA94481D,Application error,00,001,Application error,,,
00505684390C1EECBCCE87E97DE9C81D,Application error,00,001,Application error,,,
00505684390C1EECBCCE880C1055881D,Application error,00,001,Application error,,,
00505684390C1EECBCCE8830DCAF881D,Application error,00,001,Application error,,,
00505684390C1EECBCCE88428E38881D,Application error,00,001,Application error,,,
00505684390C1EECBCCE887B81A2C81D,Application error,00,001,Application error,,,
00505684390C1EECBCCE88963082481D,Application error,00,001,Application error,,,
00505684390C1EECBCCE88C838A2481D,Application error,00,001,Application error,,,
00505684390C1EECBCCE88F37331081D,Application error,00,001,Application error,,,
00505684390C1EECBCCE8905E5F4881D,Application error,00,001,Application error,,,
00505684390C1EECBCCE89203099C81D,Application error,00,001,Application error,,,
00505684390C1EECBCCE898672A4481D,Application error,00,001,Application error,,,
00505684390C1EECBCCE8A34242E681D,Application error,00,001,Application error,,,
00505684390C1EECBCCE8A44ED15681D,Application error,00,001,Application error,,,
00505684390C1EECBCCE8A51D8FAE81D,Application error,00,001,Application error,,,
00505684390C1EECBCCE8AB8264E081D,Application error,00,001,Application error,,,
00505684390C1EECBCCE8B1A4FEB481D,Application error,00,001,Application error,,,
00505684390C1EECBCCE8B399505E81D,Application error,00,001,Application error,,,
00505684390C1EECBCCE8B76B17CE81D,Application error,00,001,Application error,,,
00505684390C1EECBCCE8B8A8D9CE81D,Application error,00,001,Application error,,,
00505684390C1EECBCCE8BFEB4EE481D,Application error,00,001,Application error,,,
00505684390C1EECBCCE8C5B0C81681D,Application error,00,001,Application error,,,
00505684390C1EECBCCE8CA8F1FE681D,Application error,00,001,Application error,,,
00505684390C1EECBCCE8CFFC58A881D,Application error,00,001,Application error,,,
00505684390C1EECBCCE8D00F355881D,Application error,00,001,Application error,,,
00505684390C1EECBCCE8D06C95BA81D,Application error,00,001,Application error,,,
00505684390C1EECBCCE8D10E027A81D,Application error,00,001,Application error,,,
00505684390C1EECBCCE8D44B6B2E81D,Application error,00,001,Application error,,,
00505684390C1EECBCCE8D8CD3F0A81D,Application error,00,001,Application error,,,
00505684390C1EECBCCE8DDFEBD8C81D,Application error,00,001,Application error,,,
00505684390C1EECBCCE8E26C057881D,Application error,00,001,Application error,,,
00505684390C1EECBCCE8E71DC9E081D,Application error,00,001,Application error,,,
00505684390C1EECBCCE8E999868281D,Application error,00,001,Application error,,,
00505684390C1EECBCCE8EC028FEC81D,Application error,00,001,Application error,,,
00505684390C1EECBCCE8F0B0E83081D,Application error,00,001,Application error,,,
00505684390C1EECBCCE8F69258E081D,Application error,00,001,Application error,,,
00505684390C1EECBCCE8FAAAF9DA81D,Application error,00,001,Application error,,,
00505684390C1EECBCCE8FB53709C81D,Application error,00,001,Application error,,,
00505684390C1EECBCCE8FBC1FA2881D,Application error,00,001,Application error,,,
00505684390C1EECBCCE90083A80E81D,Application error,00,001,Application error,,,
00505684390C1EECBCCE9018C26A081D,Application error,00,001,Application error,,,
00505684390C1EECBCCE904DDA10881D,Application error,00,001,Application error,,,
00505684390C1EECBCCE90656F48081D,Application error,00,001,Application error,,,
00505684390C1EECBCCE9099B22B081D,Application error,00,001,Application error,,,
00505684390C1EECBCCE90C55C6E481D,Application error,00,001,Application error,,,
00505684390C1EECBCCE91A59BE1C81D,Application error,00,001,Application error,,,
00505684390C1EECBCCE925BFBAE681D,Application error,00,001,Application error,,,
00505684390C1EECBCCE936D141A081D,Application error,00,001,Application error,,,
00505684390C1EECBCCE9374B069481D,Application error,00,001,Application error,,,
00505684390C1EECBCCE9467F7D0081D,Application error,00,001,Application error,,,
00505684390C1EECBCCE94E350DF481D,Application error,00,001,Application error,,,
00505684390C1EECBCCE955FDE20081D,Application error,00,001,Application error,,,
00505684390C1EECBCCE95C1B71EC81D,Application error,00,001,Application error,,,
00505684390C1EECBCCE96196F15081D,Application error,00,001,Application error,,,
00505684390C1EECBCCE96D36186081D,Application error,00,001,Application error,,,
00505684390C1EECBCCE97933DC4C81D,Application error,00,001,Application error,,,
00505684390C1EECBCCE97AE9FBEA81D,Application error,00,001,Application error,,,
00505684390C1EECBCCE97B32B96A81D,Application error,00,001,Application error,,,
00505684390C1EECBCCE97D5B7CB681D,Application error,00,001,Application error,,,
00505684390C1EECBCCE98486EF1C81D,Application error,00,001,Application error,,,
00505684390C1EECBCCE984A52F8C81D,Application error,00,001,Application error,,,
00505684390C1EECBCCE98940EE9E81D,Application error,00,001,Application error,,,
00505684390C1EECBCCE9957D9DE881D,Application error,00,001,Application error,,,
00505684390C1EECBCCE9A127D4D081D,Application error,00,001,Application error,,,
00505684390C1EECBCCE9AA96B37081D,Application error,00,001,Application error,,,
00505684390C1EECBCCE9B57CF14681D,Application error,00,001,Application error,,,
00505684390C1EECBCCE9B8C425EC81D,Application error,00,001,Application error,,,
00505684390C1EECBCCE9C3A4EA0481D,Application error,00,001,Application error,,,
00505684390C1EECBCCE9C85CC17E81D,Application error,00,001,Application error,,,
00505684390C1EECBCCE9C8B4ADB481D,Application error,00,001,Application error,,,
00505684390C1EECBCCE9CD370A0A81D,Application error,00,001,Application error,,,
00505684390C1EECBCCE9D1EF97C081D,Application error,00,001,Application error,,,
00505684390C1EECBCCE9D9130C2C81D,Application error,00,001,Application error,,,
00505684390C1EECBCCE9DE54393E81D,Application error,00,001,Application error,,,
00505684390C1EECBCCE9E2ADFA3A81D,Application error,00,001,Application error,,,
00505684390C1EECBCCE9E78B0D1C81D,Application error,00,001,Application error,,,
00505684390C1EECBCCE9E9E9904C81D,Application error,00,001,Application error,,,
00505684390C1EECBCCEA11B3E80C81D,Application error,00,001,Application error,,,
00505684390C1EECBCCEA26DC9F9681D,Application error,00,001,Application error,,,
00505684390C1EECBCCEA3636211881D,Application error,00,001,Application error,,,
00505684390C1EECBCCEA59CFDCC481D,Application error,00,001,Application error,,,
00505684390C1EECBCCEA72D9459881D,Application error,00,001,Application error,,,
00505684390C1EECBCCEA78DEFAD881D,Application error,00,001,Application error,,,
00505684390C1EECBCCEA80544A4A81D,Application error,00,001,Application error,,,
00505684390C1EECBCCEA8AFA9D6481D,Application error,00,001,Application error,,,
00505684390C1EECBCCEAA3C7056281D,Application error,00,001,Application error,,,
00505684390C1EECBCCEAB803908481D,Application error,00,001,Application error,,,
00505684390C1EECBCCEAEBF129D881D,Application error,00,001,Application error,,,
00505684390C1EECBCCEAFB73B2CC81D,Application error,00,001,Application error,,,
00505684390C1EECBCCEB0127860C81D,Application error,00,001,Application error,,,
00505684390C1EECBCCEB047D04CC81D,Application error,00,001,Application error,,,
00505684390C1EECBCCEB18A0213C81D,Application error,00,001,Application error,,,
00505684390C1EECBCCEB1AFB386681D,Application error,00,001,Application error,,,
00505684390C1EECBCCEB2CCEC31481D,Application error,00,001,Application error,,,
00505684390C1EECBCCEB4F612EDE81D,Application error,00,001,Application error,,,
00505684390C1EECBCCEB6759F2A081D,Application error,00,001,Application error,,,
00505684390C1EECBCCEB7809B19481D,Application error,00,001,Application error,,,
00505684390C1EECBCCEB8907973481D,Application error,00,001,Application error,,,
00505684390C1EECBCCEBA5358D6E81D,Application error,00,001,Application error,,,
00505684390C1EECBCCEBB853E0F081D,Application error,00,001,Application error,,,
00505684390C1EECBCCEBC8FCB14281D,Application error,00,001,Application error,,,
00505684390C1EECBCCEBDC1DAEC881D,Application error,00,001,Application error,,,
00505684390C1EECBCCEBEFBB8A8081D,Application error,00,001,Application error,,,
00505684390C1EECBCCEBFFCE2ADA81D,Application error,00,001,Application error,,,
00505684390C1EECBCCEC174ADC1881D,Application error,00,001,Application error,,,
00505684390C1EECBCCEC2C24CCCC81D,Application error,00,001,Application error,,,
00505684390C1EECBCCEC3F8463C081D,Application error,00,001,Application error,,,
00505684390C1EECBCCEC534C9A2A81D,Application error,00,001,Application error,,,
00505684390C1EECBCCEC62CBA69281D,Application error,00,001,Application error,,,
00505684390C1EECBCCEC777730B481D,Application error,00,001,Application error,,,
00505684390C1EECBCCEC8A7A757C81D,Application error,00,001,Application error,,,
00505684390C1EECBCCEC999A6C7A81D,Application error,00,001,Application error,,,
00505684390C1EECBCCECA916560681D,Application error,00,001,Application error,,,
00505684390C1EECBCCECB89EFCC281D,Application error,00,001,Application error,,,
00505684390C1EECBCCECC6EB422081D,Application error,00,001,Application error,,,
00505684390C1EECBCCECD7A23C6081D,Application error,00,001,Application error,,,
00505684390C1EECBCCECF6A4034481D,Application error,00,001,Application error,,,
00505684390C1EECBCCED0E6AFC8A81D,Application error,00,001,Application error,,,
00505684390C1EECBCCED204B697881D,Application error,00,001,Application error,,,
00505684390C1EECBCCED313BF78E81D,Application error,00,001,Application error,,,
00505684390C1EECBCCED457ED81081D,Application error,00,001,Application error,,,
00505684390C1EECBCCED585AFC4E81D,Application error,00,001,Application error,,,
00505684390C1EECBCCED6CCCFCC481D,Application error,00,001,Application error,,,
00505684390C1EECBCCED7E9F7A2E81D,Application error,00,001,Application error,,,
00505684390C1EECBCCED91CCD3C081D,Application error,00,001,Application error,,,
00505684390C1EECBCCEDA24084C081D,Application error,00,001,Application error,,,
00505684390C1EECBCCEDB67FDD9081D,Application error,00,001,Application error,,,
00505684390C1EECBCCEDCA11D4F481D,Application error,00,001,Application error,,,
00505684390C1EECBCCEDDCA39C2681D,Application error,00,001,Application error,,,
00505684390C1EECBCCEDEFCB154681D,Application error,00,001,Application error,,,
00505684390C1EECBCCEE0538488C81D,Application error,00,001,Application error,,,
00505684390C1EECBCCEE19FEDC1481D,Application error,00,001,Application error,,,
00505684390C1EECBCCEE30C0DB8C81D,Application error,00,001,Application error,,,
00505684390C1EECBCCEE432BBD3081D,Application error,00,001,Application error,,,
00505684390C1EECBCCEE56BEFFF881D,Application error,00,001,Application error,,,
00505684390C1EECBCCEE6A0BB15081D,Application error,00,001,Application error,,,
00505684390C1EECBCCEE76ED016C81D,Application error,00,001,Application error,,,
00505684390C1EECBCCEE827BF44281D,Application error,00,001,Application error,,,
00505684390C1EECBCCEE90D8814881D,Application error,00,001,Application error,,,
00505684390C1EECBCCEE9CA29A1A81D,Application error,00,001,Application error,,,
00505684390C1EECBCCEEAD46A9B881D,Application error,00,001,Application error,,,
00505684390C1EECBCCEEBF9EA69081D,Application error,00,001,Application error,,,
00505684390C1EECBCCEECFEFD06281D,Application error,00,001,Application error,,,
00505684390C1EECBCCEEE09D015C81D,Application error,00,001,Application error,,,
00505684390C1EECBCCEEEA387C2081D,Application error,00,001,Application error,,,
00505684390C1EECBCCEEF1373FCE81D,Application error,00,001,Application error,,,
00505684390C1EECBCCEEFD865F8281D,Application error,00,001,Application error,,,
00505684390C1EECBCCEF0937BDB281D,Application error,00,001,Application error,,,
00505684390C1EECBCCEF176637E281D,Application error,00,001,Application error,,,
00505684390C1EECBCCEF2885863881D,Application error,00,001,Application error,,,
00505684390C1EED83C92FEA7A6D081D,runtime resume failed,00,001,runtime resume failed,,,
00505684390C1EED83C932143A61881D,runtime resume failed,00,001,runtime resume failed,,,
00505684390C1EED93D6ED6778FA281D,Application error,00,001,Application error,,,
00505684390C1EED93D707EC5BA0881D,Application error,00,001,Application error,,,
00505684390C1EED93DBFFCC8752C81D,runtime resume failed,00,001,runtime resume failed,,,
00505684390C1EED96B4304AA1F2281D,Application error,00,001,Application error,,,
00505684390C1EED96B467D6829A481D,Application error,00,001,Application error,,,
00505684390C1EED96B47A17BB50881D,Application error,00,001,Application error,,,
00505684390C1EED96B5230208E0081D,Application error,00,001,Application error,,,
00505684390C1EED96B54405CB81481D,Application error,00,001,Application error,,,
00505684390C1EED96B557840E76881D,Application error,00,001,Application error,,,
00505684390C1EED96B56E00A025C81D,Application error,00,001,Application error,,,
00505684390C1EED99CA40980729881D,runtime resume failed,00,001,runtime resume failed,,,
00505684390C1EED99CADC131486481D,runtime resume failed,00,001,runtime resume failed,,,
00505684390C1EED99CAE2DD85D8681D,runtime resume failed,00,001,runtime resume failed,,,
00505684390C1EED99CAEA266340C81D,runtime resume failed,00,001,runtime resume failed,,,
00505684390C1EED99CB1AF1084D681D,runtime resume failed,00,001,runtime resume failed,,,
00505684390C1EED99CB83631FAD681D,runtime resume failed,00,001,runtime resume failed,,,
00505684390C1EED99CB85505602081D,runtime resume failed,00,001,runtime resume failed,,,
00505684390C1EED99CB85756B7D681D,runtime resume failed,00,001,runtime resume failed,,,
00505684390C1EED99CB8594EA0C281D,runtime resume failed,00,001,runtime resume failed,,,
00505684390C1EED99CB8594EA0D281D,runtime resume failed,00,001,runtime resume failed,,,
00505684390C1EED99CB85C56465081D,runtime resume failed,00,001,runtime resume failed,,,
00505684390C1EED99CB85E1D666C81D,runtime resume failed,00,001,runtime resume failed,,,
00505684390C1EED99CB860ABCBC481D,runtime resume failed,00,001,runtime resume failed,,,
00505684390C1EED99CBC736E403481D,runtime resume failed,00,001,runtime resume failed,,,
00505684390C1EED9AF7E29EE2E6081D,Time limit exceeded,00,341,TIME_OUT,,,
00505684390C1EED9AF83DFABA45481D,connection closed (no data),,000,,,,
00505684390C1EED9AF85DAC4F08E81D,Time limit exceeded,00,341,TIME_OUT,,,
00505684390C1EED9AF8F0099F47281D,Time limit exceeded,00,341,TIME_OUT,,,
00505684390C1EED9AF90B272F1F281D,connection closed (no data),,000,,,,
00505684390C1EED9AFB9FAE2E7B681D,Time limit exceeded,00,341,TIME_OUT,,,
00505684390C1EED9AFBB16CA704281D,Time limit exceeded,00,341,TIME_OUT,,,
00505684390C1EED9AFD4D6F2C46E81D,connection closed (no data),,000,,,,
00505684390C1EED9AFFC495116CE81D,runtime resume failed,00,001,runtime resume failed,,,
00505684390C1EED9AFFDBF0628C281D,runtime resume failed,00,001,runtime resume failed,,,
00505684390C1EED9AFFF4303065081D,runtime resume failed,00,001,runtime resume failed,,,
00505684390C1EED9BF60987734C681D,Application error,00,001,Application error,,,
00505684390C1EED9BF61B41F005A81D,Application error,00,001,Application error,,,
00505684390C1EED9DD8C073BB16881D,runtime resume failed,00,001,runtime resume failed,,,
00505684390C1EED9F8C8A552D1A081D,runtime resume failed,00,001,runtime resume failed,,,
00505684390C1EED9F8C8A746155881D,runtime resume failed,00,001,runtime resume failed,,,
00505684390C1EED9F8C8A746156881D,runtime resume failed,00,001,runtime resume failed,,,
00505684390C1EED9F8C8A9D8DCE281D,runtime resume failed,00,001,runtime resume failed,,,
00505684390C1EED9F8C8A9D8DCF281D,runtime resume failed,00,001,runtime resume failed,,,
00505684390C1EED9F8C8AC32986881D,runtime resume failed,00,001,runtime resume failed,,,
00505684390C1EEDA2D4A8834E84C81D,Application error,00,001,Application error,,,
00505684390C1EEDA2D4DA5860CBC81D,Application error,00,001,Application error,,,
00505684390C1EEDACB9C630C22A681D,Application error,00,001,Application error,,,
00505684390C1EEDACB9C73BB08CA81D,Application error,00,001,Application error,,,
00505684390C1EEDB1E19D5D8AAAC81D,Application error,00,001,Application error,,,
00505684390C1EEDB1E19DCA095B281D,Application error,00,001,Application error,,,
00505684390C1EEDB58C97DD7EB4881D,Application error,00,001,Application error,,,
00505684390C1EEDB58FFAAC2C04481D,Application error,00,001,Application error,,,
00505684390C1EEE86FDF3C3F8C5681D,Application error,00,001,Application error,,,
00505684390C1EEE86FDF8537F8AA81D,Application error,00,001,Application error,,,
00505684390C1EEE86FE1B88F331281D,Application error,00,001,Application error,,,
00505684390C1EEE86FE27D7F260481D,Application error,00,001,Application error,,,
00505684390C1EEE8790DE040A3B481D,Application error,00,001,Application error,,,
00505684390C1EEE8793123455EBC81D,Application error,00,001,Application error,,,
00505684390C1EEE8793125E206AC81D,Application error,00,001,Application error,,,
00505684390C1EEE87932C7EC780081D,Application error,00,001,Application error,,,
00505684390C1EEE87932CA990C1A81D,Application error,00,001,Application error,,,
00505684390C1EEE879532788D04A81D,Application error,00,001,Application error,,,
00505684390C1EEE8795606EA1D7481D,Application error,00,001,Application error,,,
00505684390C1EEE91B405618989881D,Application error,00,001,Application error,,,
00505684390C1EEE91B40581B3F3E81D,Application error,00,001,Application error,,,
00505684390C1EEE91B40581B3F5E81D,Application error,00,001,Application error,,,
00505684390C1EEEA7CA36161DC1E81D,runtime resume failed,00,001,runtime resume failed,,,
00505684390C1EEEADBFBDCBF835A81D,runtime resume failed,00,001,runtime resume failed,,,
00505684390C1EEF83BB3384230F681F,runtime resume failed,00,001,runtime resume failed,,,
00505684390C1EEF83BB33842310881F,runtime resume failed,00,001,runtime resume failed,,,
00505684390C1EEF83BB33842311881F,runtime resume failed,00,001,runtime resume failed,,,
00505684390C1EEF83BB33842312881F,runtime resume failed,00,001,runtime resume failed,,,
00505684390C1EEF83BB33842313881F,runtime resume failed,00,001,runtime resume failed,,,
00505684390C1EEF83BB33842314881F,runtime resume failed,00,001,runtime resume failed,,,
00505684390C1EEF83BB33842315881F,runtime resume failed,00,001,runtime resume failed,,,
00505684390C1EEF859CF4514CDB681F,runtime resume failed,00,001,runtime resume failed,,,
00505684390C1EEF859F2F3D7DD7A81F,runtime resume failed,00,001,runtime resume failed,,,
00505684390C1EEF89FBF1E2AD84E825,runtime resume failed,00,001,runtime resume failed,,,
00505684390C1EEF89FBF2E9C1DDA825,runtime resume failed,00,001,runtime resume failed,,,
00505684390C1EEF89FC48C02C790825,runtime resume failed,00,001,runtime resume failed,,,
00505684390C1EEF89FC491C5ED8A825,runtime resume failed,00,001,runtime resume failed,,,
00505684390C1EEF89FC4969AF996825,runtime resume failed,00,001,runtime resume failed,,,
00505684390C1EEF89FC49C1A1A8A825,runtime resume failed,00,001,runtime resume failed,,,
00505684390C1EEF89FC49DEBF7AC825,runtime resume failed,00,001,runtime resume failed,,,
00505684390C1EEF89FC4AFAFA2DE825,runtime resume failed,00,001,runtime resume failed,,,
00505684390C1EEF8F9FDA6A3790E825,runtime resume failed,00,001,runtime resume failed,,,
00505684390C1EEF98EEDAB23A8AA82A,runtime resume failed,00,001,runtime resume failed,,,
00505684390C1EEF98EEE989C013682A,runtime resume failed,00,001,runtime resume failed,,,
00505684390C1EEF98EEE9D3DBDF682A,runtime resume failed,00,001,runtime resume failed,,,
00505684390C1EEFA2F3740E2601882A,connection closed (no data),,000,,,,
00505684390C1EEFA2F3BB951AD7082A,connection closed (no data),,000,,,,
00505684390C1EEFA2F4FAC94527882A,connection closed (no data),,000,,,,
00505684390C1EEFA2F60DFF54FBC82A,connection closed (no data),,000,,,,
00505684390C1EEFA9B46010D8ABA82A,runtime resume failed,00,001,runtime resume failed,,,
00505684390C1EEFA9B461A1F400282A,runtime resume failed,00,001,runtime resume failed,,,
00505684390C1EEFA9C8B9D2139BC82A,runtime resume failed,00,001,runtime resume failed,,,
00505684390C1EEFB5FB6CFA94764831,runtime resume failed,00,001,runtime resume failed,,,
00505684390C1EEFB5FB7EC2B0C88831,runtime resume failed,00,001,runtime resume failed,,,
00505684390C1EEFB5FB8535EB98C831,runtime resume failed,00,001,runtime resume failed,,,
00505684390C1EEFB5FB9355F9968831,runtime resume failed,00,001,runtime resume failed,,,
00505684390C1EEFB5FB9633B7694831,runtime resume failed,00,001,runtime resume failed,,,
00505684390C1EEFB5FBA6FA50724831,runtime resume failed,00,001,runtime resume failed,,,
00505684390C1EEFB8C61F2201C70832,Application error,00,001,Application error,,,
00505684390C1EEFB8C6EE2FB7138832,Application error,00,001,Application error,,,
00505684390C1EEFB8C7FEE6A792E832,Application error,00,001,Application error,,,
00505684390C1EEFB8C7FEF805138832,Application error,00,001,Application error,,,
00505684390C1EEFB9F0920F04604832,Application error,00,001,Application error,,,
00505684390C1EEFBAC0408E45834832,Application error,00,001,Application error,,,
00505684390C1EEFBAC07A873D908832,Application error,00,001,Application error,,,
00505684390C1EEFBAC0C6D4F738C832,Application error,00,001,Application error,,,
00505684390C1EEFBAC1511D19B30832,Application error,00,001,Application error,,,
00505684390C1EEFBAC17044A141A832,runtime resume failed,00,001,runtime resume failed,,,
00505684390C1EEFBBA72D5787AD0832,runtime resume failed,00,001,runtime resume failed,,,
00505684390C1EEFBBBEB1F02799A832,runtime resume failed,00,001,runtime resume failed,,,
00505684390C1EEFBBBF386B758F8832,runtime resume failed,00,001,runtime resume failed,,,
00505684390C1EEFBBBF6067C29EE832,Application error,00,001,Application error,,,
00505684390C1EEFBBD2AC4F636A8832,Application error,00,001,Application error,,,
00505684390C1EEFBBD30644FA27E832,runtime resume failed,00,001,runtime resume failed,,,
00505684390C1EEFBBD4187D3A446832,runtime resume failed,00,001,runtime resume failed,,,
00505684390C1EEFBBD423D07F726832,runtime resume failed,00,001,runtime resume failed,,,
00505684390C1EEFBBD83572E2668832,Application error,00,001,Application error,,,
00505684390C1EEFBBEC579CF6400832,Application error,00,001,Application error,,,
00505684390C1EEFBCD5CC3482570832,Application error,00,001,Application error,,,
00505684390C1EEFBCE79BE1A4524832,Application error,00,001,Application error,,,
00505684390C1EEFBCE876575DE0C832,Application error,00,001,Application error,,,
00505684390C1FE080E218EA08868832,Application error,00,001,Application error,,,
00505684390C1FE080E23DF23D130832,"Exception condition ""ERROR_KSCHL_CONVERSION"" triggered",WY,026,1000003,,,
00505684390C1FE080FE67DEFDF0C832,"Exception condition ""ERROR_KSCHL_CONVERSION"" triggered",WY,026,1000003,,,
00505684390C1FE080FEF990AFBB0832,"Exception condition ""ERROR_KSCHL_CONVERSION"" triggered",WY,026,1000003,,,
00505684390C1FE080FF161BEF664832,"Exception condition ""ERROR_KSCHL_CONVERSION"" triggered",WY,026,1000003,,,
00505684390C1FE080FF18950AD08832,"Exception condition ""ERROR_KSCHL_CONVERSION"" triggered",WY,026,1000003,,,
00505684390C1FE080FF1AA15B178832,"Exception condition ""ERROR_KSCHL_CONVERSION"" triggered",WY,026,1000003,,,
00505684390C1FE0819296BD0964C832,"Exception condition ""ERROR_KSCHL_CONVERSION"" triggered",WY,026,1000003,,,
00505684390C1FE08192B446F39EE832,connection closed (no data),,000,,,,
00505684390C1FE08193A7B798F0C832,"Exception condition ""ERROR_KSCHL_CONVERSION"" triggered",WY,026,1000003,,,
00505684390C1FE08193A807DE19C832,"Exception condition ""ERROR_KSCHL_CONVERSION"" triggered",WY,026,1000003,,,
00505684390C1FE08194A11D31DD8832,"Exception condition ""ERROR_KSCHL_CONVERSION"" triggered",WY,026,1000003,,,
00505684390C1FE08194C0FDFBB5E832,runtime resume failed,00,001,runtime resume failed,,,
00505684390C1FE08194E4F1EBF46832,runtime resume failed,00,001,runtime resume failed,,,
00505684390C1FE08194EDC89D73A832,runtime resume failed,00,001,runtime resume failed,,,
00505684390C1FE08194F87BC49B4832,runtime resume failed,00,001,runtime resume failed,,,
00505684390C1FE08194FB193C6CA832,runtime resume failed,00,001,runtime resume failed,,,
00505684390C1FE0819511BBB531E832,runtime resume failed,00,001,runtime resume failed,,,
00505684390C1FE081951CCCBE956832,runtime resume failed,00,001,runtime resume failed,,,
00505684390C1FE081953E3F8FAFA832,runtime resume failed,00,001,runtime resume failed,,,
00505684390C1FE08195480799096832,runtime resume failed,00,001,runtime resume failed,,,
00505684390C1FE081955366AA9FE832,runtime resume failed,00,001,runtime resume failed,,,
00505684390C1FE081955844B28E2832,runtime resume failed,00,001,runtime resume failed,,,
00505684390C1FE081955D6153DDE832,runtime resume failed,00,001,runtime resume failed,,,
00505684390C1FE081957394BDD8A832,runtime resume failed,00,001,runtime resume failed,,,
00505684390C1FE08195830FA2672832,runtime resume failed,00,001,runtime resume failed,,,
00505684390C1FE08195D2E4602CA832,runtime resume failed,00,001,runtime resume failed,,,
00505684390C1FE08195D6E3A7C28832,runtime resume failed,00,001,runtime resume failed,,,
00505684390C1FE08195DF316A310832,"Exception condition ""ERROR_KSCHL_CONVERSION"" triggered",WY,026,1000003,,,
00505684390C1FE08291708EFDE84832,"Exception condition ""ERROR_KSCHL_CONVERSION"" triggered",WY,026,1000003,,,
00505684390C1FE082927230BBAC4832,runtime resume failed,00,001,runtime resume failed,,,
00505684390C1FE08292B948D7452832,runtime resume failed,00,001,runtime resume failed,,,
00505684390C1FE08292D918581EE832,runtime resume failed,00,001,runtime resume failed,,,
00505684390C1FE082930724D1798832,"Exception condition ""ERROR_KSCHL_CONVERSION"" triggered",WY,026,1000003,,,
00505684390C1FE082932BEC913FA832,runtime resume failed,00,001,runtime resume failed,,,
00505684390C1FE082942EA1AEAB8832,"Exception condition ""ERROR_KSCHL_CONVERSION"" triggered",WY,026,1000003,,,
00505684390C1FE08294430222216832,"Exception condition ""ERROR_KSCHL_CONVERSION"" triggered",WY,026,1000003,,,
00505684390C1FE082A7E04B2C6FC832,"Exception condition ""ERROR_KSCHL_CONVERSION"" triggered",WY,026,1000003,,,
00505684390C1FE082A83592244B0832,"Exception condition ""ERROR_KSCHL_CONVERSION"" triggered",WY,026,1000003,,,
00505684390C1FE082C5BECA916E8832,"Exception condition ""ERROR_KSCHL_CONVERSION"" triggered",OPS_SE_PUR_COMMON,007,PurchasingContractERPRequest_In_V1,,,
00505684390C1FE082C5F203B704E832,runtime resume failed,00,001,runtime resume failed,,,
00505684390C1FE082C6425CD9E9C832,"Exception condition ""ERROR_KSCHL_CONVERSION"" triggered",OPS_SE_PUR_COMMON,007,PurchasingContractERPRequest_In_V1,,,
00505684390C1FE082C65AF4B20EE832,runtime resume failed,00,001,runtime resume failed,,,
00505684390C1FE082C6690D4283A832,runtime resume failed,00,001,runtime resume failed,,,
00505684390C1FE082C678892B9CE832,runtime resume failed,00,001,runtime resume failed,,,
00505684390C1FE082C6AF8D26CA8832,"Exception condition ""ERROR_KSCHL_CONVERSION"" triggered",OPS_SE_PUR_COMMON,007,PurchasingContractERPRequest_In_V1,,,
00505684390C1FE082C6C34634B00832,runtime resume failed,00,001,runtime resume failed,,,
00505684390C1FE082C6D1A329512832,runtime resume failed,00,001,runtime resume failed,,,
00505684390C1FE082C6E29FD0B3E832,runtime resume failed,00,001,runtime resume failed,,,
00505684390C1FE082C6F025F599C832,runtime resume failed,00,001,runtime resume failed,,,
00505684390C1FE085D4BD1B6814C832,"Exception condition ""ERROR_KSCHL_CONVERSION"" triggered",OPS_SE_PUR_COMMON,007,PurchasingContractERPRequest_In_V1,,,
00505684390C1FE086A46369C76D2832,"Exception condition ""ERROR_KSCHL_CONVERSION"" triggered",WY,026,1000003,,,
00505684390C1FE086BE4181A48A0832,"Exception condition ""ERROR_KSCHL_CONVERSION"" triggered",WY,026,1000003,,,
00505684390C1FE086D63620BA85C832,Application error,00,001,Application error,,,
00505684390C1FE086D63657D2BA6832,runtime resume failed,00,001,runtime resume failed,,,
00505684390C1FE086EE0581F8FEC832,Application error,00,001,Application error,,,
00505684390C1FE086EE05917AFCC832,runtime resume failed,00,001,runtime resume failed,,,
00505684390C1FE086EE16914A2F0832,Application error,00,001,Application error,,,
00505684390C1FE086EE16987BBE2832,runtime resume failed,00,001,runtime resume failed,,,
00505684390C1FE086EE3AADD2110832,runtime resume failed,00,001,runtime resume failed,,,
00505684390C1FE086EFD28103590832,runtime resume failed,00,001,runtime resume failed,,,
00505684390C1FE086EFE8FE58CDC832,runtime resume failed,00,001,runtime resume failed,,,
00505684390C1FE086EFF9174D3C8832,Application error,00,001,Application error,,,
00505684390C1FE086EFF92A612C6832,runtime resume failed,00,001,runtime resume failed,,,
00505684390C1FE086F0105E998E4832,runtime resume failed,00,001,runtime resume failed,,,
00505684390C1FE086F0105F90B14832,Application error,00,001,Application error,,,
00505684390C1FE086F031DA8C374832,Application error,00,001,Application error,,,
00505684390C1FE086F031E5A275A832,runtime resume failed,00,001,runtime resume failed,,,
00505684390C1FE086F038E4E4F1E832,runtime resume failed,00,001,runtime resume failed,,,
00505684390C1FE086F050CAEC12A832,runtime resume failed,00,001,runtime resume failed,,,
00505684390C1FE086F0FCD3F7D84832,runtime resume failed,00,001,runtime resume failed,,,
00505684390C1FE086F12A58CBA10832,runtime resume failed,00,001,runtime resume failed,,,
00505684390C1FE086F1C4F476D20832,runtime resume failed,00,001,runtime resume failed,,,
00505684390C1FE086F1D8B140B60832,runtime resume failed,00,001,runtime resume failed,,,
00505684390C1FE087849FCCA4ACC832,Application error,00,001,Application error,,,
00505684390C1FE087D0BAA503DD0832,Application error,00,001,Application error,,,
00505684390C1FE087D0DB708DAD0832,Application error,00,001,Application error,,,
00505684390C1FE087EF0C46D3204832,Application error,00,001,Application error,,,
00505684390C1FE087EF38B1F125A832,Application error,00,001,Application error,,,
00505684390C1FE08BE36A1482CEC832,connection closed (no data),,000,,,,
00505684390C1FE08BFCEC4E81B78832,Application error,00,001,Application error,,,
00505684390C1FE08BFD1C636AD20832,Application error,00,001,Application error,,,
00505684390C1FE08BFD574E52484832,"Exception condition ""ERROR_KSCHL_CONVERSION"" triggered",SFB,701,X,,,
00505684390C1FE08BFD660373864832,Application error,00,001,Application error,,,
00505684390C1FE08BFD8EC67E69C832,Application error,00,001,Application error,,,
00505684390C1FE08BFE66CDCFE04832,Application error,00,001,Application error,,,
00505684390C1FE08C95ED6AEFDB8832,Application error,00,001,Application error,,,
00505684390C1FE08C95F5B638998832,Application error,00,001,Application error,,,
00505684390C1FE08C9625BB01B84832,Application error,00,001,Application error,,,
00505684390C1FE08CB198C8E14C6832,Application error,00,001,Application error,,,
00505684390C1FE08CB1A714468C4832,Application error,00,001,Application error,,,
00505684390C1FE08D9121445C94C832,runtime resume failed,00,001,runtime resume failed,,,
00505684390C1FE08D931F3079EAC832,runtime resume failed,00,001,runtime resume failed,,,
00505684390C1FE08D93A063007B0832,Error DDIC_TYPE_REF_ACCESS_ERROR occured. P1=ABAP-generation exit error,SFB,701,X,,,
00505684390C1FE08D93F7A4C9290832,Application error,00,001,Application error,,,
00505684390C1FE08D944EB6CAF7A832,Application error,00,001,Application error,,,
00505684390C1FE08D9460B04E4E4832,Application error,00,001,Application error,,,
00505684390C1FE08D946B983D91C832,Application error,00,001,Application error,,,
00505684390C1FE08D948A4900A9C832,Application error,00,001,Application error,,,
00505684390C1FE08D94E92B6A3FC832,Application error,00,001,Application error,,,
00505684390C1FE08D94F48BC1A9C832,Error during insertion into a table with an unique key.,SFB,701,X,,,
00505684390C1FE08D9507C70B5E0832,Error during insertion into a table with an unique key.,SFB,701,X,,,
00505684390C1FE08D95827CDD2EC832,Error during insertion into a table with an unique key.,SFB,701,X,,,
00505684390C1FE08D95C99BEA3F8832,Application error,00,001,Application error,,,
00505684390C1FE08DA7D8F909FB8832,Application error,00,001,Application error,,,
00505684390C1FE08DAC9B717042C832,Application error,00,001,Application error,,,
00505684390C1FE08DAD189B53C6C832,Application error,00,001,Application error,,,
00505684390C1FE08DD7D14BA3580832,Application error,00,001,Application error,,,
00505684390C1FE08DD7D5368E31C832,Application error,00,001,Application error,,,
00505684390C1FE08DDD089FBF114832,Application error,00,001,Application error,,,
00505684390C1FE08DDDF6CC757DC832,connection closed (no data),,000,,,,
00505684390C1FE08DF7935DBB484832,Application error,00,001,Application error,,,
00505684390C1FE08EC62647A8FD4832,Application error,00,001,Application error,,,
00505684390C1FE08EC664B7C28B8832,Application error,00,001,Application error,,,
00505684390C1FE08EC7A83CCDD5C832,Application error,00,001,Application error,,,
00505684390C1FE08ED6B2694B794832,Application error,00,001,Application error,,,
00505684390C1FE08ED6C695B620C832,Application error,00,001,Application error,,,
00505684390C1FE08F8FA59F82318832,Application error,00,001,Application error,,,
00505684390C1FE092CFDA69FBD3A832,Price determination: MtM condition ZMP1 is not active for item 000080,CMM_VLOGP,045,ZMP1,000080,,
00505684390C1FE092D06D59E49AC832,Application error,00,001,Application error,,,
00505684390C1FE092DE0CBB84650832,Pricing error 64001918/000010 RDP start date 06/06/2025: pricing failed,CMM_VLOGP,029,64001918,000010,06/06/2025,
00505684390C1FE092EABAA9CD65C832,Root Document 330001872 is locked,CMM_VLOGP,040,330001872,00010,01.01.2025,
00505684390C1FE092EABD95E23A2832,Price determination: MtM condition ZMPI is not active for item 000010,CMM_VLOGP,045,ZMPI,000010,,
00505684390C1FE092EABDAA3C1C0832,Price determination: MtM condition ZMPI is not active for item 000010,CMM_VLOGP,045,ZMPI,000010,,
00505684390C1FE092EABDAA3C1E8832,Price determination: MtM condition ZMPI is not active for item 000010,CMM_VLOGP,045,ZMPI,000010,,
00505684390C1FE092EABDC899C5A832,Price determination: MtM condition ZMPI is not active for item 000010,CMM_VLOGP,045,ZMPI,000010,,
00505684390C1FE092EABEAE08E3A832,Root Document 64001760 is locked,CMM_VLOGP,040,64001760,000010,01.01.2025,
00505684390C1FE092EABECF14ECA832,Root Document 64001762 is locked,CMM_VLOGP,040,64001762,000010,01.01.2025,
00505684390C1FE092EABF58E75EC832,Price determination: MtM condition ZSPI is not active for item 000010,CMM_VLOGP,045,ZSPI,000010,,
00505684390C1FE092EAC0052CFA0832,Price determination: MtM condition ZMPI is not active for item 000010,CMM_VLOGP,045,ZMPI,000010,,
00505684390C1FE092EAC08CD6506832,Price determination: MtM condition ZSPI is not active for item 000010,CMM_VLOGP,045,ZSPI,000010,,
00505684390C1FE092EAC093BB844832,Price determination: MtM condition ZMPI is not active for item 000010,CMM_VLOGP,045,ZMPI,000010,,
00505684390C1FE092EAC09F473FA832,Root Document 330000733 is locked,CMM_VLOGP,040,330000733,00010,01.10.2023,
00505684390C1FE092EAC09F4741C832,Price determination: MtM condition ZMPI is not active for item 000010,CMM_VLOGP,045,ZMPI,000010,,
00505684390C1FE092EAC0B72ED08832,Price determination: MtM condition ZSPI is not active for item 000010,CMM_VLOGP,045,ZSPI,000010,,
00505684390C1FE092EAC0C3A198C832,Price determination: MtM condition ZMPI is not active for item 000010,CMM_VLOGP,045,ZMPI,000010,,
00505684390C1FE092EAC112406E0832,Price determination: MtM condition ZMPI is not active for item 000010,CMM_VLOGP,045,ZMPI,000010,,
00505684390C1FE092EAC1365E782832,Root Document 330002048 is locked,CMM_VLOGP,040,330002048,00010,04.06.2025,
00505684390C1FE092EAC138730A8832,Price determination: MtM condition ZMPI is not active for item 000010,CMM_VLOGP,045,ZMPI,000010,,
00505684390C1FE092EAC138730CA832,Price determination: MtM condition ZMPI is not active for item 000010,CMM_VLOGP,045,ZMPI,000010,,
00505684390C1FE092EAC15EB0F6E832,Price determination: MtM condition ZMPI is not active for item 000010,CMM_VLOGP,045,ZMPI,000010,,
00505684390C1FE092EAC163C4EA0832,Price determination: MtM condition ZMPI is not active for item 000010,CMM_VLOGP,045,ZMPI,000010,,
00505684390C1FE092EAC163C4EC2832,Price determination: MtM condition ZMPI is not active for item 000010,CMM_VLOGP,045,ZMPI,000010,,
00505684390C1FE092EAC18DCCDB0832,Price determination: MtM condition ZMPI is not active for item 000010,CMM_VLOGP,045,ZMPI,000010,,
00505684390C1FE092EAC18DCCDD2832,Price determination: MtM condition ZMPI is not active for item 000010,CMM_VLOGP,045,ZMPI,000010,,
00505684390C1FE092EAC1B284504832,Price determination: MtM condition ZMPI is not active for item 000010,CMM_VLOGP,045,ZMPI,000010,,
00505684390C1FE092EAC1EA9034A832,Price determination: MtM condition ZMPI is not active for item 000010,CMM_VLOGP,045,ZMPI,000010,,
00505684390C1FE092EAC2816D82C832,Pricing error 52002295/000010 RDP start date 01.02.2022: pricing failed,CMM_VLOGP,029,52002295,000010,01.02.2022,
00505684390C1FE092EAC2D014356832,Root Document 52002620 is locked,CMM_VLOGP,040,52002620,000010,01.04.2024,
00505684390C1FE092EAC3FF68394832,Root Document 67000633 is locked,CMM_VLOGP,040,67000633,000010,01.07.2024,
00505684390C1FE092EAC4B8C763A832,Price determination: MtM condition ZMPI is not active for item 000010,CMM_VLOGP,045,ZMPI,000010,,
00505684390C1FE092EAC4B8C765C832,Price determination: MtM condition ZMPI is not active for item 000010,CMM_VLOGP,045,ZMPI,000010,,
00505684390C1FE092EAC4B8C767E832,Price determination: MtM condition ZMPI is not active for item 000010,CMM_VLOGP,045,ZMPI,000010,,
00505684390C1FE092EAC5C162520832,Price determination: MtM condition ZMPA is not active for item 000010,CMM_VLOGP,045,ZMPA,000010,,
00505684390C1FE092EAC60DD7822832,Price determination: MtM condition ZMPI is not active for item 000010,CMM_VLOGP,045,ZMPI,000010,,
00505684390C1FE092EACAC039E74832,Price determination: MtM condition ZMPI is not active for item 000010,CMM_VLOGP,045,ZMPI,000010,,
00505684390C1FE092EACAC09120A832,Price determination: MtM condition ZCMI is not active for item 000010,CMM_VLOGP,045,ZCMI,000010,,
00505684390C1FE092EACAC23BBFA832,Price determination: MtM condition ZMPI is not active for item 000010,CMM_VLOGP,045,ZMPI,000010,,
00505684390C1FE092EACB0C28A82832,Price determination: MtM condition ZMPI is not active for item 000010,CMM_VLOGP,045,ZMPI,000010,,
00505684390C1FE092EACC64C4A60832,Price determination: MtM condition ZMPI is not active for item 000020,CMM_VLOGP,045,ZMPI,000020,,
00505684390C1FE092EACC8C81D36832,Price determination: MtM condition ZCMI is not active for item 000010,CMM_VLOGP,045,ZCMI,000010,,
00505684390C1FE092EACF96E0754832,Price determination: MtM condition ZMPI is not active for item 000010,CMM_VLOGP,045,ZMPI,000010,,
00505684390C1FE092EAD00D99136832,Price determination: MtM condition ZMPI is not active for item 000010,CMM_VLOGP,045,ZMPI,000010,,
00505684390C1FE092EAD0A512B16832,Price determination: MtM condition ZMPI is not active for item 000010,CMM_VLOGP,045,ZMPI,000010,,
00505684390C1FE092EAD13B29776832,Price determination: MtM condition ZMPI is not active for item 000010,CMM_VLOGP,045,ZMPI,000010,,
00505684390C1FE092EAD31A20774832,Pricing error 67000538/000010 RDP start date 01.06.2023: pricing failed,CMM_VLOGP,029,67000538,000010,01.06.2023,
00505684390C1FE092EAE204158B2832,Pricing error 66001407/000010 RDP start date 01.12.2023: pricing failed,CMM_VLOGP,029,66001407,000010,01.12.2023,
00505684390C1FE092EAE8C205914832,Sales document 66001172 is currently being processed by EOD_BATCH.,V1,042,66001172,EOD_BATCH,,
00505684390C1FE092EAEAC54838E832,Pricing error 67000555/000010 RDP start date 01.01.2023: pricing failed,CMM_VLOGP,029,67000555,000010,01.01.2023,
00505684390C1FE092EAF5AC10BF8832,Price determination: MtM condition ZMPI is not active for item 000010,CMM_VLOGP,045,ZMPI,000010,,
00505684390C1FE092EB01BB8D8F4832,Price determination: MtM condition ZSPI is not active for item 000010,CMM_VLOGP,045,ZSPI,000010,,
00505684390C1FE092EB01BB8D912832,Price determination: MtM condition ZSPI is not active for item 000010,CMM_VLOGP,045,ZSPI,000010,,
00505684390C1FE092EB01E3FF9F4832,Price determination: MtM condition ZSPI is not active for item 000010,CMM_VLOGP,045,ZSPI,000010,,
00505684390C1FE092EB01E3FFA12832,Price determination: MtM condition ZSPI is not active for item 000010,CMM_VLOGP,045,ZSPI,000010,,
00505684390C1FE092EB02079EC48832,Price determination: MtM condition ZSPI is not active for item 000010,CMM_VLOGP,045,ZSPI,000010,,
00505684390C1FE092EB020886082832,Price determination: MtM condition ZSPI is not active for item 000010,CMM_VLOGP,045,ZSPI,000010,,
00505684390C1FE092EB022E9E534832,Price determination: MtM condition ZSPI is not active for item 000010,CMM_VLOGP,045,ZSPI,000010,,
00505684390C1FE092EB022E9E552832,Price determination: MtM condition ZSPI is not active for item 000010,CMM_VLOGP,045,ZSPI,000010,,
00505684390C1FE092EB02613B8C8832,Price determination: MtM condition ZSPI is not active for item 000010,CMM_VLOGP,045,ZSPI,000010,,
00505684390C1FE092EB02613B8E6832,Price determination: MtM condition ZSPI is not active for item 000010,CMM_VLOGP,045,ZSPI,000010,,
00505684390C1FE092EB027EA5FC8832,Price determination: MtM condition ZSPI is not active for item 000010,CMM_VLOGP,045,ZSPI,000010,,
00505684390C1FE092EB027EA5FE6832,Price determination: MtM condition ZSPI is not active for item 000010,CMM_VLOGP,045,ZSPI,000010,,
00505684390C1FE092EB02A072B44832,Price determination: MtM condition ZSPI is not active for item 000010,CMM_VLOGP,045,ZSPI,000010,,
00505684390C1FE092EB02C81F738832,Price determination: MtM condition ZSPI is not active for item 000010,CMM_VLOGP,045,ZSPI,000010,,
00505684390C1FE092EB03012F4C6832,Price determination: MtM condition ZSPI is not active for item 000010,CMM_VLOGP,045,ZSPI,000010,,
00505684390C1FE092EB03260DB74832,Price determination: MtM condition ZSPI is not active for item 000010,CMM_VLOGP,045,ZSPI,000010,,
00505684390C1FE092EB03260DB92832,Price determination: MtM condition ZSPI is not active for item 000010,CMM_VLOGP,045,ZSPI,000010,,
00505684390C1FE092EB035070A38832,Price determination: MtM condition ZSPI is not active for item 000010,CMM_VLOGP,045,ZSPI,000010,,
00505684390C1FE092EB035070A56832,Price determination: MtM condition ZSPI is not active for item 000010,CMM_VLOGP,045,ZSPI,000010,,
00505684390C1FE092EB047194ED6832,Price determination: MtM condition ZSPI is not active for item 000010,CMM_VLOGP,045,ZSPI,000010,,
00505684390C1FE092EB04923E71E832,Price determination: MtM condition ZSPI is not active for item 000010,CMM_VLOGP,045,ZSPI,000010,,
00505684390C1FE092EB04923E73C832,Price determination: MtM condition ZSPI is not active for item 000010,CMM_VLOGP,045,ZSPI,000010,,
00505684390C1FE092EB04A924598832,Price determination: MtM condition ZSPI is not active for item 000010,CMM_VLOGP,045,ZSPI,000010,,
00505684390C1FE092EB04B7484DC832,Price determination: MtM condition ZSPI is not active for item 000010,CMM_VLOGP,045,ZSPI,000010,,
00505684390C1FE092EB05294C490832,Pricing error 67000576/000010 RDP start date 01.10.2024: pricing failed,CMM_VLOGP,029,67000576,000010,01.10.2024,
00505684390C1FE092EB0534AC2A0832,Price determination: MtM condition ZSPI is not active for item 000010,CMM_VLOGP,045,ZSPI,000010,,
00505684390C1FE092EB0534AC2BE832,Price determination: MtM condition ZSPI is not active for item 000010,CMM_VLOGP,045,ZSPI,000010,,
00505684390C1FE092EB054EC59A4832,Price determination: MtM condition ZSPI is not active for item 000010,CMM_VLOGP,045,ZSPI,000010,,
00505684390C1FE092EB054EC59C2832,Price determination: MtM condition ZSPI is not active for item 000010,CMM_VLOGP,045,ZSPI,000010,,
00505684390C1FE092EB05807D238832,Price determination: MtM condition ZSPI is not active for item 000010,CMM_VLOGP,045,ZSPI,000010,,
00505684390C1FE092EB05807D256832,Price determination: MtM condition ZSPI is not active for item 000010,CMM_VLOGP,045,ZSPI,000010,,
00505684390C1FE092EB05A4199A8832,Price determination: MtM condition ZSPI is not active for item 000010,CMM_VLOGP,045,ZSPI,000010,,
00505684390C1FE092EB05A4199C6832,Price determination: MtM condition ZSPI is not active for item 000010,CMM_VLOGP,045,ZSPI,000010,,
00505684390C1FE092EB06A6EDC2A832,Price determination: MtM condition ZSPI is not active for item 000010,CMM_VLOGP,045,ZSPI,000010,,
00505684390C1FE092EB07B2BADD6832,Price determination: MtM condition ZSPI is not active for item 000010,CMM_VLOGP,045,ZSPI,000010,,
00505684390C1FE092EB07D7DBAEE832,Price determination: MtM condition ZSPI is not active for item 000010,CMM_VLOGP,045,ZSPI,000010,,
00505684390C1FE092EB07D7DBB0C832,Price determination: MtM condition ZSPI is not active for item 000010,CMM_VLOGP,045,ZSPI,000010,,
00505684390C1FE092EB0803888B0832,Price determination: MtM condition ZSPI is not active for item 000010,CMM_VLOGP,045,ZSPI,000010,,
00505684390C1FE092EB0803888CE832,Price determination: MtM condition ZSPI is not active for item 000010,CMM_VLOGP,045,ZSPI,000010,,
00505684390C1FE092EB084848EDE832,Price determination: MtM condition ZSPI is not active for item 000010,CMM_VLOGP,045,ZSPI,000010,,
00505684390C1FE092EB085CC61A2832,Price determination: MtM condition ZSPI is not active for item 000010,CMM_VLOGP,045,ZSPI,000010,,
00505684390C1FE092EB085CC61C0832,Price determination: MtM condition ZSPI is not active for item 000010,CMM_VLOGP,045,ZSPI,000010,,
00505684390C1FE092EB087F0BA16832,Price determination: MtM condition ZSPI is not active for item 000010,CMM_VLOGP,045,ZSPI,000010,,
00505684390C1FE092EB088F2F954832,Price determination: MtM condition ZSPI is not active for item 000010,CMM_VLOGP,045,ZSPI,000010,,
00505684390C1FE092EB08D461374832,Price determination: MtM condition ZSPI is not active for item 000010,CMM_VLOGP,045,ZSPI,000010,,
00505684390C1FE092EB08D461392832,Price determination: MtM condition ZSPI is not active for item 000010,CMM_VLOGP,045,ZSPI,000010,,
00505684390C1FE092EB090D4D354832,Price determination: MtM condition ZSPI is not active for item 000010,CMM_VLOGP,045,ZSPI,000010,,
00505684390C1FE092EB090D4D372832,Price determination: MtM condition ZSPI is not active for item 000010,CMM_VLOGP,045,ZSPI,000010,,
00505684390C1FE092EB0939BCBB0832,Price determination: MtM condition ZSPI is not active for item 000010,CMM_VLOGP,045,ZSPI,000010,,
00505684390C1FE092EB0939BCBCE832,Price determination: MtM condition ZSPI is not active for item 000010,CMM_VLOGP,045,ZSPI,000010,,
00505684390C1FE092EB097E58454832,Price determination: MtM condition ZSPI is not active for item 000010,CMM_VLOGP,045,ZSPI,000010,,
00505684390C1FE092EB097E58472832,Price determination: MtM condition ZSPI is not active for item 000010,CMM_VLOGP,045,ZSPI,000010,,
00505684390C1FE092EB09BEA0DE0832,Price determination: MtM condition ZSPI is not active for item 000010,CMM_VLOGP,045,ZSPI,000010,,
00505684390C1FE092EB09DA78938832,Price determination: MtM condition ZSPI is not active for item 000010,CMM_VLOGP,045,ZSPI,000010,,
00505684390C1FE092EB0A0865A02832,Price determination: MtM condition ZSPI is not active for item 000010,CMM_VLOGP,045,ZSPI,000010,,
00505684390C1FE092EB0A27F4044832,Price determination: MtM condition ZSPI is not active for item 000010,CMM_VLOGP,045,ZSPI,000010,,
00505684390C1FE092EB0A4364234832,Price determination: MtM condition ZSPI is not active for item 000010,CMM_VLOGP,045,ZSPI,000010,,
00505684390C1FE092EB0A4364252832,Price determination: MtM condition ZSPI is not active for item 000010,CMM_VLOGP,045,ZSPI,000010,,
00505684390C1FE092EB0A5464E32832,Price determination: MtM condition ZSPI is not active for item 000010,CMM_VLOGP,045,ZSPI,000010,,
00505684390C1FE092EB0A651F504832,Price determination: MtM condition ZSPI is not active for item 000010,CMM_VLOGP,045,ZSPI,000010,,
00505684390C1FE092EB0A651F522832,Price determination: MtM condition ZSPI is not active for item 000010,CMM_VLOGP,045,ZSPI,000010,,
00505684390C1FE092EB0A81D3AD8832,Price determination: MtM condition ZSPI is not active for item 000010,CMM_VLOGP,045,ZSPI,000010,,
00505684390C1FE092EB0A81D3AF6832,Price determination: MtM condition ZSPI is not active for item 000010,CMM_VLOGP,045,ZSPI,000010,,
00505684390C1FE092EB0AB97BA12832,Price determination: MtM condition ZSPI is not active for item 000010,CMM_VLOGP,045,ZSPI,000010,,
00505684390C1FE092EB0AFF7A068832,Price determination: MtM condition ZSPI is not active for item 000010,CMM_VLOGP,045,ZSPI,000010,,
00505684390C1FE092EB0B1C1D582832,Price determination: MtM condition ZSPI is not active for item 000010,CMM_VLOGP,045,ZSPI,000010,,
00505684390C1FE092EB0B31F414A832,Price determination: MtM condition ZSPI is not active for item 000010,CMM_VLOGP,045,ZSPI,000010,,
00505684390C1FE092EB0B618E076832,Price determination: MtM condition ZSPI is not active for item 000010,CMM_VLOGP,045,ZSPI,000010,,
00505684390C1FE092EB0BADD4B7C832,Price determination: MtM condition ZSPI is not active for item 000010,CMM_VLOGP,045,ZSPI,000010,,
00505684390C1FE092EB0BD53C6F6832,Price determination: MtM condition ZSPI is not active for item 000010,CMM_VLOGP,045,ZSPI,000010,,
00505684390C1FE092EB0BF259090832,Price determination: MtM condition ZSPI is not active for item 000010,CMM_VLOGP,045,ZSPI,000010,,
00505684390C1FE092EB0C93B464C832,Price determination: MtM condition ZSPI is not active for item 000010,CMM_VLOGP,045,ZSPI,000010,,
00505684390C1FE092EB0CB05CEA4832,Price determination: MtM condition ZSPI is not active for item 000010,CMM_VLOGP,045,ZSPI,000010,,
00505684390C1FE092EB0CD6D0674832,Price determination: MtM condition ZSPI is not active for item 000010,CMM_VLOGP,045,ZSPI,000010,,
00505684390C1FE092EB0CFF83058832,Price determination: MtM condition ZSPI is not active for item 000010,CMM_VLOGP,045,ZSPI,000010,,
00505684390C1FE092EB0CFF83076832,Price determination: MtM condition ZSPI is not active for item 000010,CMM_VLOGP,045,ZSPI,000010,,
00505684390C1FE092EB0D2740B40832,Price determination: MtM condition ZSPI is not active for item 000010,CMM_VLOGP,045,ZSPI,000010,,
00505684390C1FE092EB0D2740B5E832,Price determination: MtM condition ZSPI is not active for item 000010,CMM_VLOGP,045,ZSPI,000010,,
00505684390C1FE092EB0D6F79ED4832,Price determination: MtM condition ZCMI is not active for item 000010,CMM_VLOGP,045,ZCMI,000010,,
00505684390C1FE092EB0E56F28BA832,Price determination: MtM condition ZSPI is not active for item 000010,CMM_VLOGP,045,ZSPI,000010,,
00505684390C1FE092EB0E8368A72832,Price determination: MtM condition ZSPI is not active for item 000010,CMM_VLOGP,045,ZSPI,000010,,
00505684390C1FE092EB0EAB8A24C832,Price determination: MtM condition ZSPI is not active for item 000010,CMM_VLOGP,045,ZSPI,000010,,
00505684390C1FE092EB0EAB8A26A832,Price determination: MtM condition ZSPI is not active for item 000010,CMM_VLOGP,045,ZSPI,000010,,
00505684390C1FE092EB0EC55041C832,Price determination: MtM condition ZSPI is not active for item 000010,CMM_VLOGP,045,ZSPI,000010,,
00505684390C1FE092EB0EC55043A832,Price determination: MtM condition ZSPI is not active for item 000010,CMM_VLOGP,045,ZSPI,000010,,
00505684390C1FE092EB0EEC29B60832,Price determination: MtM condition ZSPI is not active for item 000010,CMM_VLOGP,045,ZSPI,000010,,
00505684390C1FE092EB0F1B9012C832,Price determination: MtM condition ZSPI is not active for item 000010,CMM_VLOGP,045,ZSPI,000010,,
00505684390C1FE092EB0F1B9014A832,Price determination: MtM condition ZSPI is not active for item 000010,CMM_VLOGP,045,ZSPI,000010,,
00505684390C1FE092EB0F638E656832,Price determination: MtM condition ZSPI is not active for item 000010,CMM_VLOGP,045,ZSPI,000010,,
00505684390C1FE092EB0F70CAA7C832,Price determination: MtM condition ZSPI is not active for item 000010,CMM_VLOGP,045,ZSPI,000010,,
00505684390C1FE092EB0F70CAA9A832,Price determination: MtM condition ZSPI is not active for item 000010,CMM_VLOGP,045,ZSPI,000010,,
00505684390C1FE092EB0F76506A0832,Price determination: MtM condition ZSPI is not active for item 000010,CMM_VLOGP,045,ZSPI,000010,,
00505684390C1FE092EB0F970F08A832,Price determination: MtM condition ZSPI is not active for item 000010,CMM_VLOGP,045,ZSPI,000010,,
00505684390C1FE092EB0F989B0C4832,Price determination: MtM condition ZSPI is not active for item 000010,CMM_VLOGP,045,ZSPI,000010,,
00505684390C1FE092EB0FBD7F078832,Price determination: MtM condition ZSPI is not active for item 000010,CMM_VLOGP,045,ZSPI,000010,,
00505684390C1FE092EB0FBD7F096832,Price determination: MtM condition ZSPI is not active for item 000010,CMM_VLOGP,045,ZSPI,000010,,
00505684390C1FE092EB0FE82A746832,Price determination: MtM condition ZSPI is not active for item 000010,CMM_VLOGP,045,ZSPI,000010,,
00505684390C1FE092EB1009D27D6832,Price determination: MtM condition ZSPI is not active for item 000010,CMM_VLOGP,045,ZSPI,000010,,
00505684390C1FE092EB1009D27F4832,Price determination: MtM condition ZSPI is not active for item 000010,CMM_VLOGP,045,ZSPI,000010,,
00505684390C1FE092EB101DB204A832,Sales document 67000286 is currently being processed by EOD_BATCH.,V1,042,67000286,EOD_BATCH,,
00505684390C1FE092EB103B5F45C832,Price determination: MtM condition ZSPI is not active for item 000010,CMM_VLOGP,045,ZSPI,000010,,
00505684390C1FE092EB103B5F47A832,Price determination: MtM condition ZSPI is not active for item 000010,CMM_VLOGP,045,ZSPI,000010,,
00505684390C1FE092EB106107E84832,Price determination: MtM condition ZSPI is not active for item 000010,CMM_VLOGP,045,ZSPI,000010,,
00505684390C1FE092EB106107EA2832,Price determination: MtM condition ZSPI is not active for item 000010,CMM_VLOGP,045,ZSPI,000010,,
00505684390C1FE092EB108891C48832,Price determination: MtM condition ZSPI is not active for item 000010,CMM_VLOGP,045,ZSPI,000010,,
00505684390C1FE092EB108891C66832,Price determination: MtM condition ZSPI is not active for item 000010,CMM_VLOGP,045,ZSPI,000010,,
00505684390C1FE092EB10A690AA0832,Price determination: MtM condition ZSPI is not active for item 000010,CMM_VLOGP,045,ZSPI,000010,,
00505684390C1FE092EB10A690ABE832,Price determination: MtM condition ZSPI is not active for item 000010,CMM_VLOGP,045,ZSPI,000010,,
00505684390C1FE092EB10A690ADC832,Price determination: MtM condition ZSPI is not active for item 000010,CMM_VLOGP,045,ZSPI,000010,,
00505684390C1FE092EB10C98A260832,Price determination: MtM condition ZSPI is not active for item 000010,CMM_VLOGP,045,ZSPI,000010,,
00505684390C1FE092EB10C98A27E832,Price determination: MtM condition ZSPI is not active for item 000010,CMM_VLOGP,045,ZSPI,000010,,
00505684390C1FE092EB113D774D2832,Price determination: MtM condition ZSPI is not active for item 000010,CMM_VLOGP,045,ZSPI,000010,,
00505684390C1FE092EB11E53B616832,Price determination: MtM condition ZSPI is not active for item 000010,CMM_VLOGP,045,ZSPI,000010,,
00505684390C1FE092EB11F9286A6832,Price determination: MtM condition ZSPI is not active for item 000010,CMM_VLOGP,045,ZSPI,000010,,
00505684390C1FE092EB1241AFEEA832,Price determination: MtM condition ZSPI is not active for item 000010,CMM_VLOGP,045,ZSPI,000010,,
00505684390C1FE092EB125FE2CC8832,Price determination: MtM condition ZSPI is not active for item 000010,CMM_VLOGP,045,ZSPI,000010,,
00505684390C1FE092EB128021004832,Price determination: MtM condition ZSPI is not active for item 000010,CMM_VLOGP,045,ZSPI,000010,,
00505684390C1FE092EB12B58A2CA832,Price determination: MtM condition ZSPI is not active for item 000010,CMM_VLOGP,045,ZSPI,000010,,
00505684390C1FE092EB12D592F7C832,Price determination: MtM condition ZSPI is not active for item 000010,CMM_VLOGP,045,ZSPI,000010,,
00505684390C1FE092EB12D592F9A832,Price determination: MtM condition ZSPI is not active for item 000010,CMM_VLOGP,045,ZSPI,000010,,
00505684390C1FE092EB131A4018A832,Price determination: MtM condition ZSPI is not active for item 000010,CMM_VLOGP,045,ZSPI,000010,,
00505684390C1FE092EB13DB930B0832,Price determination: MtM condition ZSPI is not active for item 000010,CMM_VLOGP,045,ZSPI,000010,,
00505684390C1FE092EB13E1CB1E6832,Price determination: MtM condition ZSPI is not active for item 000010,CMM_VLOGP,045,ZSPI,000010,,
00505684390C1FE092EB14037CC5C832,Price determination: MtM condition ZSPI is not active for item 000010,CMM_VLOGP,045,ZSPI,000010,,
00505684390C1FE092EB14037CC7A832,Price determination: MtM condition ZSPI is not active for item 000010,CMM_VLOGP,045,ZSPI,000010,,
00505684390C1FE092EB14277977C832,Price determination: MtM condition ZSPI is not active for item 000010,CMM_VLOGP,045,ZSPI,000010,,
00505684390C1FE092EB14277979A832,Price determination: MtM condition ZSPI is not active for item 000010,CMM_VLOGP,045,ZSPI,000010,,
00505684390C1FE092EB144251CEC832,Price determination: MtM condition ZSPI is not active for item 000010,CMM_VLOGP,045,ZSPI,000010,,
00505684390C1FE092EB14C910B62832,Price determination: MtM condition ZSPI is not active for item 000010,CMM_VLOGP,045,ZSPI,000010,,
00505684390C1FE092EB14D286840832,Price determination: MtM condition ZSPI is not active for item 000010,CMM_VLOGP,045,ZSPI,000010,,
00505684390C1FE092EB14D28685E832,Price determination: MtM condition ZSPI is not active for item 000010,CMM_VLOGP,045,ZSPI,000010,,
00505684390C1FE092EB14F470822832,Price determination: MtM condition ZSPI is not active for item 000010,CMM_VLOGP,045,ZSPI,000010,,
00505684390C1FE092EB1522AFD30832,Price determination: MtM condition ZSPI is not active for item 000010,CMM_VLOGP,045,ZSPI,000010,,
00505684390C1FE092EB1522AFD4E832,Price determination: MtM condition ZSPI is not active for item 000010,CMM_VLOGP,045,ZSPI,000010,,
00505684390C1FE092EB154B273E4832,Price determination: MtM condition ZSPI is not active for item 000010,CMM_VLOGP,045,ZSPI,000010,,
00505684390C1FE092EB15DF86B90832,Price determination: MtM condition ZSPI is not active for item 000010,CMM_VLOGP,045,ZSPI,000010,,
00505684390C1FE092EB1636D8C2A832,Price determination: MtM condition ZSPI is not active for item 000010,CMM_VLOGP,045,ZSPI,000010,,
00505684390C1FE092EB16547CC18832,Price determination: MtM condition ZSPI is not active for item 000010,CMM_VLOGP,045,ZSPI,000010,,
00505684390C1FE092EB16547CC36832,Price determination: MtM condition ZSPI is not active for item 000010,CMM_VLOGP,045,ZSPI,000010,,
00505684390C1FE092EB167C4FA10832,Price determination: MtM condition ZSPI is not active for item 000010,CMM_VLOGP,045,ZSPI,000010,,
00505684390C1FE092EB167C4FA2E832,Price determination: MtM condition ZSPI is not active for item 000010,CMM_VLOGP,045,ZSPI,000010,,
00505684390C1FE092EB16A2C8188832,Price determination: MtM condition ZSPI is not active for item 000010,CMM_VLOGP,045,ZSPI,000010,,
00505684390C1FE092EB16F73D19E832,Price determination: MtM condition ZMPI is not active for item 000010,CMM_VLOGP,045,ZMPI,000010,,
00505684390C1FE092EB173502C6A832,Price determination: MtM condition ZSPI is not active for item 000010,CMM_VLOGP,045,ZSPI,000010,,
00505684390C1FE092EB1756B8F94832,Price determination: MtM condition ZSPI is not active for item 000010,CMM_VLOGP,045,ZSPI,000010,,
00505684390C1FE092EB1756B8FB2832,Price determination: MtM condition ZSPI is not active for item 000010,CMM_VLOGP,045,ZSPI,000010,,
00505684390C1FE092EB17ABB1B18832,Price determination: MtM condition ZSPI is not active for item 000010,CMM_VLOGP,045,ZSPI,000010,,
00505684390C1FE092EB17BDEFADC832,Price determination: MtM condition ZSPI is not active for item 000010,CMM_VLOGP,045,ZSPI,000010,,
00505684390C1FE092EB17BDEFAFA832,Price determination: MtM condition ZSPI is not active for item 000010,CMM_VLOGP,045,ZSPI,000010,,
00505684390C1FE092EB17C281C26832,Price determination: MtM condition ZSPI is not active for item 000010,CMM_VLOGP,045,ZSPI,000010,,
00505684390C1FE092EB17CDB9F4E832,Price determination: MtM condition ZCMI is not active for item 000010,CMM_VLOGP,045,ZCMI,000010,,
00505684390C1FE092EB17DC5E552832,Price determination: MtM condition ZSPI is not active for item 000010,CMM_VLOGP,045,ZSPI,000010,,
00505684390C1FE092EB17DC5E570832,Price determination: MtM condition ZSPI is not active for item 000010,CMM_VLOGP,045,ZSPI,000010,,
00505684390C1FE092EB17E3CED5C832,Price determination: MtM condition ZSPI is not active for item 000010,CMM_VLOGP,045,ZSPI,000010,,
00505684390C1FE092EB17E3CED7A832,Price determination: MtM condition ZSPI is not active for item 000010,CMM_VLOGP,045,ZSPI,000010,,
00505684390C1FE092EB1802AECC4832,Price determination: MtM condition ZSPI is not active for item 000010,CMM_VLOGP,045,ZSPI,000010,,
00505684390C1FE092EB1809405F6832,Price determination: MtM condition ZSPI is not active for item 000010,CMM_VLOGP,045,ZSPI,000010,,
00505684390C1FE092EB180B7FBBC832,Price determination: MtM condition ZSPI is not active for item 000010,CMM_VLOGP,045,ZSPI,000010,,
00505684390C1FE092EB180B7FBDA832,Price determination: MtM condition ZSPI is not active for item 000010,CMM_VLOGP,045,ZSPI,000010,,
00505684390C1FE092EB182986224832,Price determination: MtM condition ZSPI is not active for item 000010,CMM_VLOGP,045,ZSPI,000010,,
00505684390C1FE092EB182A473B0832,Price determination: MtM condition ZSPI is not active for item 000010,CMM_VLOGP,045,ZSPI,000010,,
00505684390C1FE092EB183597918832,Price determination: MtM condition ZSPI is not active for item 000010,CMM_VLOGP,045,ZSPI,000010,,
00505684390C1FE092EB18C891502832,Price determination: MtM condition ZSPI is not active for item 000010,CMM_VLOGP,045,ZSPI,000010,,
00505684390C1FE092EB18EA2EB9E832,Price determination: MtM condition ZSPI is not active for item 000010,CMM_VLOGP,045,ZSPI,000010,,
00505684390C1FE092EB191093C60832,Price determination: MtM condition ZSPI is not active for item 000010,CMM_VLOGP,045,ZSPI,000010,,
00505684390C1FE092EB1947E99D2832,Price determination: MtM condition ZSPI is not active for item 000010,CMM_VLOGP,045,ZSPI,000010,,
00505684390C1FE092EB194EB4596832,Price determination: MtM condition ZSPI is not active for item 000010,CMM_VLOGP,045,ZSPI,000010,,
00505684390C1FE092EB196F7B4F8832,Price determination: MtM condition ZSPI is not active for item 000010,CMM_VLOGP,045,ZSPI,000010,,
00505684390C1FE092EB196F7B516832,Price determination: MtM condition ZSPI is not active for item 000010,CMM_VLOGP,045,ZSPI,000010,,
00505684390C1FE092EB1974A43D0832,Price determination: MtM condition ZSPI is not active for item 000010,CMM_VLOGP,045,ZSPI,000010,,
00505684390C1FE092EB19942C554832,Price determination: MtM condition ZSPI is not active for item 000010,CMM_VLOGP,045,ZSPI,000010,,
00505684390C1FE092EB19942C572832,Price determination: MtM condition ZSPI is not active for item 000010,CMM_VLOGP,045,ZSPI,000010,,
00505684390C1FE092EB19B8DCEA6832,Price determination: MtM condition ZSPI is not active for item 000010,CMM_VLOGP,045,ZSPI,000010,,
00505684390C1FE092EB1A0ABB0FA832,Price determination: MtM condition ZSPI is not active for item 000010,CMM_VLOGP,045,ZSPI,000010,,
00505684390C1FE092EB1A31BEF10832,Price determination: MtM condition ZSPI is not active for item 000010,CMM_VLOGP,045,ZSPI,000010,,
00505684390C1FE092EB1A31BEF2E832,Price determination: MtM condition ZSPI is not active for item 000010,CMM_VLOGP,045,ZSPI,000010,,
00505684390C1FE092EB1A53628D0832,Price determination: MtM condition ZSPI is not active for item 000010,CMM_VLOGP,045,ZSPI,000010,,
00505684390C1FE092EB1A7D471A8832,Price determination: MtM condition ZSPI is not active for item 000010,CMM_VLOGP,045,ZSPI,000010,,
00505684390C1FE092EB1A7D471C6832,Price determination: MtM condition ZSPI is not active for item 000010,CMM_VLOGP,045,ZSPI,000010,,
00505684390C1FE092EB1AABECD8C832,Price determination: MtM condition ZSPI is not active for item 000010,CMM_VLOGP,045,ZSPI,000010,,
00505684390C1FE092EB1AABECDAA832,Price determination: MtM condition ZSPI is not active for item 000010,CMM_VLOGP,045,ZSPI,000010,,
00505684390C1FE092EB1AC45A104832,Price determination: MtM condition ZSPI is not active for item 000010,CMM_VLOGP,045,ZSPI,000010,,
00505684390C1FE092EB1AEC5499C832,Price determination: MtM condition ZSPI is not active for item 000010,CMM_VLOGP,045,ZSPI,000010,,
00505684390C1FE092EB1AEC549BA832,Price determination: MtM condition ZSPI is not active for item 000010,CMM_VLOGP,045,ZSPI,000010,,
00505684390C1FE092EB1B11CA834832,Price determination: MtM condition ZSPI is not active for item 000010,CMM_VLOGP,045,ZSPI,000010,,
00505684390C1FE092EB1B9A53740832,Price determination: MtM condition ZMPI is not active for item 000010,CMM_VLOGP,045,ZMPI,000010,,
00505684390C1FE092EB1BC7FD1EC832,Price determination: MtM condition ZSPI is not active for item 000010,CMM_VLOGP,045,ZSPI,000010,,
00505684390C1FE092EB1BC7FD20A832,Price determination: MtM condition ZSPI is not active for item 000010,CMM_VLOGP,045,ZSPI,000010,,
00505684390C1FE092EB1BE345CBC832,Price determination: MtM condition ZSPI is not active for item 000010,CMM_VLOGP,045,ZSPI,000010,,
00505684390C1FE092EB1C089F4C0832,Price determination: MtM condition ZSPI is not active for item 000010,CMM_VLOGP,045,ZSPI,000010,,
00505684390C1FE092EB1C089F4DE832,Price determination: MtM condition ZSPI is not active for item 000010,CMM_VLOGP,045,ZSPI,000010,,
00505684390C1FE092EB1C2EECEF4832,Price determination: MtM condition ZSPI is not active for item 000010,CMM_VLOGP,045,ZSPI,000010,,
00505684390C1FE092EB1C3449D64832,Price determination: MtM condition ZSPI is not active for item 000010,CMM_VLOGP,045,ZSPI,000010,,
00505684390C1FE092EB1C54E8B20832,Price determination: MtM condition ZSPI is not active for item 000010,CMM_VLOGP,045,ZSPI,000010,,
00505684390C1FE092EB1C6ED4CA6832,Price determination: MtM condition ZSPI is not active for item 000010,CMM_VLOGP,045,ZSPI,000010,,
00505684390C1FE092EB1C7B321A4832,Price determination: MtM condition ZSPI is not active for item 000010,CMM_VLOGP,045,ZSPI,000010,,
00505684390C1FE092EB1C7B321C2832,Price determination: MtM condition ZSPI is not active for item 000010,CMM_VLOGP,045,ZSPI,000010,,
00505684390C1FE092EB1CA0CE376832,Price determination: MtM condition ZSPI is not active for item 000010,CMM_VLOGP,045,ZSPI,000010,,
00505684390C1FE092EB1CC942308832,Price determination: MtM condition ZSPI is not active for item 000010,CMM_VLOGP,045,ZSPI,000010,,
00505684390C1FE092EB1CC942326832,Price determination: MtM condition ZSPI is not active for item 000010,CMM_VLOGP,045,ZSPI,000010,,
00505684390C1FE092EB1CE1B6AC6832,Price determination: MtM condition ZSPI is not active for item 000010,CMM_VLOGP,045,ZSPI,000010,,
00505684390C1FE092EB1CEDC93AA832,Price determination: MtM condition ZSPI is not active for item 000010,CMM_VLOGP,045,ZSPI,000010,,
00505684390C1FE092EB1CFD3C224832,Root Document 64001000 is locked,CMM_VLOGP,040,64001000,000010,09.10.2023,
00505684390C1FE092EB1D2822802832,Price determination: MtM condition ZSPI is not active for item 000010,CMM_VLOGP,045,ZSPI,000010,,
00505684390C1FE092EB1D323CCA0832,Price determination: MtM condition ZSPI is not active for item 000010,CMM_VLOGP,045,ZSPI,000010,,
00505684390C1FE092EB1D9AF8AA2832,Price determination: MtM condition ZSPI is not active for item 000010,CMM_VLOGP,045,ZSPI,000010,,
00505684390C1FE092EB1DC37EBE6832,Price determination: MtM condition ZSPI is not active for item 000010,CMM_VLOGP,045,ZSPI,000010,,
00505684390C1FE092EB1DC37EC04832,Price determination: MtM condition ZSPI is not active for item 000010,CMM_VLOGP,045,ZSPI,000010,,
00505684390C1FE092EB1DE647CB6832,Price determination: MtM condition ZSPI is not active for item 000010,CMM_VLOGP,045,ZSPI,000010,,
00505684390C1FE092EB1DF04EAF4832,Price determination: MtM condition ZSPI is not active for item 000010,CMM_VLOGP,045,ZSPI,000010,,
00505684390C1FE092EB1DF04EB12832,Price determination: MtM condition ZSPI is not active for item 000010,CMM_VLOGP,045,ZSPI,000010,,
00505684390C1FE092EB1E14CB828832,Price determination: MtM condition ZSPI is not active for item 000010,CMM_VLOGP,045,ZSPI,000010,,
00505684390C1FE092EB1E16BF008832,Price determination: MtM condition ZSPI is not active for item 000010,CMM_VLOGP,045,ZSPI,000010,,
00505684390C1FE092EB1E33AE4B8832,Price determination: MtM condition ZSPI is not active for item 000010,CMM_VLOGP,045,ZSPI,000010,,
00505684390C1FE092EB1E33AE4D6832,Price determination: MtM condition ZSPI is not active for item 000010,CMM_VLOGP,045,ZSPI,000010,,
00505684390C1FE092EB1E583482C832,Price determination: MtM condition ZSPI is not active for item 000010,CMM_VLOGP,045,ZSPI,000010,,
00505684390C1FE092EB1E583484A832,Price determination: MtM condition ZSPI is not active for item 000010,CMM_VLOGP,045,ZSPI,000010,,
00505684390C1FE092EB1E7EA0DD8832,Price determination: MtM condition ZSPI is not active for item 000010,CMM_VLOGP,045,ZSPI,000010,,
00505684390C1FE092EB1EA3E3A0C832,Price determination: MtM condition ZSPI is not active for item 000010,CMM_VLOGP,045,ZSPI,000010,,
00505684390C1FE092EB1EA3E3A2A832,Price determination: MtM condition ZSPI is not active for item 000010,CMM_VLOGP,045,ZSPI,000010,,
00505684390C1FE092EB1EA65AD2A832,Price determination: MtM condition ZMPI is not active for item 000010,CMM_VLOGP,045,ZMPI,000010,,
00505684390C1FE092EB1F009135C832,Price determination: MtM condition ZSPI is not active for item 000010,CMM_VLOGP,045,ZSPI,000010,,
00505684390C1FE092EB1F2114B38832,Price determination: MtM condition ZSPI is not active for item 000010,CMM_VLOGP,045,ZSPI,000010,,
00505684390C1FE092EB1F2114B56832,Price determination: MtM condition ZSPI is not active for item 000010,CMM_VLOGP,045,ZSPI,000010,,
00505684390C1FE092EB1F4C75FFC832,Price determination: MtM condition ZSPI is not active for item 000010,CMM_VLOGP,045,ZSPI,000010,,
00505684390C1FE092EB1F4FBFCA6832,Price determination: MtM condition ZSPI is not active for item 000010,CMM_VLOGP,045,ZSPI,000010,,
00505684390C1FE092EB1F62CFFDA832,Price determination: MtM condition ZSPI is not active for item 000010,CMM_VLOGP,045,ZSPI,000010,,
00505684390C1FE092EB1F62CFFF8832,Price determination: MtM condition ZSPI is not active for item 000010,CMM_VLOGP,045,ZSPI,000010,,
00505684390C1FE092EB1F8950850832,Price determination: MtM condition ZSPI is not active for item 000010,CMM_VLOGP,045,ZSPI,000010,,
00505684390C1FE092EB1F895086E832,Price determination: MtM condition ZSPI is not active for item 000010,CMM_VLOGP,045,ZSPI,000010,,
00505684390C1FE092EB1FD7E5ED6832,Price determination: MtM condition ZSPI is not active for item 000010,CMM_VLOGP,045,ZSPI,000010,,
00505684390C1FE092EB1FED407FE832,Price determination: MtM condition ZSPI is not active for item 000010,CMM_VLOGP,045,ZSPI,000010,,
00505684390C1FE092EB1FFE1C9E0832,Price determination: MtM condition ZSPI is not active for item 000010,CMM_VLOGP,045,ZSPI,000010,,
00505684390C1FE092EB201517BCC832,Price determination: MtM condition ZSPI is not active for item 000010,CMM_VLOGP,045,ZSPI,000010,,
00505684390C1FE092EB201517BEA832,Price determination: MtM condition ZSPI is not active for item 000010,CMM_VLOGP,045,ZSPI,000010,,
00505684390C1FE092EB206FF2274832,Price determination: MtM condition ZSPI is not active for item 000010,CMM_VLOGP,045,ZSPI,000010,,
00505684390C1FE092EB209747354832,Price determination: MtM condition ZSPI is not active for item 000010,CMM_VLOGP,045,ZSPI,000010,,
00505684390C1FE092EB209747372832,Price determination: MtM condition ZSPI is not active for item 000010,CMM_VLOGP,045,ZSPI,000010,,
00505684390C1FE092EB20BD9405C832,Price determination: MtM condition ZSPI is not active for item 000010,CMM_VLOGP,045,ZSPI,000010,,
00505684390C1FE092EB20BD9407A832,Price determination: MtM condition ZSPI is not active for item 000010,CMM_VLOGP,045,ZSPI,000010,,
00505684390C1FE092EB212F1FBAE832,Price determination: MtM condition ZSPI is not active for item 000010,CMM_VLOGP,045,ZSPI,000010,,
00505684390C1FE092EB215A69A1C832,Price determination: MtM condition ZSPI is not active for item 000010,CMM_VLOGP,045,ZSPI,000010,,
00505684390C1FE092EB2178CF438832,Price determination: MtM condition ZSPI is not active for item 000010,CMM_VLOGP,045,ZSPI,000010,,
00505684390C1FE092EB2178CF456832,Price determination: MtM condition ZSPI is not active for item 000010,CMM_VLOGP,045,ZSPI,000010,,
00505684390C1FE092EB219EACA3A832,Price determination: MtM condition ZSPI is not active for item 000010,CMM_VLOGP,045,ZSPI,000010,,
00505684390C1FE092EB21A3FF474832,Price determination: MtM condition ZSPI is not active for item 000010,CMM_VLOGP,045,ZSPI,000010,,
00505684390C1FE092EB21F17CE74832,Price determination: MtM condition ZSPI is not active for item 000010,CMM_VLOGP,045,ZSPI,000010,,
00505684390C1FE092EB2211A379E832,Price determination: MtM condition ZSPI is not active for item 000010,CMM_VLOGP,045,ZSPI,000010,,
00505684390C1FE092EB22381220C832,Price determination: MtM condition ZSPI is not active for item 000010,CMM_VLOGP,045,ZSPI,000010,,
00505684390C1FE092EB22381222A832,Price determination: MtM condition ZSPI is not active for item 000010,CMM_VLOGP,045,ZSPI,000010,,
00505684390C1FE092EB2269CF514832,Price determination: MtM condition ZSPI is not active for item 000010,CMM_VLOGP,045,ZSPI,000010,,
00505684390C1FE092EB2269CF532832,Price determination: MtM condition ZSPI is not active for item 000010,CMM_VLOGP,045,ZSPI,000010,,
00505684390C1FE092EB22D76D666832,Price determination: MtM condition ZSPI is not active for item 000010,CMM_VLOGP,045,ZSPI,000010,,
00505684390C1FE092EB2343070E6832,Price determination: MtM condition ZSPI is not active for item 000010,CMM_VLOGP,045,ZSPI,000010,,
00505684390C1FE092EB23631641A832,Price determination: MtM condition ZSPI is not active for item 000010,CMM_VLOGP,045,ZSPI,000010,,
00505684390C1FE092EB236BA25D6832,Price determination: MtM condition ZSPI is not active for item 000010,CMM_VLOGP,045,ZSPI,000010,,
00505684390C1FE092EB236E7F7F6832,Root Document 52000709 is locked,CMM_VLOGP,040,52000709,000010,01.07.2020,
00505684390C1FE092EB237B9EE46832,Price determination: MtM condition ZSPI is not active for item 000010,CMM_VLOGP,045,ZSPI,000010,,
00505684390C1FE092EB2392E8F6C832,Price determination: MtM condition ZSPI is not active for item 000010,CMM_VLOGP,045,ZSPI,000010,,
00505684390C1FE092EB2392E8F8A832,Price determination: MtM condition ZSPI is not active for item 000010,CMM_VLOGP,045,ZSPI,000010,,
00505684390C1FE092EB239303DF4832,Price determination: MtM condition ZMPA is not active for item 000010,CMM_VLOGP,045,ZMPA,000010,,
00505684390C1FE092EB23B4F9732832,Price determination: MtM condition ZSPI is not active for item 000010,CMM_VLOGP,045,ZSPI,000010,,
00505684390C1FE092EB23B4F9750832,Price determination: MtM condition ZSPI is not active for item 000010,CMM_VLOGP,045,ZSPI,000010,,
00505684390C1FE092EB23DBB92EE832,Price determination: MtM condition ZSPI is not active for item 000010,CMM_VLOGP,045,ZSPI,000010,,
00505684390C1FE092EB23DBB930C832,Price determination: MtM condition ZSPI is not active for item 000010,CMM_VLOGP,045,ZSPI,000010,,
00505684390C1FE092EB2401CF262832,Price determination: MtM condition ZSPI is not active for item 000010,CMM_VLOGP,045,ZSPI,000010,,
00505684390C1FE092EB2401CF280832,Price determination: MtM condition ZSPI is not active for item 000010,CMM_VLOGP,045,ZSPI,000010,,
00505684390C1FE092EB24272EC7A832,Price determination: MtM condition ZSPI is not active for item 000010,CMM_VLOGP,045,ZSPI,000010,,
00505684390C1FE092EB2450C6174832,Price determination: MtM condition ZSPI is not active for item 000010,CMM_VLOGP,045,ZSPI,000010,,
00505684390C1FE092EB2450C6192832,Price determination: MtM condition ZSPI is not active for item 000010,CMM_VLOGP,045,ZSPI,000010,,
00505684390C1FE092EB24758BF18832,Price determination: MtM condition ZSPI is not active for item 000010,CMM_VLOGP,045,ZSPI,000010,,
00505684390C1FE092EB24758BF36832,Price determination: MtM condition ZSPI is not active for item 000010,CMM_VLOGP,045,ZSPI,000010,,
00505684390C1FE092EB248A778DE832,Price determination: MtM condition ZSPI is not active for item 000010,CMM_VLOGP,045,ZSPI,000010,,
00505684390C1FE092EB249C1CAA8832,Price determination: MtM condition ZSPI is not active for item 000010,CMM_VLOGP,045,ZSPI,000010,,
00505684390C1FE092EB24B425C38832,Price determination: MtM condition ZSPI is not active for item 000010,CMM_VLOGP,045,ZSPI,000010,,
00505684390C1FE092EB24B425C56832,Price determination: MtM condition ZSPI is not active for item 000010,CMM_VLOGP,045,ZSPI,000010,,
00505684390C1FE092EB24BFDFB14832,Price determination: MtM condition ZSPI is not active for item 000010,CMM_VLOGP,045,ZSPI,000010,,
00505684390C1FE092EB24BFDFB32832,Price determination: MtM condition ZSPI is not active for item 000010,CMM_VLOGP,045,ZSPI,000010,,
00505684390C1FE092EB24D374952832,Price determination: MtM condition ZSPI is not active for item 000010,CMM_VLOGP,045,ZSPI,000010,,
00505684390C1FE092EB24F330680832,Price determination: MtM condition ZSPI is not active for item 000010,CMM_VLOGP,045,ZSPI,000010,,
00505684390C1FE092EB24F93BFBE832,Price determination: MtM condition ZSPI is not active for item 000010,CMM_VLOGP,045,ZSPI,000010,,
00505684390C1FE092EB24F93BFDC832,Price determination: MtM condition ZSPI is not active for item 000010,CMM_VLOGP,045,ZSPI,000010,,
00505684390C1FE092EB24F93BFFA832,Price determination: MtM condition ZSPI is not active for item 000010,CMM_VLOGP,045,ZSPI,000010,,
00505684390C1FE092EB24FCCD2B2832,Price determination: MtM condition ZSPI is not active for item 000010,CMM_VLOGP,045,ZSPI,000010,,
00505684390C1FE092EB251F7C066832,Price determination: MtM condition ZSPI is not active for item 000010,CMM_VLOGP,045,ZSPI,000010,,
00505684390C1FE092EB252BC822C832,Price determination: MtM condition ZSPI is not active for item 000010,CMM_VLOGP,045,ZSPI,000010,,
00505684390C1FE092EB254615800832,Price determination: MtM condition ZSPI is not active for item 000010,CMM_VLOGP,045,ZSPI,000010,,
00505684390C1FE092EB25461581E832,Price determination: MtM condition ZSPI is not active for item 000010,CMM_VLOGP,045,ZSPI,000010,,
00505684390C1FE092EB25461583C832,Price determination: MtM condition ZSPI is not active for item 000010,CMM_VLOGP,045,ZSPI,000010,,
00505684390C1FE092EB2546256EA832,Price determination: MtM condition ZSPI is not active for item 000010,CMM_VLOGP,045,ZSPI,000010,,
00505684390C1FE092EB254625708832,Price determination: MtM condition ZSPI is not active for item 000010,CMM_VLOGP,045,ZSPI,000010,,
00505684390C1FE092EB256C80CD0832,Price determination: MtM condition ZSPI is not active for item 000010,CMM_VLOGP,045,ZSPI,000010,,
00505684390C1FE092EB256EC21E0832,Price determination: MtM condition ZSPI is not active for item 000010,CMM_VLOGP,045,ZSPI,000010,,
00505684390C1FE092EB256EC21FE832,Price determination: MtM condition ZSPI is not active for item 000010,CMM_VLOGP,045,ZSPI,000010,,
00505684390C1FE092EB2595F2008832,Price determination: MtM condition ZSPI is not active for item 000010,CMM_VLOGP,045,ZSPI,000010,,
00505684390C1FE092EB2595F2026832,Price determination: MtM condition ZSPI is not active for item 000010,CMM_VLOGP,045,ZSPI,000010,,
00505684390C1FE092EB25A2996BC832,Price determination: MtM condition ZSPI is not active for item 000010,CMM_VLOGP,045,ZSPI,000010,,
00505684390C1FE092EB25A569920832,Price determination: MtM condition ZMPI is not active for item 000010,CMM_VLOGP,045,ZMPI,000010,,
00505684390C1FE092EB25B8BF6CE832,Price determination: MtM condition ZSPI is not active for item 000010,CMM_VLOGP,045,ZSPI,000010,,
00505684390C1FE092EB25B8BF6EC832,Price determination: MtM condition ZSPI is not active for item 000010,CMM_VLOGP,045,ZSPI,000010,,
00505684390C1FE092EB25BC852D8832,Price determination: MtM condition ZSPI is not active for item 000010,CMM_VLOGP,045,ZSPI,000010,,
00505684390C1FE092EB25BC852F6832,Price determination: MtM condition ZSPI is not active for item 000010,CMM_VLOGP,045,ZSPI,000010,,
00505684390C1FE092EB25EA30F98832,Price determination: MtM condition ZSPI is not active for item 000010,CMM_VLOGP,045,ZSPI,000010,,
00505684390C1FE092EB25EA30FB6832,Price determination: MtM condition ZSPI is not active for item 000010,CMM_VLOGP,045,ZSPI,000010,,
00505684390C1FE092EB25EBC31F8832,Price determination: MtM condition ZSPI is not active for item 000010,CMM_VLOGP,045,ZSPI,000010,,
00505684390C1FE092EB260414D6E832,Price determination: MtM condition ZSPI is not active for item 000010,CMM_VLOGP,045,ZSPI,000010,,
00505684390C1FE092EB262AFC5EC832,Price determination: MtM condition ZSPI is not active for item 000010,CMM_VLOGP,045,ZSPI,000010,,
00505684390C1FE092EB262EF0EE4832,Price determination: MtM condition ZSPI is not active for item 000010,CMM_VLOGP,045,ZSPI,000010,,
00505684390C1FE092EB262EF0F02832,Price determination: MtM condition ZSPI is not active for item 000010,CMM_VLOGP,045,ZSPI,000010,,
00505684390C1FE092EB265051ABA832,Price determination: MtM condition ZSPI is not active for item 000010,CMM_VLOGP,045,ZSPI,000010,,
00505684390C1FE092EB265984994832,Price determination: MtM condition ZSPI is not active for item 000010,CMM_VLOGP,045,ZSPI,000010,,
00505684390C1FE092EB2659849B2832,Price determination: MtM condition ZSPI is not active for item 000010,CMM_VLOGP,045,ZSPI,000010,,
00505684390C1FE092EB26796DD3C832,Price determination: MtM condition ZSPI is not active for item 000010,CMM_VLOGP,045,ZSPI,000010,,
00505684390C1FE092EB26796DD5A832,Price determination: MtM condition ZSPI is not active for item 000010,CMM_VLOGP,045,ZSPI,000010,,
00505684390C1FE092EB26796DD78832,Price determination: MtM condition ZSPI is not active for item 000010,CMM_VLOGP,045,ZSPI,000010,,
00505684390C1FE092EB268272B1C832,Price determination: MtM condition ZSPI is not active for item 000010,CMM_VLOGP,045,ZSPI,000010,,
00505684390C1FE092EB268272B3A832,Price determination: MtM condition ZSPI is not active for item 000010,CMM_VLOGP,045,ZSPI,000010,,
00505684390C1FE092EB269CF892C832,Price determination: MtM condition ZSPI is not active for item 000010,CMM_VLOGP,045,ZSPI,000010,,
00505684390C1FE092EB269CF894A832,Price determination: MtM condition ZSPI is not active for item 000010,CMM_VLOGP,045,ZSPI,000010,,
00505684390C1FE092EB269DF2718832,Price determination: MtM condition ZSPI is not active for item 000010,CMM_VLOGP,045,ZSPI,000010,,
00505684390C1FE092EB269DF2736832,Price determination: MtM condition ZSPI is not active for item 000010,CMM_VLOGP,045,ZSPI,000010,,
00505684390C1FE092EB26C372164832,Price determination: MtM condition ZSPI is not active for item 000010,CMM_VLOGP,045,ZSPI,000010,,
00505684390C1FE092EB26C372182832,Price determination: MtM condition ZSPI is not active for item 000010,CMM_VLOGP,045,ZSPI,000010,,
00505684390C1FE092EB26C3ADCE8832,Price determination: MtM condition ZSPI is not active for item 000010,CMM_VLOGP,045,ZSPI,000010,,
00505684390C1FE092EB26C3ADD06832,Price determination: MtM condition ZSPI is not active for item 000010,CMM_VLOGP,045,ZSPI,000010,,
00505684390C1FE092EB26E8ECB7A832,Price determination: MtM condition ZSPI is not active for item 000010,CMM_VLOGP,045,ZSPI,000010,,
00505684390C1FE092EB26E8ECB98832,Price determination: MtM condition ZSPI is not active for item 000010,CMM_VLOGP,045,ZSPI,000010,,
00505684390C1FE092EB26EAE4350832,Price determination: MtM condition ZSPI is not active for item 000010,CMM_VLOGP,045,ZSPI,000010,,
00505684390C1FE092EB26EAE436E832,Price determination: MtM condition ZSPI is not active for item 000010,CMM_VLOGP,045,ZSPI,000010,,
00505684390C1FE092EB270F1F6FA832,Price determination: MtM condition ZSPI is not active for item 000010,CMM_VLOGP,045,ZSPI,000010,,
00505684390C1FE092EB270F1F718832,Price determination: MtM condition ZSPI is not active for item 000010,CMM_VLOGP,045,ZSPI,000010,,
00505684390C1FE092EB270F7CA78832,Price determination: MtM condition ZSPI is not active for item 000010,CMM_VLOGP,045,ZSPI,000010,,
00505684390C1FE092EB27406ABB0832,Price determination: MtM condition ZSPI is not active for item 000010,CMM_VLOGP,045,ZSPI,000010,,
00505684390C1FE092EB27406ABCE832,Price determination: MtM condition ZSPI is not active for item 000010,CMM_VLOGP,045,ZSPI,000010,,
00505684390C1FE092EB27639BBAC832,Price determination: MtM condition ZSPI is not active for item 000010,CMM_VLOGP,045,ZSPI,000010,,
00505684390C1FE092EB27639BBCA832,Price determination: MtM condition ZSPI is not active for item 000010,CMM_VLOGP,045,ZSPI,000010,,
00505684390C1FE092EB278271B46832,Price determination: MtM condition ZSPI is not active for item 000010,CMM_VLOGP,045,ZSPI,000010,,
00505684390C1FE092EB278D87EFC832,Price determination: MtM condition ZSPI is not active for item 000010,CMM_VLOGP,045,ZSPI,000010,,
00505684390C1FE092EB278D87F1A832,Price determination: MtM condition ZSPI is not active for item 000010,CMM_VLOGP,045,ZSPI,000010,,
00505684390C1FE092EB27A7AE5C2832,Price determination: MtM condition ZSPI is not active for item 000010,CMM_VLOGP,045,ZSPI,000010,,
00505684390C1FE092EB27A7AE5E0832,Price determination: MtM condition ZSPI is not active for item 000010,CMM_VLOGP,045,ZSPI,000010,,
00505684390C1FE092EB27AA881AC832,Price determination: MtM condition ZSPI is not active for item 000010,CMM_VLOGP,045,ZSPI,000010,,
00505684390C1FE092EB27CFF62C0832,Price determination: MtM condition ZSPI is not active for item 000010,CMM_VLOGP,045,ZSPI,000010,,
00505684390C1FE092EB27CFF62DE832,Price determination: MtM condition ZSPI is not active for item 000010,CMM_VLOGP,045,ZSPI,000010,,
00505684390C1FE092EB27F839BC4832,Price determination: MtM condition ZSPI is not active for item 000010,CMM_VLOGP,045,ZSPI,000010,,
00505684390C1FE092EB27F839BE2832,Price determination: MtM condition ZSPI is not active for item 000010,CMM_VLOGP,045,ZSPI,000010,,
00505684390C1FE092EB281D513F8832,Price determination: MtM condition ZSPI is not active for item 000010,CMM_VLOGP,045,ZSPI,000010,,
00505684390C1FE092EB281D51416832,Price determination: MtM condition ZSPI is not active for item 000010,CMM_VLOGP,045,ZSPI,000010,,
00505684390C1FE092EB28421ADEC832,Price determination: MtM condition ZSPI is not active for item 000010,CMM_VLOGP,045,ZSPI,000010,,
00505684390C1FE092EB28421AE0A832,Price determination: MtM condition ZSPI is not active for item 000010,CMM_VLOGP,045,ZSPI,000010,,
00505684390C1FE092EB286703B16832,Price determination: MtM condition ZSPI is not active for item 000010,CMM_VLOGP,045,ZSPI,000010,,
00505684390C1FE092EB286703B34832,Price determination: MtM condition ZSPI is not active for item 000010,CMM_VLOGP,045,ZSPI,000010,,
00505684390C1FE092EB286703B52832,Price determination: MtM condition ZSPI is not active for item 000010,CMM_VLOGP,045,ZSPI,000010,,
00505684390C1FE092EB287B93E94832,Root Document 52000788 is locked,CMM_VLOGP,040,52000788,000010,01.07.2020,
00505684390C1FE092EB288D11E74832,Price determination: MtM condition ZSPI is not active for item 000010,CMM_VLOGP,045,ZSPI,000010,,
00505684390C1FE092EB288D11E92832,Price determination: MtM condition ZSPI is not active for item 000010,CMM_VLOGP,045,ZSPI,000010,,
00505684390C1FE092EB288D9CB3C832,Price determination: MtM condition ZSPI is not active for item 000010,CMM_VLOGP,045,ZSPI,000010,,
00505684390C1FE092EB288D9CB5A832,Price determination: MtM condition ZSPI is not active for item 000010,CMM_VLOGP,045,ZSPI,000010,,
00505684390C1FE092EB28B680530832,Price determination: MtM condition ZSPI is not active for item 000010,CMM_VLOGP,045,ZSPI,000010,,
00505684390C1FE092EB28B68054E832,Price determination: MtM condition ZSPI is not active for item 000010,CMM_VLOGP,045,ZSPI,000010,,
00505684390C1FE092EB28BE63CA0832,Price determination: MtM condition ZSPI is not active for item 000010,CMM_VLOGP,045,ZSPI,000010,,
00505684390C1FE092EB28BE63CBE832,Price determination: MtM condition ZSPI is not active for item 000010,CMM_VLOGP,045,ZSPI,000010,,
00505684390C1FE092EB28DEE9F38832,Price determination: MtM condition ZSPI is not active for item 000010,CMM_VLOGP,045,ZSPI,000010,,
00505684390C1FE092EB28DEE9F56832,Price determination: MtM condition ZSPI is not active for item 000010,CMM_VLOGP,045,ZSPI,000010,,
00505684390C1FE092EB28EB19C7C832,Price determination: MtM condition ZSPI is not active for item 000010,CMM_VLOGP,045,ZSPI,000010,,
00505684390C1FE092EB28FF0B55C832,Price determination: MtM condition ZSPI is not active for item 000010,CMM_VLOGP,045,ZSPI,000010,,
00505684390C1FE092EB29004D902832,Price determination: MtM condition ZSPI is not active for item 000010,CMM_VLOGP,045,ZSPI,000010,,
00505684390C1FE092EB29004D920832,Price determination: MtM condition ZSPI is not active for item 000010,CMM_VLOGP,045,ZSPI,000010,,
00505684390C1FE092EB29004D93E832,Price determination: MtM condition ZSPI is not active for item 000010,CMM_VLOGP,045,ZSPI,000010,,
00505684390C1FE092EB29260B23E832,Price determination: MtM condition ZSPI is not active for item 000010,CMM_VLOGP,045,ZSPI,000010,,
00505684390C1FE092EB294D6A1EC832,Price determination: MtM condition ZSPI is not active for item 000010,CMM_VLOGP,045,ZSPI,000010,,
00505684390C1FE092EB294D6A20A832,Price determination: MtM condition ZSPI is not active for item 000010,CMM_VLOGP,045,ZSPI,000010,,
00505684390C1FE092EB294D6A228832,Price determination: MtM condition ZSPI is not active for item 000010,CMM_VLOGP,045,ZSPI,000010,,
00505684390C1FE092EB2971F6340832,Price determination: MtM condition ZSPI is not active for item 000010,CMM_VLOGP,045,ZSPI,000010,,
00505684390C1FE092EB2971F635E832,Price determination: MtM condition ZSPI is not active for item 000010,CMM_VLOGP,045,ZSPI,000010,,
00505684390C1FE092EB2997C4FB4832,Price determination: MtM condition ZSPI is not active for item 000010,CMM_VLOGP,045,ZSPI,000010,,
00505684390C1FE092EB2997C4FD2832,Price determination: MtM condition ZSPI is not active for item 000010,CMM_VLOGP,045,ZSPI,000010,,
00505684390C1FE092EB29BEF127C832,Price determination: MtM condition ZSPI is not active for item 000010,CMM_VLOGP,045,ZSPI,000010,,
00505684390C1FE092EB29BEF129A832,Price determination: MtM condition ZSPI is not active for item 000010,CMM_VLOGP,045,ZSPI,000010,,
00505684390C1FE092EB29ECCBB78832,Price determination: MtM condition ZSPI is not active for item 000010,CMM_VLOGP,045,ZSPI,000010,,
00505684390C1FE092EB29ECCBB96832,Price determination: MtM condition ZSPI is not active for item 000010,CMM_VLOGP,045,ZSPI,000010,,
00505684390C1FE092EB2A0E83EA0832,Price determination: MtM condition ZSPI is not active for item 000010,CMM_VLOGP,045,ZSPI,000010,,
00505684390C1FE092EB2A0E83EBE832,Price determination: MtM condition ZSPI is not active for item 000010,CMM_VLOGP,045,ZSPI,000010,,
00505684390C1FE092EB2A3162112832,Price determination: MtM condition ZSPI is not active for item 000010,CMM_VLOGP,045,ZSPI,000010,,
00505684390C1FE092EB2A32664D0832,Price determination: MtM condition ZSPI is not active for item 000010,CMM_VLOGP,045,ZSPI,000010,,
00505684390C1FE092EB2A5637D9C832,Price determination: MtM condition ZSPI is not active for item 000010,CMM_VLOGP,045,ZSPI,000010,,
00505684390C1FE092EB2A5637DBA832,Price determination: MtM condition ZSPI is not active for item 000010,CMM_VLOGP,045,ZSPI,000010,,
00505684390C1FE092EB2A5637DD8832,Price determination: MtM condition ZSPI is not active for item 000010,CMM_VLOGP,045,ZSPI,000010,,
00505684390C1FE092EB2A8595624832,Price determination: MtM condition ZSPI is not active for item 000010,CMM_VLOGP,045,ZSPI,000010,,
00505684390C1FE092EB2A8595642832,Price determination: MtM condition ZSPI is not active for item 000010,CMM_VLOGP,045,ZSPI,000010,,
00505684390C1FE092EB2AA8D89EC832,Price determination: MtM condition ZSPI is not active for item 000010,CMM_VLOGP,045,ZSPI,000010,,
00505684390C1FE092EB2AA8D8A0A832,Price determination: MtM condition ZSPI is not active for item 000010,CMM_VLOGP,045,ZSPI,000010,,
00505684390C1FE092EB2ACF1BFA0832,Price determination: MtM condition ZSPI is not active for item 000010,CMM_VLOGP,045,ZSPI,000010,,
00505684390C1FE092EB2ACF1BFBE832,Price determination: MtM condition ZSPI is not active for item 000010,CMM_VLOGP,045,ZSPI,000010,,
00505684390C1FE092EB2AEFBD5C4832,Price determination: MtM condition ZSPI is not active for item 000010,CMM_VLOGP,045,ZSPI,000010,,
00505684390C1FE092EB2AEFBD5E2832,Price determination: MtM condition ZSPI is not active for item 000010,CMM_VLOGP,045,ZSPI,000010,,
00505684390C1FE092EB2B1796A28832,Price determination: MtM condition ZSPI is not active for item 000010,CMM_VLOGP,045,ZSPI,000010,,
00505684390C1FE092EB2B1796A46832,Price determination: MtM condition ZSPI is not active for item 000010,CMM_VLOGP,045,ZSPI,000010,,
00505684390C1FE092EB2B3B98A1E832,Price determination: MtM condition ZSPI is not active for item 000010,CMM_VLOGP,045,ZSPI,000010,,
00505684390C1FE092EB2B3B98A3C832,Price determination: MtM condition ZSPI is not active for item 000010,CMM_VLOGP,045,ZSPI,000010,,
00505684390C1FE092EB2B5837870832,Price determination: MtM condition ZSPI is not active for item 000010,CMM_VLOGP,045,ZSPI,000010,,
00505684390C1FE092EB2B63332B0832,Price determination: MtM condition ZSPI is not active for item 000010,CMM_VLOGP,045,ZSPI,000010,,
00505684390C1FE092EB2B63332CE832,Price determination: MtM condition ZSPI is not active for item 000010,CMM_VLOGP,045,ZSPI,000010,,
00505684390C1FE092EB2B8B673F8832,Price determination: MtM condition ZSPI is not active for item 000010,CMM_VLOGP,045,ZSPI,000010,,
00505684390C1FE092EB2B8B67416832,Price determination: MtM condition ZSPI is not active for item 000010,CMM_VLOGP,045,ZSPI,000010,,
00505684390C1FE092EB2BB30453C832,Price determination: MtM condition ZSPI is not active for item 000010,CMM_VLOGP,045,ZSPI,000010,,
00505684390C1FE092EB2BB30455A832,Price determination: MtM condition ZSPI is not active for item 000010,CMM_VLOGP,045,ZSPI,000010,,
00505684390C1FE092EB2BDBACDA4832,Price determination: MtM condition ZSPI is not active for item 000010,CMM_VLOGP,045,ZSPI,000010,,
00505684390C1FE092EB2BDBACDC2832,Price determination: MtM condition ZSPI is not active for item 000010,CMM_VLOGP,045,ZSPI,000010,,
00505684390C1FE092EB2C068948C832,Price determination: MtM condition ZSPI is not active for item 000010,CMM_VLOGP,045,ZSPI,000010,,
00505684390C1FE092EB2C06894AA832,Price determination: MtM condition ZSPI is not active for item 000010,CMM_VLOGP,045,ZSPI,000010,,
00505684390C1FE092EB2C2ADFEA8832,Price determination: MtM condition ZSPI is not active for item 000010,CMM_VLOGP,045,ZSPI,000010,,
00505684390C1FE092EB2C2ADFEC6832,Price determination: MtM condition ZSPI is not active for item 000010,CMM_VLOGP,045,ZSPI,000010,,
00505684390C1FE092EB2C4D2EB58832,Price determination: MtM condition ZSPI is not active for item 000010,CMM_VLOGP,045,ZSPI,000010,,
00505684390C1FE092EB2C4D2EB76832,Price determination: MtM condition ZSPI is not active for item 000010,CMM_VLOGP,045,ZSPI,000010,,
00505684390C1FE092EB2C72D7058832,Price determination: MtM condition ZSPI is not active for item 000010,CMM_VLOGP,045,ZSPI,000010,,
00505684390C1FE092EB2C72D7076832,Price determination: MtM condition ZSPI is not active for item 000010,CMM_VLOGP,045,ZSPI,000010,,
00505684390C1FE092EB2C963197C832,Price determination: MtM condition ZSPI is not active for item 000010,CMM_VLOGP,045,ZSPI,000010,,
00505684390C1FE092EB2C963199A832,Price determination: MtM condition ZSPI is not active for item 000010,CMM_VLOGP,045,ZSPI,000010,,
00505684390C1FE092EB2CB892AC0832,Price determination: MtM condition ZSPI is not active for item 000010,CMM_VLOGP,045,ZSPI,000010,,
00505684390C1FE092EB2CB892ADE832,Price determination: MtM condition ZSPI is not active for item 000010,CMM_VLOGP,045,ZSPI,000010,,
00505684390C1FE092EB2CB892AFC832,Price determination: MtM condition ZSPI is not active for item 000010,CMM_VLOGP,045,ZSPI,000010,,
00505684390C1FE092EB2CDECEFB4832,Price determination: MtM condition ZSPI is not active for item 000010,CMM_VLOGP,045,ZSPI,000010,,
00505684390C1FE092EB2CDECEFD2832,Price determination: MtM condition ZSPI is not active for item 000010,CMM_VLOGP,045,ZSPI,000010,,
00505684390C1FE092EB2D04E0668832,Price determination: MtM condition ZSPI is not active for item 000010,CMM_VLOGP,045,ZSPI,000010,,
00505684390C1FE092EB2D04E0686832,Price determination: MtM condition ZSPI is not active for item 000010,CMM_VLOGP,045,ZSPI,000010,,
00505684390C1FE092EB2D065D478832,Price determination: MtM condition ZMPA is not active for item 000010,CMM_VLOGP,045,ZMPA,000010,,
00505684390C1FE092EB2D2BE754C832,Price determination: MtM condition ZSPI is not active for item 000010,CMM_VLOGP,045,ZSPI,000010,,
00505684390C1FE092EB2D55B6360832,Price determination: MtM condition ZSPI is not active for item 000010,CMM_VLOGP,045,ZSPI,000010,,
00505684390C1FE092EB2D55B637E832,Price determination: MtM condition ZSPI is not active for item 000010,CMM_VLOGP,045,ZSPI,000010,,
00505684390C1FE092EB2D77A0494832,Price determination: MtM condition ZSPI is not active for item 000010,CMM_VLOGP,045,ZSPI,000010,,
00505684390C1FE092EB2D77A04B2832,Price determination: MtM condition ZSPI is not active for item 000010,CMM_VLOGP,045,ZSPI,000010,,
00505684390C1FE092EB2D77A04D0832,Price determination: MtM condition ZSPI is not active for item 000010,CMM_VLOGP,045,ZSPI,000010,,
00505684390C1FE092EB2D9EB13CE832,Price determination: MtM condition ZSPI is not active for item 000010,CMM_VLOGP,045,ZSPI,000010,,
00505684390C1FE092EB2DC3EE42C832,Price determination: MtM condition ZSPI is not active for item 000010,CMM_VLOGP,045,ZSPI,000010,,
00505684390C1FE092EB2DC3EE44A832,Price determination: MtM condition ZSPI is not active for item 000010,CMM_VLOGP,045,ZSPI,000010,,
00505684390C1FE092EB2DEF156B4832,Price determination: MtM condition ZSPI is not active for item 000010,CMM_VLOGP,045,ZSPI,000010,,
00505684390C1FE092EB2DEF156D6832,Price determination: MtM condition ZSPI is not active for item 000010,CMM_VLOGP,045,ZSPI,000010,,
00505684390C1FE092EB2E09AB294832,Price determination: MtM condition ZSPI is not active for item 000010,CMM_VLOGP,045,ZSPI,000010,,
00505684390C1FE092EB2E1619760832,Price determination: MtM condition ZSPI is not active for item 000010,CMM_VLOGP,045,ZSPI,000010,,
00505684390C1FE092EB2E161977E832,Price determination: MtM condition ZSPI is not active for item 000010,CMM_VLOGP,045,ZSPI,000010,,
00505684390C1FE092EB2E309C8F4832,Sales document 52001227 is currently being processed by EOD_BATCH.,V1,042,52001227,EOD_BATCH,,
00505684390C1FE092EB2E395790C832,Price determination: MtM condition ZSPI is not active for item 000010,CMM_VLOGP,045,ZSPI,000010,,
00505684390C1FE092EB2E395792A832,Price determination: MtM condition ZSPI is not active for item 000010,CMM_VLOGP,045,ZSPI,000010,,
00505684390C1FE092EB2E60573CC832,Price determination: MtM condition ZSPI is not active for item 000010,CMM_VLOGP,045,ZSPI,000010,,
00505684390C1FE092EB2E60573EA832,Price determination: MtM condition ZSPI is not active for item 000010,CMM_VLOGP,045,ZSPI,000010,,
00505684390C1FE092EB2E8523A84832,Price determination: MtM condition ZSPI is not active for item 000010,CMM_VLOGP,045,ZSPI,000010,,
00505684390C1FE092EB2E8523AA2832,Price determination: MtM condition ZSPI is not active for item 000010,CMM_VLOGP,045,ZSPI,000010,,
00505684390C1FE092EB2E8550B44832,Price determination: MtM condition ZSPI is not active for item 000010,CMM_VLOGP,045,ZSPI,000010,,
00505684390C1FE092EB2EAA8B68C832,Price determination: MtM condition ZSPI is not active for item 000010,CMM_VLOGP,045,ZSPI,000010,,
00505684390C1FE092EB2EACB3694832,Price determination: MtM condition ZSPI is not active for item 000010,CMM_VLOGP,045,ZSPI,000010,,
00505684390C1FE092EB2EACB36B2832,Price determination: MtM condition ZSPI is not active for item 000010,CMM_VLOGP,045,ZSPI,000010,,
00505684390C1FE092EB2ECEB231C832,Price determination: MtM condition ZSPI is not active for item 000010,CMM_VLOGP,045,ZSPI,000010,,
00505684390C1FE092EB2ECEB233A832,Price determination: MtM condition ZSPI is not active for item 000010,CMM_VLOGP,045,ZSPI,000010,,
00505684390C1FE092EB2ECEB2358832,Price determination: MtM condition ZSPI is not active for item 000010,CMM_VLOGP,045,ZSPI,000010,,
00505684390C1FE092EB2ECF8E434832,Price determination: MtM condition ZSPI is not active for item 000010,CMM_VLOGP,045,ZSPI,000010,,
00505684390C1FE092EB2ECF8E452832,Price determination: MtM condition ZSPI is not active for item 000010,CMM_VLOGP,045,ZSPI,000010,,
00505684390C1FE092EB2ECF8E470832,Price determination: MtM condition ZSPI is not active for item 000010,CMM_VLOGP,045,ZSPI,000010,,
00505684390C1FE092EB2EF4F32D6832,Price determination: MtM condition ZSPI is not active for item 000010,CMM_VLOGP,045,ZSPI,000010,,
00505684390C1FE092EB2EF4F32F4832,Price determination: MtM condition ZSPI is not active for item 000010,CMM_VLOGP,045,ZSPI,000010,,
00505684390C1FE092EB2EF55B33C832,Price determination: MtM condition ZSPI is not active for item 000010,CMM_VLOGP,045,ZSPI,000010,,
00505684390C1FE092EB2EF55B35A832,Price determination: MtM condition ZSPI is not active for item 000010,CMM_VLOGP,045,ZSPI,000010,,
00505684390C1FE092EB2F0B07E08832,Price determination: MtM condition ZSPI is not active for item 000010,CMM_VLOGP,045,ZSPI,000010,,
00505684390C1FE092EB2F1ADD84A832,Price determination: MtM condition ZSPI is not active for item 000010,CMM_VLOGP,045,ZSPI,000010,,
00505684390C1FE092EB2F2E3F972832,Price determination: MtM condition ZSPI is not active for item 000010,CMM_VLOGP,045,ZSPI,000010,,
00505684390C1FE092EB2F4152DA0832,Price determination: MtM condition ZSPI is not active for item 000010,CMM_VLOGP,045,ZSPI,000010,,
00505684390C1FE092EB2F4152DBE832,Price determination: MtM condition ZSPI is not active for item 000010,CMM_VLOGP,045,ZSPI,000010,,
00505684390C1FE092EB2F57D8394832,Price determination: MtM condition ZSPI is not active for item 000010,CMM_VLOGP,045,ZSPI,000010,,
00505684390C1FE092EB2F57D83B2832,Price determination: MtM condition ZSPI is not active for item 000010,CMM_VLOGP,045,ZSPI,000010,,
00505684390C1FE092EB2F625684A832,Price determination: MtM condition ZSPI is not active for item 000010,CMM_VLOGP,045,ZSPI,000010,,
00505684390C1FE092EB2F673F270832,Price determination: MtM condition ZSPI is not active for item 000010,CMM_VLOGP,045,ZSPI,000010,,
00505684390C1FE092EB2F673F28E832,Price determination: MtM condition ZSPI is not active for item 000010,CMM_VLOGP,045,ZSPI,000010,,
00505684390C1FE092EB2F673F2AC832,Price determination: MtM condition ZSPI is not active for item 000010,CMM_VLOGP,045,ZSPI,000010,,
00505684390C1FE092EB2F7AC40BC832,Price determination: MtM condition ZSPI is not active for item 000010,CMM_VLOGP,045,ZSPI,000010,,
00505684390C1FE092EB2F7AC40DA832,Price determination: MtM condition ZSPI is not active for item 000010,CMM_VLOGP,045,ZSPI,000010,,
00505684390C1FE092EB2F7CA9D6C832,Price determination: MtM condition ZSPI is not active for item 000010,CMM_VLOGP,045,ZSPI,000010,,
00505684390C1FE092EB2F7CA9D8A832,Price determination: MtM condition ZSPI is not active for item 000010,CMM_VLOGP,045,ZSPI,000010,,
00505684390C1FE092EB2F8D97C20832,Price determination: MtM condition ZSPI is not active for item 000010,CMM_VLOGP,045,ZSPI,000010,,
00505684390C1FE092EB2F8D97C3E832,Price determination: MtM condition ZSPI is not active for item 000010,CMM_VLOGP,045,ZSPI,000010,,
00505684390C1FE092EB2FA15F92C832,Price determination: MtM condition ZSPI is not active for item 000010,CMM_VLOGP,045,ZSPI,000010,,
00505684390C1FE092EB2FA15F94A832,Price determination: MtM condition ZSPI is not active for item 000010,CMM_VLOGP,045,ZSPI,000010,,
00505684390C1FE092EB2FBEA94EC832,Price determination: MtM condition ZSPI is not active for item 000010,CMM_VLOGP,045,ZSPI,000010,,
00505684390C1FE092EB2FBEA950A832,Price determination: MtM condition ZSPI is not active for item 000010,CMM_VLOGP,045,ZSPI,000010,,
00505684390C1FE092EB2FCA15C54832,Price determination: MtM condition ZSPI is not active for item 000010,CMM_VLOGP,045,ZSPI,000010,,
00505684390C1FE092EB2FCA15C72832,Price determination: MtM condition ZSPI is not active for item 000010,CMM_VLOGP,045,ZSPI,000010,,
00505684390C1FE092EB2FE652DA4832,Price determination: MtM condition ZSPI is not active for item 000010,CMM_VLOGP,045,ZSPI,000010,,
00505684390C1FE092EB2FE652DC2832,Price determination: MtM condition ZSPI is not active for item 000010,CMM_VLOGP,045,ZSPI,000010,,
00505684390C1FE092EB2FF009730832,Price determination: MtM condition ZSPI is not active for item 000010,CMM_VLOGP,045,ZSPI,000010,,
00505684390C1FE092EB2FF00974E832,Price determination: MtM condition ZSPI is not active for item 000010,CMM_VLOGP,045,ZSPI,000010,,
00505684390C1FE092EB30014E634832,Price determination: MtM condition ZSPI is not active for item 000010,CMM_VLOGP,045,ZSPI,000010,,
00505684390C1FE092EB30014E652832,Price determination: MtM condition ZSPI is not active for item 000010,CMM_VLOGP,045,ZSPI,000010,,
00505684390C1FE092EB3017A3958832,Price determination: MtM condition ZSPI is not active for item 000010,CMM_VLOGP,045,ZSPI,000010,,
00505684390C1FE092EB3017A3976832,Price determination: MtM condition ZSPI is not active for item 000010,CMM_VLOGP,045,ZSPI,000010,,
00505684390C1FE092EB30266B312832,Price determination: MtM condition ZSPI is not active for item 000010,CMM_VLOGP,045,ZSPI,000010,,
00505684390C1FE092EB30266B330832,Price determination: MtM condition ZSPI is not active for item 000010,CMM_VLOGP,045,ZSPI,000010,,
00505684390C1FE092EB303900740832,Price determination: MtM condition ZSPI is not active for item 000010,CMM_VLOGP,045,ZSPI,000010,,
00505684390C1FE092EB30390075E832,Price determination: MtM condition ZSPI is not active for item 000010,CMM_VLOGP,045,ZSPI,000010,,
00505684390C1FE092EB3050374B8832,Price determination: MtM condition ZSPI is not active for item 000010,CMM_VLOGP,045,ZSPI,000010,,
00505684390C1FE092EB3050374D6832,Price determination: MtM condition ZSPI is not active for item 000010,CMM_VLOGP,045,ZSPI,000010,,
00505684390C1FE092EB305FF3B52832,Price determination: MtM condition ZSPI is not active for item 000010,CMM_VLOGP,045,ZSPI,000010,,
00505684390C1FE092EB305FF3B70832,Price determination: MtM condition ZSPI is not active for item 000010,CMM_VLOGP,045,ZSPI,000010,,
00505684390C1FE092EB307284ED0832,Price determination: MtM condition ZSPI is not active for item 000010,CMM_VLOGP,045,ZSPI,000010,,
00505684390C1FE092EB307284EEE832,Price determination: MtM condition ZSPI is not active for item 000010,CMM_VLOGP,045,ZSPI,000010,,
00505684390C1FE092EB308596140832,Price determination: MtM condition ZSPI is not active for item 000010,CMM_VLOGP,045,ZSPI,000010,,
00505684390C1FE092EB30A012550832,Price determination: MtM condition ZSPI is not active for item 000010,CMM_VLOGP,045,ZSPI,000010,,
00505684390C1FE092EB30A01256E832,Price determination: MtM condition ZSPI is not active for item 000010,CMM_VLOGP,045,ZSPI,000010,,
00505684390C1FE092EB30C87DABC832,Price determination: MtM condition ZSPI is not active for item 000010,CMM_VLOGP,045,ZSPI,000010,,
00505684390C1FE092EB30C87DADA832,Price determination: MtM condition ZSPI is not active for item 000010,CMM_VLOGP,045,ZSPI,000010,,
00505684390C1FE092EB30E610038832,Price determination: MtM condition ZSPI is not active for item 000010,CMM_VLOGP,045,ZSPI,000010,,
00505684390C1FE092EB310F34528832,Price determination: MtM condition ZSPI is not active for item 000010,CMM_VLOGP,045,ZSPI,000010,,
00505684390C1FE092EB310F34546832,Price determination: MtM condition ZSPI is not active for item 000010,CMM_VLOGP,045,ZSPI,000010,,
00505684390C1FE092EB31388484C832,Price determination: MtM condition ZSPI is not active for item 000010,CMM_VLOGP,045,ZSPI,000010,,
00505684390C1FE092EB31388486A832,Price determination: MtM condition ZSPI is not active for item 000010,CMM_VLOGP,045,ZSPI,000010,,
00505684390C1FE092EB316680FC0832,Price determination: MtM condition ZSPI is not active for item 000010,CMM_VLOGP,045,ZSPI,000010,,
00505684390C1FE092EB317FCD9FE832,Price determination: MtM condition ZSPI is not active for item 000010,CMM_VLOGP,045,ZSPI,000010,,
00505684390C1FE092EB317FCDA1C832,Price determination: MtM condition ZSPI is not active for item 000010,CMM_VLOGP,045,ZSPI,000010,,
00505684390C1FE092EB31A5E0E24832,Price determination: MtM condition ZSPI is not active for item 000010,CMM_VLOGP,045,ZSPI,000010,,
00505684390C1FE092EB31B21E84C832,Price determination: MtM condition ZSPI is not active for item 000010,CMM_VLOGP,045,ZSPI,000010,,
00505684390C1FE092EB31B21E86A832,Price determination: MtM condition ZSPI is not active for item 000010,CMM_VLOGP,045,ZSPI,000010,,
00505684390C1FE092EB31CA66854832,Price determination: MtM condition ZSPI is not active for item 000010,CMM_VLOGP,045,ZSPI,000010,,
00505684390C1FE092EB31CC7BF28832,Price determination: MtM condition ZSPI is not active for item 000010,CMM_VLOGP,045,ZSPI,000010,,
00505684390C1FE092EB31CC7BF46832,Price determination: MtM condition ZSPI is not active for item 000010,CMM_VLOGP,045,ZSPI,000010,,
00505684390C1FE092EB31F492D2C832,Price determination: MtM condition ZSPI is not active for item 000010,CMM_VLOGP,045,ZSPI,000010,,
00505684390C1FE092EB31F492D4A832,Price determination: MtM condition ZSPI is not active for item 000010,CMM_VLOGP,045,ZSPI,000010,,
00505684390C1FE092EB31F52E970832,Price determination: MtM condition ZSPI is not active for item 000010,CMM_VLOGP,045,ZSPI,000010,,
00505684390C1FE092EB31F52E98E832,Price determination: MtM condition ZSPI is not active for item 000010,CMM_VLOGP,045,ZSPI,000010,,
00505684390C1FE092EB321A717F0832,Price determination: MtM condition ZSPI is not active for item 000010,CMM_VLOGP,045,ZSPI,000010,,
00505684390C1FE092EB321A7180E832,Price determination: MtM condition ZSPI is not active for item 000010,CMM_VLOGP,045,ZSPI,000010,,
00505684390C1FE092EB323EFBFD0832,Price determination: MtM condition ZSPI is not active for item 000010,CMM_VLOGP,045,ZSPI,000010,,
00505684390C1FE092EB323EFBFEE832,Price determination: MtM condition ZSPI is not active for item 000010,CMM_VLOGP,045,ZSPI,000010,,
00505684390C1FE092EB32435A7D4832,Price determination: MtM condition ZSPI is not active for item 000010,CMM_VLOGP,045,ZSPI,000010,,
00505684390C1FE092EB32435A7F2832,Price determination: MtM condition ZSPI is not active for item 000010,CMM_VLOGP,045,ZSPI,000010,,
00505684390C1FE092EB32624FDEC832,Price determination: MtM condition ZSPI is not active for item 000010,CMM_VLOGP,045,ZSPI,000010,,
00505684390C1FE092EB32624FE0A832,Price determination: MtM condition ZSPI is not active for item 000010,CMM_VLOGP,045,ZSPI,000010,,
00505684390C1FE092EB3263CA9D0832,Price determination: MtM condition ZSPI is not active for item 000010,CMM_VLOGP,045,ZSPI,000010,,
00505684390C1FE092EB328AE69E0832,Price determination: MtM condition ZSPI is not active for item 000010,CMM_VLOGP,045,ZSPI,000010,,
00505684390C1FE092EB328AE69FE832,Price determination: MtM condition ZSPI is not active for item 000010,CMM_VLOGP,045,ZSPI,000010,,
00505684390C1FE092EB328B56088832,Price determination: MtM condition ZSPI is not active for item 000010,CMM_VLOGP,045,ZSPI,000010,,
00505684390C1FE092EB328B560A6832,Price determination: MtM condition ZSPI is not active for item 000010,CMM_VLOGP,045,ZSPI,000010,,
00505684390C1FE092EB328B560C4832,Price determination: MtM condition ZSPI is not active for item 000010,CMM_VLOGP,045,ZSPI,000010,,
00505684390C1FE092EB32AEEB4BA832,Price determination: MtM condition ZSPI is not active for item 000010,CMM_VLOGP,045,ZSPI,000010,,
00505684390C1FE092EB32AEEB4D8832,Price determination: MtM condition ZSPI is not active for item 000010,CMM_VLOGP,045,ZSPI,000010,,
00505684390C1FE092EB32AF91524832,Price determination: MtM condition ZSPI is not active for item 000010,CMM_VLOGP,045,ZSPI,000010,,
00505684390C1FE092EB32AF91542832,Price determination: MtM condition ZSPI is not active for item 000010,CMM_VLOGP,045,ZSPI,000010,,
00505684390C1FE092EB32D50DE88832,Price determination: MtM condition ZSPI is not active for item 000010,CMM_VLOGP,045,ZSPI,000010,,
00505684390C1FE092EB32D50DEA6832,Price determination: MtM condition ZSPI is not active for item 000010,CMM_VLOGP,045,ZSPI,000010,,
00505684390C1FE092EB32D554D0E832,Price determination: MtM condition ZSPI is not active for item 000010,CMM_VLOGP,045,ZSPI,000010,,
00505684390C1FE092EB32D554D2C832,Price determination: MtM condition ZSPI is not active for item 000010,CMM_VLOGP,045,ZSPI,000010,,
00505684390C1FE092EB32FB85A90832,Price determination: MtM condition ZSPI is not active for item 000010,CMM_VLOGP,045,ZSPI,000010,,
00505684390C1FE092EB32FB85AAE832,Price determination: MtM condition ZSPI is not active for item 000010,CMM_VLOGP,045,ZSPI,000010,,
00505684390C1FE092EB32FD57A74832,Price determination: MtM condition ZSPI is not active for item 000010,CMM_VLOGP,045,ZSPI,000010,,
00505684390C1FE092EB32FD57A92832,Price determination: MtM condition ZSPI is not active for item 000010,CMM_VLOGP,045,ZSPI,000010,,
00505684390C1FE092EB33217C0F6832,Price determination: MtM condition ZSPI is not active for item 000010,CMM_VLOGP,045,ZSPI,000010,,
00505684390C1FE092EB33217C114832,Price determination: MtM condition ZSPI is not active for item 000010,CMM_VLOGP,045,ZSPI,000010,,
00505684390C1FE092EB3325E598C832,Price determination: MtM condition ZSPI is not active for item 000010,CMM_VLOGP,045,ZSPI,000010,,
00505684390C1FE092EB3349DF4FA832,Price determination: MtM condition ZSPI is not active for item 000010,CMM_VLOGP,045,ZSPI,000010,,
00505684390C1FE092EB3354D5B34832,Price determination: MtM condition ZSPI is not active for item 000010,CMM_VLOGP,045,ZSPI,000010,,
00505684390C1FE092EB3354D5B52832,Price determination: MtM condition ZSPI is not active for item 000010,CMM_VLOGP,045,ZSPI,000010,,
00505684390C1FE092EB336D6EDBC832,Price determination: MtM condition ZSPI is not active for item 000010,CMM_VLOGP,045,ZSPI,000010,,
00505684390C1FE092EB336D6EDDA832,Price determination: MtM condition ZSPI is not active for item 000010,CMM_VLOGP,045,ZSPI,000010,,
00505684390C1FE092EB336F608E8832,Price determination: MtM condition ZSPI is not active for item 000010,CMM_VLOGP,045,ZSPI,000010,,
00505684390C1FE092EB336F60906832,Price determination: MtM condition ZSPI is not active for item 000010,CMM_VLOGP,045,ZSPI,000010,,
00505684390C1FE092EB3399145F2832,Price determination: MtM condition ZSPI is not active for item 000010,CMM_VLOGP,045,ZSPI,000010,,
00505684390C1FE092EB339E468B8832,Price determination: MtM condition ZSPI is not active for item 000010,CMM_VLOGP,045,ZSPI,000010,,
00505684390C1FE092EB33BF847A0832,Price determination: MtM condition ZSPI is not active for item 000010,CMM_VLOGP,045,ZSPI,000010,,
00505684390C1FE092EB33BF847C6832,Price determination: MtM condition ZSPI is not active for item 000010,CMM_VLOGP,045,ZSPI,000010,,
00505684390C1FE092EB33EB4EAD4832,Price determination: MtM condition ZSPI is not active for item 000010,CMM_VLOGP,045,ZSPI,000010,,
00505684390C1FE092EB33EB4EAF2832,Price determination: MtM condition ZSPI is not active for item 000010,CMM_VLOGP,045,ZSPI,000010,,
00505684390C1FE092EB34062945A832,Price determination: MtM condition ZSPI is not active for item 000010,CMM_VLOGP,045,ZSPI,000010,,
00505684390C1FE092EB340629478832,Price determination: MtM condition ZSPI is not active for item 000010,CMM_VLOGP,045,ZSPI,000010,,
00505684390C1FE092EB342ECFD14832,Price determination: MtM condition ZSPI is not active for item 000010,CMM_VLOGP,045,ZSPI,000010,,
00505684390C1FE092EB342ECFD32832,Price determination: MtM condition ZSPI is not active for item 000010,CMM_VLOGP,045,ZSPI,000010,,
00505684390C1FE092EB34556F564832,Price determination: MtM condition ZSPI is not active for item 000010,CMM_VLOGP,045,ZSPI,000010,,
00505684390C1FE092EB34556F582832,Price determination: MtM condition ZSPI is not active for item 000010,CMM_VLOGP,045,ZSPI,000010,,
00505684390C1FE092EB34780BC8E832,Pricing error 52001107/000010 RDP start date 01.07.2020: pricing failed,CMM_VLOGP,029,52001107,000010,01.07.2020,
00505684390C1FE092EB347931F8E832,Price determination: MtM condition ZSPI is not active for item 000010,CMM_VLOGP,045,ZSPI,000010,,
00505684390C1FE092EB34A14075C832,Price determination: MtM condition ZSPI is not active for item 000010,CMM_VLOGP,045,ZSPI,000010,,
00505684390C1FE092EB34A14077A832,Price determination: MtM condition ZSPI is not active for item 000010,CMM_VLOGP,045,ZSPI,000010,,
00505684390C1FE092EB34A140798832,Price determination: MtM condition ZSPI is not active for item 000010,CMM_VLOGP,045,ZSPI,000010,,
00505684390C1FE092EB34C55CE50832,Price determination: MtM condition ZSPI is not active for item 000010,CMM_VLOGP,045,ZSPI,000010,,
00505684390C1FE092EB34EACDB52832,Price determination: MtM condition ZSPI is not active for item 000010,CMM_VLOGP,045,ZSPI,000010,,
00505684390C1FE092EB34EACDB70832,Price determination: MtM condition ZSPI is not active for item 000010,CMM_VLOGP,045,ZSPI,000010,,
00505684390C1FE092EB34F58EEBC832,Price determination: MtM condition ZSPI is not active for item 000010,CMM_VLOGP,045,ZSPI,000010,,
00505684390C1FE092EB35150DAA4832,Price determination: MtM condition ZSPI is not active for item 000010,CMM_VLOGP,045,ZSPI,000010,,
00505684390C1FE092EB35150DAC2832,Price determination: MtM condition ZSPI is not active for item 000010,CMM_VLOGP,045,ZSPI,000010,,
00505684390C1FE092EB35407D770832,Price determination: MtM condition ZSPI is not active for item 000010,CMM_VLOGP,045,ZSPI,000010,,
00505684390C1FE092EB35407D78E832,Price determination: MtM condition ZSPI is not active for item 000010,CMM_VLOGP,045,ZSPI,000010,,
00505684390C1FE092EB354578A54832,Price determination: MtM condition ZSPI is not active for item 000010,CMM_VLOGP,045,ZSPI,000010,,
00505684390C1FE092EB355DCC9A2832,Price determination: MtM condition ZSPI is not active for item 000010,CMM_VLOGP,045,ZSPI,000010,,
00505684390C1FE092EB35675006E832,Price determination: MtM condition ZSPI is not active for item 000010,CMM_VLOGP,045,ZSPI,000010,,
00505684390C1FE092EB3567D3838832,Price determination: MtM condition ZSPI is not active for item 000010,CMM_VLOGP,045,ZSPI,000010,,
00505684390C1FE092EB3567D3856832,Price determination: MtM condition ZSPI is not active for item 000010,CMM_VLOGP,045,ZSPI,000010,,
00505684390C1FE092EB3583604A4832,Price determination: MtM condition ZSPI is not active for item 000010,CMM_VLOGP,045,ZSPI,000010,,
00505684390C1FE092EB3583604C2832,Price determination: MtM condition ZSPI is not active for item 000010,CMM_VLOGP,045,ZSPI,000010,,
00505684390C1FE092EB358FA6D4C832,Price determination: MtM condition ZSPI is not active for item 000010,CMM_VLOGP,045,ZSPI,000010,,
00505684390C1FE092EB35AA419F0832,Price determination: MtM condition ZSPI is not active for item 000010,CMM_VLOGP,045,ZSPI,000010,,
00505684390C1FE092EB35AA41A0E832,Price determination: MtM condition ZSPI is not active for item 000010,CMM_VLOGP,045,ZSPI,000010,,
00505684390C1FE092EB35D1A2130832,Price determination: MtM condition ZSPI is not active for item 000010,CMM_VLOGP,045,ZSPI,000010,,
00505684390C1FE092EB35D1A214E832,Price determination: MtM condition ZSPI is not active for item 000010,CMM_VLOGP,045,ZSPI,000010,,
00505684390C1FE092EB35D441CA4832,Price determination: MtM condition ZSPI is not active for item 000010,CMM_VLOGP,045,ZSPI,000010,,
00505684390C1FE092EB360CFEE5C832,Price determination: MtM condition ZSPI is not active for item 000010,CMM_VLOGP,045,ZSPI,000010,,
00505684390C1FE092EB360CFEE7A832,Price determination: MtM condition ZSPI is not active for item 000010,CMM_VLOGP,045,ZSPI,000010,,
00505684390C1FE092EB362FEA5D0832,Price determination: MtM condition ZSPI is not active for item 000010,CMM_VLOGP,045,ZSPI,000010,,
00505684390C1FE092EB362FEA5EE832,Price determination: MtM condition ZSPI is not active for item 000010,CMM_VLOGP,045,ZSPI,000010,,
00505684390C1FE092EB3642E4792832,Price determination: MtM condition ZSPI is not active for item 000010,CMM_VLOGP,045,ZSPI,000010,,
00505684390C1FE092EB36557B0A2832,Price determination: MtM condition ZSPI is not active for item 000010,CMM_VLOGP,045,ZSPI,000010,,
00505684390C1FE092EB36557B0C0832,Price determination: MtM condition ZSPI is not active for item 000010,CMM_VLOGP,045,ZSPI,000010,,
00505684390C1FE092EB3686B1D6C832,Price determination: MtM condition ZSPI is not active for item 000010,CMM_VLOGP,045,ZSPI,000010,,
00505684390C1FE092EB36A48EC7C832,Price determination: MtM condition ZSPI is not active for item 000010,CMM_VLOGP,045,ZSPI,000010,,
00505684390C1FE092EB36A48EC9A832,Price determination: MtM condition ZSPI is not active for item 000010,CMM_VLOGP,045,ZSPI,000010,,
00505684390C1FE092EB36CB11CDC832,Price determination: MtM condition ZSPI is not active for item 000010,CMM_VLOGP,045,ZSPI,000010,,
00505684390C1FE092EB36CB11CFA832,Price determination: MtM condition ZSPI is not active for item 000010,CMM_VLOGP,045,ZSPI,000010,,
00505684390C1FE092EB36F597A2E832,Price determination: MtM condition ZSPI is not active for item 000010,CMM_VLOGP,045,ZSPI,000010,,
00505684390C1FE092EB36F5D7FD4832,Price determination: MtM condition ZSPI is not active for item 000010,CMM_VLOGP,045,ZSPI,000010,,
00505684390C1FE092EB36F5D7FF2832,Price determination: MtM condition ZSPI is not active for item 000010,CMM_VLOGP,045,ZSPI,000010,,
00505684390C1FE092EB371A9F628832,Price determination: MtM condition ZSPI is not active for item 000010,CMM_VLOGP,045,ZSPI,000010,,
00505684390C1FE092EB371FE167C832,Price determination: MtM condition ZSPI is not active for item 000010,CMM_VLOGP,045,ZSPI,000010,,
00505684390C1FE092EB371FE169A832,Price determination: MtM condition ZSPI is not active for item 000010,CMM_VLOGP,045,ZSPI,000010,,
00505684390C1FE092EB373B0CF98832,Price determination: MtM condition ZSPI is not active for item 000010,CMM_VLOGP,045,ZSPI,000010,,
00505684390C1FE092EB373B0CFB6832,Price determination: MtM condition ZSPI is not active for item 000010,CMM_VLOGP,045,ZSPI,000010,,
00505684390C1FE092EB37607E88C832,Price determination: MtM condition ZSPI is not active for item 000010,CMM_VLOGP,045,ZSPI,000010,,
00505684390C1FE092EB3788A5F76832,Price determination: MtM condition ZSPI is not active for item 000010,CMM_VLOGP,045,ZSPI,000010,,
00505684390C1FE092EB3788A5F94832,Price determination: MtM condition ZSPI is not active for item 000010,CMM_VLOGP,045,ZSPI,000010,,
00505684390C1FE092EB37B63BC6C832,Price determination: MtM condition ZSPI is not active for item 000010,CMM_VLOGP,045,ZSPI,000010,,
00505684390C1FE092EB37B63BC8A832,Price determination: MtM condition ZSPI is not active for item 000010,CMM_VLOGP,045,ZSPI,000010,,
00505684390C1FE092EB37C844C48832,Root Document 52000032 is locked,CMM_VLOGP,040,52000032,000010,17.06.2025,
00505684390C1FE092EB37D7F9750832,Price determination: MtM condition ZSPI is not active for item 000010,CMM_VLOGP,045,ZSPI,000010,,
00505684390C1FE092EB37D7F976E832,Price determination: MtM condition ZSPI is not active for item 000010,CMM_VLOGP,045,ZSPI,000010,,
00505684390C1FE092EB37FE6996C832,Price determination: MtM condition ZSPI is not active for item 000010,CMM_VLOGP,045,ZSPI,000010,,
00505684390C1FE092EB37FE6998A832,Price determination: MtM condition ZSPI is not active for item 000010,CMM_VLOGP,045,ZSPI,000010,,
00505684390C1FE092EB3827812C8832,Price determination: MtM condition ZSPI is not active for item 000010,CMM_VLOGP,045,ZSPI,000010,,
00505684390C1FE092EB3827812E6832,Price determination: MtM condition ZSPI is not active for item 000010,CMM_VLOGP,045,ZSPI,000010,,
00505684390C1FE092EB384CED19C832,Price determination: MtM condition ZSPI is not active for item 000010,CMM_VLOGP,045,ZSPI,000010,,
00505684390C1FE092EB384CED1BA832,Price determination: MtM condition ZSPI is not active for item 000010,CMM_VLOGP,045,ZSPI,000010,,
00505684390C1FE092EB38731A540832,Price determination: MtM condition ZSPI is not active for item 000010,CMM_VLOGP,045,ZSPI,000010,,
00505684390C1FE092EB38731A55E832,Price determination: MtM condition ZSPI is not active for item 000010,CMM_VLOGP,045,ZSPI,000010,,
00505684390C1FE092EB387F3618A832,Price determination: MtM condition ZSPI is not active for item 000010,CMM_VLOGP,045,ZSPI,000010,,
00505684390C1FE092EB3899FBB28832,Price determination: MtM condition ZSPI is not active for item 000010,CMM_VLOGP,045,ZSPI,000010,,
00505684390C1FE092EB3899FBB46832,Price determination: MtM condition ZSPI is not active for item 000010,CMM_VLOGP,045,ZSPI,000010,,
00505684390C1FE092EB38B13F37A832,Price determination: MtM condition ZSPI is not active for item 000010,CMM_VLOGP,045,ZSPI,000010,,
00505684390C1FE092EB38BF89F5C832,Price determination: MtM condition ZSPI is not active for item 000010,CMM_VLOGP,045,ZSPI,000010,,
00505684390C1FE092EB38BF89F7A832,Price determination: MtM condition ZSPI is not active for item 000010,CMM_VLOGP,045,ZSPI,000010,,
00505684390C1FE092EB38DE0A864832,Price determination: MtM condition ZSPI is not active for item 000010,CMM_VLOGP,045,ZSPI,000010,,
00505684390C1FE092EB38DE0A882832,Price determination: MtM condition ZSPI is not active for item 000010,CMM_VLOGP,045,ZSPI,000010,,
00505684390C1FE092EB39047D9A0832,Price determination: MtM condition ZSPI is not active for item 000010,CMM_VLOGP,045,ZSPI,000010,,
00505684390C1FE092EB392CC59CC832,Price determination: MtM condition ZSPI is not active for item 000010,CMM_VLOGP,045,ZSPI,000010,,
00505684390C1FE092EB392CC59EA832,Price determination: MtM condition ZSPI is not active for item 000010,CMM_VLOGP,045,ZSPI,000010,,
00505684390C1FE092EB3954276B4832,Price determination: MtM condition ZSPI is not active for item 000010,CMM_VLOGP,045,ZSPI,000010,,
00505684390C1FE092EB3954276D2832,Price determination: MtM condition ZSPI is not active for item 000010,CMM_VLOGP,045,ZSPI,000010,,
00505684390C1FE092EB396BA5F8E832,Price determination: MtM condition ZSPI is not active for item 000010,CMM_VLOGP,045,ZSPI,000010,,
00505684390C1FE092EB3978BE754832,Price determination: MtM condition ZSPI is not active for item 000010,CMM_VLOGP,045,ZSPI,000010,,
00505684390C1FE092EB39936A9F2832,Price determination: MtM condition ZSPI is not active for item 000010,CMM_VLOGP,045,ZSPI,000010,,
00505684390C1FE092EB399C3E32C832,Price determination: MtM condition ZSPI is not active for item 000010,CMM_VLOGP,045,ZSPI,000010,,
00505684390C1FE092EB399C3E34A832,Price determination: MtM condition ZSPI is not active for item 000010,CMM_VLOGP,045,ZSPI,000010,,
00505684390C1FE092EB39C26CFAC832,Price determination: MtM condition ZSPI is not active for item 000010,CMM_VLOGP,045,ZSPI,000010,,
00505684390C1FE092EB39C26CFCA832,Price determination: MtM condition ZSPI is not active for item 000010,CMM_VLOGP,045,ZSPI,000010,,
00505684390C1FE092EB39C411C8E832,Root Document 52000054 is locked,CMM_VLOGP,040,52000054,000010,17.06.2025,
00505684390C1FE092EB39C855798832,Price determination: MtM condition ZSPI is not active for item 000010,CMM_VLOGP,045,ZSPI,000010,,
00505684390C1FE092EB39C8557B6832,Price determination: MtM condition ZSPI is not active for item 000010,CMM_VLOGP,045,ZSPI,000010,,
00505684390C1FE092EB39D069EAC832,Price determination: MtM condition ZSPI is not active for item 000010,CMM_VLOGP,045,ZSPI,000010,,
00505684390C1FE092EB39E96BE9E832,Price determination: MtM condition ZSPI is not active for item 000010,CMM_VLOGP,045,ZSPI,000010,,
00505684390C1FE092EB39E96BEBC832,Price determination: MtM condition ZSPI is not active for item 000010,CMM_VLOGP,045,ZSPI,000010,,
00505684390C1FE092EB39EED3C58832,Price determination: MtM condition ZSPI is not active for item 000010,CMM_VLOGP,045,ZSPI,000010,,
00505684390C1FE092EB3A0EF6812832,Price determination: MtM condition ZSPI is not active for item 000010,CMM_VLOGP,045,ZSPI,000010,,
00505684390C1FE092EB3A0EF6830832,Price determination: MtM condition ZSPI is not active for item 000010,CMM_VLOGP,045,ZSPI,000010,,
00505684390C1FE092EB3A15FDE3C832,Price determination: MtM condition ZSPI is not active for item 000010,CMM_VLOGP,045,ZSPI,000010,,
00505684390C1FE092EB3A15FDE5A832,Price determination: MtM condition ZSPI is not active for item 000010,CMM_VLOGP,045,ZSPI,000010,,
00505684390C1FE092EB3A34EE48E832,Price determination: MtM condition ZSPI is not active for item 000010,CMM_VLOGP,045,ZSPI,000010,,
00505684390C1FE092EB3A34EE4AC832,Price determination: MtM condition ZSPI is not active for item 000010,CMM_VLOGP,045,ZSPI,000010,,
00505684390C1FE092EB3A35E1DA4832,Price determination: MtM condition ZSPI is not active for item 000010,CMM_VLOGP,045,ZSPI,000010,,
00505684390C1FE092EB3A5C14190832,Price determination: MtM condition ZSPI is not active for item 000010,CMM_VLOGP,045,ZSPI,000010,,
00505684390C1FE092EB3A70F23EE832,Price determination: MtM condition ZSPI is not active for item 000010,CMM_VLOGP,045,ZSPI,000010,,
00505684390C1FE092EB3A82E77B4832,Price determination: MtM condition ZSPI is not active for item 000010,CMM_VLOGP,045,ZSPI,000010,,
00505684390C1FE092EB3A82E77D2832,Price determination: MtM condition ZSPI is not active for item 000010,CMM_VLOGP,045,ZSPI,000010,,
00505684390C1FE092EB3AB6A8044832,Price determination: MtM condition ZSPI is not active for item 000010,CMM_VLOGP,045,ZSPI,000010,,
00505684390C1FE092EB3AD36C3D8832,Price determination: MtM condition ZSPI is not active for item 000010,CMM_VLOGP,045,ZSPI,000010,,
00505684390C1FE092EB3AD36C3F6832,Price determination: MtM condition ZSPI is not active for item 000010,CMM_VLOGP,045,ZSPI,000010,,
00505684390C1FE092EB3AE276C68832,Pricing error 52000055/000010 RDP start date 01.11.2020: pricing failed,CMM_VLOGP,029,52000055,000010,01.11.2020,
00505684390C1FE092EB3AFC58134832,Price determination: MtM condition ZSPI is not active for item 000010,CMM_VLOGP,045,ZSPI,000010,,
00505684390C1FE092EB3AFC58152832,Price determination: MtM condition ZSPI is not active for item 000010,CMM_VLOGP,045,ZSPI,000010,,
00505684390C1FE092EB3B1ABC000832,Price determination: MtM condition ZSPI is not active for item 000010,CMM_VLOGP,045,ZSPI,000010,,
00505684390C1FE092EB3B1ABC01E832,Price determination: MtM condition ZSPI is not active for item 000010,CMM_VLOGP,045,ZSPI,000010,,
00505684390C1FE092EB3B48975E0832,Price determination: MtM condition ZSPI is not active for item 000010,CMM_VLOGP,045,ZSPI,000010,,
00505684390C1FE092EB3B48975FE832,Price determination: MtM condition ZSPI is not active for item 000010,CMM_VLOGP,045,ZSPI,000010,,
00505684390C1FE092EB3B6FD5468832,Price determination: MtM condition ZSPI is not active for item 000010,CMM_VLOGP,045,ZSPI,000010,,
00505684390C1FE092EB3B6FD5486832,Price determination: MtM condition ZSPI is not active for item 000010,CMM_VLOGP,045,ZSPI,000010,,
00505684390C1FE092EB3B916CF40832,Price determination: MtM condition ZSPI is not active for item 000010,CMM_VLOGP,045,ZSPI,000010,,
00505684390C1FE092EB3B916CF5E832,Price determination: MtM condition ZSPI is not active for item 000010,CMM_VLOGP,045,ZSPI,000010,,
00505684390C1FE092EB3BB28F7B8832,Price determination: MtM condition ZSPI is not active for item 000010,CMM_VLOGP,045,ZSPI,000010,,
00505684390C1FE092EB3BB28F7D6832,Price determination: MtM condition ZSPI is not active for item 000010,CMM_VLOGP,045,ZSPI,000010,,
00505684390C1FE092EB3BB28F7F4832,Price determination: MtM condition ZSPI is not active for item 000010,CMM_VLOGP,045,ZSPI,000010,,
00505684390C1FE092EB3BD9B7284832,Price determination: MtM condition ZSPI is not active for item 000010,CMM_VLOGP,045,ZSPI,000010,,
00505684390C1FE092EB3BD9B72A2832,Price determination: MtM condition ZSPI is not active for item 000010,CMM_VLOGP,045,ZSPI,000010,,
00505684390C1FE092EB3C03771F8832,Price determination: MtM condition ZSPI is not active for item 000010,CMM_VLOGP,045,ZSPI,000010,,
00505684390C1FE092EB3C0377216832,Price determination: MtM condition ZSPI is not active for item 000010,CMM_VLOGP,045,ZSPI,000010,,
00505684390C1FE092EB3C29C29FC832,Price determination: MtM condition ZSPI is not active for item 000010,CMM_VLOGP,045,ZSPI,000010,,
00505684390C1FE092EB3C29C2A1A832,Price determination: MtM condition ZSPI is not active for item 000010,CMM_VLOGP,045,ZSPI,000010,,
00505684390C1FE092EB3C4C27C7C832,Price determination: MtM condition ZSPI is not active for item 000010,CMM_VLOGP,045,ZSPI,000010,,
00505684390C1FE092EB3C4C27C9A832,Price determination: MtM condition ZSPI is not active for item 000010,CMM_VLOGP,045,ZSPI,000010,,
00505684390C1FE092EB3C7AF32B8832,Price determination: MtM condition ZSPI is not active for item 000010,CMM_VLOGP,045,ZSPI,000010,,
00505684390C1FE092EB3C7AF32D6832,Price determination: MtM condition ZSPI is not active for item 000010,CMM_VLOGP,045,ZSPI,000010,,
00505684390C1FE092EB3C98407A0832,Price determination: MtM condition ZSPI is not active for item 000010,CMM_VLOGP,045,ZSPI,000010,,
00505684390C1FE092EB3CC1BD824832,Price determination: MtM condition ZSPI is not active for item 000010,CMM_VLOGP,045,ZSPI,000010,,
00505684390C1FE092EB3CC1BD842832,Price determination: MtM condition ZSPI is not active for item 000010,CMM_VLOGP,045,ZSPI,000010,,
00505684390C1FE092EB3CE9E20D4832,Price determination: MtM condition ZSPI is not active for item 000010,CMM_VLOGP,045,ZSPI,000010,,
00505684390C1FE092EB3CE9E20F2832,Price determination: MtM condition ZSPI is not active for item 000010,CMM_VLOGP,045,ZSPI,000010,,
00505684390C1FE092EB3D0FDB0B0832,Price determination: MtM condition ZSPI is not active for item 000010,CMM_VLOGP,045,ZSPI,000010,,
00505684390C1FE092EB3D0FDB0CE832,Price determination: MtM condition ZSPI is not active for item 000010,CMM_VLOGP,045,ZSPI,000010,,
00505684390C1FE092EB3D389AB04832,Price determination: MtM condition ZSPI is not active for item 000010,CMM_VLOGP,045,ZSPI,000010,,
00505684390C1FE092EB3D389AB22832,Price determination: MtM condition ZSPI is not active for item 000010,CMM_VLOGP,045,ZSPI,000010,,
00505684390C1FE092EB3D67407C4832,Price determination: MtM condition ZSPI is not active for item 000010,CMM_VLOGP,045,ZSPI,000010,,
00505684390C1FE092EB3D7E35A88832,Price determination: MtM condition ZSPI is not active for item 000010,CMM_VLOGP,045,ZSPI,000010,,
00505684390C1FE092EB3D7E35AA6832,Price determination: MtM condition ZSPI is not active for item 000010,CMM_VLOGP,045,ZSPI,000010,,
00505684390C1FE092EB3DA7876D4832,Price determination: MtM condition ZSPI is not active for item 000010,CMM_VLOGP,045,ZSPI,000010,,
00505684390C1FE092EB3DA7876F2832,Price determination: MtM condition ZSPI is not active for item 000010,CMM_VLOGP,045,ZSPI,000010,,
00505684390C1FE092EB3DB5767B4832,Root Document 52001139 is locked,CMM_VLOGP,040,52001139,000010,01.09.2020,
00505684390C1FE092EB3DCD4EE94832,Price determination: MtM condition ZSPI is not active for item 000010,CMM_VLOGP,045,ZSPI,000010,,
00505684390C1FE092EB3DCD4EEB2832,Price determination: MtM condition ZSPI is not active for item 000010,CMM_VLOGP,045,ZSPI,000010,,
00505684390C1FE092EB3DF6ABC60832,Price determination: MtM condition ZSPI is not active for item 000010,CMM_VLOGP,045,ZSPI,000010,,
00505684390C1FE092EB3DF6ABC7E832,Price determination: MtM condition ZSPI is not active for item 000010,CMM_VLOGP,045,ZSPI,000010,,
00505684390C1FE092EB3E02A58F6832,Price determination: MtM condition ZSPI is not active for item 000010,CMM_VLOGP,045,ZSPI,000010,,
00505684390C1FE092EB3E20CB39C832,Price determination: MtM condition ZSPI is not active for item 000010,CMM_VLOGP,045,ZSPI,000010,,
00505684390C1FE092EB3E20CB3BA832,Price determination: MtM condition ZSPI is not active for item 000010,CMM_VLOGP,045,ZSPI,000010,,
00505684390C1FE092EB3E2A4616A832,Price determination: MtM condition ZSPI is not active for item 000010,CMM_VLOGP,045,ZSPI,000010,,
00505684390C1FE092EB3E3DE9DC4832,Price determination: MtM condition ZSPI is not active for item 000010,CMM_VLOGP,045,ZSPI,000010,,
00505684390C1FE092EB3E3DE9DE2832,Price determination: MtM condition ZSPI is not active for item 000010,CMM_VLOGP,045,ZSPI,000010,,
00505684390C1FE092EB3E43A4528832,Pricing error 52000073/000010 RDP start date 01.05.2020: pricing failed,CMM_VLOGP,029,52000073,000010,01.05.2020,
00505684390C1FE092EB3E5608708832,Price determination: MtM condition ZSPI is not active for item 000010,CMM_VLOGP,045,ZSPI,000010,,
00505684390C1FE092EB3E5608726832,Price determination: MtM condition ZSPI is not active for item 000010,CMM_VLOGP,045,ZSPI,000010,,
00505684390C1FE092EB3E6198616832,Price determination: MtM condition ZSPI is not active for item 000010,CMM_VLOGP,045,ZSPI,000010,,
00505684390C1FE092EB3E6198634832,Price determination: MtM condition ZSPI is not active for item 000010,CMM_VLOGP,045,ZSPI,000010,,
00505684390C1FE092EB3E872D59C832,Price determination: MtM condition ZSPI is not active for item 000010,CMM_VLOGP,045,ZSPI,000010,,
00505684390C1FE092EB3E872D5BA832,Price determination: MtM condition ZSPI is not active for item 000010,CMM_VLOGP,045,ZSPI,000010,,
00505684390C1FE092EB3E9BA00B0832,Price determination: MtM condition ZSPI is not active for item 000010,CMM_VLOGP,045,ZSPI,000010,,
00505684390C1FE092EB3EB7A63C0832,Price determination: MtM condition ZSPI is not active for item 000010,CMM_VLOGP,045,ZSPI,000010,,
00505684390C1FE092EB3ED39B860832,Price determination: MtM condition ZSPI is not active for item 000010,CMM_VLOGP,045,ZSPI,000010,,
00505684390C1FE092EB3ED39B880832,Price determination: MtM condition ZSPI is not active for item 000010,CMM_VLOGP,045,ZSPI,000010,,
00505684390C1FE092EB3EFCD92A8832,Price determination: MtM condition ZSPI is not active for item 000010,CMM_VLOGP,045,ZSPI,000010,,
00505684390C1FE092EB3EFCD92C6832,Price determination: MtM condition ZSPI is not active for item 000010,CMM_VLOGP,045,ZSPI,000010,,
00505684390C1FE092EB3EFD225F8832,Root Document 52000906 is locked,CMM_VLOGP,040,52000906,000010,01.08.2020,
00505684390C1FE092EB3F0D6548A832,Root Document 52001092 is locked,CMM_VLOGP,040,52001092,000010,01.09.2020,
00505684390C1FE092EB3F1FDB07E832,Price determination: MtM condition ZSPI is not active for item 000010,CMM_VLOGP,045,ZSPI,000010,,
00505684390C1FE092EB3F1FDB09C832,Price determination: MtM condition ZSPI is not active for item 000010,CMM_VLOGP,045,ZSPI,000010,,
00505684390C1FE092EB3F1FDB0BA832,Price determination: MtM condition ZSPI is not active for item 000010,CMM_VLOGP,045,ZSPI,000010,,
00505684390C1FE092EB3F4713D8A832,Price determination: MtM condition ZSPI is not active for item 000010,CMM_VLOGP,045,ZSPI,000010,,
00505684390C1FE092EB3F7F29B02832,Price determination: MtM condition ZSPI is not active for item 000010,CMM_VLOGP,045,ZSPI,000010,,
00505684390C1FE092EB3F7F29B20832,Price determination: MtM condition ZSPI is not active for item 000010,CMM_VLOGP,045,ZSPI,000010,,
00505684390C1FE092EB3F82B50A2832,Pricing error 52000112/000010 RDP start date 01.11.2020: pricing failed,CMM_VLOGP,029,52000112,000010,01.11.2020,
00505684390C1FE092EB3F85856CE832,Price determination: MtM condition ZSPI is not active for item 000010,CMM_VLOGP,045,ZSPI,000010,,
00505684390C1FE092EB3FA5965A8832,Price determination: MtM condition ZSPI is not active for item 000010,CMM_VLOGP,045,ZSPI,000010,,
00505684390C1FE092EB3FA83BFB0832,Price determination: MtM condition ZSPI is not active for item 000010,CMM_VLOGP,045,ZSPI,000010,,
00505684390C1FE092EB3FA83BFCE832,Price determination: MtM condition ZSPI is not active for item 000010,CMM_VLOGP,045,ZSPI,000010,,
00505684390C1FE092EB3FCCF5054832,Price determination: MtM condition ZSPI is not active for item 000010,CMM_VLOGP,045,ZSPI,000010,,
00505684390C1FE092EB3FCCF5072832,Price determination: MtM condition ZSPI is not active for item 000010,CMM_VLOGP,045,ZSPI,000010,,
00505684390C1FE092EB3FF489638832,Price determination: MtM condition ZSPI is not active for item 000010,CMM_VLOGP,045,ZSPI,000010,,
00505684390C1FE092EB3FF489656832,Price determination: MtM condition ZSPI is not active for item 000010,CMM_VLOGP,045,ZSPI,000010,,
00505684390C1FE092EB401825482832,Price determination: MtM condition ZSPI is not active for item 000010,CMM_VLOGP,045,ZSPI,000010,,
00505684390C1FE092EB4018254A0832,Price determination: MtM condition ZSPI is not active for item 000010,CMM_VLOGP,045,ZSPI,000010,,
00505684390C1FE092EB4043B05F4832,Price determination: MtM condition ZSPI is not active for item 000010,CMM_VLOGP,045,ZSPI,000010,,
00505684390C1FE092EB4043B0612832,Price determination: MtM condition ZSPI is not active for item 000010,CMM_VLOGP,045,ZSPI,000010,,
00505684390C1FE092EB406BCDF28832,Price determination: MtM condition ZSPI is not active for item 000010,CMM_VLOGP,045,ZSPI,000010,,
00505684390C1FE092EB406BCDF46832,Price determination: MtM condition ZSPI is not active for item 000010,CMM_VLOGP,045,ZSPI,000010,,
00505684390C1FE092EB4092BB6E4832,Price determination: MtM condition ZSPI is not active for item 000010,CMM_VLOGP,045,ZSPI,000010,,
00505684390C1FE092EB4092BB702832,Price determination: MtM condition ZSPI is not active for item 000010,CMM_VLOGP,045,ZSPI,000010,,
00505684390C1FE092EB40946C6A2832,Price determination: MtM condition ZSPI is not active for item 000010,CMM_VLOGP,045,ZSPI,000010,,
00505684390C1FE092EB40B137E80832,Price determination: MtM condition ZSPI is not active for item 000010,CMM_VLOGP,045,ZSPI,000010,,
00505684390C1FE092EB40B137E9E832,Price determination: MtM condition ZSPI is not active for item 000010,CMM_VLOGP,045,ZSPI,000010,,
00505684390C1FE092EB40B6170D4832,Price determination: MtM condition ZSPI is not active for item 000010,CMM_VLOGP,045,ZSPI,000010,,
00505684390C1FE092EB40B6170F2832,Price determination: MtM condition ZSPI is not active for item 000010,CMM_VLOGP,045,ZSPI,000010,,
00505684390C1FE092EB40D89D8F8832,Price determination: MtM condition ZSPI is not active for item 000010,CMM_VLOGP,045,ZSPI,000010,,
00505684390C1FE092EB40E4CA25A832,Price determination: MtM condition ZSPI is not active for item 000010,CMM_VLOGP,045,ZSPI,000010,,
00505684390C1FE092EB40FCAC7F6832,Price determination: MtM condition ZSPI is not active for item 000010,CMM_VLOGP,045,ZSPI,000010,,
00505684390C1FE092EB40FCB1634832,Price determination: MtM condition ZSPI is not active for item 000010,CMM_VLOGP,045,ZSPI,000010,,
00505684390C1FE092EB40FCB1652832,Price determination: MtM condition ZSPI is not active for item 000010,CMM_VLOGP,045,ZSPI,000010,,
00505684390C1FE092EB41264BC60832,Price determination: MtM condition ZSPI is not active for item 000010,CMM_VLOGP,045,ZSPI,000010,,
00505684390C1FE092EB41264BC7E832,Price determination: MtM condition ZSPI is not active for item 000010,CMM_VLOGP,045,ZSPI,000010,,
00505684390C1FE092EB412936178832,Price determination: MtM condition ZSPI is not active for item 000010,CMM_VLOGP,045,ZSPI,000010,,
00505684390C1FE092EB41600012E832,Price determination: MtM condition ZSPI is not active for item 000010,CMM_VLOGP,045,ZSPI,000010,,
00505684390C1FE092EB41E2AC672832,Price determination: MtM condition ZSPI is not active for item 000010,CMM_VLOGP,045,ZSPI,000010,,
00505684390C1FE092EB420F4EF70832,Price determination: MtM condition ZSPI is not active for item 000010,CMM_VLOGP,045,ZSPI,000010,,
00505684390C1FE092EB421B303FA832,Price determination: MtM condition ZSPI is not active for item 000010,CMM_VLOGP,045,ZSPI,000010,,
00505684390C1FE092EB421B30418832,Price determination: MtM condition ZSPI is not active for item 000010,CMM_VLOGP,045,ZSPI,000010,,
00505684390C1FE092EB4241C50F8832,Price determination: MtM condition ZSPI is not active for item 000010,CMM_VLOGP,045,ZSPI,000010,,
00505684390C1FE092EB4241C5116832,Price determination: MtM condition ZSPI is not active for item 000010,CMM_VLOGP,045,ZSPI,000010,,
00505684390C1FE092EB4258496FA832,Price determination: MtM condition ZSPI is not active for item 000010,CMM_VLOGP,045,ZSPI,000010,,
00505684390C1FE092EB426F1984C832,Price determination: MtM condition ZSPI is not active for item 000010,CMM_VLOGP,045,ZSPI,000010,,
00505684390C1FE092EB426F1986A832,Price determination: MtM condition ZSPI is not active for item 000010,CMM_VLOGP,045,ZSPI,000010,,
00505684390C1FE092EB42951CD50832,Price determination: MtM condition ZSPI is not active for item 000010,CMM_VLOGP,045,ZSPI,000010,,
00505684390C1FE092EB42951CD6E832,Price determination: MtM condition ZSPI is not active for item 000010,CMM_VLOGP,045,ZSPI,000010,,
00505684390C1FE092EB42BFEE7A4832,Price determination: MtM condition ZSPI is not active for item 000010,CMM_VLOGP,045,ZSPI,000010,,
00505684390C1FE092EB42BFEE7C2832,Price determination: MtM condition ZSPI is not active for item 000010,CMM_VLOGP,045,ZSPI,000010,,
00505684390C1FE092EB42D99A05E832,Price determination: MtM condition ZSPI is not active for item 000010,CMM_VLOGP,045,ZSPI,000010,,
00505684390C1FE092EB42D99A07C832,Price determination: MtM condition ZSPI is not active for item 000010,CMM_VLOGP,045,ZSPI,000010,,
00505684390C1FE092EB42FFAF986832,Price determination: MtM condition ZSPI is not active for item 000010,CMM_VLOGP,045,ZSPI,000010,,
00505684390C1FE092EB42FFAF9A4832,Price determination: MtM condition ZSPI is not active for item 000010,CMM_VLOGP,045,ZSPI,000010,,
00505684390C1FE092EB430062FF8832,Price determination: MtM condition ZSPI is not active for item 000010,CMM_VLOGP,045,ZSPI,000010,,
00505684390C1FE092EB4327D3B6C832,Price determination: MtM condition ZSPI is not active for item 000010,CMM_VLOGP,045,ZSPI,000010,,
00505684390C1FE092EB4327D3B8A832,Price determination: MtM condition ZSPI is not active for item 000010,CMM_VLOGP,045,ZSPI,000010,,
00505684390C1FE092EB4327D3BA8832,Price determination: MtM condition ZSPI is not active for item 000010,CMM_VLOGP,045,ZSPI,000010,,
00505684390C1FE092EB43433F06A832,Price determination: MtM condition ZSPI is not active for item 000010,CMM_VLOGP,045,ZSPI,000010,,
00505684390C1FE092EB434D10468832,Price determination: MtM condition ZSPI is not active for item 000010,CMM_VLOGP,045,ZSPI,000010,,
00505684390C1FE092EB434D10486832,Price determination: MtM condition ZSPI is not active for item 000010,CMM_VLOGP,045,ZSPI,000010,,
00505684390C1FE092EB436799DB4832,Price determination: MtM condition ZSPI is not active for item 000010,CMM_VLOGP,045,ZSPI,000010,,
00505684390C1FE092EB437251DD6832,Price determination: MtM condition ZSPI is not active for item 000010,CMM_VLOGP,045,ZSPI,000010,,
00505684390C1FE092EB437251DF4832,Price determination: MtM condition ZSPI is not active for item 000010,CMM_VLOGP,045,ZSPI,000010,,
00505684390C1FE092EB438E8BF44832,Price determination: MtM condition ZSPI is not active for item 000010,CMM_VLOGP,045,ZSPI,000010,,
00505684390C1FE092EB438E8BF62832,Price determination: MtM condition ZSPI is not active for item 000010,CMM_VLOGP,045,ZSPI,000010,,
00505684390C1FE092EB4399F24D4832,Price determination: MtM condition ZSPI is not active for item 000010,CMM_VLOGP,045,ZSPI,000010,,
00505684390C1FE092EB4399F24F2832,Price determination: MtM condition ZSPI is not active for item 000010,CMM_VLOGP,045,ZSPI,000010,,
00505684390C1FE092EB43B355258832,Price determination: MtM condition ZSPI is not active for item 000010,CMM_VLOGP,045,ZSPI,000010,,
00505684390C1FE092EB43C01EE3C832,Price determination: MtM condition ZSPI is not active for item 000010,CMM_VLOGP,045,ZSPI,000010,,
00505684390C1FE092EB43C01EE5A832,Price determination: MtM condition ZSPI is not active for item 000010,CMM_VLOGP,045,ZSPI,000010,,
00505684390C1FE092EB43D2CEE7E832,Price determination: MtM condition ZSPI is not active for item 000010,CMM_VLOGP,045,ZSPI,000010,,
00505684390C1FE092EB43E4E7A84832,Price determination: MtM condition ZSPI is not active for item 000010,CMM_VLOGP,045,ZSPI,000010,,
00505684390C1FE092EB43E4E7AA2832,Price determination: MtM condition ZSPI is not active for item 000010,CMM_VLOGP,045,ZSPI,000010,,
00505684390C1FE092EB44113D3E8832,Price determination: MtM condition ZSPI is not active for item 000010,CMM_VLOGP,045,ZSPI,000010,,
00505684390C1FE092EB44113D406832,Price determination: MtM condition ZSPI is not active for item 000010,CMM_VLOGP,045,ZSPI,000010,,
00505684390C1FE092EB4437B6308832,Price determination: MtM condition ZSPI is not active for item 000010,CMM_VLOGP,045,ZSPI,000010,,
00505684390C1FE092EB4437B6326832,Price determination: MtM condition ZSPI is not active for item 000010,CMM_VLOGP,045,ZSPI,000010,,
00505684390C1FE092EB447039E00832,Price determination: MtM condition ZSPI is not active for item 000010,CMM_VLOGP,045,ZSPI,000010,,
00505684390C1FE092EB447039E26832,Price determination: MtM condition ZSPI is not active for item 000010,CMM_VLOGP,045,ZSPI,000010,,
00505684390C1FE092EB449C2BF7C832,Price determination: MtM condition ZSPI is not active for item 000010,CMM_VLOGP,045,ZSPI,000010,,
00505684390C1FE092EB449C2BF9A832,Price determination: MtM condition ZSPI is not active for item 000010,CMM_VLOGP,045,ZSPI,000010,,
00505684390C1FE092EB44B97DAC8832,Price determination: MtM condition ZSPI is not active for item 000010,CMM_VLOGP,045,ZSPI,000010,,
00505684390C1FE092EB44C326F82832,Price determination: MtM condition ZSPI is not active for item 000010,CMM_VLOGP,045,ZSPI,000010,,
00505684390C1FE092EB44E5F1E54832,Price determination: MtM condition ZSPI is not active for item 000010,CMM_VLOGP,045,ZSPI,000010,,
00505684390C1FE092EB44E5F1E72832,Price determination: MtM condition ZSPI is not active for item 000010,CMM_VLOGP,045,ZSPI,000010,,
00505684390C1FE092EB45DFAD44A832,Price determination: MtM condition ZSPI is not active for item 000010,CMM_VLOGP,045,ZSPI,000010,,
00505684390C1FE092EB46058EACC832,Price determination: MtM condition ZSPI is not active for item 000010,CMM_VLOGP,045,ZSPI,000010,,
00505684390C1FE092EB46058EAEA832,Price determination: MtM condition ZSPI is not active for item 000010,CMM_VLOGP,045,ZSPI,000010,,
00505684390C1FE092EB4620A244E832,Price determination: MtM condition ZSPI is not active for item 000010,CMM_VLOGP,045,ZSPI,000010,,
00505684390C1FE092EB4623F1386832,Price determination: MtM condition ZSPI is not active for item 000010,CMM_VLOGP,045,ZSPI,000010,,
00505684390C1FE092EB4649D292C832,Price determination: MtM condition ZSPI is not active for item 000010,CMM_VLOGP,045,ZSPI,000010,,
00505684390C1FE092EB465014AA6832,Price determination: MtM condition ZSPI is not active for item 000010,CMM_VLOGP,045,ZSPI,000010,,
00505684390C1FE092EB46864E97A832,Price determination: MtM condition ZSPI is not active for item 000010,CMM_VLOGP,045,ZSPI,000010,,
00505684390C1FE092EB46B9381CA832,Price determination: MtM condition ZSPI is not active for item 000010,CMM_VLOGP,045,ZSPI,000010,,
00505684390C1FE092EB46B9381E8832,Price determination: MtM condition ZSPI is not active for item 000010,CMM_VLOGP,045,ZSPI,000010,,
00505684390C1FE092EB46BE1F642832,Price determination: MtM condition ZSPI is not active for item 000010,CMM_VLOGP,045,ZSPI,000010,,
00505684390C1FE092EB46D606858832,Price determination: MtM condition ZSPI is not active for item 000010,CMM_VLOGP,045,ZSPI,000010,,
00505684390C1FE092EB46E468932832,Price determination: MtM condition ZSPI is not active for item 000010,CMM_VLOGP,045,ZSPI,000010,,
00505684390C1FE092EB4702E76EE832,Price determination: MtM condition ZSPI is not active for item 000010,CMM_VLOGP,045,ZSPI,000010,,
00505684390C1FE092EB4752E2EBE832,Price determination: MtM condition ZMPI is not active for item 000010,CMM_VLOGP,045,ZMPI,000010,,
00505684390C1FE092EB47AFECD1A832,Price determination: MtM condition ZSPI is not active for item 000010,CMM_VLOGP,045,ZSPI,000010,,
00505684390C1FE092EB47ED1271C832,Price determination: MtM condition ZSPI is not active for item 000010,CMM_VLOGP,045,ZSPI,000010,,
00505684390C1FE092EB47ED1273A832,Price determination: MtM condition ZSPI is not active for item 000010,CMM_VLOGP,045,ZSPI,000010,,
00505684390C1FE092EB47FFF3FAE832,Price determination: MtM condition ZSPI is not active for item 000010,CMM_VLOGP,045,ZSPI,000010,,
00505684390C1FE092EB481167EC0832,Price determination: MtM condition ZSPI is not active for item 000010,CMM_VLOGP,045,ZSPI,000010,,
00505684390C1FE092EB483D4DA88832,Price determination: MtM condition ZSPI is not active for item 000010,CMM_VLOGP,045,ZSPI,000010,,
00505684390C1FE092EB48581C1AE832,Price determination: MtM condition ZSPI is not active for item 000010,CMM_VLOGP,045,ZSPI,000010,,
00505684390C1FE092EB48712F420832,Price determination: MtM condition ZSPI is not active for item 000010,CMM_VLOGP,045,ZSPI,000010,,
00505684390C1FE092EB48836EA80832,Price determination: MtM condition ZSPI is not active for item 000010,CMM_VLOGP,045,ZSPI,000010,,
00505684390C1FE092EB4893CAF7A832,Price determination: MtM condition ZSPI is not active for item 000010,CMM_VLOGP,045,ZSPI,000010,,
00505684390C1FE092EB48AA99842832,Price determination: MtM condition ZSPI is not active for item 000010,CMM_VLOGP,045,ZSPI,000010,,
00505684390C1FE092EB48D447C68832,Price determination: MtM condition ZSPI is not active for item 000010,CMM_VLOGP,045,ZSPI,000010,,
00505684390C1FE092EB48D447C86832,Price determination: MtM condition ZSPI is not active for item 000010,CMM_VLOGP,045,ZSPI,000010,,
00505684390C1FE092EB48EE16BAA832,Price determination: MtM condition ZSPI is not active for item 000010,CMM_VLOGP,045,ZSPI,000010,,
00505684390C1FE092EB48F5F4B80832,Price determination: MtM condition ZSPI is not active for item 000010,CMM_VLOGP,045,ZSPI,000010,,
00505684390C1FE092EB48F5F4B9E832,Price determination: MtM condition ZSPI is not active for item 000010,CMM_VLOGP,045,ZSPI,000010,,
00505684390C1FE092EB48FED4F80832,Price determination: MtM condition ZSPI is not active for item 000010,CMM_VLOGP,045,ZSPI,000010,,
00505684390C1FE092EB492099756832,Price determination: MtM condition ZSPI is not active for item 000010,CMM_VLOGP,045,ZSPI,000010,,
00505684390C1FE092EB4941FFBD2832,Price determination: MtM condition ZSPI is not active for item 000010,CMM_VLOGP,045,ZSPI,000010,,
00505684390C1FE092EB4941FFBF0832,Price determination: MtM condition ZSPI is not active for item 000010,CMM_VLOGP,045,ZSPI,000010,,
00505684390C1FE092EB49653470A832,Price determination: MtM condition ZSPI is not active for item 000010,CMM_VLOGP,045,ZSPI,000010,,
00505684390C1FE092EB4968D379C832,Price determination: MtM condition ZSPI is not active for item 000010,CMM_VLOGP,045,ZSPI,000010,,
00505684390C1FE092EB49B6EBD6C832,Price determination: MtM condition ZSPI is not active for item 000010,CMM_VLOGP,045,ZSPI,000010,,
00505684390C1FE092EB49BC35D0A832,Price determination: MtM condition ZSPI is not active for item 000010,CMM_VLOGP,045,ZSPI,000010,,
00505684390C1FE092EB49DFED6D4832,Price determination: MtM condition ZSPI is not active for item 000010,CMM_VLOGP,045,ZSPI,000010,,
00505684390C1FE092EB49DFED6F4832,Price determination: MtM condition ZSPI is not active for item 000010,CMM_VLOGP,045,ZSPI,000010,,
00505684390C1FE092EB49E5AD1E6832,Price determination: MtM condition ZSPI is not active for item 000010,CMM_VLOGP,045,ZSPI,000010,,
00505684390C1FE092EB4A28B1FD0832,Price determination: MtM condition ZSPI is not active for item 000010,CMM_VLOGP,045,ZSPI,000010,,
00505684390C1FE092EB4A44F1580832,Price determination: MtM condition ZSPI is not active for item 000010,CMM_VLOGP,045,ZSPI,000010,,
00505684390C1FE092EB4A55B9FD4832,Price determination: MtM condition ZSPI is not active for item 000010,CMM_VLOGP,045,ZSPI,000010,,
00505684390C1FE092EB4B1313246832,Price determination: MtM condition ZSPI is not active for item 000010,CMM_VLOGP,045,ZSPI,000010,,
00505684390C1FE092EB4B388622C832,Price determination: MtM condition ZSPI is not active for item 000010,CMM_VLOGP,045,ZSPI,000010,,
00505684390C1FE092EB4B67C6BBA832,Price determination: MtM condition ZSPI is not active for item 000010,CMM_VLOGP,045,ZSPI,000010,,
00505684390C1FE092EB4B6DA419C832,Price determination: MtM condition ZSPI is not active for item 000010,CMM_VLOGP,045,ZSPI,000010,,
00505684390C1FE092EB4B93647AC832,Price determination: MtM condition ZSPI is not active for item 000010,CMM_VLOGP,045,ZSPI,000010,,
00505684390C1FE092EB4BCF1C604832,Price determination: MtM condition ZSPI is not active for item 000010,CMM_VLOGP,045,ZSPI,000010,,
00505684390C1FE092EB4BDF64C64832,Price determination: MtM condition ZSPI is not active for item 000010,CMM_VLOGP,045,ZSPI,000010,,
00505684390C1FE092EB4BF3805A0832,Price determination: MtM condition ZSPI is not active for item 000010,CMM_VLOGP,045,ZSPI,000010,,
00505684390C1FE092EB4BF3805C0832,Price determination: MtM condition ZSPI is not active for item 000010,CMM_VLOGP,045,ZSPI,000010,,
00505684390C1FE092EB4BF3805E0832,Price determination: MtM condition ZSPI is not active for item 000010,CMM_VLOGP,045,ZSPI,000010,,
00505684390C1FE092EB4C03778A0832,Price determination: MtM condition ZSPI is not active for item 000010,CMM_VLOGP,045,ZSPI,000010,,
00505684390C1FE092EB4C16A514E832,Price determination: MtM condition ZSPI is not active for item 000010,CMM_VLOGP,045,ZSPI,000010,,
00505684390C1FE092EB4C1701060832,Price determination: MtM condition ZSPI is not active for item 000010,CMM_VLOGP,045,ZSPI,000010,,
00505684390C1FE092EB4C3DE4FC2832,Price determination: MtM condition ZSPI is not active for item 000010,CMM_VLOGP,045,ZSPI,000010,,
00505684390C1FE092EB4C3F25798832,Price determination: MtM condition ZSPI is not active for item 000010,CMM_VLOGP,045,ZSPI,000010,,
00505684390C1FE092EB4C4030E22832,Price determination: MtM condition ZSPI is not active for item 000010,CMM_VLOGP,045,ZSPI,000010,,
00505684390C1FE092EB4C640427C832,Price determination: MtM condition ZSPI is not active for item 000010,CMM_VLOGP,045,ZSPI,000010,,
00505684390C1FE092EB4C640429C832,Price determination: MtM condition ZSPI is not active for item 000010,CMM_VLOGP,045,ZSPI,000010,,
00505684390C1FE092EB4C6715FA0832,Price determination: MtM condition ZSPI is not active for item 000010,CMM_VLOGP,045,ZSPI,000010,,
00505684390C1FE092EB4CD006CE4832,Price determination: MtM condition ZSPI is not active for item 000010,CMM_VLOGP,045,ZSPI,000010,,
00505684390C1FE092EB4D171C9CC832,Price determination: MtM condition ZSPI is not active for item 000010,CMM_VLOGP,045,ZSPI,000010,,
00505684390C1FE092EB4D2346008832,Price determination: MtM condition ZSPI is not active for item 000010,CMM_VLOGP,045,ZSPI,000010,,
00505684390C1FE092EB4D24F2934832,Price determination: MtM condition ZSPI is not active for item 000010,CMM_VLOGP,045,ZSPI,000010,,
00505684390C1FE092EB4D4DE3BE0832,Price determination: MtM condition ZSPI is not active for item 000010,CMM_VLOGP,045,ZSPI,000010,,
00505684390C1FE092EB4D4DE3C00832,Price determination: MtM condition ZSPI is not active for item 000010,CMM_VLOGP,045,ZSPI,000010,,
00505684390C1FE092EB4D743AD0C832,Price determination: MtM condition ZSPI is not active for item 000010,CMM_VLOGP,045,ZSPI,000010,,
00505684390C1FE092EB4D98D617C832,Price determination: MtM condition ZSPI is not active for item 000010,CMM_VLOGP,045,ZSPI,000010,,
00505684390C1FE092EB4DBA2BFDC832,Price determination: MtM condition ZSPI is not active for item 000010,CMM_VLOGP,045,ZSPI,000010,,
00505684390C1FE092EB4DD0B3838832,Price determination: MtM condition ZSPI is not active for item 000010,CMM_VLOGP,045,ZSPI,000010,,
00505684390C1FE092EB4DE6CD464832,Price determination: MtM condition ZSPI is not active for item 000010,CMM_VLOGP,045,ZSPI,000010,,
00505684390C1FE092EB4DE6CD484832,Price determination: MtM condition ZSPI is not active for item 000010,CMM_VLOGP,045,ZSPI,000010,,
00505684390C1FE092EB4E0E109E0832,Price determination: MtM condition ZSPI is not active for item 000010,CMM_VLOGP,045,ZSPI,000010,,
00505684390C1FE092EB4E0E10A00832,Price determination: MtM condition ZSPI is not active for item 000010,CMM_VLOGP,045,ZSPI,000010,,
00505684390C1FE092EB4E2C8EF92832,Price determination: MtM condition ZSPI is not active for item 000010,CMM_VLOGP,045,ZSPI,000010,,
00505684390C1FE092EB4E55D5B9A832,Price determination: MtM condition ZSPI is not active for item 000010,CMM_VLOGP,045,ZSPI,000010,,
00505684390C1FE092EB4E5D25170832,Price determination: MtM condition ZSPI is not active for item 000010,CMM_VLOGP,045,ZSPI,000010,,
00505684390C1FE092EB4E5D25190832,Price determination: MtM condition ZSPI is not active for item 000010,CMM_VLOGP,045,ZSPI,000010,,
00505684390C1FE092EB4E6086B98832,Price determination: MtM condition ZSPI is not active for item 000010,CMM_VLOGP,045,ZSPI,000010,,
00505684390C1FE092EB4E6086BB8832,Price determination: MtM condition ZSPI is not active for item 000010,CMM_VLOGP,045,ZSPI,000010,,
00505684390C1FE092EB4EA0ADC1C832,Price determination: MtM condition ZSPI is not active for item 000010,CMM_VLOGP,045,ZSPI,000010,,
00505684390C1FE092EB4EA8979F4832,Price determination: MtM condition ZSPI is not active for item 000010,CMM_VLOGP,045,ZSPI,000010,,
00505684390C1FE092EB4EC659D2E832,Price determination: MtM condition ZSPI is not active for item 000010,CMM_VLOGP,045,ZSPI,000010,,
00505684390C1FE092EB4EC659D4E832,Price determination: MtM condition ZSPI is not active for item 000010,CMM_VLOGP,045,ZSPI,000010,,
00505684390C1FE092EB4EEC9F058832,Price determination: MtM condition ZSPI is not active for item 000010,CMM_VLOGP,045,ZSPI,000010,,
00505684390C1FE092EB4EEC9F086832,Price determination: MtM condition ZSPI is not active for item 000010,CMM_VLOGP,045,ZSPI,000010,,
00505684390C1FE092EB4EECD8946832,Price determination: MtM condition ZSPI is not active for item 000010,CMM_VLOGP,045,ZSPI,000010,,
00505684390C1FE092EB4F841EAB2832,Price determination: MtM condition ZSPI is not active for item 000010,CMM_VLOGP,045,ZSPI,000010,,
00505684390C1FE092EB4FAC4CDEC832,Price determination: MtM condition ZSPI is not active for item 000010,CMM_VLOGP,045,ZSPI,000010,,
00505684390C1FE092EB5000C7AE2832,Price determination: MtM condition ZSPI is not active for item 000010,CMM_VLOGP,045,ZSPI,000010,,
00505684390C1FE092EB500EC43E6832,Price determination: MtM condition ZSPI is not active for item 000010,CMM_VLOGP,045,ZSPI,000010,,
00505684390C1FE092EB5027E8334832,Price determination: MtM condition ZSPI is not active for item 000010,CMM_VLOGP,045,ZSPI,000010,,
00505684390C1FE092EB5027E8354832,Price determination: MtM condition ZSPI is not active for item 000010,CMM_VLOGP,045,ZSPI,000010,,
00505684390C1FE092EB503B55354832,Price determination: MtM condition ZSPI is not active for item 000010,CMM_VLOGP,045,ZSPI,000010,,
00505684390C1FE092EB5043A56F2832,Price determination: MtM condition ZSPI is not active for item 000010,CMM_VLOGP,045,ZSPI,000010,,
00505684390C1FE092EB506ABF34C832,Price determination: MtM condition ZSPI is not active for item 000010,CMM_VLOGP,045,ZSPI,000010,,
00505684390C1FE092EB506ABF36C832,Price determination: MtM condition ZSPI is not active for item 000010,CMM_VLOGP,045,ZSPI,000010,,
00505684390C1FE092EB5090731BA832,Price determination: MtM condition ZSPI is not active for item 000010,CMM_VLOGP,045,ZSPI,000010,,
00505684390C1FE092EB509841C84832,Price determination: MtM condition ZSPI is not active for item 000010,CMM_VLOGP,045,ZSPI,000010,,
00505684390C1FE092EB509841CA4832,Price determination: MtM condition ZSPI is not active for item 000010,CMM_VLOGP,045,ZSPI,000010,,
00505684390C1FE092EB5102000DE832,Price determination: MtM condition ZSPI is not active for item 000010,CMM_VLOGP,045,ZSPI,000010,,
00505684390C1FE092EB517292906832,Price determination: MtM condition ZSPI is not active for item 000010,CMM_VLOGP,045,ZSPI,000010,,
00505684390C1FE092EB51AEADC6A832,Price determination: MtM condition ZCMI is not active for item 000010,CMM_VLOGP,045,ZCMI,000010,,
00505684390C1FE092EB51F1B5C4A832,Price determination: MtM condition ZFXD is not active for item 000010,CMM_VLOGP,045,ZFXD,000010,,
00505684390C1FE092EB5204A3EF8832,Price determination: MtM condition ZSPI is not active for item 000010,CMM_VLOGP,045,ZSPI,000010,,
00505684390C1FE092EB52201F9AA832,Price determination: MtM condition ZSPI is not active for item 000010,CMM_VLOGP,045,ZSPI,000010,,
00505684390C1FE092EB52647B09C832,Price determination: MtM condition ZSPI is not active for item 000010,CMM_VLOGP,045,ZSPI,000010,,
00505684390C1FE092EB52647B0BA832,Price determination: MtM condition ZSPI is not active for item 000010,CMM_VLOGP,045,ZSPI,000010,,
00505684390C1FE092EB527F54D34832,Price determination: MtM condition ZSPI is not active for item 000010,CMM_VLOGP,045,ZSPI,000010,,
00505684390C1FE092EB527F54D52832,Price determination: MtM condition ZSPI is not active for item 000010,CMM_VLOGP,045,ZSPI,000010,,
00505684390C1FE092EB52A4F7D92832,Price determination: MtM condition ZSPI is not active for item 000010,CMM_VLOGP,045,ZSPI,000010,,
00505684390C1FE092EB52C0C561A832,Price determination: MtM condition ZSPI is not active for item 000010,CMM_VLOGP,045,ZSPI,000010,,
00505684390C1FE092EB53431DD0E832,Price determination: MtM condition ZSPI is not active for item 000010,CMM_VLOGP,045,ZSPI,000010,,
00505684390C1FE092EB536772268832,Price determination: MtM condition ZSPI is not active for item 000010,CMM_VLOGP,045,ZSPI,000010,,
00505684390C1FE092EB536772286832,Price determination: MtM condition ZSPI is not active for item 000010,CMM_VLOGP,045,ZSPI,000010,,
00505684390C1FE092EB536E8D91E832,Price determination: MtM condition ZSPI is not active for item 000010,CMM_VLOGP,045,ZSPI,000010,,
00505684390C1FE092EB538A039A0832,Price determination: MtM condition ZSPI is not active for item 000010,CMM_VLOGP,045,ZSPI,000010,,
00505684390C1FE092EB539FFADC4832,Price determination: MtM condition ZSPI is not active for item 000010,CMM_VLOGP,045,ZSPI,000010,,
00505684390C1FE092EB539FFADE2832,Price determination: MtM condition ZSPI is not active for item 000010,CMM_VLOGP,045,ZSPI,000010,,
00505684390C1FE092EB53C3251F2832,Price determination: MtM condition ZSPI is not active for item 000010,CMM_VLOGP,045,ZSPI,000010,,
00505684390C1FE092EB53D720BA2832,Price determination: MtM condition ZSPI is not active for item 000010,CMM_VLOGP,045,ZSPI,000010,,
00505684390C1FE092EB53F871854832,Price determination: MtM condition ZSPI is not active for item 000010,CMM_VLOGP,045,ZSPI,000010,,
00505684390C1FE092EB5410DCED4832,Price determination: MtM condition ZSPI is not active for item 000010,CMM_VLOGP,045,ZSPI,000010,,
00505684390C1FE092EB548262920832,Price determination: MtM condition ZSPI is not active for item 000010,CMM_VLOGP,045,ZSPI,000010,,
00505684390C1FE092EB54A8864A2832,Price determination: MtM condition ZSPI is not active for item 000010,CMM_VLOGP,045,ZSPI,000010,,
00505684390C1FE092EB54CE84ECC832,Price determination: MtM condition ZSPI is not active for item 000010,CMM_VLOGP,045,ZSPI,000010,,
00505684390C1FE092EB5525561AE832,Price determination: MtM condition ZSPI is not active for item 000010,CMM_VLOGP,045,ZSPI,000010,,
00505684390C1FE092EB555DF32A8832,Price determination: MtM condition ZSPI is not active for item 000010,CMM_VLOGP,045,ZSPI,000010,,
00505684390C1FE092EB556B8F4AE832,Price determination: MtM condition ZSPI is not active for item 000010,CMM_VLOGP,045,ZSPI,000010,,
00505684390C1FE092EB558EE4C54832,Price determination: MtM condition ZSPI is not active for item 000010,CMM_VLOGP,045,ZSPI,000010,,
00505684390C1FE092EB558EE4C72832,Price determination: MtM condition ZSPI is not active for item 000010,CMM_VLOGP,045,ZSPI,000010,,
00505684390C1FE092EB55A350E18832,Price determination: MtM condition ZSPI is not active for item 000010,CMM_VLOGP,045,ZSPI,000010,,
00505684390C1FE092EB55A350E36832,Price determination: MtM condition ZSPI is not active for item 000010,CMM_VLOGP,045,ZSPI,000010,,
00505684390C1FE092EB55B5DA82C832,Price determination: MtM condition ZSPI is not active for item 000010,CMM_VLOGP,045,ZSPI,000010,,
00505684390C1FE092EB55C9BAE00832,Price determination: MtM condition ZSPI is not active for item 000010,CMM_VLOGP,045,ZSPI,000010,,
00505684390C1FE092EB55E867D5A832,Price determination: MtM condition ZSPI is not active for item 000010,CMM_VLOGP,045,ZSPI,000010,,
00505684390C1FE092EB55F5B8D6A832,Price determination: MtM condition ZSPI is not active for item 000010,CMM_VLOGP,045,ZSPI,000010,,
00505684390C1FE092EB561908B38832,Price determination: MtM condition ZSPI is not active for item 000010,CMM_VLOGP,045,ZSPI,000010,,
00505684390C1FE092EB561908B56832,Price determination: MtM condition ZSPI is not active for item 000010,CMM_VLOGP,045,ZSPI,000010,,
00505684390C1FE092EB563E5DBE0832,Price determination: MtM condition ZSPI is not active for item 000010,CMM_VLOGP,045,ZSPI,000010,,
00505684390C1FE092EB563E5DBFE832,Price determination: MtM condition ZSPI is not active for item 000010,CMM_VLOGP,045,ZSPI,000010,,
00505684390C1FE092EB564384794832,Price determination: MtM condition ZSPI is not active for item 000010,CMM_VLOGP,045,ZSPI,000010,,
00505684390C1FE092EB5667148B8832,Price determination: MtM condition ZSPI is not active for item 000010,CMM_VLOGP,045,ZSPI,000010,,
00505684390C1FE092EB5667148D6832,Price determination: MtM condition ZSPI is not active for item 000010,CMM_VLOGP,045,ZSPI,000010,,
00505684390C1FE092EB568C52080832,Price determination: MtM condition ZSPI is not active for item 000010,CMM_VLOGP,045,ZSPI,000010,,
00505684390C1FE092EB568C520A0832,Price determination: MtM condition ZSPI is not active for item 000010,CMM_VLOGP,045,ZSPI,000010,,
00505684390C1FE092EB56C11AA56832,Price determination: MtM condition ZSPI is not active for item 000010,CMM_VLOGP,045,ZSPI,000010,,
00505684390C1FE092EB56D952A14832,Price determination: MtM condition ZSPI is not active for item 000010,CMM_VLOGP,045,ZSPI,000010,,
00505684390C1FE092EB56F209126832,Price determination: MtM condition ZSPI is not active for item 000010,CMM_VLOGP,045,ZSPI,000010,,
00505684390C1FE092EB56FC89D6C832,Price determination: MtM condition ZSPI is not active for item 000010,CMM_VLOGP,045,ZSPI,000010,,
00505684390C1FE092EB56FC89D8C832,Price determination: MtM condition ZSPI is not active for item 000010,CMM_VLOGP,045,ZSPI,000010,,
00505684390C1FE092EB571387DC0832,Price determination: MtM condition ZSPI is not active for item 000010,CMM_VLOGP,045,ZSPI,000010,,
00505684390C1FE092EB571387DDE832,Price determination: MtM condition ZSPI is not active for item 000010,CMM_VLOGP,045,ZSPI,000010,,
00505684390C1FE092EB5713C41E4832,Price determination: MtM condition ZMPI is not active for item 000010,CMM_VLOGP,045,ZMPI,000010,,
00505684390C1FE092EB5736A9BC8832,Price determination: MtM condition ZSPI is not active for item 000010,CMM_VLOGP,045,ZSPI,000010,,
00505684390C1FE092EB57382C108832,Price determination: MtM condition ZMPI is not active for item 000010,CMM_VLOGP,045,ZMPI,000010,,
00505684390C1FE092EB574ADC078832,Price determination: MtM condition ZSPI is not active for item 000010,CMM_VLOGP,045,ZSPI,000010,,
00505684390C1FE092EB574ADC098832,Price determination: MtM condition ZSPI is not active for item 000010,CMM_VLOGP,045,ZSPI,000010,,
00505684390C1FE092EB5756A331C832,Price determination: MtM condition ZSPI is not active for item 000010,CMM_VLOGP,045,ZSPI,000010,,
00505684390C1FE092EB576597674832,Price determination: MtM condition ZMPI is not active for item 000010,CMM_VLOGP,045,ZMPI,000010,,
00505684390C1FE092EB577446FE4832,Price determination: MtM condition ZSPI is not active for item 000010,CMM_VLOGP,045,ZSPI,000010,,
00505684390C1FE092EB577447004832,Price determination: MtM condition ZSPI is not active for item 000010,CMM_VLOGP,045,ZSPI,000010,,
00505684390C1FE092EB577EA9270832,Price determination: MtM condition ZSPI is not active for item 000010,CMM_VLOGP,045,ZSPI,000010,,
00505684390C1FE092EB577EA928E832,Price determination: MtM condition ZSPI is not active for item 000010,CMM_VLOGP,045,ZSPI,000010,,
00505684390C1FE092EB57820EBB8832,Price determination: MtM condition ZMPI is not active for item 000010,CMM_VLOGP,045,ZMPI,000010,,
00505684390C1FE092EB579037330832,Price determination: MtM condition ZSPI is not active for item 000010,CMM_VLOGP,045,ZSPI,000010,,
00505684390C1FE092EB57A4B8308832,Price determination: MtM condition ZMPI is not active for item 000010,CMM_VLOGP,045,ZMPI,000010,,
00505684390C1FE092EB57A7AB380832,Price determination: MtM condition ZSPI is not active for item 000010,CMM_VLOGP,045,ZSPI,000010,,
00505684390C1FE092EB57F873C68832,Price determination: MtM condition ZSPI is not active for item 000010,CMM_VLOGP,045,ZSPI,000010,,
00505684390C1FE092EB57F873C86832,Price determination: MtM condition ZSPI is not active for item 000010,CMM_VLOGP,045,ZSPI,000010,,
00505684390C1FE092EB58192F574832,Price determination: MtM condition ZMPI is not active for item 000010,CMM_VLOGP,045,ZMPI,000010,,
00505684390C1FE092EB581BF7AE0832,Price determination: MtM condition ZSPI is not active for item 000010,CMM_VLOGP,045,ZSPI,000010,,
00505684390C1FE092EB581BF7AFE832,Price determination: MtM condition ZSPI is not active for item 000010,CMM_VLOGP,045,ZSPI,000010,,
00505684390C1FE092EB583E3BBC4832,Price determination: MtM condition ZSPI is not active for item 000010,CMM_VLOGP,045,ZSPI,000010,,
00505684390C1FE092EB583E3BBE2832,Price determination: MtM condition ZSPI is not active for item 000010,CMM_VLOGP,045,ZSPI,000010,,
00505684390C1FE092EB585691520832,Price determination: MtM condition ZSPI is not active for item 000010,CMM_VLOGP,045,ZSPI,000010,,
00505684390C1FE092EB5862A346A832,Price determination: MtM condition ZSPI is not active for item 000010,CMM_VLOGP,045,ZSPI,000010,,
00505684390C1FE092EB5862A3488832,Price determination: MtM condition ZSPI is not active for item 000010,CMM_VLOGP,045,ZSPI,000010,,
00505684390C1FE092EB588977A0C832,Price determination: MtM condition ZSPI is not active for item 000010,CMM_VLOGP,045,ZSPI,000010,,
00505684390C1FE092EB588977A2A832,Price determination: MtM condition ZSPI is not active for item 000010,CMM_VLOGP,045,ZSPI,000010,,
00505684390C1FE092EB58AE8938E832,Price determination: MtM condition ZSPI is not active for item 000010,CMM_VLOGP,045,ZSPI,000010,,
00505684390C1FE092EB58AE893AC832,Price determination: MtM condition ZSPI is not active for item 000010,CMM_VLOGP,045,ZSPI,000010,,
00505684390C1FE092EB58D49EBA8832,Price determination: MtM condition ZSPI is not active for item 000010,CMM_VLOGP,045,ZSPI,000010,,
00505684390C1FE092EB58D604872832,Price determination: MtM condition ZSPI is not active for item 000010,CMM_VLOGP,045,ZSPI,000010,,
00505684390C1FE092EB590416434832,Price determination: MtM condition ZSPI is not active for item 000010,CMM_VLOGP,045,ZSPI,000010,,
00505684390C1FE092EB5950B39E0832,Price determination: MtM condition ZSPI is not active for item 000010,CMM_VLOGP,045,ZSPI,000010,,
00505684390C1FE092EB599358E08832,Price determination: MtM condition ZSPI is not active for item 000010,CMM_VLOGP,045,ZSPI,000010,,
00505684390C1FE092EB599358E26832,Price determination: MtM condition ZSPI is not active for item 000010,CMM_VLOGP,045,ZSPI,000010,,
00505684390C1FE092EB599358E44832,Price determination: MtM condition ZSPI is not active for item 000010,CMM_VLOGP,045,ZSPI,000010,,
00505684390C1FE092EB59B9655A0832,Price determination: MtM condition ZSPI is not active for item 000010,CMM_VLOGP,045,ZSPI,000010,,
00505684390C1FE092EB59B9655BE832,Price determination: MtM condition ZSPI is not active for item 000010,CMM_VLOGP,045,ZSPI,000010,,
00505684390C1FE092EB59DF39F54832,Price determination: MtM condition ZSPI is not active for item 000010,CMM_VLOGP,045,ZSPI,000010,,
00505684390C1FE092EB59DF64130832,Price determination: MtM condition ZSPI is not active for item 000010,CMM_VLOGP,045,ZSPI,000010,,
00505684390C1FE092EB59DF64150832,Price determination: MtM condition ZSPI is not active for item 000010,CMM_VLOGP,045,ZSPI,000010,,
00505684390C1FE092EB5A2C1D98E832,Price determination: MtM condition ZSPI is not active for item 000010,CMM_VLOGP,045,ZSPI,000010,,
00505684390C1FE092EB5A2C1D9AC832,Price determination: MtM condition ZSPI is not active for item 000010,CMM_VLOGP,045,ZSPI,000010,,
00505684390C1FE092EB5A2C1D9CA832,Price determination: MtM condition ZSPI is not active for item 000010,CMM_VLOGP,045,ZSPI,000010,,
00505684390C1FE092EB5A52A6674832,Price determination: MtM condition ZSPI is not active for item 000010,CMM_VLOGP,045,ZSPI,000010,,
00505684390C1FE092EB5A52A6692832,Price determination: MtM condition ZSPI is not active for item 000010,CMM_VLOGP,045,ZSPI,000010,,
00505684390C1FE092EB5A77D270A832,Price determination: MtM condition ZSPI is not active for item 000010,CMM_VLOGP,045,ZSPI,000010,,
00505684390C1FE092EB5A77D2728832,Price determination: MtM condition ZSPI is not active for item 000010,CMM_VLOGP,045,ZSPI,000010,,
00505684390C1FE092EB5A87F524E832,Price determination: MtM condition ZSPI is not active for item 000010,CMM_VLOGP,045,ZSPI,000010,,
00505684390C1FE092EB5A9F73DD8832,Price determination: MtM condition ZSPI is not active for item 000010,CMM_VLOGP,045,ZSPI,000010,,
00505684390C1FE092EB5A9F73DF6832,Price determination: MtM condition ZSPI is not active for item 000010,CMM_VLOGP,045,ZSPI,000010,,
00505684390C1FE092EB5AC7BC318832,Price determination: MtM condition ZSPI is not active for item 000010,CMM_VLOGP,045,ZSPI,000010,,
00505684390C1FE092EB5AD065034832,Price determination: MtM condition ZSPI is not active for item 000010,CMM_VLOGP,045,ZSPI,000010,,
00505684390C1FE092EB5AD065052832,Price determination: MtM condition ZSPI is not active for item 000010,CMM_VLOGP,045,ZSPI,000010,,
00505684390C1FE092EB5AEAD443C832,Price determination: MtM condition ZSPI is not active for item 000010,CMM_VLOGP,045,ZSPI,000010,,
00505684390C1FE092EB5AF907F3C832,Price determination: MtM condition ZMPI is not active for item 000010,CMM_VLOGP,045,ZMPI,000010,,
00505684390C1FE092EB5B11FD000832,Price determination: MtM condition ZSPI is not active for item 000010,CMM_VLOGP,045,ZSPI,000010,,
00505684390C1FE092EB5BA7A3992832,Price determination: MtM condition ZSPI is not active for item 000010,CMM_VLOGP,045,ZSPI,000010,,
00505684390C1FE092EB5BAF2B304832,Price determination: MtM condition ZSPI is not active for item 000010,CMM_VLOGP,045,ZSPI,000010,,
00505684390C1FE092EB5BC271B46832,Root Document 55000085 is locked,CMM_VLOGP,040,55000085,000010,01.01.2022,
00505684390C1FE092EB5BEAC4C82832,Price determination: MtM condition ZSPI is not active for item 000010,CMM_VLOGP,045,ZSPI,000010,,
00505684390C1FE092EB5BFDCEBB2832,Price determination: MtM condition ZMPI is not active for item 000010,CMM_VLOGP,045,ZMPI,000010,,
00505684390C1FE092EB5C0A59B2C832,Price determination: MtM condition ZSPI is not active for item 000010,CMM_VLOGP,045,ZSPI,000010,,
00505684390C1FE092EB5C0A59B4A832,Price determination: MtM condition ZSPI is not active for item 000010,CMM_VLOGP,045,ZSPI,000010,,
00505684390C1FE092EB5C35B3070832,Price determination: MtM condition ZSPI is not active for item 000010,CMM_VLOGP,045,ZSPI,000010,,
00505684390C1FE092EB5C35B308E832,Price determination: MtM condition ZSPI is not active for item 000010,CMM_VLOGP,045,ZSPI,000010,,
00505684390C1FE092EB5C4590E84832,Price determination: MtM condition ZSPI is not active for item 000010,CMM_VLOGP,045,ZSPI,000010,,
00505684390C1FE092EB5C9727450832,Price determination: MtM condition ZSPI is not active for item 000010,CMM_VLOGP,045,ZSPI,000010,,
00505684390C1FE092EB5C972746E832,Price determination: MtM condition ZSPI is not active for item 000010,CMM_VLOGP,045,ZSPI,000010,,
00505684390C1FE092EB5CABDC7C8832,Price determination: MtM condition ZSPI is not active for item 000010,CMM_VLOGP,045,ZSPI,000010,,
00505684390C1FE092EB5CC0942D4832,Price determination: MtM condition ZSPI is not active for item 000010,CMM_VLOGP,045,ZSPI,000010,,
00505684390C1FE092EB5D0ABC17C832,Price determination: MtM condition ZSPI is not active for item 000010,CMM_VLOGP,045,ZSPI,000010,,
00505684390C1FE092EB5D0ABC19A832,Price determination: MtM condition ZSPI is not active for item 000010,CMM_VLOGP,045,ZSPI,000010,,
00505684390C1FE092EB5D286912C832,Price determination: MtM condition ZSPI is not active for item 000010,CMM_VLOGP,045,ZSPI,000010,,
00505684390C1FE092EB5D2E517C8832,Price determination: MtM condition ZMPI is not active for item 000010,CMM_VLOGP,045,ZMPI,000010,,
00505684390C1FE092EB5D4DAF7A4832,Price determination: MtM condition ZSPI is not active for item 000010,CMM_VLOGP,045,ZSPI,000010,,
00505684390C1FE092EB5D4DAF7C2832,Price determination: MtM condition ZSPI is not active for item 000010,CMM_VLOGP,045,ZSPI,000010,,
00505684390C1FE092EB5D6007E24832,Price determination: MtM condition ZSPI is not active for item 000010,CMM_VLOGP,045,ZSPI,000010,,
00505684390C1FE092EB5D7BF7A6C832,Price determination: MtM condition ZSPI is not active for item 000010,CMM_VLOGP,045,ZSPI,000010,,
00505684390C1FE092EB5D7BF7A8A832,Price determination: MtM condition ZSPI is not active for item 000010,CMM_VLOGP,045,ZSPI,000010,,
00505684390C1FE092EB5D92DBBC2832,Price determination: MtM condition ZSPI is not active for item 000010,CMM_VLOGP,045,ZSPI,000010,,
00505684390C1FE092EB5DA44A8C0832,Price determination: MtM condition ZSPI is not active for item 000010,CMM_VLOGP,045,ZSPI,000010,,
00505684390C1FE092EB5DA44A8DE832,Price determination: MtM condition ZSPI is not active for item 000010,CMM_VLOGP,045,ZSPI,000010,,
00505684390C1FE092EB5DB738A54832,Price determination: MtM condition ZSPI is not active for item 000010,CMM_VLOGP,045,ZSPI,000010,,
00505684390C1FE092EB5DB738A74832,Price determination: MtM condition ZSPI is not active for item 000010,CMM_VLOGP,045,ZSPI,000010,,
00505684390C1FE092EB5DBEE76E8832,Price determination: MtM condition ZSPI is not active for item 000010,CMM_VLOGP,045,ZSPI,000010,,
00505684390C1FE092EB5DE10EEA0832,Price determination: MtM condition ZSPI is not active for item 000010,CMM_VLOGP,045,ZSPI,000010,,
00505684390C1FE092EB5DE5FC672832,Price determination: MtM condition ZSPI is not active for item 000010,CMM_VLOGP,045,ZSPI,000010,,
00505684390C1FE092EB5E276BE48832,Price determination: MtM condition ZSPI is not active for item 000010,CMM_VLOGP,045,ZSPI,000010,,
00505684390C1FE092EB5E46AE88C832,Price determination: MtM condition ZSPI is not active for item 000010,CMM_VLOGP,045,ZSPI,000010,,
00505684390C1FE092EB5E46AE8AC832,Price determination: MtM condition ZSPI is not active for item 000010,CMM_VLOGP,045,ZSPI,000010,,
00505684390C1FE092EB5E713E8A4832,Price determination: MtM condition ZSPI is not active for item 000010,CMM_VLOGP,045,ZSPI,000010,,
00505684390C1FE092EB5E713E8C4832,Price determination: MtM condition ZSPI is not active for item 000010,CMM_VLOGP,045,ZSPI,000010,,
00505684390C1FE092EB5EDEA10F8832,Price determination: MtM condition ZSPI is not active for item 000010,CMM_VLOGP,045,ZSPI,000010,,
00505684390C1FE092EB5F4FA5648832,Root Document 52001905 is locked,CMM_VLOGP,040,52001905,000010,01.07.2021,
00505684390C1FE092EB5FC6476EA832,Price determination: MtM condition ZCI1 is not active for item 000010,CMM_VLOGP,045,ZCI1,000010,,
00505684390C1FE092EB6021D78FA832,Price determination: MtM condition ZMPI is not active for item 000010,CMM_VLOGP,045,ZMPI,000010,,
00505684390C1FE092EB60BD865D0832,Price determination: MtM condition ZMPI is not active for item 000010,CMM_VLOGP,045,ZMPI,000010,,
00505684390C1FE092EB615724768832,Price determination: MtM condition ZMPI is not active for item 000010,CMM_VLOGP,045,ZMPI,000010,,
00505684390C1FE092EB61572478A832,Price determination: MtM condition ZMPI is not active for item 000010,CMM_VLOGP,045,ZMPI,000010,,
00505684390C1FE092EB616C60B22832,Price determination: MtM condition ZMPI is not active for item 000010,CMM_VLOGP,045,ZMPI,000010,,
00505684390C1FE092EB6189E5954832,Price determination: MtM condition ZMPI is not active for item 000010,CMM_VLOGP,045,ZMPI,000010,,
00505684390C1FE092EB62875BBAA832,Price determination: MtM condition ZMPA is not active for item 000010,CMM_VLOGP,045,ZMPA,000010,,
00505684390C1FE092EB62DB03D1C832,Price determination: MtM condition ZMPI is not active for item 000010,CMM_VLOGP,045,ZMPI,000010,,
00505684390C1FE092EB63956AB9E832,Price determination: MtM condition ZMPI is not active for item 000010,CMM_VLOGP,045,ZMPI,000010,,
00505684390C1FE092EB63BF8C330832,Price determination: MtM condition ZMPI is not active for item 000010,CMM_VLOGP,045,ZMPI,000010,,
00505684390C1FE092EB63BF8C352832,Price determination: MtM condition ZMPI is not active for item 000010,CMM_VLOGP,045,ZMPI,000010,,
00505684390C1FE092EB63DB0A43C832,Price determination: MtM condition ZMPI is not active for item 000010,CMM_VLOGP,045,ZMPI,000010,,
00505684390C1FE092EB63DBE7F1C832,Price determination: MtM condition ZMPI is not active for item 000010,CMM_VLOGP,045,ZMPI,000010,,
00505684390C1FE092EB6417DB8CA832,Price determination: MtM condition ZMPI is not active for item 000010,CMM_VLOGP,045,ZMPI,000010,,
00505684390C1FE092EB64617A994832,Price determination: MtM condition ZMPI is not active for item 000010,CMM_VLOGP,045,ZMPI,000010,,
00505684390C1FE092EB646207CE8832,Sales document 52002365 is currently being processed by EOD_BATCH.,V1,042,52002365,EOD_BATCH,,
00505684390C1FE092EB6511B1984832,Price determination: MtM condition ZMPI is not active for item 000010,CMM_VLOGP,045,ZMPI,000010,,
00505684390C1FE092EB653422F9E832,Price determination: MtM condition ZMPA is not active for item 000010,CMM_VLOGP,045,ZMPA,000010,,
00505684390C1FE092EB661C52D4C832,Price determination: MtM condition ZMPI is not active for item 000010,CMM_VLOGP,045,ZMPI,000010,,
00505684390C1FE092EB6712280A0832,Price determination: MtM condition ZSPI is not active for item 000010,CMM_VLOGP,045,ZSPI,000010,,
00505684390C1FE092EB6712280C0832,Price determination: MtM condition ZSPI is not active for item 000010,CMM_VLOGP,045,ZSPI,000010,,
00505684390C1FE092EB6735BC146832,Price determination: MtM condition ZMPA is not active for item 000010,CMM_VLOGP,045,ZMPA,000010,,
00505684390C1FE092EB6735BC184832,Price determination: MtM condition ZMPA is not active for item 000010,CMM_VLOGP,045,ZMPA,000010,,
00505684390C1FE092EB6738E02D8832,Price determination: MtM condition ZSPI is not active for item 000010,CMM_VLOGP,045,ZSPI,000010,,
00505684390C1FE092EB674A70FE8832,Price determination: MtM condition ZMPI is not active for item 000010,CMM_VLOGP,045,ZMPI,000010,,
00505684390C1FE092EB67CE3F102832,Price determination: MtM condition ZSPI is not active for item 000010,CMM_VLOGP,045,ZSPI,000010,,
00505684390C1FE092EB67F5FD21C832,Price determination: MtM condition ZSPI is not active for item 000010,CMM_VLOGP,045,ZSPI,000010,,
00505684390C1FE092EB67F5FD23C832,Price determination: MtM condition ZSPI is not active for item 000010,CMM_VLOGP,045,ZSPI,000010,,
00505684390C1FE092EB681F91128832,Price determination: MtM condition ZSPI is not active for item 000010,CMM_VLOGP,045,ZSPI,000010,,
00505684390C1FE092EB681F91148832,Price determination: MtM condition ZSPI is not active for item 000010,CMM_VLOGP,045,ZSPI,000010,,
00505684390C1FE092EB684921172832,Price determination: MtM condition ZMPA is not active for item 000010,CMM_VLOGP,045,ZMPA,000010,,
00505684390C1FE092EB684C09D26832,Price determination: MtM condition ZSPI is not active for item 000010,CMM_VLOGP,045,ZSPI,000010,,
00505684390C1FE092EB6866ACC3A832,Price determination: MtM condition ZMPA is not active for item 000010,CMM_VLOGP,045,ZMPA,000010,,
00505684390C1FE092EB686E03158832,Price determination: MtM condition ZSPI is not active for item 000010,CMM_VLOGP,045,ZSPI,000010,,
00505684390C1FE092EB686E03178832,Price determination: MtM condition ZSPI is not active for item 000010,CMM_VLOGP,045,ZSPI,000010,,
00505684390C1FE092EB6894F6954832,Price determination: MtM condition ZSPI is not active for item 000010,CMM_VLOGP,045,ZSPI,000010,,
00505684390C1FE092EB68B50AB14832,Sales document 52001940 is currently being processed by EOD_BATCH.,V1,042,52001940,EOD_BATCH,,
00505684390C1FE092EB68BBC13B8832,Price determination: MtM condition ZSPI is not active for item 000010,CMM_VLOGP,045,ZSPI,000010,,
00505684390C1FE092EB68BBC13D8832,Price determination: MtM condition ZSPI is not active for item 000010,CMM_VLOGP,045,ZSPI,000010,,
00505684390C1FE092EB68DF43C00832,Price determination: MtM condition ZSPI is not active for item 000010,CMM_VLOGP,045,ZSPI,000010,,
00505684390C1FE092EB68EBF0714832,Price determination: MtM condition ZMPI is not active for item 000010,CMM_VLOGP,045,ZMPI,000010,,
00505684390C1FE092EB68F7F1144832,Price determination: MtM condition ZSPI is not active for item 000010,CMM_VLOGP,045,ZSPI,000010,,
00505684390C1FE092EB68FF11AD8832,Price determination: MtM condition ZMPI is not active for item 000010,CMM_VLOGP,045,ZMPI,000010,,
00505684390C1FE092EB69128BE12832,Price determination: MtM condition ZSPI is not active for item 000010,CMM_VLOGP,045,ZSPI,000010,,
00505684390C1FE092EB69128BE32832,Price determination: MtM condition ZSPI is not active for item 000010,CMM_VLOGP,045,ZSPI,000010,,
00505684390C1FE092EB692E612EC832,Price determination: MtM condition ZMPI is not active for item 000010,CMM_VLOGP,045,ZMPI,000010,,
00505684390C1FE092EB693E52B10832,Price determination: MtM condition ZSPI is not active for item 000010,CMM_VLOGP,045,ZSPI,000010,,
00505684390C1FE092EB693E52B30832,Price determination: MtM condition ZSPI is not active for item 000010,CMM_VLOGP,045,ZSPI,000010,,
00505684390C1FE092EB6961E1F76832,Price determination: MtM condition ZSPI is not active for item 000010,CMM_VLOGP,045,ZSPI,000010,,
00505684390C1FE092EB697B77360832,Price determination: MtM condition ZMPI is not active for item 000010,CMM_VLOGP,045,ZMPI,000010,,
00505684390C1FE092EB698D404D4832,Price determination: MtM condition ZSPI is not active for item 000010,CMM_VLOGP,045,ZSPI,000010,,
00505684390C1FE092EB698D404F4832,Price determination: MtM condition ZSPI is not active for item 000010,CMM_VLOGP,045,ZSPI,000010,,
00505684390C1FE092EB699AF9EE0832,Price determination: MtM condition ZMPI is not active for item 000010,CMM_VLOGP,045,ZMPI,000010,,
00505684390C1FE092EB699AF9F02832,Price determination: MtM condition ZMPI is not active for item 000010,CMM_VLOGP,045,ZMPI,000010,,
00505684390C1FE092EB69AAE2402832,Price determination: MtM condition ZSPI is not active for item 000010,CMM_VLOGP,045,ZSPI,000010,,
00505684390C1FE092EB69C016E24832,Price determination: MtM condition ZMPI is not active for item 000010,CMM_VLOGP,045,ZMPI,000010,,
00505684390C1FE092EB69D99E754832,Price determination: MtM condition ZSPI is not active for item 000010,CMM_VLOGP,045,ZSPI,000010,,
00505684390C1FE092EB69E200C80832,Price determination: MtM condition ZMPI is not active for item 000010,CMM_VLOGP,045,ZMPI,000010,,
00505684390C1FE092EB6A0107CC8832,Price determination: MtM condition ZMPI is not active for item 000010,CMM_VLOGP,045,ZMPI,000010,,
00505684390C1FE092EB6A245F93C832,Price determination: MtM condition ZMPI is not active for item 000010,CMM_VLOGP,045,ZMPI,000010,,
00505684390C1FE092EB6AD973990832,Price determination: MtM condition ZMPI is not active for item 000010,CMM_VLOGP,045,ZMPI,000010,,
00505684390C1FE092EB6B4D6E862832,Price determination: MtM condition ZSPI is not active for item 000010,CMM_VLOGP,045,ZSPI,000010,,
00505684390C1FE092EB6B619E5E2832,Price determination: MtM condition ZSPI is not active for item 000010,CMM_VLOGP,045,ZSPI,000010,,
00505684390C1FE092EB6B619E602832,Price determination: MtM condition ZSPI is not active for item 000010,CMM_VLOGP,045,ZSPI,000010,,
00505684390C1FE092EB6B90BC3CC832,Price determination: MtM condition ZSPI is not active for item 000010,CMM_VLOGP,045,ZSPI,000010,,
00505684390C1FE092EB6B90BC3EC832,Price determination: MtM condition ZSPI is not active for item 000010,CMM_VLOGP,045,ZSPI,000010,,
00505684390C1FE092EB6BB66DA1C832,Price determination: MtM condition ZSPI is not active for item 000010,CMM_VLOGP,045,ZSPI,000010,,
00505684390C1FE092EB6C73A4946832,Price determination: MtM condition ZMPI is not active for item 000010,CMM_VLOGP,045,ZMPI,000010,,
00505684390C1FE092EB6D1A00538832,Price determination: MtM condition ZMPI is not active for item 000010,CMM_VLOGP,045,ZMPI,000010,,
00505684390C1FE092EB6D1A0055A832,Price determination: MtM condition ZMPI is not active for item 000010,CMM_VLOGP,045,ZMPI,000010,,
00505684390C1FE092EB6D8D20FFA832,Price determination: MtM condition ZMPI is not active for item 000010,CMM_VLOGP,045,ZMPI,000010,,
00505684390C1FE092EB6FE44AEBA832,Price determination: MtM condition ZMPI is not active for item 000010,CMM_VLOGP,045,ZMPI,000010,,
00505684390C1FE092EB72A29B050832,Price determination: MtM condition ZMPI is not active for item 000010,CMM_VLOGP,045,ZMPI,000010,,
00505684390C1FE092EB746725370832,Price determination: MtM condition ZMPI is not active for item 000010,CMM_VLOGP,045,ZMPI,000010,,
00505684390C1FE092EB74EACC82A832,Price determination: MtM condition ZMPI is not active for item 000010,CMM_VLOGP,045,ZMPI,000010,,
00505684390C1FE092EB74EACC84C832,Price determination: MtM condition ZMPI is not active for item 000010,CMM_VLOGP,045,ZMPI,000010,,
00505684390C1FE092EB7630F2144832,Price determination: MtM condition ZMPI is not active for item 000010,CMM_VLOGP,045,ZMPI,000010,,
00505684390C1FE092EB765640942832,Price determination: MtM condition ZMPI is not active for item 000010,CMM_VLOGP,045,ZMPI,000010,,
00505684390C1FE092EB768616D54832,Price determination: MtM condition ZMPI is not active for item 000010,CMM_VLOGP,045,ZMPI,000010,,
00505684390C1FE092EB773AC43B4832,Price determination: MtM condition ZMPI is not active for item 000010,CMM_VLOGP,045,ZMPI,000010,,
00505684390C1FE092EB77B0271AC832,Price determination: MtM condition ZMPI is not active for item 000010,CMM_VLOGP,045,ZMPI,000010,,
00505684390C1FE092EB782AD6272832,Price determination: MtM condition ZMPI is not active for item 000010,CMM_VLOGP,045,ZMPI,000010,,
00505684390C1FE092EB78452690E832,Price determination: MtM condition ZMPI is not active for item 000010,CMM_VLOGP,045,ZMPI,000010,,
00505684390C1FE092EB7846401E0832,Price determination: MtM condition ZMPI is not active for item 000010,CMM_VLOGP,045,ZMPI,000010,,
00505684390C1FE092EB78758E55C832,Price determination: MtM condition ZMPI is not active for item 000010,CMM_VLOGP,045,ZMPI,000010,,
00505684390C1FE092EB78758E57E832,Price determination: MtM condition ZMPI is not active for item 000010,CMM_VLOGP,045,ZMPI,000010,,
00505684390C1FE092EB7892B1860832,Price determination: MtM condition ZMPI is not active for item 000010,CMM_VLOGP,045,ZMPI,000010,,
00505684390C1FE092EB78C5A2F34832,Price determination: MtM condition ZMPI is not active for item 000010,CMM_VLOGP,045,ZMPI,000010,,
00505684390C1FE092EB78CABA088832,Sales document 52001838 is currently being processed by EOD_BATCH.,V1,042,52001838,EOD_BATCH,,
00505684390C1FE092EB78E504E2C832,Price determination: MtM condition ZMPI is not active for item 000010,CMM_VLOGP,045,ZMPI,000010,,
00505684390C1FE092EB790409EBA832,Price determination: MtM condition ZMPI is not active for item 000010,CMM_VLOGP,045,ZMPI,000010,,
00505684390C1FE092EB790409EDC832,Price determination: MtM condition ZMPI is not active for item 000010,CMM_VLOGP,045,ZMPI,000010,,
00505684390C1FE092EB79312B788832,Price determination: MtM condition ZMPI is not active for item 000010,CMM_VLOGP,045,ZMPI,000010,,
00505684390C1FE092EB79312B7AA832,Price determination: MtM condition ZMPI is not active for item 000010,CMM_VLOGP,045,ZMPI,000010,,
00505684390C1FE092EB795166C24832,Price determination: MtM condition ZMPI is not active for item 000010,CMM_VLOGP,045,ZMPI,000010,,
00505684390C1FE092EB79564FCFE832,Price determination: MtM condition ZMPI is not active for item 000010,CMM_VLOGP,045,ZMPI,000010,,
00505684390C1FE092EB7980C6E78832,Price determination: MtM condition ZMPI is not active for item 000010,CMM_VLOGP,045,ZMPI,000010,,
00505684390C1FE092EB7980C6E9A832,Price determination: MtM condition ZMPI is not active for item 000010,CMM_VLOGP,045,ZMPI,000010,,
00505684390C1FE092EB799CEF62C832,Price determination: MtM condition ZMPI is not active for item 000010,CMM_VLOGP,045,ZMPI,000010,,
00505684390C1FE092EB79CFF24FC832,Price determination: MtM condition ZMPI is not active for item 000010,CMM_VLOGP,045,ZMPI,000010,,
00505684390C1FE092EB7A0F62190832,Price determination: MtM condition ZMPA is not active for item 000010,CMM_VLOGP,045,ZMPA,000010,,
00505684390C1FE092EB7A3A9148A832,Price determination: MtM condition ZMPI is not active for item 000010,CMM_VLOGP,045,ZMPI,000010,,
00505684390C1FE092EB7A3F83D98832,Price determination: MtM condition ZMPA is not active for item 000010,CMM_VLOGP,045,ZMPA,000010,,
00505684390C1FE092EB7A3F83DBA832,Price determination: MtM condition ZMPI is not active for item 000010,CMM_VLOGP,045,ZMPI,000010,,
00505684390C1FE092EB7A68750BC832,Price determination: MtM condition ZMPI is not active for item 000010,CMM_VLOGP,045,ZMPI,000010,,
00505684390C1FE092EB7A81B89E8832,Price determination: MtM condition ZMPI is not active for item 000010,CMM_VLOGP,045,ZMPI,000010,,
00505684390C1FE092EB7A81B8A0A832,Price determination: MtM condition ZMPI is not active for item 000010,CMM_VLOGP,045,ZMPI,000010,,
00505684390C1FE092EB7AA87FDAC832,Price determination: MtM condition ZMPI is not active for item 000010,CMM_VLOGP,045,ZMPI,000010,,
00505684390C1FE092EB7ADAC1634832,Price determination: MtM condition ZMPI is not active for item 000010,CMM_VLOGP,045,ZMPI,000010,,
00505684390C1FE092EB7B6ED7EE6832,Price determination: MtM condition ZMPI is not active for item 000010,CMM_VLOGP,045,ZMPI,000010,,
00505684390C1FE092EB7B8C66A46832,Price determination: MtM condition ZMPI is not active for item 000010,CMM_VLOGP,045,ZMPI,000010,,
00505684390C1FE092EB7BC1A4664832,Price determination: MtM condition ZMPI is not active for item 000010,CMM_VLOGP,045,ZMPI,000010,,
00505684390C1FE092EB7BE50B008832,Price determination: MtM condition ZMPI is not active for item 000010,CMM_VLOGP,045,ZMPI,000010,,
00505684390C1FE092EB7BE50B02A832,Price determination: MtM condition ZMPI is not active for item 000010,CMM_VLOGP,045,ZMPI,000010,,
00505684390C1FE092EB7BFF2CE80832,Price determination: MtM condition ZMPI is not active for item 000010,CMM_VLOGP,045,ZMPI,000010,,
00505684390C1FE092EB7EC4A79C2832,Price determination: MtM condition ZMPI is not active for item 000010,CMM_VLOGP,045,ZMPI,000010,,
00505684390C1FE092EB7ED5DA5F0832,Price determination: MtM condition ZMPI is not active for item 000010,CMM_VLOGP,045,ZMPI,000010,,
00505684390C1FE092EB7EF52EC34832,Price determination: MtM condition ZMPI is not active for item 000010,CMM_VLOGP,045,ZMPI,000010,,
00505684390C1FE092EB7EFB32E50832,Price determination: MtM condition ZMPI is not active for item 000010,CMM_VLOGP,045,ZMPI,000010,,
00505684390C1FE092EB7EFB32E74832,Price determination: MtM condition ZMPI is not active for item 000010,CMM_VLOGP,045,ZMPI,000010,,
00505684390C1FE092EB7F1269D44832,Price determination: MtM condition ZMPI is not active for item 000010,CMM_VLOGP,045,ZMPI,000010,,
00505684390C1FE092EB7F36EA128832,Price determination: MtM condition ZMPI is not active for item 000010,CMM_VLOGP,045,ZMPI,000010,,
00505684390C1FE092EB7F36EA14A832,Price determination: MtM condition ZMPI is not active for item 000010,CMM_VLOGP,045,ZMPI,000010,,
00505684390C1FE092EB7F59D0296832,Price determination: MtM condition ZMPI is not active for item 000010,CMM_VLOGP,045,ZMPI,000010,,
00505684390C1FE092EB7FC49061C832,Price determination: MtM condition ZMPI is not active for item 000010,CMM_VLOGP,045,ZMPI,000010,,
00505684390C1FE092EB7FC49063E832,Price determination: MtM condition ZMPI is not active for item 000010,CMM_VLOGP,045,ZMPI,000010,,
00505684390C1FE092EB7FCD54320832,Price determination: MtM condition ZMPI is not active for item 000010,CMM_VLOGP,045,ZMPI,000010,,
00505684390C1FE092EB7FCD54342832,Price determination: MtM condition ZMPI is not active for item 000010,CMM_VLOGP,045,ZMPI,000010,,
00505684390C1FE092EB7FCE8C908832,Root Document 340002514 is locked,CMM_VLOGP,040,340002514,00010,01.01.2024,
00505684390C1FE092EB7FF1D90C8832,Price determination: MtM condition ZMPI is not active for item 000010,CMM_VLOGP,045,ZMPI,000010,,
00505684390C1FE092EB7FF1D90EA832,Price determination: MtM condition ZMPI is not active for item 000010,CMM_VLOGP,045,ZMPI,000010,,
00505684390C1FE092EB801948158832,Price determination: MtM condition ZMPI is not active for item 000010,CMM_VLOGP,045,ZMPI,000010,,
00505684390C1FE092EB804043C7A832,Price determination: MtM condition ZMPI is not active for item 000010,CMM_VLOGP,045,ZMPI,000010,,
00505684390C1FE092EB80DB52868832,Price determination: MtM condition ZMPI is not active for item 000010,CMM_VLOGP,045,ZMPI,000010,,
00505684390C1FE092EB810912906832,Price determination: MtM condition ZMPI is not active for item 000010,CMM_VLOGP,045,ZMPI,000010,,
00505684390C1FE092EB812DB3D3C832,Price determination: MtM condition ZMPA is not active for item 000010,CMM_VLOGP,045,ZMPA,000010,,
00505684390C1FE092EB8197C6904832,Price determination: MtM condition ZMPI is not active for item 000010,CMM_VLOGP,045,ZMPI,000010,,
00505684390C1FE092EB8197C6926832,Price determination: MtM condition ZMPI is not active for item 000010,CMM_VLOGP,045,ZMPI,000010,,
00505684390C1FE092EB81C4E695C832,Price determination: MtM condition ZMPI is not active for item 000010,CMM_VLOGP,045,ZMPI,000010,,
00505684390C1FE092EB81C4E697E832,Price determination: MtM condition ZMPI is not active for item 000010,CMM_VLOGP,045,ZMPI,000010,,
00505684390C1FE092EB81C5ABB1C832,Price determination: MtM condition ZMPI is not active for item 000010,CMM_VLOGP,045,ZMPI,000010,,
00505684390C1FE092EB81E1F8C74832,Price determination: MtM condition ZMPI is not active for item 000010,CMM_VLOGP,045,ZMPI,000010,,
00505684390C1FE092EB820820EC0832,Price determination: MtM condition ZMPI is not active for item 000010,CMM_VLOGP,045,ZMPI,000010,,
00505684390C1FE092EB820820EE2832,Price determination: MtM condition ZMPI is not active for item 000010,CMM_VLOGP,045,ZMPI,000010,,
00505684390C1FE092EB823C3394C832,Price determination: MtM condition ZMPI is not active for item 000010,CMM_VLOGP,045,ZMPI,000010,,
00505684390C1FE092EB823C3396E832,Price determination: MtM condition ZMPI is not active for item 000010,CMM_VLOGP,045,ZMPI,000010,,
00505684390C1FE092EB8242739F0832,Price determination: MtM condition ZMPI is not active for item 000010,CMM_VLOGP,045,ZMPI,000010,,
00505684390C1FE092EB826978380832,Price determination: MtM condition ZMPI is not active for item 000010,CMM_VLOGP,045,ZMPI,000010,,
00505684390C1FE092EB8269783A2832,Price determination: MtM condition ZMPI is not active for item 000010,CMM_VLOGP,045,ZMPI,000010,,
00505684390C1FE092EB829A277D8832,Price determination: MtM condition ZMPI is not active for item 000010,CMM_VLOGP,045,ZMPI,000010,,
00505684390C1FE092EB829A277FA832,Price determination: MtM condition ZMPI is not active for item 000010,CMM_VLOGP,045,ZMPI,000010,,
00505684390C1FE092EB82B3DD75C832,Price determination: MtM condition ZMPI is not active for item 000010,CMM_VLOGP,045,ZMPI,000010,,
00505684390C1FE092EB83344B8B4832,Price determination: MtM condition ZMPI is not active for item 000010,CMM_VLOGP,045,ZMPI,000010,,
00505684390C1FE092EB83344B8D6832,Price determination: MtM condition ZMPI is not active for item 000010,CMM_VLOGP,045,ZMPI,000010,,
00505684390C1FE092EB8338EDC6A832,Price determination: MtM condition ZMPI is not active for item 000010,CMM_VLOGP,045,ZMPI,000010,,
00505684390C1FE092EB834D82BDC832,Price determination: MtM condition ZMPI is not active for item 000010,CMM_VLOGP,045,ZMPI,000010,,
00505684390C1FE092EB8363ACAB8832,Price determination: MtM condition ZMPI is not active for item 000010,CMM_VLOGP,045,ZMPI,000010,,
00505684390C1FE092EB837467AD8832,Price determination: MtM condition ZMPI is not active for item 000010,CMM_VLOGP,045,ZMPI,000010,,
00505684390C1FE092EB837467AFA832,Price determination: MtM condition ZMPI is not active for item 000010,CMM_VLOGP,045,ZMPI,000010,,
00505684390C1FE092EB839C45BA4832,Price determination: MtM condition ZMPI is not active for item 000010,CMM_VLOGP,045,ZMPI,000010,,
00505684390C1FE092EB839C45BC6832,Price determination: MtM condition ZMPI is not active for item 000010,CMM_VLOGP,045,ZMPI,000010,,
00505684390C1FE092EB83C6E71DC832,Price determination: MtM condition ZMPI is not active for item 000010,CMM_VLOGP,045,ZMPI,000010,,
00505684390C1FE092EB83D19A4EA832,Price determination: MtM condition ZMPI is not active for item 000010,CMM_VLOGP,045,ZMPI,000010,,
00505684390C1FE092EB83F97BB5C832,Price determination: MtM condition ZMPI is not active for item 000010,CMM_VLOGP,045,ZMPI,000010,,
00505684390C1FE092EB83F97BB7E832,Price determination: MtM condition ZMPI is not active for item 000010,CMM_VLOGP,045,ZMPI,000010,,
00505684390C1FE092EB842438E6C832,Price determination: MtM condition ZMPI is not active for item 000010,CMM_VLOGP,045,ZMPI,000010,,
00505684390C1FE092EB842438E8E832,Price determination: MtM condition ZMPI is not active for item 000010,CMM_VLOGP,045,ZMPI,000010,,
00505684390C1FE092EB8427B485C832,Price determination: MtM condition ZMPI is not active for item 000010,CMM_VLOGP,045,ZMPI,000010,,
00505684390C1FE092EB8444901EE832,Price determination: MtM condition ZMPI is not active for item 000010,CMM_VLOGP,045,ZMPI,000010,,
00505684390C1FE092EB844490210832,Price determination: MtM condition ZMPI is not active for item 000010,CMM_VLOGP,045,ZMPI,000010,,
00505684390C1FE092EB844878222832,Price determination: MtM condition ZMPI is not active for item 000010,CMM_VLOGP,045,ZMPI,000010,,
00505684390C1FE092EB846B83228832,Price determination: MtM condition ZMPI is not active for item 000010,CMM_VLOGP,045,ZMPI,000010,,
00505684390C1FE092EB846F26F28832,Price determination: MtM condition ZMPI is not active for item 000010,CMM_VLOGP,045,ZMPI,000010,,
00505684390C1FE092EB8492BD9C8832,Price determination: MtM condition ZMPI is not active for item 000010,CMM_VLOGP,045,ZMPI,000010,,
00505684390C1FE092EB8492BD9EA832,Price determination: MtM condition ZMPI is not active for item 000010,CMM_VLOGP,045,ZMPI,000010,,
00505684390C1FE092EB8497D3C00832,Price determination: MtM condition ZMPI is not active for item 000010,CMM_VLOGP,045,ZMPI,000010,,
00505684390C1FE092EB8497D3C22832,Price determination: MtM condition ZMPI is not active for item 000010,CMM_VLOGP,045,ZMPI,000010,,
00505684390C1FE092EB84C2DAA84832,Price determination: MtM condition ZMPI is not active for item 000010,CMM_VLOGP,045,ZMPI,000010,,
00505684390C1FE092EB84C4CF13C832,Price determination: MtM condition ZMPI is not active for item 000010,CMM_VLOGP,045,ZMPI,000010,,
00505684390C1FE092EB84DD3DC64832,Price determination: MtM condition ZMPI is not active for item 000010,CMM_VLOGP,045,ZMPI,000010,,
00505684390C1FE092EB84DF998C8832,Price determination: MtM condition ZMPI is not active for item 000010,CMM_VLOGP,045,ZMPI,000010,,
00505684390C1FE092EB84DF998EA832,Price determination: MtM condition ZMPI is not active for item 000010,CMM_VLOGP,045,ZMPI,000010,,
00505684390C1FE092EB84F0A4F88832,Price determination: MtM condition ZMPI is not active for item 000010,CMM_VLOGP,045,ZMPI,000010,,
00505684390C1FE092EB84F0A4FAA832,Price determination: MtM condition ZMPI is not active for item 000010,CMM_VLOGP,045,ZMPI,000010,,
00505684390C1FE092EB8511BBF18832,Price determination: MtM condition ZMPI is not active for item 000010,CMM_VLOGP,045,ZMPI,000010,,
00505684390C1FE092EB8511BBF3A832,Price determination: MtM condition ZMPI is not active for item 000010,CMM_VLOGP,045,ZMPI,000010,,
00505684390C1FE092EB8516CA494832,Price determination: MtM condition ZMPI is not active for item 000010,CMM_VLOGP,045,ZMPI,000010,,
00505684390C1FE092EB853FF8C8C832,Price determination: MtM condition ZMPI is not active for item 000010,CMM_VLOGP,045,ZMPI,000010,,
00505684390C1FE092EB853FF8CAE832,Price determination: MtM condition ZMPI is not active for item 000010,CMM_VLOGP,045,ZMPI,000010,,
00505684390C1FE092EB85638EC08832,Price determination: MtM condition ZMPI is not active for item 000010,CMM_VLOGP,045,ZMPI,000010,,
00505684390C1FE092EB857B9883C832,Price determination: MtM condition ZMPI is not active for item 000010,CMM_VLOGP,045,ZMPI,000010,,
00505684390C1FE092EB858A60FCE832,Price determination: MtM condition ZMPI is not active for item 000010,CMM_VLOGP,045,ZMPI,000010,,
00505684390C1FE092EB85B084BCC832,Price determination: MtM condition ZMPI is not active for item 000010,CMM_VLOGP,045,ZMPI,000010,,
00505684390C1FE092EB85B084BEE832,Price determination: MtM condition ZMPI is not active for item 000010,CMM_VLOGP,045,ZMPI,000010,,
00505684390C1FE092EB85D3FE3CE832,Price determination: MtM condition ZMPI is not active for item 000010,CMM_VLOGP,045,ZMPI,000010,,
00505684390C1FE092EB8605EA79C832,Price determination: MtM condition ZMPI is not active for item 000010,CMM_VLOGP,045,ZMPI,000010,,
00505684390C1FE092EB8642401D2832,Price determination: MtM condition ZMPA is not active for item 000010,CMM_VLOGP,045,ZMPA,000010,,
00505684390C1FE092EB874E248C6832,Price determination: MtM condition ZMPA is not active for item 000010,CMM_VLOGP,045,ZMPA,000010,,
00505684390C1FE092EB8765263BC832,Price determination: MtM condition ZMPA is not active for item 000010,CMM_VLOGP,045,ZMPA,000010,,
00505684390C1FE092EB87ECDAAE2832,Price determination: MtM condition ZMPA is not active for item 000010,CMM_VLOGP,045,ZMPA,000010,,
00505684390C1FE092EB88402F838832,Price determination: MtM condition ZMPI is not active for item 000010,CMM_VLOGP,045,ZMPI,000010,,
00505684390C1FE092EB88402F85A832,Price determination: MtM condition ZMPI is not active for item 000010,CMM_VLOGP,045,ZMPI,000010,,
00505684390C1FE092EB88B30A3BC832,Price determination: MtM condition ZMPI is not active for item 000010,CMM_VLOGP,045,ZMPI,000010,,
00505684390C1FE092EB88D1470DC832,Price determination: MtM condition ZMPI is not active for item 000010,CMM_VLOGP,045,ZMPI,000010,,
00505684390C1FE092EB88D1470FE832,Price determination: MtM condition ZMPI is not active for item 000010,CMM_VLOGP,045,ZMPI,000010,,
00505684390C1FE092EB89092024C832,Price determination: MtM condition ZMPI is not active for item 000010,CMM_VLOGP,045,ZMPI,000010,,
00505684390C1FE092EB8BDE87E90832,Sales document 52002399 is currently being processed by EOD_BATCH.,V1,042,52002399,EOD_BATCH,,
00505684390C1FE092EB8C8955852832,Price determination: MtM condition ZMPA is not active for item 000010,CMM_VLOGP,045,ZMPA,000010,,
00505684390C1FE092EB8C912C5AE832,Price determination: MtM condition ZMPI is not active for item 000010,CMM_VLOGP,045,ZMPI,000010,,
00505684390C1FE092EB8C9D1D08A832,Root Document 52002618 is locked,CMM_VLOGP,040,52002618,000010,01.04.2024,
00505684390C1FE092EB8CB98B5E8832,Price determination: MtM condition ZMPA is not active for item 000010,CMM_VLOGP,045,ZMPA,000010,,
00505684390C1FE092EB8CD64897A832,Price determination: MtM condition ZMPI is not active for item 000010,CMM_VLOGP,045,ZMPI,000010,,
00505684390C1FE092EB8CD8B1C88832,Price determination: MtM condition ZMPA is not active for item 000010,CMM_VLOGP,045,ZMPA,000010,,
00505684390C1FE092EB8CD8B1CAA832,Price determination: MtM condition ZMPI is not active for item 000010,CMM_VLOGP,045,ZMPI,000010,,
00505684390C1FE092EB8D0CF39EC832,Price determination: MtM condition ZMPA is not active for item 000010,CMM_VLOGP,045,ZMPA,000010,,
00505684390C1FE092EB8D21A7358832,Price determination: MtM condition ZMPA is not active for item 000010,CMM_VLOGP,045,ZMPA,000010,,
00505684390C1FE092EB8D21A737A832,Price determination: MtM condition ZMPA is not active for item 000010,CMM_VLOGP,045,ZMPA,000010,,
00505684390C1FE092EB8F05C752C832,Price determination: MtM condition ZMPI is not active for item 000010,CMM_VLOGP,045,ZMPI,000010,,
00505684390C1FE092EB8F3DD0388832,Price determination: MtM condition ZMPI is not active for item 000010,CMM_VLOGP,045,ZMPI,000010,,
00505684390C1FE092EB8F3DD03AA832,Price determination: MtM condition ZMPI is not active for item 000010,CMM_VLOGP,045,ZMPI,000010,,
00505684390C1FE092EB906C6678C832,Price determination: MtM condition ZMPI is not active for item 000010,CMM_VLOGP,045,ZMPI,000010,,
00505684390C1FE092EB925627F62832,Pricing error 52002675/000010 RDP start date 01.02.2024: pricing failed,CMM_VLOGP,029,52002675,000010,01.02.2024,
00505684390C1FE092EB93C3D3070832,Price determination: MtM condition ZMPI is not active for item 000010,CMM_VLOGP,045,ZMPI,000010,,
00505684390C1FE092EB941151EBA832,Price determination: MtM condition ZMPI is not active for item 000010,CMM_VLOGP,045,ZMPI,000010,,
00505684390C1FE092EB945014D6E832,Price determination: MtM condition ZMPI is not active for item 000010,CMM_VLOGP,045,ZMPI,000010,,
00505684390C1FE092EB949A6B8B8832,Price determination: MtM condition ZMPI is not active for item 000010,CMM_VLOGP,045,ZMPI,000010,,
00505684390C1FE092EB94BF05B2A832,Price determination: MtM condition ZMPI is not active for item 000010,CMM_VLOGP,045,ZMPI,000010,,
00505684390C1FE092EB94E495704832,Price determination: MtM condition ZMPI is not active for item 000010,CMM_VLOGP,045,ZMPI,000010,,
00505684390C1FE092EB94E495726832,Price determination: MtM condition ZMPI is not active for item 000010,CMM_VLOGP,045,ZMPI,000010,,
00505684390C1FE092EB952EE70DC832,Price determination: MtM condition ZMPA is not active for item 000010,CMM_VLOGP,045,ZMPA,000010,,
00505684390C1FE092EB952EE70FE832,Price determination: MtM condition ZMPI is not active for item 000010,CMM_VLOGP,045,ZMPI,000010,,
00505684390C1FE092EB95684CFC0832,Price determination: MtM condition ZMPI is not active for item 000010,CMM_VLOGP,045,ZMPI,000010,,
00505684390C1FE092EB9609EFD28832,Price determination: MtM condition ZMPA is not active for item 000010,CMM_VLOGP,045,ZMPA,000010,,
00505684390C1FE092EB9609EFD4A832,Price determination: MtM condition ZMPA is not active for item 000010,CMM_VLOGP,045,ZMPA,000010,,
00505684390C1FE092EB96294DF1C832,Price determination: MtM condition ZMPA is not active for item 000010,CMM_VLOGP,045,ZMPA,000010,,
00505684390C1FE092EB96502EFB0832,Price determination: MtM condition ZMPA is not active for item 000010,CMM_VLOGP,045,ZMPA,000010,,
00505684390C1FE092EB96502EFD2832,Price determination: MtM condition ZMPA is not active for item 000010,CMM_VLOGP,045,ZMPA,000010,,
00505684390C1FE092EB96722BD18832,Price determination: MtM condition ZMPI is not active for item 000010,CMM_VLOGP,045,ZMPI,000010,,
00505684390C1FE092EB96722BD3A832,Price determination: MtM condition ZMPA is not active for item 000010,CMM_VLOGP,045,ZMPA,000010,,
00505684390C1FE092EB96BE81CDC832,Price determination: MtM condition ZMPI is not active for item 000010,CMM_VLOGP,045,ZMPI,000010,,
00505684390C1FE092EB96BE81CFE832,Price determination: MtM condition ZMPI is not active for item 000010,CMM_VLOGP,045,ZMPI,000010,,
00505684390C1FE092EB976014978832,Price determination: MtM condition ZMPI is not active for item 000010,CMM_VLOGP,045,ZMPI,000010,,
00505684390C1FE092EB97AC94A8C832,Price determination: MtM condition ZMPI is not active for item 000010,CMM_VLOGP,045,ZMPI,000010,,
00505684390C1FE092EB982F8D290832,Price determination: MtM condition ZMPI is not active for item 000010,CMM_VLOGP,045,ZMPI,000010,,
00505684390C1FE092EB989C9F064832,Price determination: MtM condition ZMPI is not active for item 000010,CMM_VLOGP,045,ZMPI,000010,,
00505684390C1FE092EB991296474832,Price determination: MtM condition ZMPI is not active for item 000010,CMM_VLOGP,045,ZMPI,000010,,
00505684390C1FE092EB99AB46D68832,Price determination: MtM condition ZMPI is not active for item 000010,CMM_VLOGP,045,ZMPI,000010,,
00505684390C1FE092EB9A4337966832,Price determination: MtM condition ZMPI is not active for item 000010,CMM_VLOGP,045,ZMPI,000010,,
00505684390C1FE092EB9ACDA3C7A832,Price determination: MtM condition ZMPI is not active for item 000010,CMM_VLOGP,045,ZMPI,000010,,
00505684390C1FE092EB9B0011C70832,Price determination: MtM condition ZMPI is not active for item 000010,CMM_VLOGP,045,ZMPI,000010,,
00505684390C1FE092EB9B0011C92832,Price determination: MtM condition ZMPI is not active for item 000010,CMM_VLOGP,045,ZMPI,000010,,
00505684390C1FE092EB9B14A7442832,Price determination: MtM condition ZMPI is not active for item 000010,CMM_VLOGP,045,ZMPI,000010,,
00505684390C1FE092EB9B37AE162832,Price determination: MtM condition ZMPI is not active for item 000010,CMM_VLOGP,045,ZMPI,000010,,
00505684390C1FE092EB9B8517C22832,Price determination: MtM condition ZMPI is not active for item 000010,CMM_VLOGP,045,ZMPI,000010,,
00505684390C1FE092EB9BD4407AE832,Price determination: MtM condition ZMPI is not active for item 000010,CMM_VLOGP,045,ZMPI,000010,,
00505684390C1FE092EB9BFE20DAC832,Price determination: MtM condition ZMPI is not active for item 000010,CMM_VLOGP,045,ZMPI,000010,,
00505684390C1FE092EB9C1CACD92832,Price determination: MtM condition ZMPI is not active for item 000010,CMM_VLOGP,045,ZMPI,000010,,
00505684390C1FE092EB9C1CACDB4832,Price determination: MtM condition ZMPI is not active for item 000010,CMM_VLOGP,045,ZMPI,000010,,
00505684390C1FE092EB9C4194438832,Price determination: MtM condition ZMPA is not active for item 000010,CMM_VLOGP,045,ZMPA,000010,,
00505684390C1FE092EB9C9D2D202832,Price determination: MtM condition ZMPI is not active for item 000010,CMM_VLOGP,045,ZMPI,000010,,
00505684390C1FE092EB9CCDEB348832,Sales document 52002276 is currently being processed by EOD_BATCH.,V1,042,52002276,EOD_BATCH,,
00505684390C1FE092EB9CF51C64C832,Price determination: MtM condition ZMPI is not active for item 000010,CMM_VLOGP,045,ZMPI,000010,,
00505684390C1FE092EB9CF51C66E832,Price determination: MtM condition ZMPI is not active for item 000010,CMM_VLOGP,045,ZMPI,000010,,
00505684390C1FE092EB9E57CF158832,Price determination: MtM condition ZMPI is not active for item 000010,CMM_VLOGP,045,ZMPI,000010,,
00505684390C1FE092EBA4FB95174832,Price determination: MtM condition ZMPI is not active for item 000010,CMM_VLOGP,045,ZMPI,000010,,
00505684390C1FE092EBA5486D774832,Price determination: MtM condition ZMPI is not active for item 000010,CMM_VLOGP,045,ZMPI,000010,,
00505684390C1FE092EBA5486D796832,Price determination: MtM condition ZMPI is not active for item 000010,CMM_VLOGP,045,ZMPI,000010,,
00505684390C1FE092EBA5773DC04832,Price determination: MtM condition ZMPI is not active for item 000010,CMM_VLOGP,045,ZMPI,000010,,
00505684390C1FE092EBA5976DB92832,Price determination: MtM condition ZMPI is not active for item 000010,CMM_VLOGP,045,ZMPI,000010,,
00505684390C1FE092EBA5976DBB4832,Price determination: MtM condition ZMPI is not active for item 000010,CMM_VLOGP,045,ZMPI,000010,,
00505684390C1FE092EBA5BE4E7D8832,Price determination: MtM condition ZMPI is not active for item 000010,CMM_VLOGP,045,ZMPI,000010,,
00505684390C1FE092EBA5BE4E7FA832,Price determination: MtM condition ZMPI is not active for item 000010,CMM_VLOGP,045,ZMPI,000010,,
00505684390C1FE092EBA5BE4E81C832,Price determination: MtM condition ZMPI is not active for item 000010,CMM_VLOGP,045,ZMPI,000010,,
00505684390C1FE092EBA5E58C6EC832,Price determination: MtM condition ZMPI is not active for item 000010,CMM_VLOGP,045,ZMPI,000010,,
00505684390C1FE092EBA657194F4832,Price determination: MtM condition ZMPI is not active for item 000010,CMM_VLOGP,045,ZMPI,000010,,
00505684390C1FE092EBA6C4EE994832,Price determination: MtM condition ZMPI is not active for item 000010,CMM_VLOGP,045,ZMPI,000010,,
00505684390C1FE092EBA6EDE3934832,Price determination: MtM condition ZMPI is not active for item 000010,CMM_VLOGP,045,ZMPI,000010,,
00505684390C1FE092EBA6EDE3958832,Price determination: MtM condition ZMPI is not active for item 000010,CMM_VLOGP,045,ZMPI,000010,,
00505684390C1FE092EBA73C2A4BC832,Price determination: MtM condition ZMPI is not active for item 000010,CMM_VLOGP,045,ZMPI,000010,,
00505684390C1FE092EBA73C2A4DC832,Price determination: MtM condition ZMPI is not active for item 000010,CMM_VLOGP,045,ZMPI,000010,,
00505684390C1FE092EBA8BD3A07A832,Price determination: MtM condition ZMPI is not active for item 000010,CMM_VLOGP,045,ZMPI,000010,,
00505684390C1FE092EBA8DC76A50832,Price determination: MtM condition ZMPI is not active for item 000010,CMM_VLOGP,045,ZMPI,000010,,
00505684390C1FE092EBA9256239C832,Price determination: MtM condition ZMPI is not active for item 000010,CMM_VLOGP,045,ZMPI,000010,,
00505684390C1FE092EBA997CE616832,Price determination: MtM condition ZMPI is not active for item 000010,CMM_VLOGP,045,ZMPI,000010,,
00505684390C1FE092EBA997CE638832,Price determination: MtM condition ZMPI is not active for item 000010,CMM_VLOGP,045,ZMPI,000010,,
00505684390C1FE092EBA9C1BA47C832,Price determination: MtM condition ZMPI is not active for item 000010,CMM_VLOGP,045,ZMPI,000010,,
00505684390C1FE092EBA9C1BA49E832,Price determination: MtM condition ZMPI is not active for item 000010,CMM_VLOGP,045,ZMPI,000010,,
00505684390C1FE092EBA9C1BA4C0832,Price determination: MtM condition ZMPI is not active for item 000010,CMM_VLOGP,045,ZMPI,000010,,
00505684390C1FE092EBA9D947B58832,Price determination: MtM condition ZMPI is not active for item 000010,CMM_VLOGP,045,ZMPI,000010,,
00505684390C1FE092EBA9E42C54A832,Price determination: MtM condition ZMPI is not active for item 000010,CMM_VLOGP,045,ZMPI,000010,,
00505684390C1FE092EBA9E42C56C832,Price determination: MtM condition ZMPI is not active for item 000010,CMM_VLOGP,045,ZMPI,000010,,
00505684390C1FE092EBAA11E26E8832,Price determination: MtM condition ZMPI is not active for item 000010,CMM_VLOGP,045,ZMPI,000010,,
00505684390C1FE092EBAA11E270A832,Price determination: MtM condition ZMPI is not active for item 000010,CMM_VLOGP,045,ZMPI,000010,,
00505684390C1FE092EBAA1F45D68832,Price determination: MtM condition ZMPI is not active for item 000010,CMM_VLOGP,045,ZMPI,000010,,
00505684390C1FE092EBAA1F45D8A832,Price determination: MtM condition ZMPI is not active for item 000010,CMM_VLOGP,045,ZMPI,000010,,
00505684390C1FE092EBAA31FFD7C832,Price determination: MtM condition ZMPI is not active for item 000010,CMM_VLOGP,045,ZMPI,000010,,
00505684390C1FE092EBAA31FFD9E832,Price determination: MtM condition ZMPI is not active for item 000010,CMM_VLOGP,045,ZMPI,000010,,
00505684390C1FE092EBAA31FFDC0832,Price determination: MtM condition ZMPI is not active for item 000010,CMM_VLOGP,045,ZMPI,000010,,
00505684390C1FE092EBAA4C355D4832,Price determination: MtM condition ZMPI is not active for item 000010,CMM_VLOGP,045,ZMPI,000010,,
00505684390C1FE092EBAA5E727B0832,Price determination: MtM condition ZMPI is not active for item 000010,CMM_VLOGP,045,ZMPI,000010,,
00505684390C1FE092EBAA5E727D2832,Price determination: MtM condition ZMPI is not active for item 000010,CMM_VLOGP,045,ZMPI,000010,,
00505684390C1FE092EBAA5E727F4832,Price determination: MtM condition ZMPI is not active for item 000010,CMM_VLOGP,045,ZMPI,000010,,
00505684390C1FE092EBAA6DEEE78832,Price determination: MtM condition ZMPI is not active for item 000010,CMM_VLOGP,045,ZMPI,000010,,
00505684390C1FE092EBAA7D5B7B0832,Price determination: MtM condition ZMPI is not active for item 000010,CMM_VLOGP,045,ZMPI,000010,,
00505684390C1FE092EBAAA5D6520832,Price determination: MtM condition ZMPI is not active for item 000010,CMM_VLOGP,045,ZMPI,000010,,
00505684390C1FE092EBAAA5D6542832,Price determination: MtM condition ZMPI is not active for item 000010,CMM_VLOGP,045,ZMPI,000010,,
00505684390C1FE092EBAAC91454C832,Price determination: MtM condition ZMPI is not active for item 000010,CMM_VLOGP,045,ZMPI,000010,,
00505684390C1FE092EBAAC91456E832,Price determination: MtM condition ZMPI is not active for item 000010,CMM_VLOGP,045,ZMPI,000010,,
00505684390C1FE092EBAAECA328C832,Price determination: MtM condition ZMPI is not active for item 000010,CMM_VLOGP,045,ZMPI,000010,,
00505684390C1FE092EBABAA68CAA832,Price determination: MtM condition ZMPI is not active for item 000010,CMM_VLOGP,045,ZMPI,000010,,
00505684390C1FE092EBABC0ED90A832,Price determination: MtM condition ZMPI is not active for item 000010,CMM_VLOGP,045,ZMPI,000010,,
00505684390C1FE092EBABC0ED92C832,Price determination: MtM condition ZMPI is not active for item 000010,CMM_VLOGP,045,ZMPI,000010,,
00505684390C1FE092EBABE78208C832,Price determination: MtM condition ZMPI is not active for item 000010,CMM_VLOGP,045,ZMPI,000010,,
00505684390C1FE092EBAC0D4E23C832,Price determination: MtM condition ZMPI is not active for item 000010,CMM_VLOGP,045,ZMPI,000010,,
00505684390C1FE092EBAC129C4D8832,Price determination: MtM condition ZMPI is not active for item 000010,CMM_VLOGP,045,ZMPI,000010,,
00505684390C1FE092EBAC129C4FA832,Price determination: MtM condition ZMPI is not active for item 000010,CMM_VLOGP,045,ZMPI,000010,,
00505684390C1FE092EBAC129C51C832,Price determination: MtM condition ZMPI is not active for item 000010,CMM_VLOGP,045,ZMPI,000010,,
00505684390C1FE092EBAC3349BD0832,Price determination: MtM condition ZMPI is not active for item 000010,CMM_VLOGP,045,ZMPI,000010,,
00505684390C1FE092EBAC3349BF2832,Price determination: MtM condition ZMPI is not active for item 000010,CMM_VLOGP,045,ZMPI,000010,,
00505684390C1FE092EBAC5C3C368832,Price determination: MtM condition ZMPI is not active for item 000010,CMM_VLOGP,045,ZMPI,000010,,
00505684390C1FE092EBAC5C3C38A832,Price determination: MtM condition ZMPI is not active for item 000010,CMM_VLOGP,045,ZMPI,000010,,
00505684390C1FE092EBAC5C3C3AC832,Price determination: MtM condition ZMPI is not active for item 000010,CMM_VLOGP,045,ZMPI,000010,,
00505684390C1FE092EBAD31FB5BC832,Price determination: MtM condition ZMPI is not active for item 000010,CMM_VLOGP,045,ZMPI,000010,,
00505684390C1FE092EBAD31FB602832,Price determination: MtM condition ZMPI is not active for item 000010,CMM_VLOGP,045,ZMPI,000010,,
00505684390C1FE092EBAD7797A32832,Price determination: MtM condition ZMPA is not active for item 000010,CMM_VLOGP,045,ZMPA,000010,,
00505684390C1FE092EBAE2D1D6C0832,Price determination: MtM condition ZMPI is not active for item 000010,CMM_VLOGP,045,ZMPI,000010,,
00505684390C1FE092EBAE7005B2E832,Price determination: MtM condition ZMPI is not active for item 000010,CMM_VLOGP,045,ZMPI,000010,,
00505684390C1FE092EBAE95A7730832,Price determination: MtM condition ZMPI is not active for item 000010,CMM_VLOGP,045,ZMPI,000010,,
00505684390C1FE092EBAF0B90B70832,Price determination: MtM condition ZMPI is not active for item 000010,CMM_VLOGP,045,ZMPI,000010,,
00505684390C1FE092EBAF2E87360832,Price determination: MtM condition ZMPI is not active for item 000010,CMM_VLOGP,045,ZMPI,000010,,
00505684390C1FE092EBAF556B69C832,Price determination: MtM condition ZMPI is not active for item 000010,CMM_VLOGP,045,ZMPI,000010,,
00505684390C1FE092EBB03E05CBE832,Price determination: MtM condition ZMPI is not active for item 000010,CMM_VLOGP,045,ZMPI,000010,,
00505684390C1FE092EBB046D843C832,Price determination: MtM condition ZMPI is not active for item 000010,CMM_VLOGP,045,ZMPI,000010,,
00505684390C1FE092EBB046D845E832,Price determination: MtM condition ZMPI is not active for item 000010,CMM_VLOGP,045,ZMPI,000010,,
00505684390C1FE092EBB05F6F20E832,Price determination: MtM condition ZMPI is not active for item 000010,CMM_VLOGP,045,ZMPI,000010,,
00505684390C1FE092EBB0616A1C6832,Price determination: MtM condition ZMPI is not active for item 000010,CMM_VLOGP,045,ZMPI,000010,,
00505684390C1FE092EBB090E532C832,Price determination: MtM condition ZMPI is not active for item 000010,CMM_VLOGP,045,ZMPI,000010,,
00505684390C1FE092EBB090E534E832,Price determination: MtM condition ZMPI is not active for item 000010,CMM_VLOGP,045,ZMPI,000010,,
00505684390C1FE092EBB0BAC2884832,Price determination: MtM condition ZMPI is not active for item 000010,CMM_VLOGP,045,ZMPI,000010,,
00505684390C1FE092EBB0BAC28A6832,Price determination: MtM condition ZMPI is not active for item 000010,CMM_VLOGP,045,ZMPI,000010,,
00505684390C1FE092EBB0E169E10832,Price determination: MtM condition ZMPI is not active for item 000010,CMM_VLOGP,045,ZMPI,000010,,
00505684390C1FE092EBB0F8A6A24832,Price determination: MtM condition ZMPI is not active for item 000010,CMM_VLOGP,045,ZMPI,000010,,
00505684390C1FE092EBB11F991DC832,Price determination: MtM condition ZMPI is not active for item 000010,CMM_VLOGP,045,ZMPI,000010,,
00505684390C1FE092EBB11F991FE832,Price determination: MtM condition ZMPI is not active for item 000010,CMM_VLOGP,045,ZMPI,000010,,
00505684390C1FE092EBB11F99220832,Price determination: MtM condition ZMPI is not active for item 000010,CMM_VLOGP,045,ZMPI,000010,,
00505684390C1FE092EBB132A22B2832,Price determination: MtM condition ZMPI is not active for item 000010,CMM_VLOGP,045,ZMPI,000010,,
00505684390C1FE092EBB1485E83C832,Price determination: MtM condition ZMPI is not active for item 000010,CMM_VLOGP,045,ZMPI,000010,,
00505684390C1FE092EBB1485E85E832,Price determination: MtM condition ZMPI is not active for item 000010,CMM_VLOGP,045,ZMPI,000010,,
00505684390C1FE092EBB181E1F3C832,Price determination: MtM condition ZMPI is not active for item 000010,CMM_VLOGP,045,ZMPI,000010,,
00505684390C1FE092EBB181E1F5E832,Price determination: MtM condition ZMPI is not active for item 000010,CMM_VLOGP,045,ZMPI,000010,,
00505684390C1FE092EBB181E1F80832,Price determination: MtM condition ZMPI is not active for item 000010,CMM_VLOGP,045,ZMPI,000010,,
00505684390C1FE092EBB1F41AFFA832,Price determination: MtM condition ZMPI is not active for item 000010,CMM_VLOGP,045,ZMPI,000010,,
00505684390C1FE092EBB1F41B01C832,Price determination: MtM condition ZMPI is not active for item 000010,CMM_VLOGP,045,ZMPI,000010,,
00505684390C1FE092EBB251942FC832,Price determination: MtM condition ZMPI is not active for item 000010,CMM_VLOGP,045,ZMPI,000010,,
00505684390C1FE092EBB2519431E832,Price determination: MtM condition ZMPI is not active for item 000010,CMM_VLOGP,045,ZMPI,000010,,
00505684390C1FE092EBB276C5FE4832,Price determination: MtM condition ZMPI is not active for item 000010,CMM_VLOGP,045,ZMPI,000010,,
00505684390C1FE092EBB276C6006832,Price determination: MtM condition ZMPI is not active for item 000010,CMM_VLOGP,045,ZMPI,000010,,
00505684390C1FE092EBB276C6028832,Price determination: MtM condition ZMPI is not active for item 000010,CMM_VLOGP,045,ZMPI,000010,,
00505684390C1FE092EBB288CF462832,Price determination: MtM condition ZMPI is not active for item 000010,CMM_VLOGP,045,ZMPI,000010,,
00505684390C1FE092EBB288CF484832,Price determination: MtM condition ZMPI is not active for item 000010,CMM_VLOGP,045,ZMPI,000010,,
00505684390C1FE092EBB29F59FF0832,Price determination: MtM condition ZMPI is not active for item 000010,CMM_VLOGP,045,ZMPI,000010,,
00505684390C1FE092EBB29F5A012832,Price determination: MtM condition ZMPI is not active for item 000010,CMM_VLOGP,045,ZMPI,000010,,
00505684390C1FE092EBB29F5A034832,Price determination: MtM condition ZMPI is not active for item 000010,CMM_VLOGP,045,ZMPI,000010,,
00505684390C1FE092EBB2B091750832,Price determination: MtM condition ZMPI is not active for item 000010,CMM_VLOGP,045,ZMPI,000010,,
00505684390C1FE092EBB2B091772832,Price determination: MtM condition ZMPI is not active for item 000010,CMM_VLOGP,045,ZMPI,000010,,
00505684390C1FE092EBB2B091794832,Price determination: MtM condition ZMPI is not active for item 000010,CMM_VLOGP,045,ZMPI,000010,,
00505684390C1FE092EBB2D723364832,Price determination: MtM condition ZMPI is not active for item 000010,CMM_VLOGP,045,ZMPI,000010,,
00505684390C1FE092EBB2D7233AA832,Price determination: MtM condition ZMPI is not active for item 000010,CMM_VLOGP,045,ZMPI,000010,,
00505684390C1FE092EBB30145610832,Price determination: MtM condition ZMPI is not active for item 000010,CMM_VLOGP,045,ZMPI,000010,,
00505684390C1FE092EBB3014564C832,Price determination: MtM condition ZMPI is not active for item 000010,CMM_VLOGP,045,ZMPI,000010,,
00505684390C1FE092EBB321E574C832,Price determination: MtM condition ZMPI is not active for item 000010,CMM_VLOGP,045,ZMPI,000010,,
00505684390C1FE092EBB321E576E832,Price determination: MtM condition ZMPI is not active for item 000010,CMM_VLOGP,045,ZMPI,000010,,
00505684390C1FE092EBB32FFF93E832,Price determination: MtM condition ZMPI is not active for item 000010,CMM_VLOGP,045,ZMPI,000010,,
00505684390C1FE092EBB336B2026832,Price determination: MtM condition ZMPI is not active for item 000010,CMM_VLOGP,045,ZMPI,000010,,
00505684390C1FE092EBB34848814832,Price determination: MtM condition ZMPI is not active for item 000010,CMM_VLOGP,045,ZMPI,000010,,
00505684390C1FE092EBB35A99270832,Price determination: MtM condition ZMPI is not active for item 000010,CMM_VLOGP,045,ZMPI,000010,,
00505684390C1FE092EBB37283728832,Price determination: MtM condition ZMPI is not active for item 000010,CMM_VLOGP,045,ZMPI,000010,,
00505684390C1FE092EBB3728374A832,Price determination: MtM condition ZMPI is not active for item 000010,CMM_VLOGP,045,ZMPI,000010,,
00505684390C1FE092EBB3728376C832,Price determination: MtM condition ZMPI is not active for item 000010,CMM_VLOGP,045,ZMPI,000010,,
00505684390C1FE092EBB380B2D8A832,Price determination: MtM condition ZMPI is not active for item 000010,CMM_VLOGP,045,ZMPI,000010,,
00505684390C1FE092EBB39F701D8832,Price determination: MtM condition ZMPI is not active for item 000010,CMM_VLOGP,045,ZMPI,000010,,
00505684390C1FE092EBB3ACDD694832,Price determination: MtM condition ZMPI is not active for item 000010,CMM_VLOGP,045,ZMPI,000010,,
00505684390C1FE092EBB3ACDD6B4832,Price determination: MtM condition ZMPI is not active for item 000010,CMM_VLOGP,045,ZMPI,000010,,
00505684390C1FE092EBB3ACDD6D4832,Price determination: MtM condition ZMPI is not active for item 000010,CMM_VLOGP,045,ZMPI,000010,,
00505684390C1FE092EBB3B9BC7D6832,Price determination: MtM condition ZMPI is not active for item 000010,CMM_VLOGP,045,ZMPI,000010,,
00505684390C1FE092EBB3DC343E0832,Price determination: MtM condition ZMPI is not active for item 000010,CMM_VLOGP,045,ZMPI,000010,,
00505684390C1FE092EBB3E1154FC832,Price determination: MtM condition ZMPI is not active for item 000010,CMM_VLOGP,045,ZMPI,000010,,
00505684390C1FE092EBB3E11551E832,Price determination: MtM condition ZMPI is not active for item 000010,CMM_VLOGP,045,ZMPI,000010,,
00505684390C1FE092EBB3E115540832,Price determination: MtM condition ZMPI is not active for item 000010,CMM_VLOGP,045,ZMPI,000010,,
00505684390C1FE092EBB3ED99A5C832,Price determination: MtM condition ZMPI is not active for item 000010,CMM_VLOGP,045,ZMPI,000010,,
00505684390C1FE092EBB3F3E4C7E832,Price determination: MtM condition ZMPI is not active for item 000010,CMM_VLOGP,045,ZMPI,000010,,
00505684390C1FE092EBB40916014832,Price determination: MtM condition ZMPI is not active for item 000010,CMM_VLOGP,045,ZMPI,000010,,
00505684390C1FE092EBB40916036832,Price determination: MtM condition ZMPI is not active for item 000010,CMM_VLOGP,045,ZMPI,000010,,
00505684390C1FE092EBB40916058832,Price determination: MtM condition ZMPI is not active for item 000010,CMM_VLOGP,045,ZMPI,000010,,
00505684390C1FE092EBB419C173E832,Price determination: MtM condition ZMPI is not active for item 000010,CMM_VLOGP,045,ZMPI,000010,,
00505684390C1FE092EBB42CB9216832,Price determination: MtM condition ZMPI is not active for item 000010,CMM_VLOGP,045,ZMPI,000010,,
00505684390C1FE092EBB433149C4832,Price determination: MtM condition ZMPI is not active for item 000010,CMM_VLOGP,045,ZMPI,000010,,
00505684390C1FE092EBB433149E6832,Price determination: MtM condition ZMPI is not active for item 000010,CMM_VLOGP,045,ZMPI,000010,,
00505684390C1FE092EBB45406718832,Price determination: MtM condition ZMPI is not active for item 000010,CMM_VLOGP,045,ZMPI,000010,,
00505684390C1FE092EBB481D7124832,Price determination: MtM condition ZMPI is not active for item 000010,CMM_VLOGP,045,ZMPI,000010,,
00505684390C1FE092EBB48BBD420832,Price determination: MtM condition ZMPI is not active for item 000010,CMM_VLOGP,045,ZMPI,000010,,
00505684390C1FE092EBB4B1C0226832,Price determination: MtM condition ZMPI is not active for item 000010,CMM_VLOGP,045,ZMPI,000010,,
00505684390C1FE092EBB4B1C0248832,Price determination: MtM condition ZMPI is not active for item 000010,CMM_VLOGP,045,ZMPI,000010,,
00505684390C1FE092EBB4B263CFC832,Price determination: MtM condition ZMPI is not active for item 000010,CMM_VLOGP,045,ZMPI,000010,,
00505684390C1FE092EBB4D8756BA832,Price determination: MtM condition ZMPI is not active for item 000010,CMM_VLOGP,045,ZMPI,000010,,
00505684390C1FE092EBB4E3D94E4832,Price determination: MtM condition ZMPI is not active for item 000010,CMM_VLOGP,045,ZMPI,000010,,
00505684390C1FE092EBB4E3D9506832,Price determination: MtM condition ZMPI is not active for item 000010,CMM_VLOGP,045,ZMPI,000010,,
00505684390C1FE092EBB4FDF4014832,Price determination: MtM condition ZMPI is not active for item 000010,CMM_VLOGP,045,ZMPI,000010,,
00505684390C1FE092EBB4FDF4036832,Price determination: MtM condition ZMPI is not active for item 000010,CMM_VLOGP,045,ZMPI,000010,,
00505684390C1FE092EBB4FEDB828832,Price determination: MtM condition ZMPI is not active for item 000010,CMM_VLOGP,045,ZMPI,000010,,
00505684390C1FE092EBB527BA028832,Price determination: MtM condition ZMPI is not active for item 000010,CMM_VLOGP,045,ZMPI,000010,,
00505684390C1FE092EBB52A9BA44832,Price determination: MtM condition ZMPI is not active for item 000010,CMM_VLOGP,045,ZMPI,000010,,
00505684390C1FE092EBB52A9BA66832,Price determination: MtM condition ZMPI is not active for item 000010,CMM_VLOGP,045,ZMPI,000010,,
00505684390C1FE092EBB52A9BA88832,Price determination: MtM condition ZMPI is not active for item 000010,CMM_VLOGP,045,ZMPI,000010,,
00505684390C1FE092EBB550AC3C8832,Price determination: MtM condition ZMPI is not active for item 000010,CMM_VLOGP,045,ZMPI,000010,,
00505684390C1FE092EBB550AC3EA832,Price determination: MtM condition ZMPI is not active for item 000010,CMM_VLOGP,045,ZMPI,000010,,
00505684390C1FE092EBB550AC40C832,Price determination: MtM condition ZMPI is not active for item 000010,CMM_VLOGP,045,ZMPI,000010,,
00505684390C1FE092EBB5A9D420A832,Price determination: MtM condition ZMPA is not active for item 000010,CMM_VLOGP,045,ZMPA,000010,,
00505684390C1FE092EBB5C22706A832,Price determination: MtM condition ZMPI is not active for item 000010,CMM_VLOGP,045,ZMPI,000010,,
00505684390C1FE092EBB5D10301C832,Price determination: MtM condition ZMPA is not active for item 000010,CMM_VLOGP,045,ZMPA,000010,,
00505684390C1FE092EBB5F71FEE2832,Price determination: MtM condition ZMPI is not active for item 000010,CMM_VLOGP,045,ZMPI,000010,,
00505684390C1FE092EBB60E73FFA832,Price determination: MtM condition ZMPA is not active for item 000010,CMM_VLOGP,045,ZMPA,000010,,
00505684390C1FE092EBB63152BE4832,Price determination: MtM condition ZMPI is not active for item 000010,CMM_VLOGP,045,ZMPI,000010,,
00505684390C1FE092EBB6563F28C832,Price determination: MtM condition ZMPI is not active for item 000010,CMM_VLOGP,045,ZMPI,000010,,
00505684390C1FE092EBB6691CFDE832,Price determination: MtM condition ZMPI is not active for item 000010,CMM_VLOGP,045,ZMPI,000010,,
00505684390C1FE092EBB6691D000832,Price determination: MtM condition ZMPI is not active for item 000010,CMM_VLOGP,045,ZMPI,000010,,
00505684390C1FE092EBB67EA2A32832,Price determination: MtM condition ZMPI is not active for item 000010,CMM_VLOGP,045,ZMPI,000010,,
00505684390C1FE092EBB69590114832,Price determination: MtM condition ZMPI is not active for item 000010,CMM_VLOGP,045,ZMPI,000010,,
00505684390C1FE092EBB6A8A07E0832,Price determination: MtM condition ZMPI is not active for item 000010,CMM_VLOGP,045,ZMPI,000010,,
00505684390C1FE092EBB6A8A0802832,Price determination: MtM condition ZMPI is not active for item 000010,CMM_VLOGP,045,ZMPI,000010,,
00505684390C1FE092EBB6B4A7D2C832,Price determination: MtM condition ZMPI is not active for item 000010,CMM_VLOGP,045,ZMPI,000010,,
00505684390C1FE092EBB6B7FB29E832,Price determination: MtM condition ZMPA is not active for item 000010,CMM_VLOGP,045,ZMPA,000010,,
00505684390C1FE092EBB6CE66F98832,Price determination: MtM condition ZMPI is not active for item 000010,CMM_VLOGP,045,ZMPI,000010,,
00505684390C1FE092EBB6CE66FBA832,Price determination: MtM condition ZMPI is not active for item 000010,CMM_VLOGP,045,ZMPI,000010,,
00505684390C1FE092EBB6DDE6698832,Price determination: MtM condition ZMPI is not active for item 000010,CMM_VLOGP,045,ZMPI,000010,,
00505684390C1FE092EBB6DDE66BA832,Price determination: MtM condition ZMPI is not active for item 000010,CMM_VLOGP,045,ZMPI,000010,,
00505684390C1FE092EBB6DDE66DC832,Price determination: MtM condition ZMPI is not active for item 000010,CMM_VLOGP,045,ZMPI,000010,,
00505684390C1FE092EBB6F768788832,Price determination: MtM condition ZMPI is not active for item 000010,CMM_VLOGP,045,ZMPI,000010,,
00505684390C1FE092EBB7012453C832,Price determination: MtM condition ZMPI is not active for item 000010,CMM_VLOGP,045,ZMPI,000010,,
00505684390C1FE092EBB71419CEA832,Price determination: MtM condition ZMPI is not active for item 000010,CMM_VLOGP,045,ZMPI,000010,,
00505684390C1FE092EBB75F03266832,Price determination: MtM condition ZMPI is not active for item 000010,CMM_VLOGP,045,ZMPI,000010,,
00505684390C1FE092EBB7769E00C832,Price determination: MtM condition ZMPI is not active for item 000010,CMM_VLOGP,045,ZMPI,000010,,
00505684390C1FE092EBB7769E02E832,Price determination: MtM condition ZMPI is not active for item 000010,CMM_VLOGP,045,ZMPI,000010,,
00505684390C1FE092EBB7769E050832,Price determination: MtM condition ZMPI is not active for item 000010,CMM_VLOGP,045,ZMPI,000010,,
00505684390C1FE092EBB7827714E832,Price determination: MtM condition ZMPI is not active for item 000010,CMM_VLOGP,045,ZMPI,000010,,
00505684390C1FE092EBB79BDCB58832,Price determination: MtM condition ZMPI is not active for item 000010,CMM_VLOGP,045,ZMPI,000010,,
00505684390C1FE092EBB7C56A1E0832,Price determination: MtM condition ZMPI is not active for item 000010,CMM_VLOGP,045,ZMPI,000010,,
00505684390C1FE092EBB7C56A202832,Price determination: MtM condition ZMPI is not active for item 000010,CMM_VLOGP,045,ZMPI,000010,,
00505684390C1FE092EBB7E6DD99E832,Price determination: MtM condition ZMPI is not active for item 000010,CMM_VLOGP,045,ZMPI,000010,,
00505684390C1FE092EBB7E961530832,Price determination: MtM condition ZMPI is not active for item 000010,CMM_VLOGP,045,ZMPI,000010,,
00505684390C1FE092EBB813521BE832,Price determination: MtM condition ZMPI is not active for item 000010,CMM_VLOGP,045,ZMPI,000010,,
00505684390C1FE092EBB83244BBC832,Price determination: MtM condition ZMPI is not active for item 000010,CMM_VLOGP,045,ZMPI,000010,,
00505684390C1FE092EBB85D758AE832,Price determination: MtM condition ZMPI is not active for item 000010,CMM_VLOGP,045,ZMPI,000010,,
00505684390C1FE092EBB87FBCB5C832,Price determination: MtM condition ZMPI is not active for item 000010,CMM_VLOGP,045,ZMPI,000010,,
00505684390C1FE092EBB8A9ADE5A832,Price determination: MtM condition ZMPI is not active for item 000010,CMM_VLOGP,045,ZMPI,000010,,
00505684390C1FE092EBB8BC68822832,Price determination: MtM condition ZMPI is not active for item 000010,CMM_VLOGP,045,ZMPI,000010,,
00505684390C1FE092EBB8CBD7D60832,Price determination: MtM condition ZMPI is not active for item 000010,CMM_VLOGP,045,ZMPI,000010,,
00505684390C1FE092EBB8CBD7D82832,Price determination: MtM condition ZMPI is not active for item 000010,CMM_VLOGP,045,ZMPI,000010,,
00505684390C1FE092EBB8CBD7DA4832,Price determination: MtM condition ZMPI is not active for item 000010,CMM_VLOGP,045,ZMPI,000010,,
00505684390C1FE092EBB8CBD7DC6832,Price determination: MtM condition ZMPI is not active for item 000010,CMM_VLOGP,045,ZMPI,000010,,
00505684390C1FE092EBB8E882230832,Price determination: MtM condition ZMPI is not active for item 000010,CMM_VLOGP,045,ZMPI,000010,,
00505684390C1FE092EBB92EF2058832,Price determination: MtM condition ZMPI is not active for item 000010,CMM_VLOGP,045,ZMPI,000010,,
00505684390C1FE092EBB99DE56E0832,Price determination: MtM condition ZMPI is not active for item 000010,CMM_VLOGP,045,ZMPI,000010,,
00505684390C1FE092EBB9B6B2330832,Price determination: MtM condition ZMPI is not active for item 000010,CMM_VLOGP,045,ZMPI,000010,,
00505684390C1FE092EBB9B781B94832,Price determination: MtM condition ZMPI is not active for item 000010,CMM_VLOGP,045,ZMPI,000010,,
00505684390C1FE092EBB9B781BB6832,Price determination: MtM condition ZMPI is not active for item 000010,CMM_VLOGP,045,ZMPI,000010,,
00505684390C1FE092EBB9B781BD8832,Price determination: MtM condition ZMPI is not active for item 000010,CMM_VLOGP,045,ZMPI,000010,,
00505684390C1FE092EBBA7443228832,Price determination: MtM condition ZMPI is not active for item 000010,CMM_VLOGP,045,ZMPI,000010,,
00505684390C1FE092EBBA744324A832,Price determination: MtM condition ZMPI is not active for item 000010,CMM_VLOGP,045,ZMPI,000010,,
00505684390C1FE092EBBA744326C832,Price determination: MtM condition ZMPI is not active for item 000010,CMM_VLOGP,045,ZMPI,000010,,
00505684390C1FE092EBBA95276D6832,Price determination: MtM condition ZMPI is not active for item 000010,CMM_VLOGP,045,ZMPI,000010,,
00505684390C1FE092EBBA95276F8832,Price determination: MtM condition ZMPI is not active for item 000010,CMM_VLOGP,045,ZMPI,000010,,
00505684390C1FE092EBBAE12C222832,Price determination: MtM condition ZMPI is not active for item 000010,CMM_VLOGP,045,ZMPI,000010,,
00505684390C1FE092EBBAE12C244832,Price determination: MtM condition ZMPI is not active for item 000010,CMM_VLOGP,045,ZMPI,000010,,
00505684390C1FE092EBBB0760D6E832,Price determination: MtM condition ZMPI is not active for item 000010,CMM_VLOGP,045,ZMPI,000010,,
00505684390C1FE092EBBB0760D90832,Price determination: MtM condition ZMPI is not active for item 000010,CMM_VLOGP,045,ZMPI,000010,,
00505684390C1FE092EBBB0760DB2832,Price determination: MtM condition ZMPI is not active for item 000010,CMM_VLOGP,045,ZMPI,000010,,
00505684390C1FE092EBBB07CD5C0832,Price determination: MtM condition ZMPI is not active for item 000010,CMM_VLOGP,045,ZMPI,000010,,
00505684390C1FE092EBBB67088D8832,Price determination: MtM condition ZMPA is not active for item 000010,CMM_VLOGP,045,ZMPA,000010,,
00505684390C1FE092EBBB7B6391C832,Price determination: MtM condition ZMPI is not active for item 000010,CMM_VLOGP,045,ZMPI,000010,,
00505684390C1FE092EBBB7B6393E832,Price determination: MtM condition ZMPI is not active for item 000010,CMM_VLOGP,045,ZMPI,000010,,
00505684390C1FE092EBBBA400E5C832,Price determination: MtM condition ZMPI is not active for item 000010,CMM_VLOGP,045,ZMPI,000010,,
00505684390C1FE092EBBBCB12E7C832,Price determination: MtM condition ZMPI is not active for item 000010,CMM_VLOGP,045,ZMPI,000010,,
00505684390C1FE092EBBC15C2ED6832,Price determination: MtM condition ZMPI is not active for item 000010,CMM_VLOGP,045,ZMPI,000010,,
00505684390C1FE092EBBC42703FC832,Price determination: MtM condition ZMPI is not active for item 000010,CMM_VLOGP,045,ZMPI,000010,,
00505684390C1FE092EBBC427041E832,Price determination: MtM condition ZMPI is not active for item 000010,CMM_VLOGP,045,ZMPI,000010,,
00505684390C1FE092EBBC5E88BEA832,Price determination: MtM condition ZMPI is not active for item 000010,CMM_VLOGP,045,ZMPI,000010,,
00505684390C1FE092EBBD2A2221C832,Price determination: MtM condition ZMPI is not active for item 000010,CMM_VLOGP,045,ZMPI,000010,,
00505684390C1FE092EBBD698CDA0832,Price determination: MtM condition ZMPI is not active for item 000010,CMM_VLOGP,045,ZMPI,000010,,
00505684390C1FE092EBBD698CDC2832,Price determination: MtM condition ZMPI is not active for item 000010,CMM_VLOGP,045,ZMPI,000010,,
00505684390C1FE092EBBD698CDE4832,Price determination: MtM condition ZMPI is not active for item 000010,CMM_VLOGP,045,ZMPI,000010,,
00505684390C1FE092EBBD9221E18832,Price determination: MtM condition ZMPI is not active for item 000010,CMM_VLOGP,045,ZMPI,000010,,
00505684390C1FE092EBBD9221E3A832,Price determination: MtM condition ZMPI is not active for item 000010,CMM_VLOGP,045,ZMPI,000010,,
00505684390C1FE092EBBD9221E5C832,Price determination: MtM condition ZMPI is not active for item 000010,CMM_VLOGP,045,ZMPI,000010,,
00505684390C1FE092EBBD9221E7E832,Price determination: MtM condition ZMPI is not active for item 000010,CMM_VLOGP,045,ZMPI,000010,,
00505684390C1FE092EBBDDFCE314832,Price determination: MtM condition ZMPI is not active for item 000010,CMM_VLOGP,045,ZMPI,000010,,
00505684390C1FE092EBBF330A724832,No commodity pricing formula could be found for document 5000003637,CMM_ANALYTICS,003,5000003637,,,
00505684390C1FE092EBBF330A75C832,No commodity pricing formula could be found for document 7000001823,CMM_ANALYTICS,003,7000001823,,,
00505684390C1FE092EBBFA75D70A832,Price determination: MtM condition ZMPI is not active for item 000010,CMM_VLOGP,045,ZMPI,000010,,
00505684390C1FE092EBC077B7832832,Price determination: MtM condition ZMPI is not active for item 000010,CMM_VLOGP,045,ZMPI,000010,,
00505684390C1FE092EBC077B7854832,Price determination: MtM condition ZMPI is not active for item 000010,CMM_VLOGP,045,ZMPI,000010,,
00505684390C1FE092EBC149AB198832,Price determination: MtM condition ZMPI is not active for item 000010,CMM_VLOGP,045,ZMPI,000010,,
00505684390C1FE092EBC167A4F4C832,Price determination: MtM condition ZMPI is not active for item 000010,CMM_VLOGP,045,ZMPI,000010,,
00505684390C1FE092EBC28F59A66832,Price determination: MtM condition ZMPI is not active for item 000010,CMM_VLOGP,045,ZMPI,000010,,
00505684390C1FE092EBC2B4E7664832,Price determination: MtM condition ZMPI is not active for item 000010,CMM_VLOGP,045,ZMPI,000010,,
00505684390C1FE092EBC2B4E7686832,Price determination: MtM condition ZMPI is not active for item 000010,CMM_VLOGP,045,ZMPI,000010,,
00505684390C1FE092EBC2B4E76A8832,Price determination: MtM condition ZMPI is not active for item 000010,CMM_VLOGP,045,ZMPI,000010,,
00505684390C1FE092EBC2E07DF58832,Price determination: MtM condition ZMPI is not active for item 000010,CMM_VLOGP,045,ZMPI,000010,,
00505684390C1FE092EBC2E07DF7A832,Price determination: MtM condition ZMPI is not active for item 000010,CMM_VLOGP,045,ZMPI,000010,,
00505684390C1FE092EBC34F4194C832,Price determination: MtM condition ZMPI is not active for item 000010,CMM_VLOGP,045,ZMPI,000010,,
00505684390C1FE092EBC37711140832,Price determination: MtM condition ZMPA is not active for item 000010,CMM_VLOGP,045,ZMPA,000010,,
00505684390C1FE092EBC39A43F14832,Price determination: MtM condition ZMPI is not active for item 000010,CMM_VLOGP,045,ZMPI,000010,,
00505684390C1FE092EBC3BF0462E832,Price determination: MtM condition ZMPI is not active for item 000010,CMM_VLOGP,045,ZMPI,000010,,
00505684390C1FE092EBC3E6F5F66832,Price determination: MtM condition ZMPI is not active for item 000010,CMM_VLOGP,045,ZMPI,000010,,
00505684390C1FE092EBC3E6F5F88832,Price determination: MtM condition ZMPI is not active for item 000010,CMM_VLOGP,045,ZMPI,000010,,
00505684390C1FE092EBC41021790832,Price determination: MtM condition ZMPI is not active for item 000010,CMM_VLOGP,045,ZMPI,000010,,
00505684390C1FE092EBC410217B2832,Price determination: MtM condition ZMPI is not active for item 000010,CMM_VLOGP,045,ZMPI,000010,,
00505684390C1FE092EBC4DD8C24E832,Price determination: MtM condition ZMPI is not active for item 000010,CMM_VLOGP,045,ZMPI,000010,,
00505684390C1FE092EBC507D3C2C832,Price determination: MtM condition ZMPI is not active for item 000010,CMM_VLOGP,045,ZMPI,000010,,
00505684390C1FE092EBC507D3C4E832,Price determination: MtM condition ZMPI is not active for item 000010,CMM_VLOGP,045,ZMPI,000010,,
00505684390C1FE092EBC507D3C70832,Price determination: MtM condition ZMPI is not active for item 000010,CMM_VLOGP,045,ZMPI,000010,,
00505684390C1FE092EBC610FAD82832,Price determination: MtM condition ZMPI is not active for item 000010,CMM_VLOGP,045,ZMPI,000010,,
00505684390C1FE092EBC6A6CEEEE832,Price determination: MtM condition ZMPI is not active for item 000010,CMM_VLOGP,045,ZMPI,000010,,
00505684390C1FE092EBC6A6CEF10832,Price determination: MtM condition ZMPI is not active for item 000010,CMM_VLOGP,045,ZMPI,000010,,
00505684390C1FE092EBC6CF08C74832,Price determination: MtM condition ZMPI is not active for item 000010,CMM_VLOGP,045,ZMPI,000010,,
00505684390C1FE092EBC6CF08C96832,Price determination: MtM condition ZMPI is not active for item 000010,CMM_VLOGP,045,ZMPI,000010,,
00505684390C1FE092EBCA032E140832,Price determination: MtM condition ZMPI is not active for item 000010,CMM_VLOGP,045,ZMPI,000010,,
00505684390C1FE092EBCA032E162832,Price determination: MtM condition ZMPI is not active for item 000010,CMM_VLOGP,045,ZMPI,000010,,
00505684390C1FE092EBCAC42F8A6832,Price determination: MtM condition ZMPI is not active for item 000010,CMM_VLOGP,045,ZMPI,000010,,
00505684390C1FE092EBCB0CFACF8832,Price determination: MtM condition ZMPI is not active for item 000010,CMM_VLOGP,045,ZMPI,000010,,
00505684390C1FE092EBCB236735A832,Price determination: MtM condition ZMPI is not active for item 000010,CMM_VLOGP,045,ZMPI,000010,,
00505684390C1FE092EBCBBAA38EE832,Price determination: MtM condition ZMPI is not active for item 000010,CMM_VLOGP,045,ZMPI,000010,,
00505684390C1FE092EBCBBF48FA0832,Price determination: MtM condition ZMPI is not active for item 000010,CMM_VLOGP,045,ZMPI,000010,,
00505684390C1FE092EBCBBF48FC2832,Price determination: MtM condition ZMPI is not active for item 000010,CMM_VLOGP,045,ZMPI,000010,,
00505684390C1FE092EBCBBF48FE4832,Price determination: MtM condition ZMPI is not active for item 000010,CMM_VLOGP,045,ZMPI,000010,,
00505684390C1FE092EBCBDE95738832,Price determination: MtM condition ZMPI is not active for item 000010,CMM_VLOGP,045,ZMPI,000010,,
00505684390C1FE092EBCBDE9575A832,Price determination: MtM condition ZMPI is not active for item 000010,CMM_VLOGP,045,ZMPI,000010,,
00505684390C1FE092EBCBDE9C42A832,Price determination: MtM condition ZMPI is not active for item 000010,CMM_VLOGP,045,ZMPI,000010,,
00505684390C1FE092EBCC0570104832,Price determination: MtM condition ZMPI is not active for item 000010,CMM_VLOGP,045,ZMPI,000010,,
00505684390C1FE092EBCC0570126832,Price determination: MtM condition ZMPI is not active for item 000010,CMM_VLOGP,045,ZMPI,000010,,
00505684390C1FE092EBCD48852E2832,Price determination: MtM condition ZMPI is not active for item 000010,CMM_VLOGP,045,ZMPI,000010,,
00505684390C1FE092EBCD4885304832,Price determination: MtM condition ZMPI is not active for item 000010,CMM_VLOGP,045,ZMPI,000010,,
00505684390C1FE092EBCD6895A5C832,Price determination: MtM condition ZMPI is not active for item 000010,CMM_VLOGP,045,ZMPI,000010,,
00505684390C1FE092EBCD814B88E832,Price determination: MtM condition ZMPI is not active for item 000010,CMM_VLOGP,045,ZMPI,000010,,
00505684390C1FE092EBCD82FC70C832,Price determination: MtM condition ZMPI is not active for item 000010,CMM_VLOGP,045,ZMPI,000010,,
00505684390C1FE092EBCD82FC72E832,Price determination: MtM condition ZMPI is not active for item 000010,CMM_VLOGP,045,ZMPI,000010,,
00505684390C1FE092EBCD82FC750832,Price determination: MtM condition ZMPI is not active for item 000010,CMM_VLOGP,045,ZMPI,000010,,
00505684390C1FE092EBCDB240220832,Price determination: MtM condition ZMPI is not active for item 000010,CMM_VLOGP,045,ZMPI,000010,,
00505684390C1FE092EBCDB240242832,Price determination: MtM condition ZMPI is not active for item 000010,CMM_VLOGP,045,ZMPI,000010,,
00505684390C1FE092EBCDD2FACB8832,Price determination: MtM condition ZMPI is not active for item 000010,CMM_VLOGP,045,ZMPI,000010,,
00505684390C1FE092EBCDD2FACDA832,Price determination: MtM condition ZMPI is not active for item 000010,CMM_VLOGP,045,ZMPI,000010,,
00505684390C1FE092EBCDD2FACFC832,Price determination: MtM condition ZMPI is not active for item 000010,CMM_VLOGP,045,ZMPI,000010,,
00505684390C1FE092EBCDE0A353C832,Price determination: MtM condition ZMPI is not active for item 000010,CMM_VLOGP,045,ZMPI,000010,,
00505684390C1FE092EBCDF39D576832,Price determination: MtM condition ZMPI is not active for item 000010,CMM_VLOGP,045,ZMPI,000010,,
00505684390C1FE092EBCDF39D598832,Price determination: MtM condition ZMPI is not active for item 000010,CMM_VLOGP,045,ZMPI,000010,,
00505684390C1FE092EBCDF8717E4832,Price determination: MtM condition ZMPI is not active for item 000010,CMM_VLOGP,045,ZMPI,000010,,
00505684390C1FE092EBCDF871806832,Price determination: MtM condition ZMPI is not active for item 000010,CMM_VLOGP,045,ZMPI,000010,,
00505684390C1FE092EBCE0D54634832,Price determination: MtM condition ZMPI is not active for item 000010,CMM_VLOGP,045,ZMPI,000010,,
00505684390C1FE092EBCE0D54656832,Price determination: MtM condition ZMPI is not active for item 000010,CMM_VLOGP,045,ZMPI,000010,,
00505684390C1FE092EBCE22F0C40832,Price determination: MtM condition ZMPI is not active for item 000010,CMM_VLOGP,045,ZMPI,000010,,
00505684390C1FE092EBCE22F0C62832,Price determination: MtM condition ZMPI is not active for item 000010,CMM_VLOGP,045,ZMPI,000010,,
00505684390C1FE092EBCE40DDD26832,Price determination: MtM condition ZMPI is not active for item 000010,CMM_VLOGP,045,ZMPI,000010,,
00505684390C1FE092EBCE435F1A2832,Price determination: MtM condition ZMPI is not active for item 000010,CMM_VLOGP,045,ZMPI,000010,,
00505684390C1FE092EBCE7AF6014832,Price determination: MtM condition ZMPI is not active for item 000010,CMM_VLOGP,045,ZMPI,000010,,
00505684390C1FE092EBCE8DB7714832,Price determination: MtM condition ZMPI is not active for item 000010,CMM_VLOGP,045,ZMPI,000010,,
00505684390C1FE092EBCE8DB7736832,Price determination: MtM condition ZMPI is not active for item 000010,CMM_VLOGP,045,ZMPI,000010,,
00505684390C1FE092EBCE9FA4DD4832,Price determination: MtM condition ZMPI is not active for item 000010,CMM_VLOGP,045,ZMPI,000010,,
00505684390C1FE092EBCE9FA4DF6832,Price determination: MtM condition ZMPI is not active for item 000010,CMM_VLOGP,045,ZMPI,000010,,
00505684390C1FE092EBCEBA8BF8C832,Price determination: MtM condition ZMPI is not active for item 000010,CMM_VLOGP,045,ZMPI,000010,,
00505684390C1FE092EBCEBA8BFAE832,Price determination: MtM condition ZMPI is not active for item 000010,CMM_VLOGP,045,ZMPI,000010,,
00505684390C1FE092EBCEBA8BFD0832,Price determination: MtM condition ZMPI is not active for item 000010,CMM_VLOGP,045,ZMPI,000010,,
00505684390C1FE092EBCF77284EC832,Price determination: MtM condition ZMPI is not active for item 000010,CMM_VLOGP,045,ZMPI,000010,,
00505684390C1FE092EBCF772850E832,Price determination: MtM condition ZMPI is not active for item 000010,CMM_VLOGP,045,ZMPI,000010,,
00505684390C1FE092EBCFBE47A9E832,Price determination: MtM condition ZMPI is not active for item 000010,CMM_VLOGP,045,ZMPI,000010,,
00505684390C1FE092EBCFBE47AC0832,Price determination: MtM condition ZMPI is not active for item 000010,CMM_VLOGP,045,ZMPI,000010,,
00505684390C1FE092EBD0F15D2E8832,Price determination: MtM condition ZMPI is not active for item 000010,CMM_VLOGP,045,ZMPI,000010,,
00505684390C1FE092EBD1D372672832,Price determination: MtM condition ZMPI is not active for item 000010,CMM_VLOGP,045,ZMPI,000010,,
00505684390C1FE092EBD2001C46A832,Price determination: MtM condition ZMPI is not active for item 000010,CMM_VLOGP,045,ZMPI,000010,,
00505684390C1FE092EBD22466CD8832,Price determination: MtM condition ZMPI is not active for item 000010,CMM_VLOGP,045,ZMPI,000010,,
00505684390C1FE092EBD245F53D2832,Price determination: MtM condition ZMPI is not active for item 000010,CMM_VLOGP,045,ZMPI,000010,,
00505684390C1FE092EBD245F53F4832,Price determination: MtM condition ZMPI is not active for item 000010,CMM_VLOGP,045,ZMPI,000010,,
00505684390C1FE092EBD3DF2A4B0832,Price determination: MtM condition ZMPI is not active for item 000010,CMM_VLOGP,045,ZMPI,000010,,
00505684390C1FE092EBD3DF2A4D2832,Price determination: MtM condition ZMPI is not active for item 000010,CMM_VLOGP,045,ZMPI,000010,,
00505684390C1FE092EBD3FFF6FBC832,Price determination: MtM condition ZMPI is not active for item 000010,CMM_VLOGP,045,ZMPI,000010,,
00505684390C1FE092EBD422D36FA832,Price determination: MtM condition ZMPI is not active for item 000010,CMM_VLOGP,045,ZMPI,000010,,
00505684390C1FE092EBD422D371C832,Price determination: MtM condition ZMPI is not active for item 000010,CMM_VLOGP,045,ZMPI,000010,,
00505684390C1FE092EBD46FEB61C832,Price determination: MtM condition ZMPI is not active for item 000010,CMM_VLOGP,045,ZMPI,000010,,
00505684390C1FE092EBD496AFA9C832,Price determination: MtM condition ZMPI is not active for item 000010,CMM_VLOGP,045,ZMPI,000010,,
00505684390C1FE092EBD496AFABE832,Price determination: MtM condition ZMPI is not active for item 000010,CMM_VLOGP,045,ZMPI,000010,,
00505684390C1FE092EBD4BB9DA4C832,Price determination: MtM condition ZMPI is not active for item 000010,CMM_VLOGP,045,ZMPI,000010,,
00505684390C1FE092EBD4BB9DA6E832,Price determination: MtM condition ZMPI is not active for item 000010,CMM_VLOGP,045,ZMPI,000010,,
00505684390C1FE092EBD4E1D2F2C832,Price determination: MtM condition ZMPI is not active for item 000010,CMM_VLOGP,045,ZMPI,000010,,
00505684390C1FE092EBD4E1D2F4E832,Price determination: MtM condition ZMPI is not active for item 000010,CMM_VLOGP,045,ZMPI,000010,,
00505684390C1FE092EBD4E1D2F70832,Price determination: MtM condition ZMPI is not active for item 000010,CMM_VLOGP,045,ZMPI,000010,,
00505684390C1FE092EBD553D51D0832,Price determination: MtM condition ZMPI is not active for item 000010,CMM_VLOGP,045,ZMPI,000010,,
00505684390C1FE092EBD553D51F2832,Price determination: MtM condition ZMPI is not active for item 000010,CMM_VLOGP,045,ZMPI,000010,,
00505684390C1FE092EBD57B0C3B0832,Price determination: MtM condition ZMPI is not active for item 000010,CMM_VLOGP,045,ZMPI,000010,,
00505684390C1FE092EBD5ECF0424832,Price determination: MtM condition ZMPI is not active for item 000010,CMM_VLOGP,045,ZMPI,000010,,
00505684390C1FE092EBD63E210DA832,Price determination: MtM condition ZMPI is not active for item 000010,CMM_VLOGP,045,ZMPI,000010,,
00505684390C1FE092EBD65F0B474832,Price determination: MtM condition ZMPI is not active for item 000010,CMM_VLOGP,045,ZMPI,000010,,
00505684390C1FE092EBD689BD740832,Price determination: MtM condition ZMPI is not active for item 000010,CMM_VLOGP,045,ZMPI,000010,,
00505684390C1FE092EBD6D1714AA832,Price determination: MtM condition ZMPI is not active for item 000010,CMM_VLOGP,045,ZMPI,000010,,
00505684390C1FE092EBD6E83E9E4832,Price determination: MtM condition ZMPI is not active for item 000010,CMM_VLOGP,045,ZMPI,000010,,
00505684390C1FE092EBD6F782B06832,Price determination: MtM condition ZMPI is not active for item 000010,CMM_VLOGP,045,ZMPI,000010,,
00505684390C1FE092EBD6F782B28832,Price determination: MtM condition ZMPI is not active for item 000010,CMM_VLOGP,045,ZMPI,000010,,
00505684390C1FE092EBD7201D988832,Price determination: MtM condition ZMPI is not active for item 000010,CMM_VLOGP,045,ZMPI,000010,,
00505684390C1FE092EBD7201D9AA832,Price determination: MtM condition ZMPI is not active for item 000010,CMM_VLOGP,045,ZMPI,000010,,
00505684390C1FE092EBD7201D9CC832,Price determination: MtM condition ZMPI is not active for item 000010,CMM_VLOGP,045,ZMPI,000010,,
00505684390C1FE092EBD74C1485C832,Price determination: MtM condition ZMPI is not active for item 000010,CMM_VLOGP,045,ZMPI,000010,,
00505684390C1FE092EBD7DC8F946832,Price determination: MtM condition ZMPI is not active for item 000010,CMM_VLOGP,045,ZMPI,000010,,
00505684390C1FE092EBD83F59A56832,Price determination: MtM condition ZMPI is not active for item 000010,CMM_VLOGP,045,ZMPI,000010,,
00505684390C1FE092EBD855D1D44832,Price determination: MtM condition ZMPI is not active for item 000010,CMM_VLOGP,045,ZMPI,000010,,
00505684390C1FE092EBDB02E5560832,Price determination: MtM condition ZMPI is not active for item 000010,CMM_VLOGP,045,ZMPI,000010,,
00505684390C1FE092EBDBA1A045C832,Price determination: MtM condition ZMPI is not active for item 000010,CMM_VLOGP,045,ZMPI,000010,,
00505684390C1FE092EBDBC112718832,Price determination: MtM condition ZMPA is not active for item 000010,CMM_VLOGP,045,ZMPA,000010,,
00505684390C1FE092EBDC921D09C832,Price determination: MtM condition ZMPA is not active for item 000010,CMM_VLOGP,045,ZMPA,000010,,
00505684390C1FE092EBDCA12DD4A832,Price determination: MtM condition ZMPI is not active for item 000010,CMM_VLOGP,045,ZMPI,000010,,
00505684390C1FE092EBDCEE771F8832,Price determination: MtM condition ZMPA is not active for item 000010,CMM_VLOGP,045,ZMPA,000010,,
00505684390C1FE092EBDCEE77218832,Price determination: MtM condition ZMPA is not active for item 000010,CMM_VLOGP,045,ZMPA,000010,,
00505684390C1FE092EBDCEE77238832,Price determination: MtM condition ZMPA is not active for item 000010,CMM_VLOGP,045,ZMPA,000010,,
00505684390C1FE092EBDCEE77258832,Price determination: MtM condition ZMPA is not active for item 000010,CMM_VLOGP,045,ZMPA,000010,,
00505684390C1FE092EBDD13F3AD6832,Price determination: MtM condition ZMPA is not active for item 000010,CMM_VLOGP,045,ZMPA,000010,,
00505684390C1FE092EBDD13F3AF6832,Price determination: MtM condition ZMPA is not active for item 000010,CMM_VLOGP,045,ZMPA,000010,,
00505684390C1FE092EBDD1DF78EC832,Price determination: MtM condition ZMPI is not active for item 000010,CMM_VLOGP,045,ZMPI,000010,,
00505684390C1FE092EBDD72E8BB8832,Price determination: MtM condition ZMPA is not active for item 000010,CMM_VLOGP,045,ZMPA,000010,,
00505684390C1FE092EBDDF90A218832,Price determination: MtM condition ZMPA is not active for item 000010,CMM_VLOGP,045,ZMPA,000010,,
00505684390C1FE092EBDE57D70A6832,Price determination: MtM condition ZMPA is not active for item 000010,CMM_VLOGP,045,ZMPA,000010,,
00505684390C1FE092EBDEA526380832,Price determination: MtM condition ZMPA is not active for item 000010,CMM_VLOGP,045,ZMPA,000010,,
00505684390C1FE092EBE42965EAE832,Price determination: MtM condition ZMPI is not active for item 000010,CMM_VLOGP,045,ZMPI,000010,,
00505684390C1FE092EBE44E79824832,Price determination: MtM condition ZMPI is not active for item 000010,CMM_VLOGP,045,ZMPI,000010,,
00505684390C1FE092EBE44E79846832,Price determination: MtM condition ZMPI is not active for item 000010,CMM_VLOGP,045,ZMPI,000010,,
00505684390C1FE092EBE44E79868832,Price determination: MtM condition ZMPI is not active for item 000010,CMM_VLOGP,045,ZMPI,000010,,
00505684390C1FE092EBE47AA13E8832,Price determination: MtM condition ZMPI is not active for item 000010,CMM_VLOGP,045,ZMPI,000010,,
00505684390C1FE092EBE47AA140A832,Price determination: MtM condition ZMPI is not active for item 000010,CMM_VLOGP,045,ZMPI,000010,,
00505684390C1FE092EBE47AA142C832,Price determination: MtM condition ZMPI is not active for item 000010,CMM_VLOGP,045,ZMPI,000010,,
00505684390C1FE092EBE499F34CA832,Price determination: MtM condition ZMPI is not active for item 000010,CMM_VLOGP,045,ZMPI,000010,,
00505684390C1FE092EBE499F34EC832,Price determination: MtM condition ZMPI is not active for item 000010,CMM_VLOGP,045,ZMPI,000010,,
00505684390C1FE092EBE4C1D52DC832,Price determination: MtM condition ZMPI is not active for item 000010,CMM_VLOGP,045,ZMPI,000010,,
00505684390C1FE092EBE4C1D52FE832,Price determination: MtM condition ZMPI is not active for item 000010,CMM_VLOGP,045,ZMPI,000010,,
00505684390C1FE092EBE4C1D5320832,Price determination: MtM condition ZMPI is not active for item 000010,CMM_VLOGP,045,ZMPI,000010,,
00505684390C1FE092EBE4F06B8E4832,Price determination: MtM condition ZMPI is not active for item 000010,CMM_VLOGP,045,ZMPI,000010,,
00505684390C1FE092EBE4F06B906832,Price determination: MtM condition ZMPI is not active for item 000010,CMM_VLOGP,045,ZMPI,000010,,
00505684390C1FE092EBE50E523D0832,Price determination: MtM condition ZMPI is not active for item 000010,CMM_VLOGP,045,ZMPI,000010,,
00505684390C1FE092EBE50E523F2832,Price determination: MtM condition ZMPI is not active for item 000010,CMM_VLOGP,045,ZMPI,000010,,
00505684390C1FE092EBE50E52414832,Price determination: MtM condition ZMPI is not active for item 000010,CMM_VLOGP,045,ZMPI,000010,,
00505684390C1FE092EBE539D316C832,Price determination: MtM condition ZMPI is not active for item 000010,CMM_VLOGP,045,ZMPI,000010,,
00505684390C1FE092EBE539D318E832,Price determination: MtM condition ZMPI is not active for item 000010,CMM_VLOGP,045,ZMPI,000010,,
00505684390C1FE092EBE539D31B0832,Price determination: MtM condition ZMPI is not active for item 000010,CMM_VLOGP,045,ZMPI,000010,,
00505684390C1FE092EBE558F794C832,Price determination: MtM condition ZMPI is not active for item 000010,CMM_VLOGP,045,ZMPI,000010,,
00505684390C1FE092EBE558F796E832,Price determination: MtM condition ZMPI is not active for item 000010,CMM_VLOGP,045,ZMPI,000010,,
00505684390C1FE092EBE57F3FC78832,Price determination: MtM condition ZMPI is not active for item 000010,CMM_VLOGP,045,ZMPI,000010,,
00505684390C1FE092EBE57F3FC9A832,Price determination: MtM condition ZMPI is not active for item 000010,CMM_VLOGP,045,ZMPI,000010,,
00505684390C1FE092EBE57F3FCBC832,Price determination: MtM condition ZMPI is not active for item 000010,CMM_VLOGP,045,ZMPI,000010,,
00505684390C1FE092EBE8A5E218A832,Price determination: MtM condition ZMPI is not active for item 000010,CMM_VLOGP,045,ZMPI,000010,,
00505684390C1FE092EBE8A5E21AC832,Price determination: MtM condition ZMPI is not active for item 000010,CMM_VLOGP,045,ZMPI,000010,,
00505684390C1FE092EBE8C64F5EA832,Price determination: MtM condition ZMPI is not active for item 000010,CMM_VLOGP,045,ZMPI,000010,,
00505684390C1FE092EBE8C64F60C832,Price determination: MtM condition ZMPI is not active for item 000010,CMM_VLOGP,045,ZMPI,000010,,
00505684390C1FE092EBE8F45D1EC832,Price determination: MtM condition ZMPI is not active for item 000010,CMM_VLOGP,045,ZMPI,000010,,
00505684390C1FE092EBE939D5828832,Price determination: MtM condition ZMPI is not active for item 000010,CMM_VLOGP,045,ZMPI,000010,,
00505684390C1FE092EBE939D584A832,Price determination: MtM condition ZMPI is not active for item 000010,CMM_VLOGP,045,ZMPI,000010,,
00505684390C1FE092EBE939D586C832,Price determination: MtM condition ZMPI is not active for item 000010,CMM_VLOGP,045,ZMPI,000010,,
00505684390C1FE092EBECD01D95A832,Price determination: MtM condition ZMPI is not active for item 000010,CMM_VLOGP,045,ZMPI,000010,,
00505684390C1FE092EBECD01D97C832,Price determination: MtM condition ZMPI is not active for item 000010,CMM_VLOGP,045,ZMPI,000010,,
00505684390C1FE092EBED677EC6C832,Price determination: MtM condition ZMPI is not active for item 000010,CMM_VLOGP,045,ZMPI,000010,,
00505684390C1FE092EBEE9BC189E832,Price determination: MtM condition ZMPI is not active for item 000010,CMM_VLOGP,045,ZMPI,000010,,
00505684390C1FE092EBEE9BC18C0832,Price determination: MtM condition ZMPI is not active for item 000010,CMM_VLOGP,045,ZMPI,000010,,
00505684390C1FE092EBEF0B13E6C832,Price determination: MtM condition ZMPI is not active for item 000010,CMM_VLOGP,045,ZMPI,000010,,
00505684390C1FE092EBF06151FB4832,Price determination: MtM condition ZMPA is not active for item 000010,CMM_VLOGP,045,ZMPA,000010,,
00505684390C1FE092EBF06151FE0832,Price determination: MtM condition ZMPA is not active for item 000010,CMM_VLOGP,045,ZMPA,000010,,
00505684390C1FE092EBF0615200C832,Price determination: MtM condition ZMPA is not active for item 000010,CMM_VLOGP,045,ZMPA,000010,,
00505684390C1FE092EBF0861C46A832,Price determination: MtM condition ZMPA is not active for item 000010,CMM_VLOGP,045,ZMPA,000010,,
00505684390C1FE092EBF0861C490832,Price determination: MtM condition ZMPA is not active for item 000010,CMM_VLOGP,045,ZMPA,000010,,
00505684390C1FE092EBF0861C4BC832,Price determination: MtM condition ZMPA is not active for item 000010,CMM_VLOGP,045,ZMPA,000010,,
00505684390C1FE092EBF11E4537C832,Price determination: MtM condition ZMPI is not active for item 000010,CMM_VLOGP,045,ZMPI,000010,,
00505684390C1FE092EBF1DD513E8832,Price determination: MtM condition ZMPI is not active for item 000010,CMM_VLOGP,045,ZMPI,000010,,
00505684390C1FE092EBF2C4FB63E832,Price determination: MtM condition ZMPI is not active for item 000010,CMM_VLOGP,045,ZMPI,000010,,
00505684390C1FE092EBF2C4FB660832,Price determination: MtM condition ZMPI is not active for item 000010,CMM_VLOGP,045,ZMPI,000010,,
00505684390C1FE092EBF2F0D9214832,Price determination: MtM condition ZMPI is not active for item 000010,CMM_VLOGP,045,ZMPI,000010,,
00505684390C1FE092EBF2F0D9236832,Price determination: MtM condition ZMPI is not active for item 000010,CMM_VLOGP,045,ZMPI,000010,,
00505684390C1FE092EBF2F0D9258832,Price determination: MtM condition ZMPI is not active for item 000010,CMM_VLOGP,045,ZMPI,000010,,
00505684390C1FE092EBF3359995E832,Price determination: MtM condition ZMPI is not active for item 000010,CMM_VLOGP,045,ZMPI,000010,,
00505684390C1FE092EBF3A6DC7F2832,Price determination: MtM condition ZMPI is not active for item 000010,CMM_VLOGP,045,ZMPI,000010,,
00505684390C1FE092EBF46E48B68832,Price determination: MtM condition ZMPI is not active for item 000010,CMM_VLOGP,045,ZMPI,000010,,
00505684390C1FE092EBF46E48B8A832,Price determination: MtM condition ZMPI is not active for item 000010,CMM_VLOGP,045,ZMPI,000010,,
00505684390C1FE092EBF46E48BAC832,Price determination: MtM condition ZMPI is not active for item 000010,CMM_VLOGP,045,ZMPI,000010,,
00505684390C1FE092EBFEB0939CE832,Price determination: MtM condition ZMPI is not active for item 000010,CMM_VLOGP,045,ZMPI,000010,,
00505684390C1FE092EBFF96AA948832,Price determination: MtM condition ZMPI is not active for item 000010,CMM_VLOGP,045,ZMPI,000010,,
00505684390C1FE092EC01BDD9AFE832,Price determination: MtM condition ZMPI is not active for item 000010,CMM_VLOGP,045,ZMPI,000010,,
00505684390C1FE092EC02EDB2D10832,Price determination: MtM condition ZMPI is not active for item 000010,CMM_VLOGP,045,ZMPI,000010,,
00505684390C1FE092EC02F15E51C832,Price determination: MtM condition ZMPI is not active for item 000010,CMM_VLOGP,045,ZMPI,000010,,
00505684390C1FE092EC033A25A76832,Price determination: MtM condition ZMPI is not active for item 000010,CMM_VLOGP,045,ZMPI,000010,,
00505684390C1FE092EC0361C7C54832,Price determination: MtM condition ZMPI is not active for item 000010,CMM_VLOGP,045,ZMPI,000010,,
00505684390C1FE092EC04AC7B99E832,Price determination: MtM condition ZMPI is not active for item 000010,CMM_VLOGP,045,ZMPI,000010,,
00505684390C1FE092EC052AB7496832,Price determination: MtM condition ZMPI is not active for item 000010,CMM_VLOGP,045,ZMPI,000010,,
00505684390C1FE092EC059FD39B0832,Price determination: MtM condition ZMPI is not active for item 000010,CMM_VLOGP,045,ZMPI,000010,,
00505684390C1FE092EC073F7904C832,Price determination: MtM condition ZMPI is not active for item 000010,CMM_VLOGP,045,ZMPI,000010,,
00505684390C1FE092EC0A199EAD6832,Price determination: MtM condition ZEFC is not active for item 000010,CMM_VLOGP,045,ZEFC,000010,,
00505684390C1FE092EC0BBB9E98C832,Price determination: MtM condition ZMPI is not active for item 000010,CMM_VLOGP,045,ZMPI,000010,,
00505684390C1FE092EC0C2DD0286832,Price determination: MtM condition ZMPI is not active for item 000010,CMM_VLOGP,045,ZMPI,000010,,
00505684390C1FE092EC0C2DD02A8832,Price determination: MtM condition ZMPI is not active for item 000010,CMM_VLOGP,045,ZMPI,000010,,
00505684390C1FE092EC0C76F1722832,Price determination: MtM condition ZMPI is not active for item 000010,CMM_VLOGP,045,ZMPI,000010,,
00505684390C1FE092EC0DBB24064832,Price determination: MtM condition ZMPI is not active for item 000010,CMM_VLOGP,045,ZMPI,000010,,
00505684390C1FE092EC1009C67B4832,Price determination: MtM condition ZMPI is not active for item 000010,CMM_VLOGP,045,ZMPI,000010,,
00505684390C1FE092EC1009C67D6832,Price determination: MtM condition ZMPI is not active for item 000010,CMM_VLOGP,045,ZMPI,000010,,
00505684390C1FE092EC101E5E5AC832,Price determination: MtM condition ZMPI is not active for item 000010,CMM_VLOGP,045,ZMPI,000010,,
00505684390C1FE092EC10385D3FC832,Price determination: MtM condition ZMPI is not active for item 000010,CMM_VLOGP,045,ZMPI,000010,,
00505684390C1FE092EC105DD3042832,Price determination: MtM condition ZMPI is not active for item 000010,CMM_VLOGP,045,ZMPI,000010,,
00505684390C1FE092EC10F183480832,Price determination: MtM condition ZMPI is not active for item 000010,CMM_VLOGP,045,ZMPI,000010,,
00505684390C1FE092EC1365A5424832,Price determination: MtM condition ZMPI is not active for item 000010,CMM_VLOGP,045,ZMPI,000010,,
00505684390C1FE092EC13D6A2EDE832,Price determination: MtM condition ZMPI is not active for item 000010,CMM_VLOGP,045,ZMPI,000010,,
00505684390C1FE092EC13FDEF5B8832,Price determination: MtM condition ZMPI is not active for item 000010,CMM_VLOGP,045,ZMPI,000010,,
00505684390C1FE092EC13FDEF5DA832,Price determination: MtM condition ZMPI is not active for item 000010,CMM_VLOGP,045,ZMPI,000010,,
00505684390C1FE092EC142D0116C832,Price determination: MtM condition ZMPI is not active for item 000010,CMM_VLOGP,045,ZMPI,000010,,
00505684390C1FE092EC1448EBA68832,Price determination: MtM condition ZMPI is not active for item 000010,CMM_VLOGP,045,ZMPI,000010,,
00505684390C1FE092EC1498CCA82832,Price determination: MtM condition ZMPI is not active for item 000010,CMM_VLOGP,045,ZMPI,000010,,
00505684390C1FE092EC155777EB4832,Price determination: MtM condition ZMPI is not active for item 000010,CMM_VLOGP,045,ZMPI,000010,,
00505684390C1FE092EC158474CF4832,Price determination: MtM condition ZMPI is not active for item 000010,CMM_VLOGP,045,ZMPI,000010,,
00505684390C1FE092EC16605BB38832,Price determination: MtM condition ZMPI is not active for item 000010,CMM_VLOGP,045,ZMPI,000010,,
00505684390C1FE092EC168F1713E832,Price determination: MtM condition ZMPI is not active for item 000010,CMM_VLOGP,045,ZMPI,000010,,
00505684390C1FE092EC1690358BC832,Price determination: MtM condition ZMPI is not active for item 000010,CMM_VLOGP,045,ZMPI,000010,,
00505684390C1FE092EC190E9DA82832,Price determination: MtM condition ZMPI is not active for item 000010,CMM_VLOGP,045,ZMPI,000010,,
00505684390C1FE092EC190E9DAA4832,Price determination: MtM condition ZMPI is not active for item 000010,CMM_VLOGP,045,ZMPI,000010,,
00505684390C1FE092EC19811C2D8832,Price determination: MtM condition ZMPI is not active for item 000010,CMM_VLOGP,045,ZMPI,000010,,
00505684390C1FE092EC1A65DB078832,Price determination: MtM condition ZMPI is not active for item 000010,CMM_VLOGP,045,ZMPI,000010,,
00505684390C1FE092EC1A8E185C2832,Price determination: MtM condition ZMPA is not active for item 000010,CMM_VLOGP,045,ZMPA,000010,,
00505684390C1FE092EC1AB5E11EE832,Price determination: MtM condition ZMPA is not active for item 000010,CMM_VLOGP,045,ZMPA,000010,,
00505684390C1FE092EC1AB5E1210832,Price determination: MtM condition ZMPI is not active for item 000010,CMM_VLOGP,045,ZMPI,000010,,
00505684390C1FE092EC1ADDE71C4832,Price determination: MtM condition ZMPI is not active for item 000010,CMM_VLOGP,045,ZMPI,000010,,
00505684390C1FE092EC1ADDE71E6832,Price determination: MtM condition ZMPI is not active for item 000010,CMM_VLOGP,045,ZMPI,000010,,
00505684390C1FE092EC1BA381114832,Price determination: MtM condition ZMPI is not active for item 000010,CMM_VLOGP,045,ZMPI,000010,,
00505684390C1FE092EC1BC361C90832,Price determination: MtM condition ZMPI is not active for item 000010,CMM_VLOGP,045,ZMPI,000010,,
00505684390C1FE092EC1BE5F1D28832,Price determination: MtM condition ZMPI is not active for item 000010,CMM_VLOGP,045,ZMPI,000010,,
00505684390C1FE092EC1C2F7BE32832,Price determination: MtM condition ZMPI is not active for item 000010,CMM_VLOGP,045,ZMPI,000010,,
00505684390C1FE092EC1DAE91AE8832,Price determination: MtM condition ZMPI is not active for item 000010,CMM_VLOGP,045,ZMPI,000010,,
00505684390C1FE092EC1EE3068B8832,Price determination: MtM condition ZMPI is not active for item 000010,CMM_VLOGP,045,ZMPI,000010,,
00505684390C1FE092EC1F536C9B6832,Price determination: MtM condition ZMPI is not active for item 000010,CMM_VLOGP,045,ZMPI,000010,,
00505684390C1FE092EC1F55D7D4C832,Price determination: MtM condition ZMPI is not active for item 000010,CMM_VLOGP,045,ZMPI,000010,,
00505684390C1FE092EC1F76BD9E4832,Price determination: MtM condition ZMPI is not active for item 000010,CMM_VLOGP,045,ZMPI,000010,,
00505684390C1FE092EC1F76BDA06832,Price determination: MtM condition ZMPI is not active for item 000010,CMM_VLOGP,045,ZMPI,000010,,
00505684390C1FE092EC2369D72A6832,Price determination: MtM condition ZMPI is not active for item 000010,CMM_VLOGP,045,ZMPI,000010,,
00505684390C1FE092EC237C1A666832,Price determination: MtM condition ZMPI is not active for item 000010,CMM_VLOGP,045,ZMPI,000010,,
00505684390C1FE092EC239843F3E832,Price determination: MtM condition ZCF2 is not active for item 000010,CMM_VLOGP,045,ZCF2,000010,,
00505684390C1FE092EC23ABD21BC832,Price determination: MtM condition ZMPI is not active for item 000010,CMM_VLOGP,045,ZMPI,000010,,
00505684390C1FE092EC23ABD21DE832,Price determination: MtM condition ZMPI is not active for item 000010,CMM_VLOGP,045,ZMPI,000010,,
00505684390C1FE092EC240354278832,Price determination: MtM condition ZCF2 is not active for item 000010,CMM_VLOGP,045,ZCF2,000010,,
00505684390C1FE092EC242B11032832,Price determination: MtM condition ZCF2 is not active for item 000010,CMM_VLOGP,045,ZCF2,000010,,
00505684390C1FE092EC245F4BC12832,Price determination: MtM condition ZCF2 is not active for item 000010,CMM_VLOGP,045,ZCF2,000010,,
00505684390C1FE092EC2477ACD1E832,Price determination: MtM condition ZMPI is not active for item 000010,CMM_VLOGP,045,ZMPI,000010,,
00505684390C1FE092EC2491EA864832,Price determination: MtM condition ZMPI is not active for item 000010,CMM_VLOGP,045,ZMPI,000010,,
00505684390C1FE092EC24D4122A2832,Price determination: MtM condition ZMPI is not active for item 000010,CMM_VLOGP,045,ZMPI,000010,,
00505684390C1FE092EC24FE1C9E4832,Price determination: MtM condition ZMPI is not active for item 000010,CMM_VLOGP,045,ZMPI,000010,,
00505684390C1FE092EC24FE1CA06832,Price determination: MtM condition ZMPI is not active for item 000010,CMM_VLOGP,045,ZMPI,000010,,
00505684390C1FE092EC251FA7CAA832,Price determination: MtM condition ZMPI is not active for item 000010,CMM_VLOGP,045,ZMPI,000010,,
00505684390C1FE092EC25465CC04832,Price determination: MtM condition ZMPI is not active for item 000010,CMM_VLOGP,045,ZMPI,000010,,
00505684390C1FE092EC262A333DE832,Price determination: MtM condition ZCF4 is not active for item 000010,CMM_VLOGP,045,ZCF4,000010,,
00505684390C1FE092EC262AB3DAE832,Price determination: MtM condition ZMPI is not active for item 000010,CMM_VLOGP,045,ZMPI,000010,,
00505684390C1FE092EC26593FDE8832,Price determination: MtM condition ZMPI is not active for item 000010,CMM_VLOGP,045,ZMPI,000010,,
00505684390C1FE092EC26593FE0A832,Price determination: MtM condition ZMPI is not active for item 000010,CMM_VLOGP,045,ZMPI,000010,,
00505684390C1FE092EC267D4C9EE832,Price determination: MtM condition ZCF4 is not active for item 000010,CMM_VLOGP,045,ZCF4,000010,,
00505684390C1FE092EC26CAB8FB4832,Price determination: MtM condition ZMPI is not active for item 000010,CMM_VLOGP,045,ZMPI,000010,,
00505684390C1FE092EC26EF8E240832,Price determination: MtM condition ZCF2 is not active for item 000010,CMM_VLOGP,045,ZCF2,000010,,
00505684390C1FE092EC26F0FDFB8832,Price determination: MtM condition ZMPI is not active for item 000010,CMM_VLOGP,045,ZMPI,000010,,
00505684390C1FE092EC26F0FDFDA832,Price determination: MtM condition ZMPI is not active for item 000010,CMM_VLOGP,045,ZMPI,000010,,
00505684390C1FE092EC270FBEAE8832,Price determination: MtM condition ZMPI is not active for item 000010,CMM_VLOGP,045,ZMPI,000010,,
00505684390C1FE092EC273B36A30832,Price determination: MtM condition ZMPI is not active for item 000010,CMM_VLOGP,045,ZMPI,000010,,
00505684390C1FE092EC2762E15A8832,Price determination: MtM condition ZCF4 is not active for item 000010,CMM_VLOGP,045,ZCF4,000010,,
00505684390C1FE092EC27826F062832,Price determination: MtM condition ZMPI is not active for item 000010,CMM_VLOGP,045,ZMPI,000010,,
00505684390C1FE092EC27E2069D2832,Price determination: MtM condition ZMPI is not active for item 000010,CMM_VLOGP,045,ZMPI,000010,,
00505684390C1FE092EC27F47A2BE832,Price determination: MtM condition ZMPI is not active for item 000010,CMM_VLOGP,045,ZMPI,000010,,
00505684390C1FE092EC2810A1B0C832,Price determination: MtM condition ZMPI is not active for item 000010,CMM_VLOGP,045,ZMPI,000010,,
00505684390C1FE092EC2851EE642832,Price determination: MtM condition ZCF4 is not active for item 000010,CMM_VLOGP,045,ZCF4,000010,,
00505684390C1FE092EC28EF65C9A832,Price determination: MtM condition ZCF4 is not active for item 000010,CMM_VLOGP,045,ZCF4,000010,,
00505684390C1FE092EC295FA4C80832,Price determination: MtM condition ZMPI is not active for item 000010,CMM_VLOGP,045,ZMPI,000010,,
00505684390C1FE092EC295FA4CA2832,Price determination: MtM condition ZMPI is not active for item 000010,CMM_VLOGP,045,ZMPI,000010,,
00505684390C1FE092EC2986FE4CA832,Price determination: MtM condition ZMPI is not active for item 000010,CMM_VLOGP,045,ZMPI,000010,,
00505684390C1FE092EC2C9A04648832,Price determination: MtM condition ZMPI is not active for item 000010,CMM_VLOGP,045,ZMPI,000010,,
00505684390C1FE092EC2C9A0466A832,Price determination: MtM condition ZMPI is not active for item 000010,CMM_VLOGP,045,ZMPI,000010,,
00505684390C1FE092EC2C9A0468C832,Price determination: MtM condition ZMPI is not active for item 000010,CMM_VLOGP,045,ZMPI,000010,,
00505684390C1FE092EC2D0B2A548832,Price determination: MtM condition ZMPI is not active for item 000010,CMM_VLOGP,045,ZMPI,000010,,
00505684390C1FE092EC2D0B2A56A832,Price determination: MtM condition ZMPI is not active for item 000010,CMM_VLOGP,045,ZMPI,000010,,
00505684390C1FE092EC2E96E3E4A832,Price determination: MtM condition ZMPI is not active for item 000010,CMM_VLOGP,045,ZMPI,000010,,
00505684390C1FE092EC2EC7489E6832,Price determination: MtM condition ZMPI is not active for item 000010,CMM_VLOGP,045,ZMPI,000010,,
00505684390C1FE092EC2F0A2D5F8832,Price determination: MtM condition ZMPI is not active for item 000010,CMM_VLOGP,045,ZMPI,000010,,
00505684390C1FE092EC2F2EF63FA832,Price determination: MtM condition ZMPI is not active for item 000010,CMM_VLOGP,045,ZMPI,000010,,
00505684390C1FE092EC304DAF8A8832,Price determination: MtM condition ZMPI is not active for item 000010,CMM_VLOGP,045,ZMPI,000010,,
00505684390C1FE092EC30AC218AE832,Price determination: MtM condition ZMPI is not active for item 000010,CMM_VLOGP,045,ZMPI,000010,,
00505684390C1FE092EC30AC218D0832,Price determination: MtM condition ZMPI is not active for item 000010,CMM_VLOGP,045,ZMPI,000010,,
00505684390C1FE092EC31B8E57B0832,Price determination: MtM condition ZMPI is not active for item 000010,CMM_VLOGP,045,ZMPI,000010,,
00505684390C1FE092EC320501686832,Price determination: MtM condition ZMPI is not active for item 000010,CMM_VLOGP,045,ZMPI,000010,,
00505684390C1FE092EC323C8CE60832,Price determination: MtM condition ZMPI is not active for item 000010,CMM_VLOGP,045,ZMPI,000010,,
00505684390C1FE092EC347988922832,Price determination: MtM condition ZMPI is not active for item 000010,CMM_VLOGP,045,ZMPI,000010,,
00505684390C1FE092EC36A7C941E832,Price determination: MtM condition ZMPI is not active for item 000010,CMM_VLOGP,045,ZMPI,000010,,
00505684390C1FE092EC37C9FD218832,Price determination: MtM condition ZMPI is not active for item 000010,CMM_VLOGP,045,ZMPI,000010,,
00505684390C1FE092EC37C9FD23A832,Price determination: MtM condition ZMPI is not active for item 000010,CMM_VLOGP,045,ZMPI,000010,,
00505684390C1FE092EC37E620BFC832,Price determination: MtM condition ZMPI is not active for item 000010,CMM_VLOGP,045,ZMPI,000010,,
00505684390C1FE092EC383A3457C832,Price determination: MtM condition ZMPI is not active for item 000010,CMM_VLOGP,045,ZMPI,000010,,
00505684390C1FE092EC39B6D2754832,Price determination: MtM condition ZMPA is not active for item 000010,CMM_VLOGP,045,ZMPA,000010,,
00505684390C1FE092EC39B6D2776832,Price determination: MtM condition ZMPA is not active for item 000010,CMM_VLOGP,045,ZMPA,000010,,
00505684390C1FE092EC39B70F966832,Price determination: MtM condition ZMPI is not active for item 000010,CMM_VLOGP,045,ZMPI,000010,,
00505684390C1FE092EC39D67C6C0832,Price determination: MtM condition ZMPA is not active for item 000010,CMM_VLOGP,045,ZMPA,000010,,
00505684390C1FE092EC3A1565140832,Price determination: MtM condition ZMPA is not active for item 000010,CMM_VLOGP,045,ZMPA,000010,,
00505684390C1FE092EC3A48806E6832,Price determination: MtM condition ZMPI is not active for item 000010,CMM_VLOGP,045,ZMPI,000010,,
00505684390C1FE092EC3C2D79D9C832,Price determination: MtM condition ZMPI is not active for item 000010,CMM_VLOGP,045,ZMPI,000010,,
00505684390C1FE092EC3C2D79DBE832,Price determination: MtM condition ZMPI is not active for item 000010,CMM_VLOGP,045,ZMPI,000010,,
00505684390C1FE092EC3C58E380C832,Price determination: MtM condition ZMPI is not active for item 000010,CMM_VLOGP,045,ZMPI,000010,,
00505684390C1FE092EC3D38D4394832,Price determination: MtM condition ZMPI is not active for item 000010,CMM_VLOGP,045,ZMPI,000010,,
00505684390C1FE092EC3D38D43B6832,Price determination: MtM condition ZMPI is not active for item 000010,CMM_VLOGP,045,ZMPI,000010,,
00505684390C1FE092EC3D5AD0948832,Price determination: MtM condition ZMPI is not active for item 000010,CMM_VLOGP,045,ZMPI,000010,,
00505684390C1FE092EC3D5AD096A832,Price determination: MtM condition ZMPI is not active for item 000010,CMM_VLOGP,045,ZMPI,000010,,
00505684390C1FE092EC3D7D3F73C832,Price determination: MtM condition ZMPI is not active for item 000010,CMM_VLOGP,045,ZMPI,000010,,
00505684390C1FE092EC3E4EB455C832,Price determination: MtM condition ZMPI is not active for item 000010,CMM_VLOGP,045,ZMPI,000010,,
00505684390C1FE092EC3E7B11580832,Price determination: MtM condition ZMPI is not active for item 000010,CMM_VLOGP,045,ZMPI,000010,,
00505684390C1FE092EC3E88FE036832,Price determination: MtM condition ZMPI is not active for item 000010,CMM_VLOGP,045,ZMPI,000010,,
00505684390C1FE092EC3E9AB6358832,Price determination: MtM condition ZMPI is not active for item 000010,CMM_VLOGP,045,ZMPI,000010,,
00505684390C1FE092EC4005B9A78832,Price determination: MtM condition ZMPI is not active for item 000010,CMM_VLOGP,045,ZMPI,000010,,
00505684390C1FE092EC4040DFAFA832,Price determination: MtM condition ZMPI is not active for item 000010,CMM_VLOGP,045,ZMPI,000010,,
00505684390C1FE092EC406B53D94832,Price determination: MtM condition ZMPI is not active for item 000010,CMM_VLOGP,045,ZMPI,000010,,
00505684390C1FE092EC406B53DB8832,Price determination: MtM condition ZMPI is not active for item 000010,CMM_VLOGP,045,ZMPI,000010,,
00505684390C1FE092EC4079CA8BA832,Price determination: MtM condition ZMPI is not active for item 000010,CMM_VLOGP,045,ZMPI,000010,,
00505684390C1FE092EC4079CA8DC832,Price determination: MtM condition ZMPI is not active for item 000010,CMM_VLOGP,045,ZMPI,000010,,
00505684390C1FE092EC409A45184832,Price determination: MtM condition ZMPI is not active for item 000010,CMM_VLOGP,045,ZMPI,000010,,
00505684390C1FE092EC40B3D91E0832,Price determination: MtM condition ZMPI is not active for item 000010,CMM_VLOGP,045,ZMPI,000010,,
00505684390C1FE092EC40C0E5C6C832,Price determination: MtM condition ZMPA is not active for item 000010,CMM_VLOGP,045,ZMPA,000010,,
00505684390C1FE092EC40D7B57A8832,Price determination: MtM condition ZMPI is not active for item 000010,CMM_VLOGP,045,ZMPI,000010,,
00505684390C1FE092EC40D7B57CA832,Price determination: MtM condition ZMPI is not active for item 000010,CMM_VLOGP,045,ZMPI,000010,,
00505684390C1FE092EC40DBE69F8832,Price determination: MtM condition ZMPI is not active for item 000010,CMM_VLOGP,045,ZMPI,000010,,
00505684390C1FE092EC40DBE6A1A832,Price determination: MtM condition ZMPI is not active for item 000010,CMM_VLOGP,045,ZMPI,000010,,
00505684390C1FE092EC4125507DE832,Price determination: MtM condition ZMPI is not active for item 000010,CMM_VLOGP,045,ZMPI,000010,,
00505684390C1FE092EC414FDA7C4832,Price determination: MtM condition ZMPI is not active for item 000010,CMM_VLOGP,045,ZMPI,000010,,
00505684390C1FE092EC417014BD4832,Price determination: MtM condition ZMPI is not active for item 000010,CMM_VLOGP,045,ZMPI,000010,,
00505684390C1FE092EC41E33D068832,Price determination: MtM condition ZMPI is not active for item 000010,CMM_VLOGP,045,ZMPI,000010,,
00505684390C1FE092EC41E394616832,Price determination: MtM condition ZMPI is not active for item 000010,CMM_VLOGP,045,ZMPI,000010,,
00505684390C1FE092EC4209735F0832,Price determination: MtM condition ZMPI is not active for item 000010,CMM_VLOGP,045,ZMPI,000010,,
00505684390C1FE092EC420973612832,Price determination: MtM condition ZMPI is not active for item 000010,CMM_VLOGP,045,ZMPI,000010,,
00505684390C1FE092EC42CDC2D5C832,Price determination: MtM condition ZMPI is not active for item 000010,CMM_VLOGP,045,ZMPI,000010,,
00505684390C1FE092EC42EE08090832,Price determination: MtM condition ZMPA is not active for item 000010,CMM_VLOGP,045,ZMPA,000010,,
00505684390C1FE092EC42EE080B2832,Price determination: MtM condition ZMPI is not active for item 000010,CMM_VLOGP,045,ZMPI,000010,,
00505684390C1FE092EC431659930832,Price determination: MtM condition ZMPI is not active for item 000010,CMM_VLOGP,045,ZMPI,000010,,
00505684390C1FE092EC431659952832,Price determination: MtM condition ZMPI is not active for item 000010,CMM_VLOGP,045,ZMPI,000010,,
00505684390C1FE092EC431659974832,Price determination: MtM condition ZMPI is not active for item 000010,CMM_VLOGP,045,ZMPI,000010,,
00505684390C1FE092EC4386A8336832,Price determination: MtM condition ZMPI is not active for item 000010,CMM_VLOGP,045,ZMPI,000010,,
00505684390C1FE092EC43B2CD17C832,Price determination: MtM condition ZMPI is not active for item 000010,CMM_VLOGP,045,ZMPI,000010,,
00505684390C1FE092EC43D281474832,Price determination: MtM condition ZMPI is not active for item 000010,CMM_VLOGP,045,ZMPI,000010,,
00505684390C1FE092EC43D281496832,Price determination: MtM condition ZMPI is not active for item 000010,CMM_VLOGP,045,ZMPI,000010,,
00505684390C1FE092EC442380EDE832,Price determination: MtM condition ZMPI is not active for item 000010,CMM_VLOGP,045,ZMPI,000010,,
00505684390C1FE092EC44444F38A832,Price determination: MtM condition ZMPI is not active for item 000010,CMM_VLOGP,045,ZMPI,000010,,
00505684390C1FE092EC44911EAC8832,Price determination: MtM condition ZMPI is not active for item 000010,CMM_VLOGP,045,ZMPI,000010,,
00505684390C1FE092EC4578C8692832,Price determination: MtM condition ZMPI is not active for item 000010,CMM_VLOGP,045,ZMPI,000010,,
00505684390C1FE092EC46BCA9290832,Price determination: MtM condition ZMPI is not active for item 000010,CMM_VLOGP,045,ZMPI,000010,,
00505684390C1FE092EC4756828DC832,Price determination: MtM condition ZMPI is not active for item 000010,CMM_VLOGP,045,ZMPI,000010,,
00505684390C1FE092EC47A4C732A832,Price determination: MtM condition ZMPI is not active for item 000010,CMM_VLOGP,045,ZMPI,000010,,
00505684390C1FE092EC47C57BE24832,Price determination: MtM condition ZMPI is not active for item 000010,CMM_VLOGP,045,ZMPI,000010,,
00505684390C1FE092EC483918062832,Price determination: MtM condition ZMPI is not active for item 000010,CMM_VLOGP,045,ZMPI,000010,,
00505684390C1FE092EC4980BF724832,Price determination: MtM condition ZMPI is not active for item 000010,CMM_VLOGP,045,ZMPI,000010,,
00505684390C1FE092EC4980BF746832,Price determination: MtM condition ZMPI is not active for item 000010,CMM_VLOGP,045,ZMPI,000010,,
00505684390C1FE092EC4A8DC9624832,Price determination: MtM condition ZMPI is not active for item 000010,CMM_VLOGP,045,ZMPI,000010,,
00505684390C1FE092EC4AACF93DC832,Price determination: MtM condition ZMPI is not active for item 000010,CMM_VLOGP,045,ZMPI,000010,,
00505684390C1FE092EC4D94FC12A832,Price determination: MtM condition ZMPI is not active for item 000010,CMM_VLOGP,045,ZMPI,000010,,
00505684390C1FE092EC4F4B44F44832,Price determination: MtM condition ZMPI is not active for item 000010,CMM_VLOGP,045,ZMPI,000010,,
00505684390C1FE092EC4F4B44F66832,Price determination: MtM condition ZMPI is not active for item 000010,CMM_VLOGP,045,ZMPI,000010,,
00505684390C1FE092EC4F4B44F88832,Price determination: MtM condition ZMPI is not active for item 000010,CMM_VLOGP,045,ZMPI,000010,,
00505684390C1FE092EC4F77B30BC832,Price determination: MtM condition ZMPI is not active for item 000010,CMM_VLOGP,045,ZMPI,000010,,
00505684390C1FE092EC535189C74832,Price determination: MtM condition ZMPI is not active for item 000010,CMM_VLOGP,045,ZMPI,000010,,
00505684390C1FE092EC537EBAFDC832,Price determination: MtM condition ZMPI is not active for item 000010,CMM_VLOGP,045,ZMPI,000010,,
00505684390C1FE092EC53EA49CA6832,Price determination: MtM condition ZMPI is not active for item 000010,CMM_VLOGP,045,ZMPI,000010,,
00505684390C1FE092EC5687EE198832,Price determination: MtM condition ZMPI is not active for item 000010,CMM_VLOGP,045,ZMPI,000010,,
00505684390C1FE092EC56D1B44A6832,Price determination: MtM condition ZMPI is not active for item 000010,CMM_VLOGP,045,ZMPI,000010,,
00505684390C1FE092EC5700FCD58832,Price determination: MtM condition ZMPI is not active for item 000010,CMM_VLOGP,045,ZMPI,000010,,
00505684390C1FE092EC5700FCD7A832,Price determination: MtM condition ZMPI is not active for item 000010,CMM_VLOGP,045,ZMPI,000010,,
00505684390C1FE092EC574FD4BA2832,Price determination: MtM condition ZMPI is not active for item 000010,CMM_VLOGP,045,ZMPI,000010,,
00505684390C1FE092EC5799F94E8832,Price determination: MtM condition ZMPI is not active for item 000010,CMM_VLOGP,045,ZMPI,000010,,
00505684390C1FE092EC57B7F768C832,Price determination: MtM condition ZMPI is not active for item 000010,CMM_VLOGP,045,ZMPI,000010,,
00505684390C1FE092EC585D2EDC8832,Price determination: MtM condition ZMPI is not active for item 000010,CMM_VLOGP,045,ZMPI,000010,,
00505684390C1FE092EC5982AB906832,Price determination: MtM condition ZMPI is not active for item 000010,CMM_VLOGP,045,ZMPI,000010,,
00505684390C1FE092EC59A77E120832,Price determination: MtM condition ZMPI is not active for item 000010,CMM_VLOGP,045,ZMPI,000010,,
00505684390C1FE092EC59A77E142832,Price determination: MtM condition ZMPI is not active for item 000010,CMM_VLOGP,045,ZMPI,000010,,
00505684390C1FE092EC5C11C8F10832,Price determination: MtM condition ZMPI is not active for item 000010,CMM_VLOGP,045,ZMPI,000010,,
00505684390C1FE092EC5C11C8F32832,Price determination: MtM condition ZMPI is not active for item 000010,CMM_VLOGP,045,ZMPI,000010,,
00505684390C1FE092EC5C311DAA0832,Price determination: MtM condition ZMPI is not active for item 000010,CMM_VLOGP,045,ZMPI,000010,,
00505684390C1FE092EC603522366832,Price determination: MtM condition ZMPI is not active for item 000010,CMM_VLOGP,045,ZMPI,000010,,
00505684390C1FE092EC64C0D4CB6832,Price determination: MtM condition ZMPI is not active for item 000010,CMM_VLOGP,045,ZMPI,000010,,
00505684390C1FE092EC64E84C0FC832,Price determination: MtM condition ZMPI is not active for item 000010,CMM_VLOGP,045,ZMPI,000010,,
00505684390C1FE092EC64E84C11E832,Price determination: MtM condition ZMPI is not active for item 000010,CMM_VLOGP,045,ZMPI,000010,,
00505684390C1FE092EC64E84C140832,Price determination: MtM condition ZMPI is not active for item 000010,CMM_VLOGP,045,ZMPI,000010,,
00505684390C1FE092EC65116E480832,Price determination: MtM condition ZMPI is not active for item 000010,CMM_VLOGP,045,ZMPI,000010,,
00505684390C1FE092EC65116E4A2832,Price determination: MtM condition ZMPI is not active for item 000010,CMM_VLOGP,045,ZMPI,000010,,
00505684390C1FE092EC65116E4C4832,Price determination: MtM condition ZMPI is not active for item 000010,CMM_VLOGP,045,ZMPI,000010,,
00505684390C1FE092EC65333CEF6832,Price determination: MtM condition ZMPI is not active for item 000010,CMM_VLOGP,045,ZMPI,000010,,
00505684390C1FE092EC659887A62832,Price determination: MtM condition ZMPI is not active for item 000010,CMM_VLOGP,045,ZMPI,000010,,
00505684390C1FE092EC659887A84832,Price determination: MtM condition ZMPI is not active for item 000010,CMM_VLOGP,045,ZMPI,000010,,
00505684390C1FE092EC666D7F41A832,No commodity pricing formula could be found for document 5000003699,CMM_ANALYTICS,003,5000003699,,,
00505684390C1FE092EC6694BF0CC832,Price determination: MtM condition ZMPI is not active for item 000010,CMM_VLOGP,045,ZMPI,000010,,
00505684390C1FE092EC6694BF0EE832,Price determination: MtM condition ZMPI is not active for item 000010,CMM_VLOGP,045,ZMPI,000010,,
00505684390C1FE092EC6694BF110832,Price determination: MtM condition ZMPI is not active for item 000010,CMM_VLOGP,045,ZMPI,000010,,
00505684390C1FE092EC66B07033C832,Price determination: MtM condition ZMPI is not active for item 000010,CMM_VLOGP,045,ZMPI,000010,,
00505684390C1FE092EC66B07035E832,Price determination: MtM condition ZMPI is not active for item 000010,CMM_VLOGP,045,ZMPI,000010,,
00505684390C1FE092EC66B070380832,Price determination: MtM condition ZMPI is not active for item 000010,CMM_VLOGP,045,ZMPI,000010,,
00505684390C1FE092EC66B38ED1E832,No commodity pricing formula could be found for document 5105602494,CMM_ANALYTICS,003,5105602494,,,
00505684390C1FE092EC66D62C052832,Price determination: MtM condition ZMPI is not active for item 000010,CMM_VLOGP,045,ZMPI,000010,,
00505684390C1FE092EC66D62C074832,Price determination: MtM condition ZMPI is not active for item 000010,CMM_VLOGP,045,ZMPI,000010,,
00505684390C1FE092EC66EA55A20832,Price determination: MtM condition ZMPI is not active for item 000010,CMM_VLOGP,045,ZMPI,000010,,
00505684390C1FE092EC66EA55A42832,Price determination: MtM condition ZMPI is not active for item 000010,CMM_VLOGP,045,ZMPI,000010,,
00505684390C1FE092EC66EA55A64832,Price determination: MtM condition ZMPA is not active for item 000010,CMM_VLOGP,045,ZMPA,000010,,
00505684390C1FE092EC67100A5AC832,Price determination: MtM condition ZMPI is not active for item 000010,CMM_VLOGP,045,ZMPI,000010,,
00505684390C1FE092EC673A2E13A832,Price determination: MtM condition ZMPI is not active for item 000010,CMM_VLOGP,045,ZMPI,000010,,
00505684390C1FE092EC673A2E15C832,Price determination: MtM condition ZMPI is not active for item 000010,CMM_VLOGP,045,ZMPI,000010,,
00505684390C1FE092EC67624C60C832,Price determination: MtM condition ZMPI is not active for item 000010,CMM_VLOGP,045,ZMPI,000010,,
00505684390C1FE092EC6782E2D14832,Price determination: MtM condition ZMPI is not active for item 000010,CMM_VLOGP,045,ZMPI,000010,,
00505684390C1FE092EC6782E2D36832,Price determination: MtM condition ZMPI is not active for item 000010,CMM_VLOGP,045,ZMPI,000010,,
00505684390C1FE092EC67CEBF094832,Price determination: MtM condition ZMPA is not active for item 000010,CMM_VLOGP,045,ZMPA,000010,,
00505684390C1FE092EC681AD61F0832,Price determination: MtM condition ZMPA is not active for item 000010,CMM_VLOGP,045,ZMPA,000010,,
00505684390C1FE092EC686A7F018832,Price determination: MtM condition ZMPI is not active for item 000010,CMM_VLOGP,045,ZMPI,000010,,
00505684390C1FE092EC68F095E80832,Price determination: MtM condition ZMPI is not active for item 000010,CMM_VLOGP,045,ZMPI,000010,,
00505684390C1FE092EC68F095EA2832,Price determination: MtM condition ZMPI is not active for item 000010,CMM_VLOGP,045,ZMPI,000010,,
00505684390C1FE092EC6904B974E832,Price determination: MtM condition ZMPA is not active for item 000010,CMM_VLOGP,045,ZMPA,000010,,
00505684390C1FE092EC6914DF82C832,Price determination: MtM condition ZMPI is not active for item 000010,CMM_VLOGP,045,ZMPI,000010,,
00505684390C1FE092EC6914DF84E832,Price determination: MtM condition ZMPI is not active for item 000010,CMM_VLOGP,045,ZMPI,000010,,
00505684390C1FE092EC6914DF870832,Price determination: MtM condition ZMPI is not active for item 000010,CMM_VLOGP,045,ZMPI,000010,,
00505684390C1FE092EC6914DF892832,Price determination: MtM condition ZMPI is not active for item 000010,CMM_VLOGP,045,ZMPI,000010,,
00505684390C1FE092EC69259D906832,Price determination: MtM condition ZMPA is not active for item 000010,CMM_VLOGP,045,ZMPA,000010,,
00505684390C1FE092EC6936A3FD8832,Price determination: MtM condition ZMPI is not active for item 000010,CMM_VLOGP,045,ZMPI,000010,,
00505684390C1FE092EC694BC0D88832,Price determination: MtM condition ZMPI is not active for item 000010,CMM_VLOGP,045,ZMPI,000010,,
00505684390C1FE092EC694BC0DAA832,Price determination: MtM condition ZMPI is not active for item 000010,CMM_VLOGP,045,ZMPI,000010,,
00505684390C1FE092EC694BC0DCC832,Price determination: MtM condition ZMPI is not active for item 000010,CMM_VLOGP,045,ZMPI,000010,,
00505684390C1FE092EC697281954832,Price determination: MtM condition ZMPI is not active for item 000010,CMM_VLOGP,045,ZMPI,000010,,
00505684390C1FE092EC697281976832,Price determination: MtM condition ZMPI is not active for item 000010,CMM_VLOGP,045,ZMPI,000010,,
00505684390C1FE092EC697281998832,Price determination: MtM condition ZMPI is not active for item 000010,CMM_VLOGP,045,ZMPI,000010,,
00505684390C1FE092EC6972819BA832,Price determination: MtM condition ZMPI is not active for item 000010,CMM_VLOGP,045,ZMPI,000010,,
00505684390C1FE092EC6996856F0832,Price determination: MtM condition ZMPI is not active for item 000010,CMM_VLOGP,045,ZMPI,000010,,
00505684390C1FE092EC699685712832,Price determination: MtM condition ZMPI is not active for item 000010,CMM_VLOGP,045,ZMPI,000010,,
00505684390C1FE092EC69ABA6B22832,Price determination: MtM condition ZMPI is not active for item 000010,CMM_VLOGP,045,ZMPI,000010,,
00505684390C1FE092EC69ABA6B44832,Price determination: MtM condition ZMPI is not active for item 000010,CMM_VLOGP,045,ZMPI,000010,,
00505684390C1FE092EC69ABA6B66832,Price determination: MtM condition ZMPI is not active for item 000010,CMM_VLOGP,045,ZMPI,000010,,
00505684390C1FE092EC69D1540CA832,Price determination: MtM condition ZMPI is not active for item 000010,CMM_VLOGP,045,ZMPI,000010,,
00505684390C1FE092EC6A29E61C0832,Price determination: MtM condition ZMPA is not active for item 000010,CMM_VLOGP,045,ZMPA,000010,,
00505684390C1FE092EC74D96FF2C832,Price determination: MtM condition ZMPI is not active for item 000010,CMM_VLOGP,045,ZMPI,000010,,
00505684390C1FE092EC74D96FF4C832,Price determination: MtM condition ZMPI is not active for item 000010,CMM_VLOGP,045,ZMPI,000010,,
00505684390C1FE092EC74D96FF6C832,Price determination: MtM condition ZMPI is not active for item 000010,CMM_VLOGP,045,ZMPI,000010,,
00505684390C1FE092EC7568554FA832,Price determination: MtM condition ZMPI is not active for item 000010,CMM_VLOGP,045,ZMPI,000010,,
00505684390C1FE092EC75FDDC47A832,Price determination: MtM condition ZMPI is not active for item 000010,CMM_VLOGP,045,ZMPI,000010,,
00505684390C1FE092EC7624F3126832,Price determination: MtM condition ZMPI is not active for item 000010,CMM_VLOGP,045,ZMPI,000010,,
00505684390C1FE092EC7624F3148832,Price determination: MtM condition ZMPI is not active for item 000010,CMM_VLOGP,045,ZMPI,000010,,
00505684390C1FE092EC7644F6DE8832,Price determination: MtM condition ZMPI is not active for item 000010,CMM_VLOGP,045,ZMPI,000010,,
00505684390C1FE092EC76816847C832,Price determination: MtM condition ZMPI is not active for item 000010,CMM_VLOGP,045,ZMPI,000010,,
00505684390C1FE092EC76ACC974E832,Price determination: MtM condition ZMPA is not active for item 000010,CMM_VLOGP,045,ZMPA,000010,,
00505684390C1FE092EC76CA91D18832,Price determination: MtM condition ZMPI is not active for item 000010,CMM_VLOGP,045,ZMPI,000010,,
00505684390C1FE092EC76F1232B8832,Price determination: MtM condition ZMPI is not active for item 000010,CMM_VLOGP,045,ZMPI,000010,,
00505684390C1FE092EC76F1232DA832,Price determination: MtM condition ZMPA is not active for item 000010,CMM_VLOGP,045,ZMPA,000010,,
00505684390C1FE092EC76F1232FC832,Price determination: MtM condition ZMPA is not active for item 000010,CMM_VLOGP,045,ZMPA,000010,,
00505684390C1FE092EC7714E923A832,Price determination: MtM condition ZMPA is not active for item 000010,CMM_VLOGP,045,ZMPA,000010,,
00505684390C1FE092EC7714E925C832,Price determination: MtM condition ZMPA is not active for item 000010,CMM_VLOGP,045,ZMPA,000010,,
00505684390C1FE092EC773CF4AC2832,Price determination: MtM condition ZMPA is not active for item 000010,CMM_VLOGP,045,ZMPA,000010,,
00505684390C1FE092EC773CF4AE4832,Price determination: MtM condition ZMPA is not active for item 000010,CMM_VLOGP,045,ZMPA,000010,,
00505684390C1FE092EC77D58DD1E832,Price determination: MtM condition ZMPI is not active for item 000010,CMM_VLOGP,045,ZMPI,000010,,
00505684390C1FE092EC77D58DD40832,Price determination: MtM condition ZMPI is not active for item 000010,CMM_VLOGP,045,ZMPI,000010,,
00505684390C1FE092EC780EC74F8832,Price determination: MtM condition ZMPI is not active for item 000010,CMM_VLOGP,045,ZMPI,000010,,
00505684390C1FE092EC780EC751A832,Price determination: MtM condition ZMPI is not active for item 000010,CMM_VLOGP,045,ZMPI,000010,,
00505684390C1FE092EC783A53E50832,Price determination: MtM condition ZMPA is not active for item 000010,CMM_VLOGP,045,ZMPA,000010,,
00505684390C1FE092EC785C05D6A832,Price determination: MtM condition ZMPA is not active for item 000010,CMM_VLOGP,045,ZMPA,000010,,
00505684390C1FE092EC78AC483AE832,Price determination: MtM condition ZMPA is not active for item 000010,CMM_VLOGP,045,ZMPA,000010,,
00505684390C1FE092EC79650447E832,Price determination: MtM condition ZMPA is not active for item 000010,CMM_VLOGP,045,ZMPA,000010,,
00505684390C1FE092EC7A0207BAE832,Price determination: MtM condition ZMPI is not active for item 000010,CMM_VLOGP,045,ZMPI,000010,,
00505684390C1FE092EC7A2265E76832,Price determination: MtM condition ZMPI is not active for item 000010,CMM_VLOGP,045,ZMPI,000010,,
00505684390C1FE092EC7A2265E98832,Price determination: MtM condition ZMPI is not active for item 000010,CMM_VLOGP,045,ZMPI,000010,,
00505684390C1FE092EC7A54BD190832,Price determination: MtM condition ZMPI is not active for item 000010,CMM_VLOGP,045,ZMPI,000010,,
00505684390C1FE092EC7A54BD1B2832,Price determination: MtM condition ZMPA is not active for item 000010,CMM_VLOGP,045,ZMPA,000010,,
00505684390C1FE092EC7A6FAD374832,Price determination: MtM condition ZMPI is not active for item 000010,CMM_VLOGP,045,ZMPI,000010,,
00505684390C1FE092EC7A6FAD396832,Price determination: MtM condition ZMPI is not active for item 000010,CMM_VLOGP,045,ZMPI,000010,,
00505684390C1FE092EC7A6FAD3B8832,Price determination: MtM condition ZMPI is not active for item 000010,CMM_VLOGP,045,ZMPI,000010,,
00505684390C1FE092EC7A959DCDC832,Price determination: MtM condition ZMPI is not active for item 000010,CMM_VLOGP,045,ZMPI,000010,,
00505684390C1FE092EC7A959DCFE832,Price determination: MtM condition ZMPI is not active for item 000010,CMM_VLOGP,045,ZMPI,000010,,
00505684390C1FE092EC7A959DD20832,Price determination: MtM condition ZMPA is not active for item 000010,CMM_VLOGP,045,ZMPA,000010,,
00505684390C1FE092EC7AC713820832,Price determination: MtM condition ZMPI is not active for item 000010,CMM_VLOGP,045,ZMPI,000010,,
00505684390C1FE092EC7AC713842832,Price determination: MtM condition ZMPI is not active for item 000010,CMM_VLOGP,045,ZMPI,000010,,
00505684390C1FE092EC7AE82B92C832,Price determination: MtM condition ZMPI is not active for item 000010,CMM_VLOGP,045,ZMPI,000010,,
00505684390C1FE092EC7AE82B94E832,Price determination: MtM condition ZMPI is not active for item 000010,CMM_VLOGP,045,ZMPI,000010,,
00505684390C1FE092EC7B08111EC832,Price determination: MtM condition ZMPI is not active for item 000010,CMM_VLOGP,045,ZMPI,000010,,
00505684390C1FE092EC7B081120E832,Price determination: MtM condition ZMPI is not active for item 000010,CMM_VLOGP,045,ZMPI,000010,,
00505684390C1FE092EC7B0811230832,Price determination: MtM condition ZMPI is not active for item 000010,CMM_VLOGP,045,ZMPI,000010,,
00505684390C1FE092EC7B3799BF8832,Price determination: MtM condition ZMPI is not active for item 000010,CMM_VLOGP,045,ZMPI,000010,,
00505684390C1FE092EC7B3799C1A832,Price determination: MtM condition ZMPI is not active for item 000010,CMM_VLOGP,045,ZMPI,000010,,
00505684390C1FE092EC7B5AEFC38832,Price determination: MtM condition ZMPI is not active for item 000010,CMM_VLOGP,045,ZMPI,000010,,
00505684390C1FE092EC7B5AEFC5A832,Price determination: MtM condition ZMPI is not active for item 000010,CMM_VLOGP,045,ZMPI,000010,,
00505684390C1FE092EC7B7F5E45C832,Price determination: MtM condition ZMPI is not active for item 000010,CMM_VLOGP,045,ZMPI,000010,,
00505684390C1FE092EC7B7F5E47E832,Price determination: MtM condition ZMPI is not active for item 000010,CMM_VLOGP,045,ZMPI,000010,,
00505684390C1FE092EC7BA248D8C832,Price determination: MtM condition ZMPI is not active for item 000010,CMM_VLOGP,045,ZMPI,000010,,
00505684390C1FE092EC7BA248DAE832,Price determination: MtM condition ZMPI is not active for item 000010,CMM_VLOGP,045,ZMPI,000010,,
00505684390C1FE092EC7BA248DD0832,Price determination: MtM condition ZMPI is not active for item 000010,CMM_VLOGP,045,ZMPI,000010,,
00505684390C1FE092EC7BC671700832,Price determination: MtM condition ZMPI is not active for item 000010,CMM_VLOGP,045,ZMPI,000010,,
00505684390C1FE092EC7BC671722832,Price determination: MtM condition ZMPI is not active for item 000010,CMM_VLOGP,045,ZMPI,000010,,
00505684390C1FE092EC7BF35E564832,Price determination: MtM condition ZMPI is not active for item 000010,CMM_VLOGP,045,ZMPI,000010,,
00505684390C1FE092EC7BF35E586832,Price determination: MtM condition ZMPI is not active for item 000010,CMM_VLOGP,045,ZMPI,000010,,
00505684390C1FE092EC7C140A308832,Price determination: MtM condition ZMPI is not active for item 000010,CMM_VLOGP,045,ZMPI,000010,,
00505684390C1FE092EC7C140A32A832,Price determination: MtM condition ZMPI is not active for item 000010,CMM_VLOGP,045,ZMPI,000010,,
00505684390C1FE092EC7C140A34C832,Price determination: MtM condition ZMPI is not active for item 000010,CMM_VLOGP,045,ZMPI,000010,,
00505684390C1FE092EC7C42AAC08832,Price determination: MtM condition ZMPI is not active for item 000010,CMM_VLOGP,045,ZMPI,000010,,
00505684390C1FE092EC7C42AAC2A832,Price determination: MtM condition ZMPI is not active for item 000010,CMM_VLOGP,045,ZMPI,000010,,
00505684390C1FE092EC7C6237C9C832,Price determination: MtM condition ZMPI is not active for item 000010,CMM_VLOGP,045,ZMPI,000010,,
00505684390C1FE092EC7C6237CBE832,Price determination: MtM condition ZMPI is not active for item 000010,CMM_VLOGP,045,ZMPI,000010,,
00505684390C1FE092EC7C6237CE0832,Price determination: MtM condition ZMPI is not active for item 000010,CMM_VLOGP,045,ZMPI,000010,,
00505684390C1FE092EC7C858F498832,Price determination: MtM condition ZMPA is not active for item 000010,CMM_VLOGP,045,ZMPA,000010,,
00505684390C1FE092EC7CB16E2FC832,Price determination: MtM condition ZMPA is not active for item 000010,CMM_VLOGP,045,ZMPA,000010,,
00505684390C1FE092EC7ED9688B4832,Price determination: MtM condition ZMPI is not active for item 000010,CMM_VLOGP,045,ZMPI,000010,,
00505684390C1FE092EC7ED9688D6832,Price determination: MtM condition ZMPI is not active for item 000010,CMM_VLOGP,045,ZMPI,000010,,
00505684390C1FE092EC7ED9688F8832,Price determination: MtM condition ZMPI is not active for item 000010,CMM_VLOGP,045,ZMPI,000010,,
00505684390C1FE092EC7ED96891A832,Price determination: MtM condition ZMPI is not active for item 000010,CMM_VLOGP,045,ZMPI,000010,,
00505684390C1FE092EC7EFAF9D44832,Price determination: MtM condition ZMPI is not active for item 000010,CMM_VLOGP,045,ZMPI,000010,,
00505684390C1FE092EC7EFAF9D66832,Price determination: MtM condition ZMPI is not active for item 000010,CMM_VLOGP,045,ZMPI,000010,,
00505684390C1FE092EC7EFAF9D88832,Price determination: MtM condition ZMPI is not active for item 000010,CMM_VLOGP,045,ZMPI,000010,,
00505684390C1FE092EC7F955FD16832,Price determination: MtM condition ZMPA is not active for item 000010,CMM_VLOGP,045,ZMPA,000010,,
00505684390C1FE092EC7FC256EE0832,Price determination: MtM condition ZMPA is not active for item 000010,CMM_VLOGP,045,ZMPA,000010,,
00505684390C1FE092EC7FC256F02832,Price determination: MtM condition ZMPA is not active for item 000010,CMM_VLOGP,045,ZMPA,000010,,
00505684390C1FE092EC7FEB90EDC832,Price determination: MtM condition ZMPA is not active for item 000010,CMM_VLOGP,045,ZMPA,000010,,
00505684390C1FE092EC7FEB90F1A832,Price determination: MtM condition ZMPA is not active for item 000010,CMM_VLOGP,045,ZMPA,000010,,
00505684390C1FE092EC80DA95050832,Price determination: MtM condition ZMPI is not active for item 000010,CMM_VLOGP,045,ZMPI,000010,,
00505684390C1FE092EC81ACC771C832,Price determination: MtM condition ZMPI is not active for item 000010,CMM_VLOGP,045,ZMPI,000010,,
00505684390C1FE092EC81ACC773E832,Price determination: MtM condition ZMPI is not active for item 000010,CMM_VLOGP,045,ZMPI,000010,,
00505684390C1FE092EC81D888BF8832,Price determination: MtM condition ZMPI is not active for item 000010,CMM_VLOGP,045,ZMPI,000010,,
00505684390C1FE092EC81D888C1A832,Price determination: MtM condition ZMPI is not active for item 000010,CMM_VLOGP,045,ZMPI,000010,,
00505684390C1FE092EC821C2CC0A832,Price determination: MtM condition ZMPI is not active for item 000010,CMM_VLOGP,045,ZMPI,000010,,
00505684390C1FE092EC8241AD40A832,Price determination: MtM condition ZMPI is not active for item 000010,CMM_VLOGP,045,ZMPI,000010,,
00505684390C1FE092EC8241AD42C832,Price determination: MtM condition ZMPI is not active for item 000010,CMM_VLOGP,045,ZMPI,000010,,
00505684390C1FE092EC8241AD44E832,Price determination: MtM condition ZMPI is not active for item 000010,CMM_VLOGP,045,ZMPI,000010,,
00505684390C1FE092F38F9C8C7DC832,Error in getting price for material PTC0101 and plant,CMM_VLOGP,022,PTC0101,,,
00505684390C1FE092F90D293A864832,Price determination: MtM condition ZMP1 is not active for item 000010,CMM_VLOGP,045,ZMP1,000010,,
00505684390C1FE092FFB52EE463A832,Price determination: MtM condition ZCMI is not active for item 000010,CMM_VLOGP,045,ZCMI,000010,,
00505684390C1FE092FFC0E37F528832,Price determination: MtM condition ZMPI is not active for item 000010,CMM_VLOGP,045,ZMPI,000010,,
00505684390C1FE092FFC1D8FF7B4832,Price determination: MtM condition ZCMI is not active for item 000010,CMM_VLOGP,045,ZCMI,000010,,
00505684390C1FE092FFCD78DAE60832,Price determination: MtM condition ZMPI is not active for item 000010,CMM_VLOGP,045,ZMPI,000010,,
00505684390C1FE092FFD0B23B90E832,Price determination: MtM condition ZCMI is not active for item 000010,CMM_VLOGP,045,ZCMI,000010,,
00505684390C1FE0938013876D62E832,Sales document 52002366 is currently being processed by EOD_BATCH.,V1,042,52002366,EOD_BATCH,,
00505684390C1FE0938015EC9197E832,Sales document 52002304 is currently being processed by EOD_BATCH.,V1,042,52002304,EOD_BATCH,,
00505684390C1FE09380164A7F278832,Price determination: MtM condition ZMPI is not active for item 000030,CMM_VLOGP,045,ZMPI,000030,,
00505684390C1FE0938024A417C86832,Pricing error 52002309/000010 RDP start date 01.03.2022: pricing failed,CMM_VLOGP,029,52002309,000010,01.03.2022,
00505684390C1FE093802FD4A2958832,Sales document 52002328 is currently being processed by EOD_BATCH.,V1,042,52002328,EOD_BATCH,,
00505684390C1FE093803177E70D4832,Sales document 52002290 is currently being processed by EOD_BATCH.,V1,042,52002290,EOD_BATCH,,
00505684390C1FE0938032CEDD7E8832,Sales document 52002375 is currently being processed by EOD_BATCH.,V1,042,52002375,EOD_BATCH,,
00505684390C1FE09380405FF522E832,Sales document 52002344 is currently being processed by EOD_BATCH.,V1,042,52002344,EOD_BATCH,,
00505684390C1FE09380528CBE4E2832,Sales document 52002353 is currently being processed by EOD_BATCH.,V1,042,52002353,EOD_BATCH,,
00505684390C1FE093806187277E6832,Sales document 52002403 is currently being processed by EOD_BATCH.,V1,042,52002403,EOD_BATCH,,
00505684390C1FE09380628FD6314832,Sales document 52002352 is currently being processed by EOD_BATCH.,V1,042,52002352,EOD_BATCH,,
00505684390C1FE093868599EE6C6832,Pricing error 52003425/000010 RDP start date 01.07.2025: pricing failed,CMM_VLOGP,029,52003425,000010,01.07.2025,
00505684390C1FE0938B6C7CF0820832,Pricing error 64001921/000010 RDP start date 02.05.2025: pricing failed,CMM_VLOGP,029,64001921,000010,02.05.2025,
00505684390C1FE093937D6A501A8832,Sales document 52001221 is currently being processed by EOD_BATCH.,V1,042,52001221,EOD_BATCH,,
00505684390C1FE09393CF1358824832,Sales document 52002404 is currently being processed by EOD_BATCH.,V1,042,52002404,EOD_BATCH,,
00505684390C1FE093ACDB57201F0832,Sales document 52002490 is currently being processed by EOD_BATCH.,V1,042,52002490,EOD_BATCH,,
00505684390C1FE093ACE541BD884832,Sales document 52002496 is currently being processed by EOD_BATCH.,V1,042,52002496,EOD_BATCH,,
00505684390C1FE093C5C5DB88C60832,Sales document 52001117 is currently being processed by EOD_BATCH.,V1,042,52001117,EOD_BATCH,,
00505684390C1FE093C61643BAB04832,Sales document 52002485 is currently being processed by EOD_BATCH.,V1,042,52002485,EOD_BATCH,,
00505684390C1FE093C617BDC9E54832,Sales document 52002488 is currently being processed by EOD_BATCH.,V1,042,52002488,EOD_BATCH,,
00505684390C1FE093E8F30ECEBEC832,Application error,00,001,Application error,,,
00505684390C1FE093E8FEE10DF44832,Application error,00,001,Application error,,,
00505684390C1FE093E90792197B8832,Application error,00,001,Application error,,,
00505684390C1FE093E90A833DB88832,Application error,00,001,Application error,,,
00505684390C1FE093E9118212040832,Application error,00,001,Application error,,,
00505684390C1FE0949136CEB595C832,Price determination: MtM condition ZCMI is not active for item 000010,CMM_VLOGP,045,ZCMI,000010,,
00505684390C1FE094A5CAE60D234832,Error in getting price for material D62024 and plant,CMM_VLOGP,022,D62024,,,
00505684390C1FE094A63C21248CE832,Error in getting price for material D62024 and plant,CMM_VLOGP,022,D62024,,,
00505684390C1FE094AAA59267714832,Price determination: MtM condition ZCMI is not active for item 000010,CMM_VLOGP,045,ZCMI,000010,,
00505684390C1FE094AAC72BF8146832,Price determination: MtM condition ZMPI is not active for item 000010,CMM_VLOGP,045,ZMPI,000010,,
00505684390C1FE094AB9993B7CF0832,Sales document 52002486 is currently being processed by EOD_BATCH.,V1,042,52002486,EOD_BATCH,,
00505684390C1FE094B9BFA32D21E832,Price determination: MtM condition ZLAB is not active for item 000010,CMM_VLOGP,045,ZLAB,000010,,
00505684390C1FE094E7606BBBDF2832,Error in getting price for material ARM0100 and plant,CMM_VLOGP,022,ARM0100,,,
00505684390C1FE094F92D814C348832,Error in getting price for material ARM0100 and plant,CMM_VLOGP,022,ARM0100,,,
00505684390C1FE095C48CDEBD80A832,Error in getting price for material ARM0100 and plant,CMM_VLOGP,022,ARM0100,,,
00505684390C1FE095D7358F06926832,Price determination: MtM condition ZMP1 is not active for item 000010,CMM_VLOGP,045,ZMP1,000010,,
00505684390C1FE095FAD6F44A01A832,Price determination: MtM condition ZMP1 is not active for item 000010,CMM_VLOGP,045,ZMP1,000010,,
00505684390C1FE095FE76B77CAD6832,Pricing error 52003504/000010 RDP start date 06/01/2025: pricing failed,CMM_VLOGP,029,52003504,000010,06/01/2025,
00505684390C1FE09680D7FCE5AAC832,Price determination: MtM condition ZMPI is not active for item 000010,CMM_VLOGP,045,ZMPI,000010,,
00505684390C1FE09680E2EEECA54832,Price determination: MtM condition ZMPI is not active for item 000010,CMM_VLOGP,045,ZMPI,000010,,
00505684390C1FE09681107ADA742832,Price determination: MtM condition ZMPI is not active for item 000010,CMM_VLOGP,045,ZMPI,000010,,
00505684390C1FE096823C6AB120C832,Price determination: MtM condition ZMP1 is not active for item 000010,CMM_VLOGP,045,ZMP1,000010,,
00505684390C1FE096828CBFF2ACA832,Price determination: MtM condition ZSP1 is not active for item 000010,CMM_VLOGP,045,ZSP1,000010,,
00505684390C1FE096924E2112298832,Price determination: MtM condition ZMP1 is not active for item 000010,CMM_VLOGP,045,ZMP1,000010,,
00505684390C1FE09692E18804992832,Price determination: MtM condition ZMP1 is not active for item 000010,CMM_VLOGP,045,ZMP1,000010,,
00505684390C1FE096ADEDC19B7F4832,Price determination: MtM condition ZPLI is not active for item 000010,CMM_VLOGP,045,ZPLI,000010,,
00505684390C1FE096B1666354E3A832,Price determination: MtM condition ZLAR is not active for item 000010,CMM_VLOGP,045,ZLAR,000010,,
00505684390C1FE096B1BC199D6CA832,Price determination: MtM condition ZLAR is not active for item 000010,CMM_VLOGP,045,ZLAR,000010,,
00505684390C1FE096DACDCDD39AE832,Pricing error 64001929/000010 RDP start date 05/02/2025: pricing failed,CMM_VLOGP,029,64001929,000010,05/02/2025,
00505684390C1FE096E2783911834832,Price determination: MtM condition ZMP1 is not active for item 000010,CMM_VLOGP,045,ZMP1,000010,,
00505684390C1FE096E31C0121220832,Application error,00,001,Application error,,,
00505684390C1FE096E609504A864832,Error in getting price for material CRUHEAV01 and plant,CMM_VLOGP,022,CRUHEAV01,,,
00505684390C1FE096FC70CFB43A2832,Item category ZEBL ZEHC cannot be invoiced with billing type ZF8.,VF,003,ZEBL,ZEHC,ZF8,
00505684390C1FE096FEAF01C9206832,runtime resume failed,00,001,runtime resume failed,,,
00505684390C1FE09780C628636A2832,Price determination: MtM condition ZPLI is not active for item 000010,CMM_VLOGP,045,ZPLI,000010,,
00505684390C1FE09790525595096832,Price determination: MtM condition ZMPI is not active for item 000010,CMM_VLOGP,045,ZMPI,000010,,
00505684390C1FE097905272B01F0832,Root Document 340002503 is locked,CMM_VLOGP,040,340002503,00010,06/01/2023,
00505684390C1FE0979052C41F90C832,Price determination: MtM condition ZMPI is not active for item 000010,CMM_VLOGP,045,ZMPI,000010,,
00505684390C1FE0979241137029C832,Application error,00,001,Application error,,,
00505684390C1FE0979CD5C346C98832,No commodity pricing formula could be found for document 5000011110,CMM_ANALYTICS,003,5000011110,,,
00505684390C1FE097AC2EBB807BE832,Price determination: MtM condition ZMPI is not active for item 000010,CMM_VLOGP,045,ZMPI,000010,,
00505684390C1FE097AC33D594926832,Price determination: MtM condition ZMPI is not active for item 000010,CMM_VLOGP,045,ZMPI,000010,,
00505684390C1FE097B3B1738980A832,Pricing error 52002704/000010 RDP start date 01.09.2024: pricing failed,CMM_VLOGP,029,52002704,000010,01.09.2024,
00505684390C1FE097B3B186773E2832,Pricing error 52002674/000010 RDP start date 01.08.2024: pricing failed,CMM_VLOGP,029,52002674,000010,01.08.2024,
00505684390C1FE097B3B1BC24F86832,Pricing error 52002635/000010 RDP start date 01.08.2024: pricing failed,CMM_VLOGP,029,52002635,000010,01.08.2024,
00505684390C1FE097B3B1F7C289A832,Root Document 51000395 is locked,CMM_VLOGP,040,51000395,000010,01.12.2024,
00505684390C1FE097B3B209D43CA832,Pricing error 52002672/000010 RDP start date 01.08.2024: pricing failed,CMM_VLOGP,029,52002672,000010,01.08.2024,
00505684390C1FE097B3B248505CE832,Root Document 51000397 is locked,CMM_VLOGP,040,51000397,000010,01.12.2024,
00505684390C1FE097B3B255FEFC6832,Pricing error 52002673/000010 RDP start date 01.08.2024: pricing failed,CMM_VLOGP,029,52002673,000010,01.08.2024,
00505684390C1FE097B3B27DE3F3C832,Pricing error 64001726/000010 RDP start date 01.03.2025: pricing failed,CMM_VLOGP,029,64001726,000010,01.03.2025,
00505684390C1FE097B3B294FBB06832,Pricing error 51000398/000010 RDP start date 01.12.2024: pricing failed,CMM_VLOGP,029,51000398,000010,01.12.2024,
00505684390C1FE097B3B29BB0FA8832,Pricing error 52002706/000010 RDP start date 01.08.2024: pricing failed,CMM_VLOGP,029,52002706,000010,01.08.2024,
00505684390C1FE097B3B2A3D373A832,Pricing error 52002981/000010 RDP start date 01.11.2024: pricing failed,CMM_VLOGP,029,52002981,000010,01.11.2024,
00505684390C1FE097B3B2A40EDBC832,Root Document 52002740 is locked,CMM_VLOGP,040,52002740,000010,01.10.2024,
00505684390C1FE097B3B2DA922A6832,Pricing error 52002722/000010 RDP start date 01.08.2024: pricing failed,CMM_VLOGP,029,52002722,000010,01.08.2024,
00505684390C1FE097B3B2EDC8A32832,Root Document 52002741 is locked,CMM_VLOGP,040,52002741,000010,01.10.2024,
00505684390C1FE097B3B30109A9E832,Pricing error 64001514/000010 RDP start date 23.12.2024: pricing failed,CMM_VLOGP,029,64001514,000010,23.12.2024,
00505684390C1FE097B3B339445C8832,Pricing error 52002723/000010 RDP start date 01.08.2024: pricing failed,CMM_VLOGP,029,52002723,000010,01.08.2024,
00505684390C1FE097B3B36198F80832,Pricing error 52002807/000010 RDP start date 01.11.2024: pricing failed,CMM_VLOGP,029,52002807,000010,01.11.2024,
00505684390C1FE097B3B36F53672832,Pricing error 64001516/000010 RDP start date 23.12.2024: pricing failed,CMM_VLOGP,029,64001516,000010,23.12.2024,
00505684390C1FE097B3B3818D34A832,Pricing error 52002727/000010 RDP start date 01.08.2024: pricing failed,CMM_VLOGP,029,52002727,000010,01.08.2024,
00505684390C1FE097B3B386BBE30832,Pricing error 52002810/000010 RDP start date 01.11.2024: pricing failed,CMM_VLOGP,029,52002810,000010,01.11.2024,
00505684390C1FE097B3B3C93C020832,Pricing error 64001533/000010 RDP start date 23.12.2024: pricing failed,CMM_VLOGP,029,64001533,000010,23.12.2024,
00505684390C1FE097B3B3E55B73C832,Pricing error 52003134/000010 RDP start date 01.08.2024: pricing failed,CMM_VLOGP,029,52003134,000010,01.08.2024,
00505684390C1FE097B3B46AB7066832,Pricing error 52003139/000010 RDP start date 01.08.2024: pricing failed,CMM_VLOGP,029,52003139,000010,01.08.2024,
00505684390C1FE097B3B46ACFDBA832,Pricing error 52003066/000010 RDP start date 01.12.2024: pricing failed,CMM_VLOGP,029,52003066,000010,01.12.2024,
00505684390C1FE097B3B4A4468B4832,Pricing error 64001738/000010 RDP start date 01.03.2025: pricing failed,CMM_VLOGP,029,64001738,000010,01.03.2025,
00505684390C1FE097B3B4CCB307C832,Pricing error 64001741/000010 RDP start date 01.03.2025: pricing failed,CMM_VLOGP,029,64001741,000010,01.03.2025,
00505684390C1FE097B3B529A7A62832,Pricing error 52003140/000010 RDP start date 01.08.2024: pricing failed,CMM_VLOGP,029,52003140,000010,01.08.2024,
00505684390C1FE097B3B58AC6D6A832,Pricing error 52003143/000010 RDP start date 01.08.2024: pricing failed,CMM_VLOGP,029,52003143,000010,01.08.2024,
00505684390C1FE097B3B5D6F1852832,Pricing error 52003179/000010 RDP start date 01.08.2024: pricing failed,CMM_VLOGP,029,52003179,000010,01.08.2024,
00505684390C1FE097B3B5FDE18C8832,Pricing error 64001749/000010 RDP start date 01.03.2025: pricing failed,CMM_VLOGP,029,64001749,000010,01.03.2025,
00505684390C1FE097B3B6244CEF8832,Pricing error 64001350/000010 RDP start date 16.08.2024: pricing failed,CMM_VLOGP,029,64001350,000010,16.08.2024,
00505684390C1FE097B3B68158242832,Pricing error 52002962/000010 RDP start date 01.11.2024: pricing failed,CMM_VLOGP,029,52002962,000010,01.11.2024,
00505684390C1FE097B3B78E74F6A832,Pricing error 52003051/000010 RDP start date 01.12.2024: pricing failed,CMM_VLOGP,029,52003051,000010,01.12.2024,
00505684390C1FE097B3B7B349A6C832,Pricing error 52003052/000010 RDP start date 01.12.2024: pricing failed,CMM_VLOGP,029,52003052,000010,01.12.2024,
00505684390C1FE097B3B7D81EC34832,Pricing error 52003336/000010 RDP start date 16.03.2025: pricing failed,CMM_VLOGP,029,52003336,000010,16.03.2025,
00505684390C1FE097B3B7DD58C8C832,Pricing error 52003053/000010 RDP start date 01.12.2024: pricing failed,CMM_VLOGP,029,52003053,000010,01.12.2024,
00505684390C1FE097B3B824B7AB6832,Pricing error 52003054/000010 RDP start date 01.12.2024: pricing failed,CMM_VLOGP,029,52003054,000010,01.12.2024,
00505684390C1FE097B3B82AFFFB4832,Root Document 58000022 is locked,CMM_VLOGP,040,58000022,000010,01.12.2024,
00505684390C1FE097B3B87207634832,Root Document 58000027 is locked,CMM_VLOGP,040,58000027,000010,01.12.2024,
00505684390C1FE097B3B89C455BA832,Pricing error 52003065/000010 RDP start date 01.12.2024: pricing failed,CMM_VLOGP,029,52003065,000010,01.12.2024,
00505684390C1FE097B3B8C60E18C832,Root Document 58000032 is locked,CMM_VLOGP,040,58000032,000010,01.12.2024,
00505684390C1FE097B3B8E356876832,Pricing error 52003363/000010 RDP start date 16.03.2025: pricing failed,CMM_VLOGP,029,52003363,000010,16.03.2025,
00505684390C1FE097B3B9097B600832,Pricing error 52003068/000010 RDP start date 01.12.2024: pricing failed,CMM_VLOGP,029,52003068,000010,01.12.2024,
00505684390C1FE097B3B90A09FD6832,Pricing error 58000035/000010 RDP start date 01.12.2024: pricing failed,CMM_VLOGP,029,58000035,000010,01.12.2024,
00505684390C1FE097B3B9596ED32832,Pricing error 58000036/000010 RDP start date 02.12.2024: pricing failed,CMM_VLOGP,029,58000036,000010,02.12.2024,
00505684390C1FE097B3B96A14480832,Pricing error 52003069/000010 RDP start date 01.12.2024: pricing failed,CMM_VLOGP,029,52003069,000010,01.12.2024,
00505684390C1FE097B3B96B3EFD2832,Pricing error 52003389/000010 RDP start date 16.03.2025: pricing failed,CMM_VLOGP,029,52003389,000010,16.03.2025,
00505684390C1FE097B3B9909180A832,Pricing error 58000037/000010 RDP start date 01.12.2024: pricing failed,CMM_VLOGP,029,58000037,000010,01.12.2024,
00505684390C1FE097B3B9E08E3D0832,Root Document 58000038 is locked,CMM_VLOGP,040,58000038,000010,01.12.2024,
00505684390C1FE097B3BA046597A832,Pricing error 52003075/000010 RDP start date 01.11.2024: pricing failed,CMM_VLOGP,029,52003075,000010,01.11.2024,
00505684390C1FE097B3BA1143568832,Root Document 58000041 is locked,CMM_VLOGP,040,58000041,000010,01.12.2024,
00505684390C1FE097B3BA5328B40832,Root Document 58000042 is locked,CMM_VLOGP,040,58000042,000010,01.12.2024,
00505684390C1FE097B3BA9C784BA832,Pricing error 52003076/000010 RDP start date 01.11.2024: pricing failed,CMM_VLOGP,029,52003076,000010,01.11.2024,
00505684390C1FE097B3BA9DD0DBA832,Root Document 58000045 is locked,CMM_VLOGP,040,58000045,000010,01.02.2025,
00505684390C1FE097B3BAC3F3DAC832,Root Document 58000046 is locked,CMM_VLOGP,040,58000046,000010,01.02.2025,
00505684390C1FE097B3BAD590392832,Pricing error 52003403/000010 RDP start date 16.03.2025: pricing failed,CMM_VLOGP,029,52003403,000010,16.03.2025,
00505684390C1FE097B3BB0E0883A832,Root Document 58000047 is locked,CMM_VLOGP,040,58000047,000010,01.02.2025,
00505684390C1FE097B3BB3A42080832,Root Document 58000048 is locked,CMM_VLOGP,040,58000048,000010,01.12.2024,
00505684390C1FE097B3BB85F7B10832,Root Document 58000049 is locked,CMM_VLOGP,040,58000049,000010,01.02.2025,
00505684390C1FE097B3BBCB0E632832,Pricing error 64001396/000010 RDP start date 05.11.2024: pricing failed,CMM_VLOGP,029,64001396,000010,05.11.2024,
00505684390C1FE097B3BBCDE0B26832,Root Document 58000050 is locked,CMM_VLOGP,040,58000050,000010,01.02.2025,
00505684390C1FE097B3BBF8F8A38832,Root Document 58000053 is locked,CMM_VLOGP,040,58000053,000010,01.12.2024,
00505684390C1FE097B3BC1A6B5EE832,Pricing error 64001397/000010 RDP start date 05.11.2024: pricing failed,CMM_VLOGP,029,64001397,000010,05.11.2024,
00505684390C1FE097B3BC41D4314832,Pricing error 64001398/000010 RDP start date 05.11.2024: pricing failed,CMM_VLOGP,029,64001398,000010,05.11.2024,
00505684390C1FE097B3BC64C5994832,Pricing error 64001399/000010 RDP start date 05.11.2024: pricing failed,CMM_VLOGP,029,64001399,000010,05.11.2024,
00505684390C1FE097B3BC84F8380832,Root Document 58000056 is locked,CMM_VLOGP,040,58000056,000010,01.02.2025,
00505684390C1FE097B3BD00B0360832,Root Document 58000057 is locked,CMM_VLOGP,040,58000057,000010,01.01.2025,
00505684390C1FE097B3BD2425F0A832,Pricing error 64001430/000010 RDP start date 04.12.2024: pricing failed,CMM_VLOGP,029,64001430,000010,04.12.2024,
00505684390C1FE097B3BD4B5E7E8832,Pricing error 64001444/000010 RDP start date 04.12.2024: pricing failed,CMM_VLOGP,029,64001444,000010,04.12.2024,
00505684390C1FE097B3BD7187974832,Pricing error 64001445/000010 RDP start date 04.12.2024: pricing failed,CMM_VLOGP,029,64001445,000010,04.12.2024,
00505684390C1FE097B3BDBDF296E832,Pricing error 64001549/000010 RDP start date 24.12.2024: pricing failed,CMM_VLOGP,029,64001549,000010,24.12.2024,
00505684390C1FE097B3BE1E84CD4832,Root Document 52003080 is locked,CMM_VLOGP,040,52003080,000010,01.12.2024,
00505684390C1FE097B3BEB46AAF6832,Pricing error 52003344/000010 RDP start date 16.03.2025: pricing failed,CMM_VLOGP,029,52003344,000010,16.03.2025,
00505684390C1FE097B3BFBCF52A4832,Pricing error 52003346/000010 RDP start date 01.02.2025: pricing failed,CMM_VLOGP,029,52003346,000010,01.02.2025,
00505684390C1FE097B3BFF884C8E832,Pricing error 52003348/000010 RDP start date 16.03.2025: pricing failed,CMM_VLOGP,029,52003348,000010,16.03.2025,
00505684390C1FE097B3C046BDCE0832,Pricing error 52003349/000010 RDP start date 16.03.2025: pricing failed,CMM_VLOGP,029,52003349,000010,16.03.2025,
00505684390C1FE097B3C19853DC6832,Pricing error 64001767/000010 RDP start date 01.04.2025: pricing failed,CMM_VLOGP,029,64001767,000010,01.04.2025,
00505684390C1FE097B3C32DF58A4832,Pricing error 52003381/000010 RDP start date 16.03.2025: pricing failed,CMM_VLOGP,029,52003381,000010,16.03.2025,
00505684390C1FE097B3CB8E51DE4832,Pricing error 52003475/000010 RDP start date 01.06.2025: pricing failed,CMM_VLOGP,029,52003475,000010,01.06.2025,
00505684390C1FE097B3CCC806802832,Pricing error 52003498/000010 RDP start date 01.07.2025: pricing failed,CMM_VLOGP,029,52003498,000010,01.07.2025,
00505684390C1FE097B3CE9335E30832,Pricing error 64001591/000010 RDP start date 01.01.2025: pricing failed,CMM_VLOGP,029,64001591,000010,01.01.2025,
00505684390C1FE097B3D39E4E75C832,Pricing error 52003424/000010 RDP start date 01.05.2025: pricing failed,CMM_VLOGP,029,52003424,000010,01.05.2025,
00505684390C1FE097B3D3FC3085A832,Pricing error 52002679/000010 RDP start date 04.10.2024: pricing failed,CMM_VLOGP,029,52002679,000010,04.10.2024,
00505684390C1FE097B3D68E48AD8832,Pricing error 52002707/000010 RDP start date 01.09.2024: pricing failed,CMM_VLOGP,029,52002707,000010,01.09.2024,
00505684390C1FE097B3D6C38C3B2832,Pricing error 52002708/000010 RDP start date 06.08.2024: pricing failed,CMM_VLOGP,029,52002708,000010,06.08.2024,
00505684390C1FE097B3D7121A554832,Pricing error 52002710/000010 RDP start date 01.09.2024: pricing failed,CMM_VLOGP,029,52002710,000010,01.09.2024,
00505684390C1FE097B3D73656DCE832,Pricing error 52002711/000010 RDP start date 16.09.2024: pricing failed,CMM_VLOGP,029,52002711,000010,16.09.2024,
00505684390C1FE097B3D791510CC832,Pricing error 52002716/000010 RDP start date 01.09.2024: pricing failed,CMM_VLOGP,029,52002716,000010,01.09.2024,
00505684390C1FE097B3D791F2134832,Pricing error 52003450/000010 RDP start date 01.05.2025: pricing failed,CMM_VLOGP,029,52003450,000010,01.05.2025,
00505684390C1FE097B3D7A962476832,Pricing error 52002718/000010 RDP start date 01.11.2024: pricing failed,CMM_VLOGP,029,52002718,000010,01.11.2024,
00505684390C1FE097B3D7CF08CC4832,Pricing error 52002719/000010 RDP start date 01.10.2024: pricing failed,CMM_VLOGP,029,52002719,000010,01.10.2024,
00505684390C1FE097B3D7F3083BC832,Pricing error 64001864/000010 RDP start date 01.05.2025: pricing failed,CMM_VLOGP,029,64001864,000010,01.05.2025,
00505684390C1FE097B3D832A9DBC832,Pricing error 52002731/000010 RDP start date 01.10.2024: pricing failed,CMM_VLOGP,029,52002731,000010,01.10.2024,
00505684390C1FE097B3D8422F46E832,Pricing error 64001867/000010 RDP start date 01.05.2025: pricing failed,CMM_VLOGP,029,64001867,000010,01.05.2025,
00505684390C1FE097B3D8A3ED706832,Pricing error 64001871/000010 RDP start date 01.05.2025: pricing failed,CMM_VLOGP,029,64001871,000010,01.05.2025,
00505684390C1FE097B3D8B3C0652832,Pricing error 52002732/000010 RDP start date 01.10.2024: pricing failed,CMM_VLOGP,029,52002732,000010,01.10.2024,
00505684390C1FE097B3D8C6EC9DA832,Pricing error 52003476/000010 RDP start date 01.07.2025: pricing failed,CMM_VLOGP,029,52003476,000010,01.07.2025,
00505684390C1FE097B3D8F451DC6832,Pricing error 64001903/000010 RDP start date 11.07.2025: pricing failed,CMM_VLOGP,029,64001903,000010,11.07.2025,
00505684390C1FE097B3D9D554562832,Pricing error 64001932/000010 RDP start date 11.07.2025: pricing failed,CMM_VLOGP,029,64001932,000010,11.07.2025,
00505684390C1FE097B3DA0CE38CC832,Pricing error 52002737/000010 RDP start date 29.10.2024: pricing failed,CMM_VLOGP,029,52002737,000010,29.10.2024,
00505684390C1FE097B3DA44C5EB2832,Pricing error 52002738/000010 RDP start date 29.10.2024: pricing failed,CMM_VLOGP,029,52002738,000010,29.10.2024,
00505684390C1FE097B3DA6A9A6CE832,Pricing error 52002739/000010 RDP start date 29.10.2024: pricing failed,CMM_VLOGP,029,52002739,000010,29.10.2024,
00505684390C1FE097B3DA90FEF12832,Pricing error 52002744/000010 RDP start date 21.11.2024: pricing failed,CMM_VLOGP,029,52002744,000010,21.11.2024,
00505684390C1FE097B3DB099BCA6832,Price determination: MtM condition ZMP1 is not active for item 000010,CMM_VLOGP,045,ZMP1,000010,,
00505684390C1FE097B3DBD5F378E832,Pricing error 52002750/000010 RDP start date 01.11.2024: pricing failed,CMM_VLOGP,029,52002750,000010,01.11.2024,
00505684390C1FE097B3DCDFE3898832,Pricing error 52002759/000010 RDP start date 01.11.2024: pricing failed,CMM_VLOGP,029,52002759,000010,01.11.2024,
00505684390C1FE097B3DDFDCD1A6832,Pricing error 52002763/000010 RDP start date 01.12.2024: pricing failed,CMM_VLOGP,029,52002763,000010,01.12.2024,
00505684390C1FE097B3DE8340466832,Pricing error 52002764/000010 RDP start date 26.09.2024: pricing failed,CMM_VLOGP,029,52002764,000010,26.09.2024,
00505684390C1FE097B3DEAC74AB6832,Pricing error 52002765/000010 RDP start date 01.11.2024: pricing failed,CMM_VLOGP,029,52002765,000010,01.11.2024,
00505684390C1FE097B3DF6955736832,Pricing error 52002766/000010 RDP start date 01.12.2024: pricing failed,CMM_VLOGP,029,52002766,000010,01.12.2024,
00505684390C1FE097B3E0141354A832,Pricing error 52002767/000010 RDP start date 01.12.2024: pricing failed,CMM_VLOGP,029,52002767,000010,01.12.2024,
00505684390C1FE097B3E0E5D518E832,Pricing error 52002768/000010 RDP start date 01.12.2024: pricing failed,CMM_VLOGP,029,52002768,000010,01.12.2024,
00505684390C1FE097B3E10DE730A832,Pricing error 52002770/000010 RDP start date 16.11.2024: pricing failed,CMM_VLOGP,029,52002770,000010,16.11.2024,
00505684390C1FE097B3E217FB2A2832,Pricing error 52002773/000010 RDP start date 01.12.2024: pricing failed,CMM_VLOGP,029,52002773,000010,01.12.2024,
00505684390C1FE097B3E2FC957DA832,Pricing error 52002775/000010 RDP start date 01.12.2024: pricing failed,CMM_VLOGP,029,52002775,000010,01.12.2024,
00505684390C1FE097B3E4DB038BE832,Price determination: MtM condition ZMP1 is not active for item 000010,CMM_VLOGP,045,ZMP1,000010,,
00505684390C1FE097B3E4FEF0A50832,Price determination: MtM condition ZMP1 is not active for item 000010,CMM_VLOGP,045,ZMP1,000010,,
00505684390C1FE097B3E4FEF0A76832,Price determination: MtM condition ZMP1 is not active for item 000010,CMM_VLOGP,045,ZMP1,000010,,
00505684390C1FE097B3E55F57452832,Pricing error 52002789/000010 RDP start date 01.11.2024: pricing failed,CMM_VLOGP,029,52002789,000010,01.11.2024,
00505684390C1FE097B3E7ADE61B2832,Pricing error 52002790/000010 RDP start date 01.11.2024: pricing failed,CMM_VLOGP,029,52002790,000010,01.11.2024,
00505684390C1FE097B3EA241047E832,Pricing error 52002791/000010 RDP start date 01.11.2024: pricing failed,CMM_VLOGP,029,52002791,000010,01.11.2024,
00505684390C1FE097B3EA4A835C0832,Pricing error 52002792/000010 RDP start date 16.11.2024: pricing failed,CMM_VLOGP,029,52002792,000010,16.11.2024,
00505684390C1FE097B3EB30CA036832,Pricing error 52002797/000010 RDP start date 01.11.2024: pricing failed,CMM_VLOGP,029,52002797,000010,01.11.2024,
00505684390C1FE097B3EB902A56E832,Root Document 52002799 is locked,CMM_VLOGP,040,52002799,000010,01.12.2024,
00505684390C1FE097B3EBEBB2DA6832,Pricing error 52002801/000010 RDP start date 21.11.2024: pricing failed,CMM_VLOGP,029,52002801,000010,21.11.2024,
00505684390C1FE097B3EC582B09E832,Pricing error 52002802/000010 RDP start date 26.09.2024: pricing failed,CMM_VLOGP,029,52002802,000010,26.09.2024,
00505684390C1FE097B3ECD324F5A832,Pricing error 52002803/000010 RDP start date 26.09.2024: pricing failed,CMM_VLOGP,029,52002803,000010,26.09.2024,
00505684390C1FE097B3ECF9372BE832,Pricing error 52002805/000010 RDP start date 01.11.2024: pricing failed,CMM_VLOGP,029,52002805,000010,01.11.2024,
00505684390C1FE097B3ED575380E832,Pricing error 52002809/000010 RDP start date 26.09.2024: pricing failed,CMM_VLOGP,029,52002809,000010,26.09.2024,
00505684390C1FE097B3ED80E4254832,Pricing error 52002811/000010 RDP start date 01.11.2024: pricing failed,CMM_VLOGP,029,52002811,000010,01.11.2024,
00505684390C1FE097B3EED46F63E832,Pricing error 52002816/000010 RDP start date 06.10.2024: pricing failed,CMM_VLOGP,029,52002816,000010,06.10.2024,
00505684390C1FE097B3EEFB11AC6832,Pricing error 52002817/000010 RDP start date 21.11.2024: pricing failed,CMM_VLOGP,029,52002817,000010,21.11.2024,
00505684390C1FE097B3EF21AE540832,Pricing error 52002819/000010 RDP start date 21.11.2024: pricing failed,CMM_VLOGP,029,52002819,000010,21.11.2024,
00505684390C1FE097B3EF72DBF26832,Pricing error 52002821/000010 RDP start date 01.11.2024: pricing failed,CMM_VLOGP,029,52002821,000010,01.11.2024,
00505684390C1FE097B3EF97BF660832,Pricing error 52002822/000010 RDP start date 01.11.2024: pricing failed,CMM_VLOGP,029,52002822,000010,01.11.2024,
00505684390C1FE097B3EFF2B030E832,Pricing error 52002824/000010 RDP start date 16.11.2024: pricing failed,CMM_VLOGP,029,52002824,000010,16.11.2024,
00505684390C1FE097B3F35FF3570832,Pricing error 52002834/000010 RDP start date 01.12.2024: pricing failed,CMM_VLOGP,029,52002834,000010,01.12.2024,
00505684390C1FE097B3F5FD07432832,Pricing error 52002835/000010 RDP start date 01.12.2024: pricing failed,CMM_VLOGP,029,52002835,000010,01.12.2024,
00505684390C1FE097B3F6E039F4C832,Root Document 52002854 is locked,CMM_VLOGP,040,52002854,000010,01.12.2024,
00505684390C1FE097B3F708726AE832,Root Document 52002855 is locked,CMM_VLOGP,040,52002855,000010,01.12.2024,
00505684390C1FE097B3F73209678832,Root Document 52002856 is locked,CMM_VLOGP,040,52002856,000010,01.12.2024,
00505684390C1FE097B3F7872899A832,Pricing error 52002857/000010 RDP start date 11.10.2024: pricing failed,CMM_VLOGP,029,52002857,000010,11.10.2024,
00505684390C1FE097B3F7C53A1B6832,Root Document 52002859 is locked,CMM_VLOGP,040,52002859,000010,01.12.2024,
00505684390C1FE097B3F7EB7F222832,Root Document 52002860 is locked,CMM_VLOGP,040,52002860,000010,01.12.2024,
00505684390C1FE097B3F814A90B4832,Root Document 52002861 is locked,CMM_VLOGP,040,52002861,000010,01.12.2024,
00505684390C1FE097B3F83C3AA10832,Root Document 52002862 is locked,CMM_VLOGP,040,52002862,000010,01.12.2024,
00505684390C1FE097B3F86522194832,Root Document 52002863 is locked,CMM_VLOGP,040,52002863,000010,01.12.2024,
00505684390C1FE097B3F8AA300A6832,Pricing error 52002880/000010 RDP start date 11.10.2024: pricing failed,CMM_VLOGP,029,52002880,000010,11.10.2024,
00505684390C1FE097B3F8E7AA076832,Pricing error 52002883/000010 RDP start date 16.11.2024: pricing failed,CMM_VLOGP,029,52002883,000010,16.11.2024,
00505684390C1FE097B3F90D63D34832,Pricing error 52002893/000010 RDP start date 16.12.2024: pricing failed,CMM_VLOGP,029,52002893,000010,16.12.2024,
00505684390C1FE097B3F930B7D74832,Pricing error 52002894/000010 RDP start date 16.12.2024: pricing failed,CMM_VLOGP,029,52002894,000010,16.12.2024,
00505684390C1FE097B3F95786BD4832,Pricing error 52002901/000010 RDP start date 21.11.2024: pricing failed,CMM_VLOGP,029,52002901,000010,21.11.2024,
00505684390C1FE097B3F97CFF306832,Pricing error 52002902/000010 RDP start date 21.11.2024: pricing failed,CMM_VLOGP,029,52002902,000010,21.11.2024,
00505684390C1FE097B3F9A215776832,Pricing error 52002903/000010 RDP start date 21.11.2024: pricing failed,CMM_VLOGP,029,52002903,000010,21.11.2024,
00505684390C1FE097B3F9C555E0E832,Pricing error 52002904/000010 RDP start date 21.11.2024: pricing failed,CMM_VLOGP,029,52002904,000010,21.11.2024,
00505684390C1FE097B3F9DB99788832,Pricing error 52002905/000010 RDP start date 21.11.2024: pricing failed,CMM_VLOGP,029,52002905,000010,21.11.2024,
00505684390C1FE097B3FA14809FC832,Pricing error 52002907/000010 RDP start date 21.11.2024: pricing failed,CMM_VLOGP,029,52002907,000010,21.11.2024,
00505684390C1FE097B3FA3C67338832,Root Document 52002912 is locked,CMM_VLOGP,040,52002912,000010,01.12.2024,
00505684390C1FE097B3FAAD5E692832,Pricing error 52002917/000010 RDP start date 11.10.2024: pricing failed,CMM_VLOGP,029,52002917,000010,11.10.2024,
00505684390C1FE097B3FAD5627BC832,Pricing error 52002921/000010 RDP start date 01.10.2024: pricing failed,CMM_VLOGP,029,52002921,000010,01.10.2024,
00505684390C1FE097B3FC003F47A832,Pricing error 52002922/000010 RDP start date 01.12.2024: pricing failed,CMM_VLOGP,029,52002922,000010,01.12.2024,
00505684390C1FE097B3FC3E367EE832,Pricing error 52002923/000010 RDP start date 16.11.2024: pricing failed,CMM_VLOGP,029,52002923,000010,16.11.2024,
00505684390C1FE097B3FC7E2DEB0832,Pricing error 52002924/000010 RDP start date 16.11.2024: pricing failed,CMM_VLOGP,029,52002924,000010,16.11.2024,
00505684390C1FE097B3FCC45E3E0832,Pricing error 52002936/000020 RDP start date 01.10.2024: pricing failed,CMM_VLOGP,029,52002936,000020,01.10.2024,
00505684390C1FE097B3FDDD1FCE2832,Pricing error 52002937/000010 RDP start date 01.12.2024: pricing failed,CMM_VLOGP,029,52002937,000010,01.12.2024,
00505684390C1FE097B3FDF64D890832,Pricing error 52002940/000010 RDP start date 05.11.2024: pricing failed,CMM_VLOGP,029,52002940,000010,05.11.2024,
00505684390C1FE097B3FE699C51A832,Pricing error 52002972/000010 RDP start date 01.10.2024: pricing failed,CMM_VLOGP,029,52002972,000010,01.10.2024,
00505684390C1FE097B40069F4C7A832,Pricing error 52003000/000010 RDP start date 02.12.2024: pricing failed,CMM_VLOGP,029,52003000,000010,02.12.2024,
00505684390C1FE097B401059BB5C832,Pricing error 52003014/000010 RDP start date 01.11.2024: pricing failed,CMM_VLOGP,029,52003014,000010,01.11.2024,
00505684390C1FE097B40158441D2832,Pricing error 52003015/000010 RDP start date 11.11.2024: pricing failed,CMM_VLOGP,029,52003015,000010,11.11.2024,
00505684390C1FE097B40177F886C832,Pricing error 52003016/000010 RDP start date 01.11.2024: pricing failed,CMM_VLOGP,029,52003016,000010,01.11.2024,
00505684390C1FE097B4019C41100832,Pricing error 52003017/000010 RDP start date 01.11.2024: pricing failed,CMM_VLOGP,029,52003017,000010,01.11.2024,
00505684390C1FE097B401E7F840A832,Pricing error 52003018/000010 RDP start date 16.11.2024: pricing failed,CMM_VLOGP,029,52003018,000010,16.11.2024,
00505684390C1FE097B40233E6696832,Pricing error 52003019/000010 RDP start date 16.11.2024: pricing failed,CMM_VLOGP,029,52003019,000010,16.11.2024,
00505684390C1FE097B4025A4324E832,Pricing error 52003020/000010 RDP start date 01.11.2024: pricing failed,CMM_VLOGP,029,52003020,000010,01.11.2024,
00505684390C1FE097B402B910654832,Pricing error 52003021/000010 RDP start date 16.11.2024: pricing failed,CMM_VLOGP,029,52003021,000010,16.11.2024,
00505684390C1FE097B40306A1178832,Pricing error 52003022/000010 RDP start date 16.11.2024: pricing failed,CMM_VLOGP,029,52003022,000010,16.11.2024,
00505684390C1FE097B40364CD30C832,Pricing error 52003023/000010 RDP start date 16.11.2024: pricing failed,CMM_VLOGP,029,52003023,000010,16.11.2024,
00505684390C1FE097B403B1C4A06832,Pricing error 52003024/000010 RDP start date 11.11.2024: pricing failed,CMM_VLOGP,029,52003024,000010,11.11.2024,
00505684390C1FE097B40487098E4832,Pricing error 52003029/000010 RDP start date 01.03.2025: pricing failed,CMM_VLOGP,029,52003029,000010,01.03.2025,
00505684390C1FE097B404E225108832,Pricing error 52003036/000010 RDP start date 26.09.2024: pricing failed,CMM_VLOGP,029,52003036,000010,26.09.2024,
00505684390C1FE097B40532A7476832,Pricing error 52003037/000010 RDP start date 26.09.2024: pricing failed,CMM_VLOGP,029,52003037,000010,26.09.2024,
00505684390C1FE097B405EEE78A2832,Pricing error 52003046/000010 RDP start date 01.01.2025: pricing failed,CMM_VLOGP,029,52003046,000010,01.01.2025,
00505684390C1FE097B40640D75D4832,Pricing error 52003047/000010 RDP start date 01.01.2025: pricing failed,CMM_VLOGP,029,52003047,000010,01.01.2025,
00505684390C1FE097B406B61B654832,Pricing error 52003061/000010 RDP start date 01.12.2024: pricing failed,CMM_VLOGP,029,52003061,000010,01.12.2024,
00505684390C1FE097B406DAF4BAA832,Pricing error 52003062/000010 RDP start date 01.12.2024: pricing failed,CMM_VLOGP,029,52003062,000010,01.12.2024,
00505684390C1FE097B406F9FE2CE832,Pricing error 52003063/000010 RDP start date 01.12.2024: pricing failed,CMM_VLOGP,029,52003063,000010,01.12.2024,
00505684390C1FE097B4071E75346832,Pricing error 52003064/000010 RDP start date 06.12.2024: pricing failed,CMM_VLOGP,029,52003064,000010,06.12.2024,
00505684390C1FE097B4075392176832,Root Document 52003071 is locked,CMM_VLOGP,040,52003071,000010,01.12.2024,
00505684390C1FE097B4079181F12832,Pricing error 52003083/000010 RDP start date 01.12.2024: pricing failed,CMM_VLOGP,029,52003083,000010,01.12.2024,
00505684390C1FE097B407CA36BE0832,Pricing error 52003089/000010 RDP start date 01.12.2024: pricing failed,CMM_VLOGP,029,52003089,000010,01.12.2024,
00505684390C1FE097B408034E05A832,Root Document 52003091 is locked,CMM_VLOGP,040,52003091,000010,01.12.2024,
00505684390C1FE097B4087594518832,Pricing error 52003097/000010 RDP start date 01.03.2025: pricing failed,CMM_VLOGP,029,52003097,000010,01.03.2025,
00505684390C1FE097B408C236C06832,Root Document 52003099 is locked,CMM_VLOGP,040,52003099,000010,01.12.2024,
00505684390C1FE097B408EB1FA1A832,Root Document 52003100 is locked,CMM_VLOGP,040,52003100,000010,01.03.2025,
00505684390C1FE097B417BC11E9A832,Pricing error 52003495/000010 RDP start date 01.07.2025: pricing failed,CMM_VLOGP,029,52003495,000010,01.07.2025,
00505684390C1FE097B419284304C832,Pricing error 64001266/000010 RDP start date 30.09.2024: pricing failed,CMM_VLOGP,029,64001266,000010,30.09.2024,
00505684390C1FE097B41B2A61592832,Pricing error 64001326/000010 RDP start date 01.09.2024: pricing failed,CMM_VLOGP,029,64001326,000010,01.09.2024,
00505684390C1FE097B41B77F495A832,Pricing error 64001329/000010 RDP start date 30.09.2024: pricing failed,CMM_VLOGP,029,64001329,000010,30.09.2024,
00505684390C1FE097B41BD55E704832,Pricing error 64001331/000010 RDP start date 01.10.2024: pricing failed,CMM_VLOGP,029,64001331,000010,01.10.2024,
00505684390C1FE097B41C03980C6832,Pricing error 64001337/000010 RDP start date 30.09.2024: pricing failed,CMM_VLOGP,029,64001337,000010,30.09.2024,
00505684390C1FE097B41C4B2458E832,Pricing error 64001338/000010 RDP start date 30.09.2024: pricing failed,CMM_VLOGP,029,64001338,000010,30.09.2024,
00505684390C1FE097B41CA7361E2832,Pricing error 64001339/000010 RDP start date 30.09.2024: pricing failed,CMM_VLOGP,029,64001339,000010,30.09.2024,
00505684390C1FE097B41CF3284D2832,Pricing error 64001340/000010 RDP start date 30.09.2024: pricing failed,CMM_VLOGP,029,64001340,000010,30.09.2024,
00505684390C1FE097B41D3FCEC60832,Pricing error 64001341/000010 RDP start date 30.09.2024: pricing failed,CMM_VLOGP,029,64001341,000010,30.09.2024,
00505684390C1FE097B41D9073410832,Pricing error 64001346/000010 RDP start date 30.09.2024: pricing failed,CMM_VLOGP,029,64001346,000010,30.09.2024,
00505684390C1FE097B41DB2CCD1A832,Pricing error 64001352/000010 RDP start date 21.11.2024: pricing failed,CMM_VLOGP,029,64001352,000010,21.11.2024,
00505684390C1FE097B41E37DB75A832,Pricing error 64001362/000010 RDP start date 01.09.2024: pricing failed,CMM_VLOGP,029,64001362,000010,01.09.2024,
00505684390C1FE097B41EABC2CDA832,Pricing error 64001364/000010 RDP start date 01.12.2024: pricing failed,CMM_VLOGP,029,64001364,000010,01.12.2024,
00505684390C1FE097B41EE5A0A00832,Pricing error 64001365/000010 RDP start date 01.12.2024: pricing failed,CMM_VLOGP,029,64001365,000010,01.12.2024,
00505684390C1FE097B41F1BF4E30832,Pricing error 64001366/000010 RDP start date 01.12.2024: pricing failed,CMM_VLOGP,029,64001366,000010,01.12.2024,
00505684390C1FE097B41F8F45B06832,Pricing error 64001370/000010 RDP start date 01.09.2024: pricing failed,CMM_VLOGP,029,64001370,000010,01.09.2024,
00505684390C1FE097B41FC7CF706832,Pricing error 64001371/000010 RDP start date 01.12.2024: pricing failed,CMM_VLOGP,029,64001371,000010,01.12.2024,
00505684390C1FE097B4203D01D12832,Pricing error 64001373/000010 RDP start date 01.12.2024: pricing failed,CMM_VLOGP,029,64001373,000010,01.12.2024,
00505684390C1FE097B42086FEE9C832,Pricing error 64001374/000010 RDP start date 01.10.2024: pricing failed,CMM_VLOGP,029,64001374,000010,01.10.2024,
00505684390C1FE097B420AF5D70C832,Pricing error 64001375/000010 RDP start date 01.12.2024: pricing failed,CMM_VLOGP,029,64001375,000010,01.12.2024,
00505684390C1FE097B420FA3EDD2832,Pricing error 64001386/000010 RDP start date 29.10.2024: pricing failed,CMM_VLOGP,029,64001386,000010,29.10.2024,
00505684390C1FE097B42146B9F94832,Pricing error 64001393/000010 RDP start date 01.10.2024: pricing failed,CMM_VLOGP,029,64001393,000010,01.10.2024,
00505684390C1FE097B4226D6C49C832,Pricing error 64001404/000010 RDP start date 01.09.2024: pricing failed,CMM_VLOGP,029,64001404,000010,01.09.2024,
00505684390C1FE097B422C17E6AC832,Pricing error 64001405/000010 RDP start date 01.09.2024: pricing failed,CMM_VLOGP,029,64001405,000010,01.09.2024,
00505684390C1FE097B422ED1404A832,Pricing error 64001407/000010 RDP start date 01.11.2024: pricing failed,CMM_VLOGP,029,64001407,000010,01.11.2024,
00505684390C1FE097B42323D321E832,Pricing error 64001408/000010 RDP start date 16.09.2024: pricing failed,CMM_VLOGP,029,64001408,000010,16.09.2024,
00505684390C1FE097B42394CE21E832,Pricing error 64001413/000010 RDP start date 16.11.2024: pricing failed,CMM_VLOGP,029,64001413,000010,16.11.2024,
00505684390C1FE097B423CF48F3A832,Pricing error 64001417/000010 RDP start date 16.11.2024: pricing failed,CMM_VLOGP,029,64001417,000010,16.11.2024,
00505684390C1FE097B423EDE7A48832,Pricing error 64001420/000010 RDP start date 16.08.2024: pricing failed,CMM_VLOGP,029,64001420,000010,16.08.2024,
00505684390C1FE097B4255E2E2A6832,Pricing error 64001435/000020 RDP start date 16.11.2024: pricing failed,CMM_VLOGP,029,64001435,000020,16.11.2024,
00505684390C1FE097B426087D5A2832,Pricing error 64001439/000010 RDP start date 16.11.2024: pricing failed,CMM_VLOGP,029,64001439,000010,16.11.2024,
00505684390C1FE097B4263441E22832,Pricing error 64001440/000010 RDP start date 16.11.2024: pricing failed,CMM_VLOGP,029,64001440,000010,16.11.2024,
00505684390C1FE097B4276B84DB4832,Price determination: MtM condition ZMP1 is not active for item 000010,CMM_VLOGP,045,ZMP1,000010,,
00505684390C1FE097B42848CBB16832,Pricing error 64001479/000010 RDP start date 16.08.2024: pricing failed,CMM_VLOGP,029,64001479,000010,16.08.2024,
00505684390C1FE097B428CC621BE832,Pricing error 64001510/000010 RDP start date 01.11.2024: pricing failed,CMM_VLOGP,029,64001510,000010,01.11.2024,
00505684390C1FE097B4290565B82832,Pricing error 64001511/000010 RDP start date 06.11.2024: pricing failed,CMM_VLOGP,029,64001511,000010,06.11.2024,
00505684390C1FE097B4292B2587C832,Pricing error 64001513/000010 RDP start date 16.11.2024: pricing failed,CMM_VLOGP,029,64001513,000010,16.11.2024,
00505684390C1FE097B42E05328A0832,Pricing error 64001536/000010 RDP start date 16.11.2024: pricing failed,CMM_VLOGP,029,64001536,000010,16.11.2024,
00505684390C1FE097B42E3EC2E5E832,Pricing error 64001537/000010 RDP start date 01.11.2024: pricing failed,CMM_VLOGP,029,64001537,000010,01.11.2024,
00505684390C1FE097B434234B170832,Pricing error 64001623/000010 RDP start date 01.12.2024: pricing failed,CMM_VLOGP,029,64001623,000010,01.12.2024,
00505684390C1FE097B4345B121E4832,Pricing error 64001624/000010 RDP start date 02.12.2024: pricing failed,CMM_VLOGP,029,64001624,000010,02.12.2024,
00505684390C1FE097B43491526E0832,Root Document 64001625 is locked,CMM_VLOGP,040,64001625,000010,01.12.2024,
00505684390C1FE097B434DEBBC72832,Pricing error 64001639/000010 RDP start date 01.12.2024: pricing failed,CMM_VLOGP,029,64001639,000010,01.12.2024,
00505684390C1FE097B43A509FFFC832,Pricing error 64001739/000010 RDP start date 01.04.2025: pricing failed,CMM_VLOGP,029,64001739,000010,01.04.2025,
00505684390C1FE097B43AFD257EA832,Pricing error 64001758/000020 RDP start date 01.03.2025: pricing failed,CMM_VLOGP,029,64001758,000020,01.03.2025,
00505684390C1FE097B43B4968806832,Pricing error 64001764/000010 RDP start date 01.04.2025: pricing failed,CMM_VLOGP,029,64001764,000010,01.04.2025,
00505684390C1FE097B43B7F64ED2832,Pricing error 64001765/000010 RDP start date 01.04.2025: pricing failed,CMM_VLOGP,029,64001765,000010,01.04.2025,
00505684390C1FE097B43C04ADBCE832,Price determination: MtM condition ZMP1 is not active for item 000010,CMM_VLOGP,045,ZMP1,000010,,
00505684390C1FE097B43C2110C08832,Price determination: MtM condition ZMP1 is not active for item 000010,CMM_VLOGP,045,ZMP1,000010,,
00505684390C1FE097B43C2AD7118832,Price determination: MtM condition ZMP1 is not active for item 000010,CMM_VLOGP,045,ZMP1,000010,,
00505684390C1FE097B43C2E70A94832,Pricing error 64001766/000010 RDP start date 01.04.2025: pricing failed,CMM_VLOGP,029,64001766,000010,01.04.2025,
00505684390C1FE097B43C3E0F790832,Price determination: MtM condition ZMP1 is not active for item 000010,CMM_VLOGP,045,ZMP1,000010,,
00505684390C1FE097B43EA88C7F6832,Price determination: MtM condition ZMP1 is not active for item 000010,CMM_VLOGP,045,ZMP1,000010,,
00505684390C1FE097B43F23BD09E832,Price determination: MtM condition ZMP1 is not active for item 000010,CMM_VLOGP,045,ZMP1,000010,,
00505684390C1FE097B447AB0138C832,Price determination: MtM condition ZMP1 is not active for item 000010,CMM_VLOGP,045,ZMP1,000010,,
00505684390C1FE097B44B161D1A0832,Root Document 52003209 is locked,CMM_VLOGP,040,52003209,000010,01.01.2025,
00505684390C1FE097B44B24FE21C832,Pricing error 64001820/000010 RDP start date 02.05.2025: pricing failed,CMM_VLOGP,029,64001820,000010,02.05.2025,
00505684390C1FE097B44F72BC4E4832,Pricing error 64001824/000030 RDP start date 01.05.2025: pricing failed,CMM_VLOGP,029,64001824,000030,01.05.2025,
00505684390C1FE097B451ECE9CF6832,Pricing error 64001832/000010 RDP start date 02.05.2025: pricing failed,CMM_VLOGP,029,64001832,000010,02.05.2025,
00505684390C1FE097B453A619CC2832,Pricing error 64001834/000010 RDP start date 09.05.2025: pricing failed,CMM_VLOGP,029,64001834,000010,09.05.2025,
00505684390C1FE097B454F5A21B6832,Sales document 51000441 is currently being processed by EOD_BATCH.,V1,042,51000441,EOD_BATCH,,
00505684390C1FE097B457B94D674832,Error in getting price for material JKR0200 and plant,CMM_VLOGP,022,JKR0200,,,
00505684390C1FE097B45B33F3178832,Pricing error 64001843/000010 RDP start date 02.05.2025: pricing failed,CMM_VLOGP,029,64001843,000010,02.05.2025,
00505684390C1FE097B45BE84F81A832,Price determination: MtM condition ZLAR is not active for item 000010,CMM_VLOGP,045,ZLAR,000010,,
00505684390C1FE097B461F269EFC832,Pricing error 64001848/000010 RDP start date 02.05.2025: pricing failed,CMM_VLOGP,029,64001848,000010,02.05.2025,
00505684390C1FE097B463D08202E832,Pricing error 64001849/000010 RDP start date 06.06.2025: pricing failed,CMM_VLOGP,029,64001849,000010,06.06.2025,
00505684390C1FE097B4640BE54B8832,Pricing error 52003331/000010 RDP start date 16.03.2025: pricing failed,CMM_VLOGP,029,52003331,000010,16.03.2025,
00505684390C1FE097B4674E607C2832,Pricing error 64001862/000010 RDP start date 23.05.2025: pricing failed,CMM_VLOGP,029,64001862,000010,23.05.2025,
00505684390C1FE097B4693140184832,Pricing error 64001851/000010 RDP start date 02.05.2025: pricing failed,CMM_VLOGP,029,64001851,000010,02.05.2025,
00505684390C1FE097B46BDBD0D8A832,Pricing error 64001854/000010 RDP start date 02.05.2025: pricing failed,CMM_VLOGP,029,64001854,000010,02.05.2025,
00505684390C1FE097B46BED89E68832,Pricing error 52002996/000010 RDP start date 01.12.2024: pricing failed,CMM_VLOGP,029,52002996,000010,01.12.2024,
00505684390C1FE097B4714C18CAE832,Pricing error 64001858/000010 RDP start date 02.05.2025: pricing failed,CMM_VLOGP,029,64001858,000010,02.05.2025,
00505684390C1FE097B473384E4F4832,Pricing error 64001859/000010 RDP start date 02.05.2025: pricing failed,CMM_VLOGP,029,64001859,000010,02.05.2025,
00505684390C1FE097B474F144BCC832,Pricing error 64001860/000010 RDP start date 02.05.2025: pricing failed,CMM_VLOGP,029,64001860,000010,02.05.2025,
00505684390C1FE097B475323D65C832,Price determination: MtM condition ZMP1 is not active for item 000010,CMM_VLOGP,045,ZMP1,000010,,
00505684390C1FE097B4761452F4C832,Price determination: MtM condition ZMP1 is not active for item 000010,CMM_VLOGP,045,ZMP1,000010,,
00505684390C1FE097B4763A50DC4832,Root Document 52002971 is locked,CMM_VLOGP,040,52002971,000010,01.12.2024,
00505684390C1FE097B4767B99B74832,Price determination: MtM condition ZMP1 is not active for item 000010,CMM_VLOGP,045,ZMP1,000010,,
00505684390C1FE097B4769568B0C832,Pricing error 64001861/000010 RDP start date 02.05.2025: pricing failed,CMM_VLOGP,029,64001861,000010,02.05.2025,
00505684390C1FE097B476F45ABD0832,Price determination: MtM condition ZMP1 is not active for item 000010,CMM_VLOGP,045,ZMP1,000010,,
00505684390C1FE097B4775B503FE832,Price determination: MtM condition ZMP1 is not active for item 000010,CMM_VLOGP,045,ZMP1,000010,,
00505684390C1FE097B47C3088D3C832,Pricing error 64001863/000010 RDP start date 02.05.2025: pricing failed,CMM_VLOGP,029,64001863,000010,02.05.2025,
00505684390C1FE097B47D5BEF438832,Root Document 52003187 is locked,CMM_VLOGP,040,52003187,000010,01.01.2025,
00505684390C1FE097B47EFFBD510832,Root Document 52003116 is locked,CMM_VLOGP,040,52003116,000010,01.01.2025,
00505684390C1FE097B47F00F17BE832,Root Document 52003191 is locked,CMM_VLOGP,040,52003191,000010,01.01.2025,
00505684390C1FE097B47F75DE33A832,Price determination: MtM condition ZMP1 is not active for item 000010,CMM_VLOGP,045,ZMP1,000010,,
00505684390C1FE097B47FAC6D2A0832,Root Document 330001640 is locked,CMM_VLOGP,040,330001640,00010,01.11.2024,
00505684390C1FE097B481FC541B2832,Pricing error 64001865/000010 RDP start date 02.05.2025: pricing failed,CMM_VLOGP,029,64001865,000010,02.05.2025,
00505684390C1FE097B482C1D2F58832,Price determination: MtM condition ZMP1 is not active for item 000010,CMM_VLOGP,045,ZMP1,000010,,
00505684390C1FE097B4831245ED2832,Price determination: MtM condition ZMP1 is not active for item 000010,CMM_VLOGP,045,ZMP1,000010,,
00505684390C1FE097B483834F71C832,Price determination: MtM condition ZMP1 is not active for item 000010,CMM_VLOGP,045,ZMP1,000010,,
00505684390C1FE097B483D4A59D2832,Price determination: MtM condition ZMP1 is not active for item 000010,CMM_VLOGP,045,ZMP1,000010,,
00505684390C1FE097B484425731C832,Price determination: MtM condition ZMP1 is not active for item 000010,CMM_VLOGP,045,ZMP1,000010,,
00505684390C1FE097B4853854CB6832,Price determination: MtM condition ZMP1 is not active for item 000010,CMM_VLOGP,045,ZMP1,000010,,
00505684390C1FE097B487911477E832,Pricing error 64001866/000010 RDP start date 02.05.2025: pricing failed,CMM_VLOGP,029,64001866,000010,02.05.2025,
00505684390C1FE097B48C2FCF690832,Pricing error 64001868/000010 RDP start date 02.05.2025: pricing failed,CMM_VLOGP,029,64001868,000010,02.05.2025,
00505684390C1FE097B4912E1E7EA832,Price determination: MtM condition ZETF is not active for item 000010,CMM_VLOGP,045,ZETF,000010,,
00505684390C1FE097B49159283F4832,Price determination: MtM condition ZETF is not active for item 000010,CMM_VLOGP,045,ZETF,000010,,
00505684390C1FE097B491A08A522832,Price determination: MtM condition ZETF is not active for item 000010,CMM_VLOGP,045,ZETF,000010,,
00505684390C1FE097B491CF649C8832,Price determination: MtM condition ZETF is not active for item 000010,CMM_VLOGP,045,ZETF,000010,,
00505684390C1FE097B492141805A832,Price determination: MtM condition ZETF is not active for item 000010,CMM_VLOGP,045,ZETF,000010,,
00505684390C1FE097B4923200DFC832,Pricing error 64001879/000010 RDP start date 02.05.2025: pricing failed,CMM_VLOGP,029,64001879,000010,02.05.2025,
00505684390C1FE097B4923DD49E4832,Price determination: MtM condition ZETF is not active for item 000010,CMM_VLOGP,045,ZETF,000010,,
00505684390C1FE097B4929FE6D42832,Pricing error 52003201/000010 RDP start date 01.01.2025: pricing failed,CMM_VLOGP,029,52003201,000010,01.01.2025,
00505684390C1FE097B49702832B8832,Pricing error 64001880/000010 RDP start date 02.05.2025: pricing failed,CMM_VLOGP,029,64001880,000010,02.05.2025,
00505684390C1FE097B498B876A98832,Price determination: MtM condition ZMP1 is not active for item 000010,CMM_VLOGP,045,ZMP1,000010,,
00505684390C1FE097B498DF68922832,Price determination: MtM condition ZMP1 is not active for item 000010,CMM_VLOGP,045,ZMP1,000010,,
00505684390C1FE097B499111AC22832,Price determination: MtM condition ZMP1 is not active for item 000010,CMM_VLOGP,045,ZMP1,000010,,
00505684390C1FE097B4994C9BE1C832,Price determination: MtM condition ZMP1 is not active for item 000010,CMM_VLOGP,045,ZMP1,000010,,
00505684390C1FE097B4997529486832,Pricing error 64001884/000010 RDP start date 02.05.2025: pricing failed,CMM_VLOGP,029,64001884,000010,02.05.2025,
00505684390C1FE097B4997D22504832,Price determination: MtM condition ZMP1 is not active for item 000010,CMM_VLOGP,045,ZMP1,000010,,
00505684390C1FE097B499A09A74E832,Price determination: MtM condition ZMP1 is not active for item 000010,CMM_VLOGP,045,ZMP1,000010,,
00505684390C1FE097B499D54A282832,Price determination: MtM condition ZMP1 is not active for item 000010,CMM_VLOGP,045,ZMP1,000010,,
00505684390C1FE097B49AA5BF372832,Root Document 52003252 is locked,CMM_VLOGP,040,52003252,000010,01.03.2025,
00505684390C1FE097B49B8C57516832,Root Document 52003245 is locked,CMM_VLOGP,040,52003245,000010,01.03.2025,
00505684390C1FE097B49CD34FB6E832,Price determination: MtM condition ZMP1 is not active for item 000010,CMM_VLOGP,045,ZMP1,000010,,
00505684390C1FE097B49D07436BE832,Price determination: MtM condition ZMP1 is not active for item 000010,CMM_VLOGP,045,ZMP1,000010,,
00505684390C1FE097B49D41960FA832,Price determination: MtM condition ZMP1 is not active for item 000010,CMM_VLOGP,045,ZMP1,000010,,
00505684390C1FE097B49D6C9DEDE832,Price determination: MtM condition ZMP1 is not active for item 000010,CMM_VLOGP,045,ZMP1,000010,,
00505684390C1FE097B49DBBE01FC832,Price determination: MtM condition ZMP1 is not active for item 000010,CMM_VLOGP,045,ZMP1,000010,,
00505684390C1FE097B49F1389DCE832,Pricing error 64001885/000010 RDP start date 02.05.2025: pricing failed,CMM_VLOGP,029,64001885,000010,02.05.2025,
00505684390C1FE097B4A07A820FA832,Price determination: MtM condition ZMP1 is not active for item 000010,CMM_VLOGP,045,ZMP1,000010,,
00505684390C1FE097B4A51EBA7D0832,Pricing error 64001887/000010 RDP start date 02.05.2025: pricing failed,CMM_VLOGP,029,64001887,000010,02.05.2025,
00505684390C1FE097B4AB0F5681E832,Pricing error 64001888/000010 RDP start date 02.05.2025: pricing failed,CMM_VLOGP,029,64001888,000010,02.05.2025,
00505684390C1FE097B4AC172B22C832,Pricing error 52003411/000010 RDP start date 01.01.2025: pricing failed,CMM_VLOGP,029,52003411,000010,01.01.2025,
00505684390C1FE097B4AFBA18204832,Error in getting price for material CRDUS0200 and plant,CMM_VLOGP,022,CRDUS0200,,,
00505684390C1FE097B4B06E51D88832,Pricing error 64001889/000010 RDP start date 02.05.2025: pricing failed,CMM_VLOGP,029,64001889,000010,02.05.2025,
00505684390C1FE097B4B0709774E832,Error in getting price for material ARM0100 and plant,CMM_VLOGP,022,ARM0100,,,
00505684390C1FE097B4B47454446832,Error in getting price for material CRDUS0200 and plant,CMM_VLOGP,022,CRDUS0200,,,
00505684390C1FE097B4B5CAA7AEC832,Pricing error 64001890/000010 RDP start date 02.05.2025: pricing failed,CMM_VLOGP,029,64001890,000010,02.05.2025,
00505684390C1FE097B4B740D63F6832,Pricing error 64001901/000010 RDP start date 06.06.2025: pricing failed,CMM_VLOGP,029,64001901,000010,06.06.2025,
00505684390C1FE097B4B8850D5D0832,Pricing error 64001908/000010 RDP start date 06.06.2025: pricing failed,CMM_VLOGP,029,64001908,000010,06.06.2025,
00505684390C1FE097B4BC22DBFBA832,Price determination: MtM condition ZMP1 is not active for item 000010,CMM_VLOGP,045,ZMP1,000010,,
00505684390C1FE097B4BC44C0880832,Root Document 340002859 is locked,CMM_VLOGP,040,340002859,00010,01.12.2024,
00505684390C1FE097B4BCB17BFB4832,Root Document 52002742 is locked,CMM_VLOGP,040,52002742,000010,01.09.2024,
00505684390C1FE097B4BCFDE6314832,Pricing error 52002743/000010 RDP start date 26.09.2024: pricing failed,CMM_VLOGP,029,52002743,000010,26.09.2024,
00505684390C1FE097B4BD0125588832,Root Document 51000396 is locked,CMM_VLOGP,040,51000396,000010,01.12.2024,
00505684390C1FE097B4BD453A168832,Pricing error 64001264/000010 RDP start date 01.09.2024: pricing failed,CMM_VLOGP,029,64001264,000010,01.09.2024,
00505684390C1FE097B4BDAE659FA832,Pricing error 64001285/000010 RDP start date 01.09.2024: pricing failed,CMM_VLOGP,029,64001285,000010,01.09.2024,
00505684390C1FE097B4BDF7D0984832,Pricing error 64001286/000010 RDP start date 01.09.2024: pricing failed,CMM_VLOGP,029,64001286,000010,01.09.2024,
00505684390C1FE097B4BE083B79E832,Pricing error 52002745/000010 RDP start date 03.11.2024: pricing failed,CMM_VLOGP,029,52002745,000010,03.11.2024,
00505684390C1FE097B4BEDEFA01E832,Pricing error 64001311/000010 RDP start date 17.09.2024: pricing failed,CMM_VLOGP,029,64001311,000010,17.09.2024,
00505684390C1FE097B4BF2ED3D34832,Pricing error 52002751/000010 RDP start date 01.10.2024: pricing failed,CMM_VLOGP,029,52002751,000010,01.10.2024,
00505684390C1FE097B4BFC6C2C46832,Pricing error 52002753/000010 RDP start date 01.10.2024: pricing failed,CMM_VLOGP,029,52002753,000010,01.10.2024,
00505684390C1FE097B4C00ACBF72832,Pricing error 51000404/000010 RDP start date 01.11.2024: pricing failed,CMM_VLOGP,029,51000404,000010,01.11.2024,
00505684390C1FE097B4C00B9E17A832,Pricing error 52002756/000010 RDP start date 14.10.2024: pricing failed,CMM_VLOGP,029,52002756,000010,14.10.2024,
00505684390C1FE097B4C05A07CC6832,Pricing error 51000405/000010 RDP start date 01.11.2024: pricing failed,CMM_VLOGP,029,51000405,000010,01.11.2024,
00505684390C1FE097B4C0B81AC54832,Pricing error 64001323/000010 RDP start date 01.09.2024: pricing failed,CMM_VLOGP,029,64001323,000010,01.09.2024,
00505684390C1FE097B4C0E0AC2AA832,Pricing error 52002777/000010 RDP start date 15.10.2024: pricing failed,CMM_VLOGP,029,52002777,000010,15.10.2024,
00505684390C1FE097B4C10740784832,Pricing error 64001327/000010 RDP start date 01.09.2024: pricing failed,CMM_VLOGP,029,64001327,000010,01.09.2024,
00505684390C1FE097B4C1293DD6E832,Pricing error 52002784/000010 RDP start date 01.11.2024: pricing failed,CMM_VLOGP,029,52002784,000010,01.11.2024,
00505684390C1FE097B4C15040390832,Error in getting price for material JKR0200 and plant,CMM_VLOGP,022,JKR0200,,,
00505684390C1FE097B4C17CAB730832,Pricing error 64001328/000010 RDP start date 01.09.2024: pricing failed,CMM_VLOGP,029,64001328,000010,01.09.2024,
00505684390C1FE097B4C1E9E119A832,Pricing error 64001330/000010 RDP start date 25.09.2024: pricing failed,CMM_VLOGP,029,64001330,000010,25.09.2024,
00505684390C1FE097B4C25C44DCE832,Pricing error 64001333/000010 RDP start date 01.10.2024: pricing failed,CMM_VLOGP,029,64001333,000010,01.10.2024,
00505684390C1FE097B4C28504E86832,Pricing error 52002786/000010 RDP start date 01.11.2024: pricing failed,CMM_VLOGP,029,52002786,000010,01.11.2024,
00505684390C1FE097B4C28575C74832,Pricing error 64001334/000010 RDP start date 01.09.2024: pricing failed,CMM_VLOGP,029,64001334,000010,01.09.2024,
00505684390C1FE097B4C2BB4D596832,Root Document 51000422 is locked,CMM_VLOGP,040,51000422,000010,01.03.2025,
00505684390C1FE097B4C2C04F998832,Root Document 340002960 is locked,CMM_VLOGP,040,340002960,00010,01.01.2025,
00505684390C1FE097B4C33F9D6AC832,Pricing error 64001342/000010 RDP start date 30.09.2024: pricing failed,CMM_VLOGP,029,64001342,000010,30.09.2024,
00505684390C1FE097B4C3550DAFC832,Root Document 340002963 is locked,CMM_VLOGP,040,340002963,00010,01.01.2025,
00505684390C1FE097B4C384FD4B2832,Root Document 340002962 is locked,CMM_VLOGP,040,340002962,00010,01.01.2025,
00505684390C1FE097B4C3E180078832,Pricing error 64001343/000010 RDP start date 30.09.2024: pricing failed,CMM_VLOGP,029,64001343,000010,30.09.2024,
00505684390C1FE097B4C453A09B4832,Pricing error 64001345/000010 RDP start date 30.09.2024: pricing failed,CMM_VLOGP,029,64001345,000010,30.09.2024,
00505684390C1FE097B4C499E3A30832,Pricing error 64001358/000010 RDP start date 26.08.2024: pricing failed,CMM_VLOGP,029,64001358,000010,26.08.2024,
00505684390C1FE097B4C4C92ADD2832,Pricing error 52002812/000010 RDP start date 11.10.2024: pricing failed,CMM_VLOGP,029,52002812,000010,11.10.2024,
00505684390C1FE097B4C4E43AB7E832,Error in getting price for material JKR0200 and plant,CMM_VLOGP,022,JKR0200,,,
00505684390C1FE097B4C53716E26832,Pricing error 52002828/000010 RDP start date 16.11.2024: pricing failed,CMM_VLOGP,029,52002828,000010,16.11.2024,
00505684390C1FE097B4C59880CD0832,Pricing error 52002829/000010 RDP start date 16.11.2024: pricing failed,CMM_VLOGP,029,52002829,000010,16.11.2024,
00505684390C1FE097B4C63B540B6832,Pricing error 52002830/000010 RDP start date 06.10.2024: pricing failed,CMM_VLOGP,029,52002830,000010,06.10.2024,
00505684390C1FE097B4C66100204832,Root Document 64001382 is locked,CMM_VLOGP,040,64001382,000010,01.09.2024,
00505684390C1FE097B4C667D5A06832,Pricing error 52002832/000010 RDP start date 01.11.2024: pricing failed,CMM_VLOGP,029,52002832,000010,01.11.2024,
00505684390C1FE097B4C689070A8832,Root Document 64001383 is locked,CMM_VLOGP,040,64001383,000010,01.09.2024,
00505684390C1FE097B4C6AD6699E832,Pricing error 52002833/000010 RDP start date 01.11.2024: pricing failed,CMM_VLOGP,029,52002833,000010,01.11.2024,
00505684390C1FE097B4C6D72DF84832,Pricing error 64001384/000010 RDP start date 21.09.2024: pricing failed,CMM_VLOGP,029,64001384,000010,21.09.2024,
00505684390C1FE097B4C6FDEA812832,Pricing error 52002836/000010 RDP start date 01.11.2024: pricing failed,CMM_VLOGP,029,52002836,000010,01.11.2024,
00505684390C1FE097B4C722E7452832,Pricing error 52002838/000010 RDP start date 01.11.2024: pricing failed,CMM_VLOGP,029,52002838,000010,01.11.2024,
00505684390C1FE097B4C79344D06832,Price determination: MtM condition ZMP1 is not active for item 000010,CMM_VLOGP,045,ZMP1,000010,,
00505684390C1FE097B4C7B7F039A832,Pricing error 64001401/000010 RDP start date 10.11.2024: pricing failed,CMM_VLOGP,029,64001401,000010,10.11.2024,
00505684390C1FE097B4C7CC8E3DA832,Pricing error 52002841/000010 RDP start date 11.10.2024: pricing failed,CMM_VLOGP,029,52002841,000010,11.10.2024,
00505684390C1FE097B4C8052B914832,Root Document 64001402 is locked,CMM_VLOGP,040,64001402,000010,01.09.2024,
00505684390C1FE097B4C86306DBA832,Pricing error 52002842/000010 RDP start date 06.10.2024: pricing failed,CMM_VLOGP,029,52002842,000010,06.10.2024,
00505684390C1FE097B4C89DF5EB6832,Root Document 64001421 is locked,CMM_VLOGP,040,64001421,000010,01.11.2024,
00505684390C1FE097B4C8AF8D282832,Pricing error 52002843/000010 RDP start date 01.11.2024: pricing failed,CMM_VLOGP,029,52002843,000010,01.11.2024,
00505684390C1FE097B4C8C5DA53A832,Root Document 64001422 is locked,CMM_VLOGP,040,64001422,000010,01.11.2024,
00505684390C1FE097B4C8D92B92A832,Pricing error 52002844/000010 RDP start date 01.11.2024: pricing failed,CMM_VLOGP,029,52002844,000010,01.11.2024,
00505684390C1FE097B4C9819B2BE832,Pricing error 52002845/000010 RDP start date 06.10.2024: pricing failed,CMM_VLOGP,029,52002845,000010,06.10.2024,
00505684390C1FE097B4C9A908274832,Pricing error 52002846/000010 RDP start date 21.11.2024: pricing failed,CMM_VLOGP,029,52002846,000010,21.11.2024,
00505684390C1FE097B4CA081F778832,Error in getting price for material NAP0101 and plant,CMM_VLOGP,022,NAP0101,,,
00505684390C1FE097B4CA53B84FA832,Pricing error 52002848/000010 RDP start date 11.10.2024: pricing failed,CMM_VLOGP,029,52002848,000010,11.10.2024,
00505684390C1FE097B4CA67936C6832,Root Document 64001441 is locked,CMM_VLOGP,040,64001441,000010,04.12.2024,
00505684390C1FE097B4CA6C0179A832,Error in getting price for material NAP0101 and plant,CMM_VLOGP,022,NAP0101,,,
00505684390C1FE097B4CA7D883D6832,Pricing error 52002849/000010 RDP start date 01.11.2024: pricing failed,CMM_VLOGP,029,52002849,000010,01.11.2024,
00505684390C1FE097B4CA90C8002832,Root Document 64001446 is locked,CMM_VLOGP,040,64001446,000010,01.11.2024,
00505684390C1FE097B4CB13C6556832,Pricing error 52002850/000010 RDP start date 06.10.2024: pricing failed,CMM_VLOGP,029,52002850,000010,06.10.2024,
00505684390C1FE097B4CB4EE1D10832,Root Document 64001453 is locked,CMM_VLOGP,040,64001453,000010,01.11.2024,
00505684390C1FE097B4CBAAC6D5E832,Root Document 52002853 is locked,CMM_VLOGP,040,52002853,000010,01.11.2024,
00505684390C1FE097B4CBE67C952832,Error in getting price for material NAP0101 and plant,CMM_VLOGP,022,NAP0101,,,
00505684390C1FE097B4CC161535A832,Pricing error 52002864/000010 RDP start date 11.11.2024: pricing failed,CMM_VLOGP,029,52002864,000010,11.11.2024,
00505684390C1FE097B4CC5B48B46832,Pricing error 52002865/000010 RDP start date 01.11.2024: pricing failed,CMM_VLOGP,029,52002865,000010,01.11.2024,
00505684390C1FE097B4CC7D31496832,Pricing error 64001512/000010 RDP start date 16.11.2024: pricing failed,CMM_VLOGP,029,64001512,000010,16.11.2024,
00505684390C1FE097B4CD15CA832832,Pricing error 52002868/000010 RDP start date 01.11.2024: pricing failed,CMM_VLOGP,029,52002868,000010,01.11.2024,
00505684390C1FE097B4CD3DD6BEC832,Root Document 64001518 is locked,CMM_VLOGP,040,64001518,000010,01.09.2024,
00505684390C1FE097B4CD9A7780C832,Pricing error 52002870/000010 RDP start date 01.11.2024: pricing failed,CMM_VLOGP,029,52002870,000010,01.11.2024,
00505684390C1FE097B4CDD80225E832,Error in getting price for material CRDUS0100 and plant,CMM_VLOGP,022,CRDUS0100,,,
00505684390C1FE097B4CE4E35FDE832,Error in getting price for material CRDUS0100 and plant,CMM_VLOGP,022,CRDUS0100,,,
00505684390C1FE097B4CE99C1CD0832,Error in getting price for material CRDUS0100 and plant,CMM_VLOGP,022,CRDUS0100,,,
00505684390C1FE097B4CEDFF1A8A832,Error in getting price for material CRDUS0100 and plant,CMM_VLOGP,022,CRDUS0100,,,
00505684390C1FE097B4CF4A0FAF0832,Error in getting price for material CRDUS0100 and plant,CMM_VLOGP,022,CRDUS0100,,,
00505684390C1FE097B4CFA9A7388832,Error in getting price for material CRDUS0100 and plant,CMM_VLOGP,022,CRDUS0100,,,
00505684390C1FE097B4CFEC69FD2832,Error in getting price for material CRDUS0100 and plant,CMM_VLOGP,022,CRDUS0100,,,
00505684390C1FE097B4D05D19364832,Pricing error 52002890/000010 RDP start date 11.11.2024: pricing failed,CMM_VLOGP,029,52002890,000010,11.11.2024,
00505684390C1FE097B4D06255346832,Error in getting price for material CRDUS0100 and plant,CMM_VLOGP,022,CRDUS0100,,,
00505684390C1FE097B4D10055A58832,Error in getting price for material CRDUS0100 and plant,CMM_VLOGP,022,CRDUS0100,,,
00505684390C1FE097B4D1582DCBC832,Error in getting price for material CRDUS0100 and plant,CMM_VLOGP,022,CRDUS0100,,,
00505684390C1FE097B4D228B10F6832,Pricing error 52002898/000010 RDP start date 16.11.2024: pricing failed,CMM_VLOGP,029,52002898,000010,16.11.2024,
00505684390C1FE097B4D2729ACDA832,Pricing error 52002899/000010 RDP start date 16.11.2024: pricing failed,CMM_VLOGP,029,52002899,000010,16.11.2024,
00505684390C1FE097B4D2BEE8BDA832,Pricing error 52002900/000010 RDP start date 16.11.2024: pricing failed,CMM_VLOGP,029,52002900,000010,16.11.2024,
00505684390C1FE097B4D521C1BDC832,Pricing error 52002925/000010 RDP start date 01.11.2024: pricing failed,CMM_VLOGP,029,52002925,000010,01.11.2024,
00505684390C1FE097B4D56E62D56832,Pricing error 52002926/000010 RDP start date 01.11.2024: pricing failed,CMM_VLOGP,029,52002926,000010,01.11.2024,
00505684390C1FE097B4D64220B4C832,Root Document 64001626 is locked,CMM_VLOGP,040,64001626,000010,01.12.2024,
00505684390C1FE097B4D6A143110832,Root Document 64001629 is locked,CMM_VLOGP,040,64001629,000010,01.12.2024,
00505684390C1FE097B4D6F0D8762832,Error in getting price for material CRDUS0200 and plant,CMM_VLOGP,022,CRDUS0200,,,
00505684390C1FE097B4D6FD8A3FA832,Root Document 64001630 is locked,CMM_VLOGP,040,64001630,000010,01.12.2024,
00505684390C1FE097B4D741B0758832,Root Document 52002969 is locked,CMM_VLOGP,040,52002969,000010,01.12.2024,
00505684390C1FE097B4D75DF30DA832,Pricing error 64001631/000010 RDP start date 01.12.2024: pricing failed,CMM_VLOGP,029,64001631,000010,01.12.2024,
00505684390C1FE097B4D78BBA128832,Root Document 52002970 is locked,CMM_VLOGP,040,52002970,000010,01.12.2024,
00505684390C1FE097B4D7AAA5C8A832,Pricing error 64001632/000010 RDP start date 01.12.2024: pricing failed,CMM_VLOGP,029,64001632,000010,01.12.2024,
00505684390C1FE097B4D7E830A00832,Error in getting price for material CRDUS0200 and plant,CMM_VLOGP,022,CRDUS0200,,,
00505684390C1FE097B4D83766BF0832,Error in getting price for material NAP0101 and plant,CMM_VLOGP,022,NAP0101,,,
00505684390C1FE097B4D86C6CA54832,Root Document 52002979 is locked,CMM_VLOGP,040,52002979,000010,01.12.2024,
00505684390C1FE097B4D8C7DDB8E832,Error in getting price for material NAP0101 and plant,CMM_VLOGP,022,NAP0101,,,
00505684390C1FE097B4D90FB2CA4832,Root Document 52002985 is locked,CMM_VLOGP,040,52002985,000010,01.12.2024,
00505684390C1FE097B4D93713B76832,Root Document 330001199 is locked,CMM_VLOGP,040,330001199,00010,30.09.2024,
00505684390C1FE097B4D9581DB88832,Root Document 52002989 is locked,CMM_VLOGP,040,52002989,000010,01.12.2024,
00505684390C1FE097B4D99A7FBE2832,Root Document 52002990 is locked,CMM_VLOGP,040,52002990,000010,01.12.2024,
00505684390C1FE097B4D9A688B78832,Error in getting price for material NAP0101 and plant,CMM_VLOGP,022,NAP0101,,,
00505684390C1FE097B4D9E57F5B2832,Root Document 52002991 is locked,CMM_VLOGP,040,52002991,000010,02.12.2024,
00505684390C1FE097B4DA324B30A832,Error in getting price for material NAP0101 and plant,CMM_VLOGP,022,NAP0101,,,
00505684390C1FE097B4DA35DF688832,Root Document 52002992 is locked,CMM_VLOGP,040,52002992,000010,01.12.2024,
00505684390C1FE097B4DA83D0E60832,Error in getting price for material NAP0101 and plant,CMM_VLOGP,022,NAP0101,,,
00505684390C1FE097B4DAF3C5776832,Pricing error 52003001/000010 RDP start date 01.11.2024: pricing failed,CMM_VLOGP,029,52003001,000010,01.11.2024,
00505684390C1FE097B4DAF70B0F4832,Error in getting price for material NAP0101 and plant,CMM_VLOGP,022,NAP0101,,,
00505684390C1FE097B4DB5EFF854832,Error in getting price for material NAP0101 and plant,CMM_VLOGP,022,NAP0101,,,
00505684390C1FE097B4DBE27530A832,Error in getting price for material CRDUS0200 and plant,CMM_VLOGP,022,CRDUS0200,,,
00505684390C1FE097B4DBFF87DBC832,Error in getting price for material CRDUS0200 and plant,CMM_VLOGP,022,CRDUS0200,,,
00505684390C1FE097B4DC2DB91F0832,Root Document 330001220 is locked,CMM_VLOGP,040,330001220,00010,01.10.2024,
00505684390C1FE097B4DC45E7D28832,Error in getting price for material CRDUS0200 and plant,CMM_VLOGP,022,CRDUS0200,,,
00505684390C1FE097B4DC799BDD4832,Error in getting price for material CRDUS0200 and plant,CMM_VLOGP,022,CRDUS0200,,,
00505684390C1FE097B4DC982C734832,Error in getting price for material CRDUS0200 and plant,CMM_VLOGP,022,CRDUS0200,,,
00505684390C1FE097B4DC9EE2570832,Root Document 52003032 is locked,CMM_VLOGP,040,52003032,000010,01.12.2024,
00505684390C1FE097B4DCED08848832,Error in getting price for material NAP0101 and plant,CMM_VLOGP,022,NAP0101,,,
00505684390C1FE097B4DD567F344832,Error in getting price for material NAP0101 and plant,CMM_VLOGP,022,NAP0101,,,
00505684390C1FE097B4DD8D120FE832,Pricing error 52003045/000010 RDP start date 01.12.2024: pricing failed,CMM_VLOGP,029,52003045,000010,01.12.2024,
00505684390C1FE097B4DDADB76DC832,Error in getting price for material NAP0101 and plant,CMM_VLOGP,022,NAP0101,,,
00505684390C1FE097B4DE11A02A8832,Error in getting price for material NAP0101 and plant,CMM_VLOGP,022,NAP0101,,,
00505684390C1FE097B4DE70F39A2832,Pricing error 52003058/000010 RDP start date 06.10.2024: pricing failed,CMM_VLOGP,029,52003058,000010,06.10.2024,
00505684390C1FE097B4DE85B2E08832,Error in getting price for material NAP0101 and plant,CMM_VLOGP,022,NAP0101,,,
00505684390C1FE097B4DEF639C24832,Error in getting price for material NAP0101 and plant,CMM_VLOGP,022,NAP0101,,,
00505684390C1FE097B4DF68AE882832,Error in getting price for material NAP0101 and plant,CMM_VLOGP,022,NAP0101,,,
00505684390C1FE097B4DFC858FB2832,Error in getting price for material NAP0101 and plant,CMM_VLOGP,022,NAP0101,,,
00505684390C1FE097B4DFCCA1242832,Root Document 52003090 is locked,CMM_VLOGP,040,52003090,000010,01.12.2024,
00505684390C1FE097B4E01499036832,Error in getting price for material NAP0101 and plant,CMM_VLOGP,022,NAP0101,,,
00505684390C1FE097B4E01A5E2CC832,Root Document 52003092 is locked,CMM_VLOGP,040,52003092,000010,01.12.2024,
00505684390C1FE097B4E063B68BC832,Root Document 52003093 is locked,CMM_VLOGP,040,52003093,000010,01.01.2025,
00505684390C1FE097B4E07B3802A832,Error in getting price for material NAP0101 and plant,CMM_VLOGP,022,NAP0101,,,
00505684390C1FE097B4E192E405A832,Root Document 330001243 is locked,CMM_VLOGP,040,330001243,00010,02.09.2024,
00505684390C1FE097B4E24754A0E832,Error in getting price for material CRDUS0200 and plant,CMM_VLOGP,022,CRDUS0200,,,
00505684390C1FE097B4E2EAA26A0832,Root Document 330001002 is locked,CMM_VLOGP,040,330001002,00010,01.07.2024,
00505684390C1FE097B4E3358FD18832,Pricing error 64001783/000040 RDP start date 01.02.2025: pricing failed,CMM_VLOGP,029,64001783,000040,01.02.2025,
00505684390C1FE097B4E499F2444832,Error in getting price for material NAP0101 and plant,CMM_VLOGP,022,NAP0101,,,
00505684390C1FE097B4E60EEF750832,Error in getting price for material NAP0101 and plant,CMM_VLOGP,022,NAP0101,,,
00505684390C1FE097B4E72B3D238832,Error in getting price for material NAP0101 and plant,CMM_VLOGP,022,NAP0101,,,
00505684390C1FE097B4E7FFD8954832,Error in getting price for material NAP0101 and plant,CMM_VLOGP,022,NAP0101,,,
00505684390C1FE097B4E91A6A6CC832,Error in getting price for material NAP0101 and plant,CMM_VLOGP,022,NAP0101,,,
00505684390C1FE097B4E9F5E5D28832,Error in getting price for material NAP0101 and plant,CMM_VLOGP,022,NAP0101,,,
00505684390C1FE097B4EAAF944E0832,Error in getting price for material NAP0101 and plant,CMM_VLOGP,022,NAP0101,,,
00505684390C1FE097B4EB5586B3C832,Error in getting price for material NAP0101 and plant,CMM_VLOGP,022,NAP0101,,,
00505684390C1FE097B4EBFA6E708832,Error in getting price for material NAP0101 and plant,CMM_VLOGP,022,NAP0101,,,
00505684390C1FE097B4EC3D26B20832,Root Document 330001302 is locked,CMM_VLOGP,040,330001302,00010,01.09.2024,
00505684390C1FE097B4EC8A6BB46832,Error in getting price for material NAP0101 and plant,CMM_VLOGP,022,NAP0101,,,
00505684390C1FE097B4EC98F5E26832,Pricing error 52002539/000010 RDP start date 01.08.2024: pricing failed,CMM_VLOGP,029,52002539,000010,01.08.2024,
00505684390C1FE097B4EC99788DE832,Root Document 330001304 is locked,CMM_VLOGP,040,330001304,00010,01.09.2024,
00505684390C1FE097B4ECBDCE2AE832,Pricing error 52002548/000010 RDP start date 01.08.2024: pricing failed,CMM_VLOGP,029,52002548,000010,01.08.2024,
00505684390C1FE097B4ECD2E661A832,Pricing error 52002648/000010 RDP start date 01.08.2024: pricing failed,CMM_VLOGP,029,52002648,000010,01.08.2024,
00505684390C1FE097B4ED1E97F82832,Pricing error 52002649/000010 RDP start date 01.08.2024: pricing failed,CMM_VLOGP,029,52002649,000010,01.08.2024,
00505684390C1FE097B4ED1E97FFA832,Pricing error 52002651/000010 RDP start date 01.08.2024: pricing failed,CMM_VLOGP,029,52002651,000010,01.08.2024,
00505684390C1FE097B4ED578D604832,Error in getting price for material CRDUS0200 and plant,CMM_VLOGP,022,CRDUS0200,,,
00505684390C1FE097B4ED5B543DA832,Pricing error 52002652/000010 RDP start date 01.08.2024: pricing failed,CMM_VLOGP,029,52002652,000010,01.08.2024,
00505684390C1FE097B4ED8155462832,Pricing error 52002653/000010 RDP start date 01.08.2024: pricing failed,CMM_VLOGP,029,52002653,000010,01.08.2024,
00505684390C1FE097B4EDCC16E7A832,Pricing error 52002655/000010 RDP start date 01.08.2024: pricing failed,CMM_VLOGP,029,52002655,000010,01.08.2024,
00505684390C1FE097B4EE03B45B8832,Root Document 330001324 is locked,CMM_VLOGP,040,330001324,00010,30.09.2024,
00505684390C1FE097B4EE0FAF8F6832,Pricing error 52003200/000010 RDP start date 01.01.2025: pricing failed,CMM_VLOGP,029,52003200,000010,01.01.2025,
00505684390C1FE097B4EE3E9910C832,Error in getting price for material CRDUS0200 and plant,CMM_VLOGP,022,CRDUS0200,,,
00505684390C1FE097B4EEAF4B7BC832,Pricing error 52002663/000010 RDP start date 01.08.2024: pricing failed,CMM_VLOGP,029,52002663,000010,01.08.2024,
00505684390C1FE097B4EED614D38832,Root Document 330001348 is locked,CMM_VLOGP,040,330001348,00010,01.09.2024,
00505684390C1FE097B4EEF9CCB5E832,Pricing error 52002664/000010 RDP start date 01.08.2024: pricing failed,CMM_VLOGP,029,52002664,000010,01.08.2024,
00505684390C1FE097B4EEFB0F90A832,Pricing error 52003217/000010 RDP start date 01.03.2025: pricing failed,CMM_VLOGP,029,52003217,000010,01.03.2025,
00505684390C1FE097B4EF04DBF8C832,Root Document 330001349 is locked,CMM_VLOGP,040,330001349,00010,01.09.2024,
00505684390C1FE097B4EF0F5CACA832,Pricing error 52002666/000010 RDP start date 01.08.2024: pricing failed,CMM_VLOGP,029,52002666,000010,01.08.2024,
00505684390C1FE097B4EF34A814A832,Pricing error 52002667/000010 RDP start date 01.08.2024: pricing failed,CMM_VLOGP,029,52002667,000010,01.08.2024,
00505684390C1FE097B4EF34A8194832,Pricing error 52002668/000010 RDP start date 01.08.2024: pricing failed,CMM_VLOGP,029,52002668,000010,01.08.2024,
00505684390C1FE097B4EF5A65806832,Pricing error 52002669/000010 RDP start date 01.08.2024: pricing failed,CMM_VLOGP,029,52002669,000010,01.08.2024,
00505684390C1FE097B4EF8133D08832,Pricing error 52002670/000010 RDP start date 01.08.2024: pricing failed,CMM_VLOGP,029,52002670,000010,01.08.2024,
00505684390C1FE097B4EFA776016832,Pricing error 52002671/000010 RDP start date 01.08.2024: pricing failed,CMM_VLOGP,029,52002671,000010,01.08.2024,
00505684390C1FE097B4F004DCD16832,Error in getting price for material CRDUS0200 and plant,CMM_VLOGP,022,CRDUS0200,,,
00505684390C1FE097B4F0EB74792832,Root Document 330001363 is locked,CMM_VLOGP,040,330001363,00010,01.11.2024,
00505684390C1FE097B4F0ED2778E832,Pricing error 52002701/000010 RDP start date 01.08.2024: pricing failed,CMM_VLOGP,029,52002701,000010,01.08.2024,
00505684390C1FE097B4F11515C78832,Pricing error 52002702/000010 RDP start date 01.08.2024: pricing failed,CMM_VLOGP,029,52002702,000010,01.08.2024,
00505684390C1FE097B4F1CFDFF66832,Root Document 330001386 is locked,CMM_VLOGP,040,330001386,00010,01.11.2024,
00505684390C1FE097B4F2DC0A1E6832,Pricing error 52002709/000010 RDP start date 01.10.2024: pricing failed,CMM_VLOGP,029,52002709,000010,01.10.2024,
00505684390C1FE097B4F3BCE1854832,Pricing error 52002720/000010 RDP start date 01.08.2024: pricing failed,CMM_VLOGP,029,52002720,000010,01.08.2024,
00505684390C1FE097B4F4212F48C832,Pricing error 52002724/000010 RDP start date 26.09.2024: pricing failed,CMM_VLOGP,029,52002724,000010,26.09.2024,
00505684390C1FE097B4F46C9CE6A832,Pricing error 52002725/000010 RDP start date 16.09.2024: pricing failed,CMM_VLOGP,029,52002725,000010,16.09.2024,
00505684390C1FE097B4F4B63158E832,Pricing error 52002728/000010 RDP start date 16.09.2024: pricing failed,CMM_VLOGP,029,52002728,000010,16.09.2024,
00505684390C1FE097B4F4B834490832,Root Document 330001395 is locked,CMM_VLOGP,040,330001395,00010,01.11.2024,
00505684390C1FE097B4F4F227106832,Pricing error 52002729/000010 RDP start date 16.09.2024: pricing failed,CMM_VLOGP,029,52002729,000010,16.09.2024,
00505684390C1FE097B4F51AAE174832,Pricing error 52002730/000010 RDP start date 26.09.2024: pricing failed,CMM_VLOGP,029,52002730,000010,26.09.2024,
00505684390C1FE097B4F5378750A832,Root Document 330001397 is locked,CMM_VLOGP,040,330001397,00010,01.11.2024,
00505684390C1FE097B4F5C6306C8832,Root Document 330001405 is locked,CMM_VLOGP,040,330001405,00010,01.11.2024,
00505684390C1FE097B4F5D87B182832,Root Document 330001406 is locked,CMM_VLOGP,040,330001406,00010,04.12.2024,
00505684390C1FE097B4F5FFABB2E832,Root Document 330001408 is locked,CMM_VLOGP,040,330001408,00010,01.11.2024,
00505684390C1FE097B4F645FA9FE832,Error in getting price for material CRDUS0200 and plant,CMM_VLOGP,022,CRDUS0200,,,
00505684390C1FE097B4F70AF27C4832,Pricing error 52002851/000010 RDP start date 01.11.2024: pricing failed,CMM_VLOGP,029,52002851,000010,01.11.2024,
00505684390C1FE097B4F779CC340832,Pricing error 52002964/000010 RDP start date 01.12.2024: pricing failed,CMM_VLOGP,029,52002964,000010,01.12.2024,
00505684390C1FE097B4F815BA1F4832,Root Document 330001420 is locked,CMM_VLOGP,040,330001420,00010,01.11.2024,
00505684390C1FE097B4F839394DC832,Root Document 330001422 is locked,CMM_VLOGP,040,330001422,00010,01.11.2024,
00505684390C1FE097B4F85EBF3CE832,Root Document 330001423 is locked,CMM_VLOGP,040,330001423,00010,01.11.2024,
00505684390C1FE097B4F9492B630832,Root Document 330001194 is locked,CMM_VLOGP,040,330001194,00010,30.09.2024,
00505684390C1FE097B4F9CC64224832,Root Document 330001435 is locked,CMM_VLOGP,040,330001435,00010,01.11.2024,
00505684390C1FE097B4FBF2C027A832,Pricing error 52002631/000010 RDP start date 01.08.2024: pricing failed,CMM_VLOGP,029,52002631,000010,01.08.2024,
00505684390C1FE097B4FC63DDA3A832,Pricing error 52002961/000010 RDP start date 01.11.2024: pricing failed,CMM_VLOGP,029,52002961,000010,01.11.2024,
00505684390C1FE097B4FC7A25408832,Root Document 64001249 is locked,CMM_VLOGP,040,64001249,000010,15.08.2024,
00505684390C1FE097B4FD49712DE832,Pricing error 64001252/000010 RDP start date 16.08.2024: pricing failed,CMM_VLOGP,029,64001252,000010,16.08.2024,
00505684390C1FE097B4FD96261CA832,Pricing error 64001253/000010 RDP start date 26.08.2024: pricing failed,CMM_VLOGP,029,64001253,000010,26.08.2024,
00505684390C1FE097B4FE08F77A0832,Pricing error 52003072/000010 RDP start date 01.12.2024: pricing failed,CMM_VLOGP,029,52003072,000010,01.12.2024,
00505684390C1FE097B501AE9AD7A832,Error in getting price for material D32024 and plant,CMM_VLOGP,022,D32024,,,
00505684390C1FE097B502E09BDC4832,Error in getting price for material JKR0200 and plant,CMM_VLOGP,022,JKR0200,,,
00505684390C1FE097B509BDA5C16832,Pricing error 64001546/000010 RDP start date 23.12.2024: pricing failed,CMM_VLOGP,029,64001546,000010,23.12.2024,
00505684390C1FE097B50A54AFC86832,Pricing error 64001555/000010 RDP start date 23.12.2024: pricing failed,CMM_VLOGP,029,64001555,000010,23.12.2024,
00505684390C1FE097B50B5F54F1C832,Root Document 330001732 is locked,CMM_VLOGP,040,330001732,00010,01.01.2025,
00505684390C1FE097B50DFE3C046832,Root Document 52003189 is locked,CMM_VLOGP,040,52003189,000010,01.01.2025,
00505684390C1FE097B510A911072832,Root Document 52003211 is locked,CMM_VLOGP,040,52003211,000010,01.01.2025,
00505684390C1FE097B5115F7925C832,Error in getting price for material D42025 and plant,CMM_VLOGP,022,D42025,,,
00505684390C1FE097B5118917E7C832,Error in getting price for material D32025 and plant,CMM_VLOGP,022,D32025,,,
00505684390C1FE097B51214BA1B0832,Root Document 52003227 is locked,CMM_VLOGP,040,52003227,000010,01.01.2025,
00505684390C1FE097B51286E2E30832,Root Document 52003232 is locked,CMM_VLOGP,040,52003232,000010,01.03.2025,
00505684390C1FE097B512AE9618E832,Root Document 52003233 is locked,CMM_VLOGP,040,52003233,000010,01.03.2025,
00505684390C1FE097B512FA0E63A832,Root Document 52003235 is locked,CMM_VLOGP,040,52003235,000010,01.04.2025,
00505684390C1FE097B5131E1FA48832,Root Document 52003237 is locked,CMM_VLOGP,040,52003237,000010,01.03.2025,
00505684390C1FE097B51391DA732832,Pricing error 52003477/000010 RDP start date 01.07.2025: pricing failed,CMM_VLOGP,029,52003477,000010,01.07.2025,
00505684390C1FE097B5147528E14832,Root Document 330001906 is locked,CMM_VLOGP,040,330001906,00010,01.03.2025,
00505684390C1FE097B514FABE334832,Pricing error 52003254/000010 RDP start date 01.03.2025: pricing failed,CMM_VLOGP,029,52003254,000010,01.03.2025,
00505684390C1FE097B51B0BBE72C832,Root Document 330002044 is locked,CMM_VLOGP,040,330002044,00010,04.06.2025,
00505684390C1FE097B51DB6520E6832,Pricing error 52003337/000010 RDP start date 16.03.2025: pricing failed,CMM_VLOGP,029,52003337,000010,16.03.2025,
00505684390C1FE097B51E003E0D6832,Pricing error 52003338/000010 RDP start date 16.03.2025: pricing failed,CMM_VLOGP,029,52003338,000010,16.03.2025,
00505684390C1FE097B51F3E2B608832,Pricing error 52003327/000010 RDP start date 01.02.2025: pricing failed,CMM_VLOGP,029,52003327,000010,01.02.2025,
00505684390C1FE097B52276B9C0A832,Pricing error 52003347/000010 RDP start date 01.02.2025: pricing failed,CMM_VLOGP,029,52003347,000010,01.02.2025,
00505684390C1FE097B52310ECBD2832,Pricing error 52003354/000010 RDP start date 16.03.2025: pricing failed,CMM_VLOGP,029,52003354,000010,16.03.2025,
00505684390C1FE097B529842D680832,Pricing error 52003410/000010 RDP start date 01.01.2025: pricing failed,CMM_VLOGP,029,52003410,000010,01.01.2025,
00505684390C1FE097B52A38671A6832,Pricing error 52003415/000010 RDP start date 01.01.2025: pricing failed,CMM_VLOGP,029,52003415,000010,01.01.2025,
00505684390C1FE097B52C50507E0832,Pricing error 52003440/000010 RDP start date 05.05.2025: pricing failed,CMM_VLOGP,029,52003440,000010,05.05.2025,
00505684390C1FE097B5327B3BF56832,Root Document 52003465 is locked,CMM_VLOGP,040,52003465,000010,05.05.2025,
00505684390C1FE097B5328FC6744832,Root Document 52003466 is locked,CMM_VLOGP,040,52003466,000010,01.05.2025,
00505684390C1FE097B532E0C005A832,Pricing error 52003467/000010 RDP start date 06.05.2025: pricing failed,CMM_VLOGP,029,52003467,000010,06.05.2025,
00505684390C1FE097B539C9EA0A4832,Root Document 330001004 is locked,CMM_VLOGP,040,330001004,00010,05.08.2024,
00505684390C1FE097B539F011AE4832,Root Document 330001005 is locked,CMM_VLOGP,040,330001005,00010,01.07.2024,
00505684390C1FE097B53A88C6650832,Root Document 330001192 is locked,CMM_VLOGP,040,330001192,00010,01.10.2024,
00505684390C1FE097B53C1C1C358832,Error in getting price for material SULFURCREDITC1 and plant,CMM_VLOGP,022,SULFURCREDITC1,,,
00505684390C1FE097B53C584DCEE832,Error in getting price for material SULFURCREDITC1 and plant,CMM_VLOGP,022,SULFURCREDITC1,,,
00505684390C1FE097B53EEF1834C832,Root Document 610000278 is locked,CMM_VLOGP,040,610000278,00010,01.06.2024,
00505684390C1FE097B540437CD02832,Root Document 610000280 is locked,CMM_VLOGP,040,610000280,00010,01.06.2024,
00505684390C1FE097B540C558460832,Root Document 610000281 is locked,CMM_VLOGP,040,610000281,00010,01.06.2024,
00505684390C1FE097B542D6D73C4832,Root Document 610000285 is locked,CMM_VLOGP,040,610000285,00010,01.06.2024,
00505684390C1FE097B542EBEAEF0832,Root Document 610000287 is locked,CMM_VLOGP,040,610000287,00010,01.06.2024,
00505684390C1FE097B54319AE4A4832,Error in getting price for material SULFURCREDITC1 and plant,CMM_VLOGP,022,SULFURCREDITC1,,,
00505684390C1FE097B54333C7238832,Root Document 58000006 is locked,CMM_VLOGP,040,58000006,000010,01.12.2024,
00505684390C1FE097B5444B09ECA832,Error in getting price for material SULFURCREDITC1 and plant,CMM_VLOGP,022,SULFURCREDITC1,,,
00505684390C1FE097B545477FD2E832,Error in getting price for material CRUKEAR01 and plant,CMM_VLOGP,022,CRUKEAR01,,,
00505684390C1FE097B5457D74E7E832,Pricing error 64001654/000010 RDP start date 19.02.2025: pricing failed,CMM_VLOGP,029,64001654,000010,19.02.2025,
00505684390C1FE097B545B8D3B70832,Pricing error 64001900/000010 RDP start date 02.05.2025: pricing failed,CMM_VLOGP,029,64001900,000010,02.05.2025,
00505684390C1FE097B545C90B1C0832,Root Document 610000322 is locked,CMM_VLOGP,040,610000322,00010,01.01.2025,
00505684390C1FE097B5476B573BA832,Error in getting price for material D62024 and plant,CMM_VLOGP,022,D62024,,,
00505684390C1FE097B547A5D680A832,Error in getting price for material D62024 and plant,CMM_VLOGP,022,D62024,,,
00505684390C1FE097B547CE8C504832,Error in getting price for material D62024 and plant,CMM_VLOGP,022,D62024,,,
00505684390C1FE097B547DE56C80832,Error in getting price for material D62024 and plant,CMM_VLOGP,022,D62024,,,
00505684390C1FE097B547F1B4A80832,Root Document 610000333 is locked,CMM_VLOGP,040,610000333,00050,01.06.2024,
00505684390C1FE097B5487782346832,Root Document 610000336 is locked,CMM_VLOGP,040,610000336,00010,01.01.2025,
00505684390C1FE097B548C4D5A32832,Root Document 610000338 is locked,CMM_VLOGP,040,610000338,00010,01.01.2025,
00505684390C1FE097B54991E32C4832,Root Document 330001583 is locked,CMM_VLOGP,040,330001583,00010,01.07.2024,
00505684390C1FE097B54B2AD89D6832,Root Document 330001608 is locked,CMM_VLOGP,040,330001608,00010,01.07.2024,
00505684390C1FE097B54B4B3439A832,Root Document 330001609 is locked,CMM_VLOGP,040,330001609,00010,01.11.2024,
00505684390C1FE097B54D61F9A50832,Error in getting price for material ARM0100 and plant,CMM_VLOGP,022,ARM0100,,,
00505684390C1FE097B54D9B43544832,Pricing error 64001913/000010 RDP start date 02.05.2025: pricing failed,CMM_VLOGP,029,64001913,000010,02.05.2025,
00505684390C1FE097B5518EB52AC832,Pricing error 64001914/000010 RDP start date 02.05.2025: pricing failed,CMM_VLOGP,029,64001914,000010,02.05.2025,
00505684390C1FE097B5529C636A8832,Root Document 340002991 is locked,CMM_VLOGP,040,340002991,00010,01.03.2025,
00505684390C1FE097B5555E44832832,Root Document 330001681 is locked,CMM_VLOGP,040,330001681,00010,03.12.2024,
00505684390C1FE097B555F713668832,Root Document 330001863 is locked,CMM_VLOGP,040,330001863,00010,15.03.2025,
00505684390C1FE097B5560AA0B02832,Pricing error 64001916/000010 RDP start date 02.05.2025: pricing failed,CMM_VLOGP,029,64001916,000010,02.05.2025,
00505684390C1FE097B558E1DE2FA832,Error in getting price for material REFBFD01 and plant,CMM_VLOGP,022,REFBFD01,,,
00505684390C1FE097B55A934E206832,Error in getting price for material REFBFD01 and plant,CMM_VLOGP,022,REFBFD01,,,
00505684390C1FE097B55B9DF66D6832,Error in getting price for material D42025 and plant,CMM_VLOGP,022,D42025,,,
00505684390C1FE097B55C1028DF8832,Error in getting price for material D52025 and plant,CMM_VLOGP,022,D52025,,,
00505684390C1FE097B55CA4F7012832,Error in getting price for material D62025 and plant,CMM_VLOGP,022,D62025,,,
00505684390C1FE097B55D02C6540832,Root Document 330001845 is locked,CMM_VLOGP,040,330001845,00010,01.03.2025,
00505684390C1FE097B55E1794E18832,Error in getting price for material D62024 and plant,CMM_VLOGP,022,D62024,,,
00505684390C1FE097B55F472B45E832,Error in getting price for material D62024 and plant,CMM_VLOGP,022,D62024,,,
00505684390C1FE097B55F9141CEE832,Error in getting price for material D62024 and plant,CMM_VLOGP,022,D62024,,,
00505684390C1FE097B55FBC5003C832,Error in getting price for material D42025 and plant,CMM_VLOGP,022,D42025,,,
00505684390C1FE097B55FDED3EF4832,Error in getting price for material D62024 and plant,CMM_VLOGP,022,D62024,,,
00505684390C1FE097B5608B8BA2E832,Error in getting price for material D62024 and plant,CMM_VLOGP,022,D62024,,,
00505684390C1FE097B560C0F6D62832,Error in getting price for material D62024 and plant,CMM_VLOGP,022,D62024,,,
00505684390C1FE097B560E6A5B56832,Root Document 330001508 is locked,CMM_VLOGP,040,330001508,00010,25.12.2024,
00505684390C1FE097B5610BA37EC832,Root Document 330001541 is locked,CMM_VLOGP,040,330001541,00010,25.12.2024,
00505684390C1FE097B561266C502832,Root Document 330001542 is locked,CMM_VLOGP,040,330001542,00010,25.12.2024,
00505684390C1FE097B5614771446832,Root Document 330001543 is locked,CMM_VLOGP,040,330001543,00010,25.12.2024,
00505684390C1FE097B561E072BC0832,Error in getting price for material ARM0100 and plant,CMM_VLOGP,022,ARM0100,,,
00505684390C1FE097B562C3A5CF4832,Root Document 620000011 is locked,CMM_VLOGP,040,620000011,00010,23.12.2024,
00505684390C1FE097B562EC86134832,Root Document 620000012 is locked,CMM_VLOGP,040,620000012,00010,23.12.2024,
00505684390C1FE097B563108CCF0832,Root Document 340003034 is locked,CMM_VLOGP,040,340003034,00010,01.03.2025,
00505684390C1FE097B5636C85FB4832,Root Document 620000017 is locked,CMM_VLOGP,040,620000017,00010,14.01.2025,
00505684390C1FE097B5639586C86832,Root Document 620000018 is locked,CMM_VLOGP,040,620000018,00010,14.01.2025,
00505684390C1FE097B563BED3166832,Error in getting price for material CRDUS0200 and plant,CMM_VLOGP,022,CRDUS0200,,,
00505684390C1FE097B56408183C0832,Error in getting price for material JKR0200 and plant,CMM_VLOGP,022,JKR0200,,,
00505684390C1FE097B566A4C2610832,Root Document 340003018 is locked,CMM_VLOGP,040,340003018,00020,01.03.2025,
00505684390C1FE097B566EFF583A832,Error in getting price for material CRDUS0200 and plant,CMM_VLOGP,022,CRDUS0200,,,
00505684390C1FE097B5672A02CA4832,Error in getting price for material CRDUS0200 and plant,CMM_VLOGP,022,CRDUS0200,,,
00505684390C1FE097B56775AA62E832,Error in getting price for material CRDUS0200 and plant,CMM_VLOGP,022,CRDUS0200,,,
00505684390C1FE097B567883DD68832,Root Document 340003023 is locked,CMM_VLOGP,040,340003023,00020,01.03.2025,
00505684390C1FE097B567CE03282832,Error in getting price for material CRDUS0200 and plant,CMM_VLOGP,022,CRDUS0200,,,
00505684390C1FE097B56893CD37A832,Root Document 340003025 is locked,CMM_VLOGP,040,340003025,00020,01.03.2025,
00505684390C1FE097B56BDC03CF4832,Error in getting price for material D32024 and plant,CMM_VLOGP,022,D32024,,,
00505684390C1FE097B56BEEF9DB6832,Root Document 620000007 is locked,CMM_VLOGP,040,620000007,00010,01.11.2024,
00505684390C1FE097B56CB2C25EE832,Error in getting price for material CRUHEAV01 and plant,CMM_VLOGP,022,CRUHEAV01,,,
00505684390C1FE097B56E855E02E832,Error in getting price for material CRUHEAV01 and plant,CMM_VLOGP,022,CRUHEAV01,,,
00505684390C1FE097B57196C83C0832,Error in getting price for material CRULIGH01 and plant,CMM_VLOGP,022,CRULIGH01,,,
00505684390C1FE097B572DB5EEA2832,Error in getting price for material CRUHEAV01 and plant,CMM_VLOGP,022,CRUHEAV01,,,
00505684390C1FE097B572EA7A406832,Error in getting price for material CRULIGH01 and plant,CMM_VLOGP,022,CRULIGH01,,,
00505684390C1FE097B5732770398832,Error in getting price for material CRUHEAV01 and plant,CMM_VLOGP,022,CRUHEAV01,,,
00505684390C1FE097B5739D724DC832,Error in getting price for material JKR0200 and plant,CMM_VLOGP,022,JKR0200,,,
00505684390C1FE097B5746422FBE832,Error in getting price for material CRULIGH01 and plant,CMM_VLOGP,022,CRULIGH01,,,
00505684390C1FE097B57616494CE832,Error in getting price for material CRULIGH01 and plant,CMM_VLOGP,022,CRULIGH01,,,
00505684390C1FE097B5771B9C8A4832,Root Document 340002846 is locked,CMM_VLOGP,040,340002846,00010,01.01.2025,
00505684390C1FE097B579DDFB624832,Error in getting price for material JKR0200 and plant,CMM_VLOGP,022,JKR0200,,,
00505684390C1FE097B57A8FBD8AC832,Root Document 340002860 is locked,CMM_VLOGP,040,340002860,00010,01.01.2025,
00505684390C1FE097B57AEB64CE2832,Root Document 340002861 is locked,CMM_VLOGP,040,340002861,00010,01.01.2025,
00505684390C1FE097B57B3ADC7C4832,Root Document 340002862 is locked,CMM_VLOGP,040,340002862,00010,01.01.2025,
00505684390C1FE097B57BA8EEA20832,Root Document 340002863 is locked,CMM_VLOGP,040,340002863,00010,01.01.2025,
00505684390C1FE097B57CD74BF2C832,Price determination: MtM condition ZMP1 is not active for item 000010,CMM_VLOGP,045,ZMP1,000010,,
00505684390C1FE097B57D703A566832,Error in getting price for material JKR0200 and plant,CMM_VLOGP,022,JKR0200,,,
00505684390C1FE097B57E4497C4C832,Error in getting price for material JKR0200 and plant,CMM_VLOGP,022,JKR0200,,,
00505684390C1FE097B57EEEABFDE832,Error in getting price for material JKR0200 and plant,CMM_VLOGP,022,JKR0200,,,
00505684390C1FE097B5800B2F58A832,Error in getting price for material PTC0101 and plant,CMM_VLOGP,022,PTC0101,,,
00505684390C1FE097B588E5FC46E832,Price determination: MtM condition ZMP1 is not active for item 000010,CMM_VLOGP,045,ZMP1,000010,,
00505684390C1FE097B58A19FFF5A832,Price determination: MtM condition ZMP1 is not active for item 000010,CMM_VLOGP,045,ZMP1,000010,,
00505684390C1FE097B58C73A666A832,Sales document 51000437 is currently being processed by EOD_BATCH.,V1,042,51000437,EOD_BATCH,,
00505684390C1FE097B58CA3A9152832,Price determination: MtM condition ZMP1 is not active for item 000010,CMM_VLOGP,045,ZMP1,000010,,
00505684390C1FE097B595AD79934832,Root Document 340003167 is locked,CMM_VLOGP,040,340003167,00010,01.03.2025,
00505684390C1FE097B596637A350832,Root Document 340003172 is locked,CMM_VLOGP,040,340003172,00010,01.03.2025,
00505684390C1FE097B597DB2722C832,Price determination: MtM condition ZMP1 is not active for item 000010,CMM_VLOGP,045,ZMP1,000010,,
00505684390C1FE097B598423BB98832,Price determination: MtM condition ZMP1 is not active for item 000010,CMM_VLOGP,045,ZMP1,000010,,
00505684390C1FE097B59A0FE650E832,Sales document 51000453 is currently being processed by EOD_BATCH.,V1,042,51000453,EOD_BATCH,,
00505684390C1FE097B59FB7AD62A832,Error in getting price for material JKR0200 and plant,CMM_VLOGP,022,JKR0200,,,
00505684390C1FE097B5A2641787A832,Sales document 51000454 is currently being processed by EOD_BATCH.,V1,042,51000454,EOD_BATCH,,
00505684390C1FE097B5A29F196CE832,Error in getting price for material JKR0200 and plant,CMM_VLOGP,022,JKR0200,,,
00505684390C1FE097B5A70BCCCE2832,Root Document 340002961 is locked,CMM_VLOGP,040,340002961,00010,01.01.2025,
00505684390C1FE097B5A78B4487E832,Error in getting price for material JKR0200 and plant,CMM_VLOGP,022,JKR0200,,,
00505684390C1FE097B5AA242F88E832,Error in getting price for material JKR0200 and plant,CMM_VLOGP,022,JKR0200,,,
00505684390C1FE097B5AD1F498C6832,Error in getting price for material JKR0200 and plant,CMM_VLOGP,022,JKR0200,,,
00505684390C1FE097B5AFB93CB66832,Error in getting price for material JKR0200 and plant,CMM_VLOGP,022,JKR0200,,,
00505684390C1FE097B5B21E4BDCE832,Error in getting price for material JKR0200 and plant,CMM_VLOGP,022,JKR0200,,,
00505684390C1FE097B5B4D888042832,Error in getting price for material JKR0200 and plant,CMM_VLOGP,022,JKR0200,,,
00505684390C1FE097B5B76BF3036832,Error in getting price for material JKR0200 and plant,CMM_VLOGP,022,JKR0200,,,
00505684390C1FE097B5BB2151642832,Error in getting price for material JKR0200 and plant,CMM_VLOGP,022,JKR0200,,,
00505684390C1FE097B5BBA7AD536832,Root Document 340003212 is locked,CMM_VLOGP,040,340003212,00010,01.05.2025,
00505684390C1FE097B5BFAF45436832,Error in getting price for material JKR0200 and plant,CMM_VLOGP,022,JKR0200,,,
00505684390C1FE097B5C910CF01A832,Root Document 340003248 is locked,CMM_VLOGP,040,340003248,00010,05.05.2025,
00505684390C1FE097B607B8231A8832,Sales document 52003236 is currently being processed by EOD_BATCH.,V1,042,52003236,EOD_BATCH,,
00505684390C1FE097B67ECF22F84832,Price determination: MtM condition ZMP1 is not active for item 000010,CMM_VLOGP,045,ZMP1,000010,,
00505684390C1FE098970F4A88076832,Price determination: MtM condition ZLAR is not active for item 000010,CMM_VLOGP,045,ZLAR,000010,,
00505684390C1FE0989A399C41788832,Pricing error 64001939/000010 RDP start date 05/02/2025: pricing failed,CMM_VLOGP,029,64001939,000010,05/02/2025,
00505684390C1FE098B39D364D5C8832,Price determination: MtM condition ZMP1 is not active for item 000010,CMM_VLOGP,045,ZMP1,000010,,
00505684390C1FE098C4721987A36832,Price determination: MtM condition ZPLI is not active for item 000010,CMM_VLOGP,045,ZPLI,000010,,
00505684390C1FE098C51C500072A832,Price determination: MtM condition ZPLI is not active for item 000010,CMM_VLOGP,045,ZPLI,000010,,
00505684390C1FE098C6F6F195D16832,Price determination: MtM condition ZPLI is not active for item 000010,CMM_VLOGP,045,ZPLI,000010,,
00505684390C1FE098C986AAEA662832,Price determination: MtM condition ZPLI is not active for item 000010,CMM_VLOGP,045,ZPLI,000010,,
00505684390C1FE098CCE0EA609EA832,Price determination: MtM condition ZPLI is not active for item 000010,CMM_VLOGP,045,ZPLI,000010,,
00505684390C1FE098DA61EF62536832,Pricing error 64001944/000010 RDP start date 07/16/2025: pricing failed,CMM_VLOGP,029,64001944,000010,07/16/2025,
00505684390C1FE098E0E926904DA832,RFC_ERROR_SYSTEM_FAILURE,CMM_LREV,005,,0052002978,,
00505684390C1FE098F1BB0881392832,Price determination: MtM condition ZCMI is not active for item 000010,CMM_VLOGP,045,ZCMI,000010,,
00505684390C1FE098F2ED4A5B438832,Price determination: MtM condition ZCMI is not active for item 000010,CMM_VLOGP,045,ZCMI,000010,,
00505684390C1FE098F6BC7F44C8C832,Error in getting price for material JKR0200 and plant,CMM_VLOGP,022,JKR0200,,,
00505684390C1FE098F70A9DB76CE832,Price determination: MtM condition ZPLI is not active for item 000010,CMM_VLOGP,045,ZPLI,000010,,
00505684390C1FE099C2FDC547540832,Application error,00,001,Application error,,,
00505684390C1FE099DA77E6701AC832,Pricing error 64001850/000020 RDP start date 01.05.2025: pricing failed,CMM_VLOGP,029,64001850,000020,01.05.2025,
00505684390C1FE099E147C90B46C832,Pricing error 64001949/000020 RDP start date 05/01/2025: pricing failed,CMM_VLOGP,029,64001949,000020,05/01/2025,
00505684390C1FE099E28A0525238832,Error in getting price for material JKR0200 and plant,CMM_VLOGP,022,JKR0200,,,
00505684390C1FE099EAB8870A596832,Price determination: MtM condition ZMP1 is not active for item 000010,CMM_VLOGP,045,ZMP1,000010,,
00505684390C1FE099EAC55ACB8AA832,Price determination: MtM condition ZMP1 is not active for item 000010,CMM_VLOGP,045,ZMP1,000010,,
00505684390C1FE099F25205F2F1A832,Pricing error 64000154/000010 RDP start date 01.01.2021: pricing failed,CMM_VLOGP,029,64000154,000010,01.01.2021,
00505684390C1FE099F2522E1FF2E832,Pricing error 64000487/000010 RDP start date 01.07.2021: pricing failed,CMM_VLOGP,029,64000487,000010,01.07.2021,
00505684390C1FE099F2545624896832,Price determination: MtM condition ZMPI is not active for item 000010,CMM_VLOGP,045,ZMPI,000010,,
00505684390C1FE099FBB5CD59160832,Error in getting price for material D62024 and plant,CMM_VLOGP,022,D62024,,,
00505684390C1FE09A81AB5B63E28832,Fee accounting data could not be determined for 083 165E ZTFQ V,O1,432,083,165E,ZTFQ,V
00505684390C1FE09A8750FDBA6FC832,Error in getting price for material CRUHEAV01 and plant,CMM_VLOGP,022,CRUHEAV01,,,
00505684390C1FE09A898BABCB62E832,Price determination: MtM condition ZPLI is not active for item 000010,CMM_VLOGP,045,ZPLI,000010,,
00505684390C1FE09A8C34DE06C96832,Pricing error 52003417/000010 RDP start date 01.12.2024: pricing failed,CMM_VLOGP,029,52003417,000010,01.12.2024,
00505684390C1FE09A8C5A4910D9E832,Price determination: MtM condition ZLAB is not active for item 000010,CMM_VLOGP,045,ZLAB,000010,,
00505684390C1FE09A8C6FCE3F646832,Pricing error 64001946/000010 RDP start date 26.07.2025: pricing failed,CMM_VLOGP,029,64001946,000010,26.07.2025,
00505684390C1FE09A90FD1730DFE832,Pricing error 67000667/000010 RDP start date 01.07.2025: pricing failed,CMM_VLOGP,029,67000667,000010,01.07.2025,
00505684390C1FE09A929D1DB3892832,Error in getting price for material JKR0200 and plant,CMM_VLOGP,022,JKR0200,,,
00505684390C1FE09A92B995381F2832,Pricing error 52003545/000010 RDP start date 07/01/2025: pricing failed,CMM_VLOGP,029,52003545,000010,07/01/2025,
00505684390C1FE09A93E46CA97C4832,Pricing error 52003524/000010 RDP start date 26.07.2025: pricing failed,CMM_VLOGP,029,52003524,000010,26.07.2025,
00505684390C1FE09A97A83938800832,Error in getting price for material JKR0200 and plant,CMM_VLOGP,022,JKR0200,,,
00505684390C1FE09A97AA8A0E32E832,Pricing error 52003547/000010 RDP start date 01.07.2025: pricing failed,CMM_VLOGP,029,52003547,000010,01.07.2025,
00505684390C1FE09AA3D6372F5B8832,Error in getting price for material JKR0200 and plant,CMM_VLOGP,022,JKR0200,,,
00505684390C1FE09AA996DD9C5AE832,Fee accounting data could not be determined for 083 165E ZTLQ V,O1,432,083,165E,ZTLQ,V
00505684390C1FE09ABDF8B05FD3E832,Item category ZEBL ZEHC cannot be invoiced with billing type ZF8.,VF,003,ZEBL,ZEHC,ZF8,
00505684390C1FE09AE16FD3013F6832,Price determination: MtM condition ZPLI is not active for item 000010,CMM_VLOGP,045,ZPLI,000010,,
00505684390C1FE09AE5510363D36832,Price determination: MtM condition ZPLI is not active for item 000010,CMM_VLOGP,045,ZPLI,000010,,
00505684390C1FE09B8B522B9FFA6832,Root Document 330000889 is locked,CMM_VLOGP,040,330000889,00010,01.01.2024,
00505684390C1FE09B910B90F90F4832,Price determination: MtM condition ZMP1 is not active for item 000010,CMM_VLOGP,045,ZMP1,000010,,
00505684390C1FE09B910C3D41BF0832,Price determination: MtM condition ZMP1 is not active for item 000010,CMM_VLOGP,045,ZMP1,000010,,
00505684390C1FE09BAD7EFE22E6A832,Price determination: MtM condition ZMP1 is not active for item 000010,CMM_VLOGP,045,ZMP1,000010,,
00505684390C1FE09BBCE330889CC832,Price determination: MtM condition ZLAR is not active for item 000020,CMM_VLOGP,045,ZLAR,000020,,
00505684390C1FE09BBDB6788377E832,Price determination: MtM condition ZLAR is not active for item 000010,CMM_VLOGP,045,ZLAR,000010,,
00505684390C1FE09BBDFFCB0BF12832,Price determination: MtM condition ZLAR is not active for item 000020,CMM_VLOGP,045,ZLAR,000020,,
00505684390C1FE09BBEEFAB360D0832,Price determination: MtM condition ZMP1 is not active for item 000020,CMM_VLOGP,045,ZMP1,000020,,
00505684390C1FE09BBFE869E0F18832,Price determination: MtM condition ZMP1 is not active for item 000020,CMM_VLOGP,045,ZMP1,000020,,
00505684390C1FE09BC15D44207FC832,Error in getting price for material JKR0200 and plant,CMM_VLOGP,022,JKR0200,,,
00505684390C1FE09BC42285BEDDA832,Pricing error 52003571/000010 RDP start date 21.07.2025: pricing failed,CMM_VLOGP,029,52003571,000010,21.07.2025,
00505684390C1FE09BC433948100A832,Pricing error 52003526/000010 RDP start date 21.07.2025: pricing failed,CMM_VLOGP,029,52003526,000010,21.07.2025,
00505684390C1FE09BC462039C9C4832,Error in getting price for material JKR0200 and plant,CMM_VLOGP,022,JKR0200,,,
00505684390C1FE09BC4ED07A2FBA832,Error in getting price for material NAP0101 and plant,CMM_VLOGP,022,NAP0101,,,
00505684390C1FE09BC6825B4A716832,Error in getting price for material JKR0500 and plant,CMM_VLOGP,022,JKR0500,,,
00505684390C1FE09BC6BAF69B386832,Price determination: MtM condition ZMP1 is not active for item 000010,CMM_VLOGP,045,ZMP1,000010,,
00505684390C1FE09BC6BB77A0E58832,Price determination: MtM condition ZMP1 is not active for item 000020,CMM_VLOGP,045,ZMP1,000020,,
00505684390C1FE09BC7E37B90976832,Price determination: MtM condition ZPLI is not active for item 000010,CMM_VLOGP,045,ZPLI,000010,,
00505684390C1FE09BD6E891E1402832,Price determination: MtM condition ZMPI is not active for item 000010,CMM_VLOGP,045,ZMPI,000010,,
00505684390C1FE09BDC416B2AD20832,Root Document 52003574 is locked,CMM_VLOGP,040,52003574,000020,01.12.2024,
00505684390C1FE09C9CF720618C6832,Price determination: MtM condition ZLAR is not active for item 000010,CMM_VLOGP,045,ZLAR,000010,,
00505684390C1FE09CA7C430014A0832,Price determination: MtM condition ZOCP is not active for item 000010,CMM_VLOGP,045,ZOCP,000010,,
00505684390C1FE09CA8733061174832,Price determination: MtM condition ZLAR is not active for item 000010,CMM_VLOGP,045,ZLAR,000010,,
00505684390C1FE09CA97E6F9A7A0832,Price determination: MtM condition ZLAR is not active for item 000010,CMM_VLOGP,045,ZLAR,000010,,
00505684390C1FE09CB6DC7781BC6832,Root Document 340003386 is locked,CMM_VLOGP,040,340003386,00010,06/01/2025,
00505684390C1FE09CB9A3E200B50832,Item category ZEBL ZEHC cannot be invoiced with billing type ZF8.,VF,003,ZEBL,ZEHC,ZF8,
00505684390C1FE09CBA67E590F32832,Item category ZEBL ZEHC cannot be invoiced with billing type ZF8.,VF,003,ZEBL,ZEHC,ZF8,
00505684390C1FE09CC4EB91233D2832,Price determination: MtM condition ZLAR is not active for item 000010,CMM_VLOGP,045,ZLAR,000010,,
00505684390C1FE09CDC06F58FD74834,Price determination: MtM condition ZMP1 is not active for item 000010,CMM_VLOGP,045,ZMP1,000010,,
00505684390C1FE09CDC90F7A2F9C834,Error in getting price for material D62024 and plant,CMM_VLOGP,022,D62024,,,
00505684390C1FE09CEA7AEA5B36C834,Item category ZEBL ZEHC cannot be invoiced with billing type ZF8.,VF,003,ZEBL,ZEHC,ZF8,
00505684390C1FE09CEBAAAFF913C834,Item category ZEBL ZEHC cannot be invoiced with billing type ZF8.,VF,003,ZEBL,ZEHC,ZF8,
00505684390C1FE09D96DC9FB1128834,Price determination: MtM condition ZSP1 is not active for item 000010,CMM_VLOGP,045,ZSP1,000010,,
00505684390C1FE09DD0760C48146834,Error in getting price for material JKR0200 and plant,CMM_VLOGP,022,JKR0200,,,
00505684390C1FE09DD095A48D37E834,Error in getting price for material JKR0200 and plant,CMM_VLOGP,022,JKR0200,,,
00505684390C1FE09DD0A208BCB7E834,Error in getting price for material JKR0200 and plant,CMM_VLOGP,022,JKR0200,,,
00505684390C1FE09E82FCA2EDDE8834,Price determination: MtM condition ZLAR is not active for item 000010,CMM_VLOGP,045,ZLAR,000010,,
00505684390C1FE09E892F74E9EC4834,Pricing error 64001969/000010 RDP start date 08/01/2025: pricing failed,CMM_VLOGP,029,64001969,000010,08/01/2025,
00505684390C1FE09E8AE19B87090834,Price determination: MtM condition ZMP1 is not active for item 000010,CMM_VLOGP,045,ZMP1,000010,,
00505684390C1FE09E8BADAE8A952834,Error in getting price for material JKR0200 and plant,CMM_VLOGP,022,JKR0200,,,
00505684390C1FE09E8BB579ABDFA834,Pricing error 52003542/000010 RDP start date 01.07.2025: pricing failed,CMM_VLOGP,029,52003542,000010,01.07.2025,
00505684390C1FE09EA37F8DB154C834,Assignment error: Overwriting of a protected field.,CMM_ANALYTICS,505,,,,
00505684390C1FE09EA3963FB23EE834,Assignment error: Overwriting of a protected field.,CMM_ANALYTICS,505,,,,
00505684390C1FE09EB533E546B14834,Error in getting price for material PTC0101 and plant,CMM_VLOGP,022,PTC0101,,,
00505684390C1FE09EC1910A2EAF6834,Price determination: MtM condition ZSP1 is not active for item 000010,CMM_VLOGP,045,ZSP1,000010,,
00505684390C1FE09F82DAFC1837883A,Error in getting price for material JKR0200 and plant,CMM_VLOGP,022,JKR0200,,,
00505684390C1FE09F834A5CF8E9A83B,Pricing error 52003605/000010 RDP start date 01.08.2025: pricing failed,CMM_VLOGP,029,52003605,000010,01.08.2025,
00505684390C1FE09F83B1D7133D2842,Pricing error 52003604/000010 RDP start date 26.08.2025: pricing failed,CMM_VLOGP,029,52003604,000010,26.08.2025,
00505684390C1FE09F856C30D3A2E844,Error in getting price for material JKR0200 and plant,CMM_VLOGP,022,JKR0200,,,
00505684390C1FE09F860C8779818844,Pricing error 52003606/000010 RDP start date 21.08.2025: pricing failed,CMM_VLOGP,029,52003606,000010,21.08.2025,
00505684390C1FE09F8F987B35D24846,Price determination: MtM condition ZMPI is not active for item 000010,CMM_VLOGP,045,ZMPI,000010,,
00505684390C1FE09F8F98944C500846,Price determination: MtM condition ZMPA is not active for item 000020,CMM_VLOGP,045,ZMPA,000020,,
00505684390C1FE09F8F9B89306F8846,Price determination: MtM condition ZMPI is not active for item 000010,CMM_VLOGP,045,ZMPI,000010,,
00505684390C1FE09F8FB8AC6E370846,Pricing error 67000666/000010 RDP start date 01.07.2025: pricing failed,CMM_VLOGP,029,67000666,000010,01.07.2025,
00505684390C1FE09F8FBB2431832846,Price determination: MtM condition ZCMI is not active for item 000010,CMM_VLOGP,045,ZCMI,000010,,
00505684390C1FE09F9021B051276846,Error in getting price for material JKR0200 and plant,CMM_VLOGP,022,JKR0200,,,
00505684390C1FE09F902992172FA846,Error in getting price for material JKR0200 and plant,CMM_VLOGP,022,JKR0200,,,
00505684390C1FE09F907563546BE846,Error in getting price for material MET0100 and plant,CMM_VLOGP,022,MET0100,,,
00505684390C1FE09F9092DDAC7B8846,Error in getting price for material JKR0200 and plant,CMM_VLOGP,022,JKR0200,,,
00505684390C1FE09F909F20AB66E846,Error in getting price for material CRUHEAV01 and plant,CMM_VLOGP,022,CRUHEAV01,,,
00505684390C1FE09F91258453222846,Price determination: MtM condition ZMPI is not active for item 000010,CMM_VLOGP,045,ZMPI,000010,,
00505684390C1FE09F916026AD6FA846,Root Document 350000682 is locked,CMM_VLOGP,040,350000682,00010,01.07.2024,
00505684390C1FE09F916771FE816846,Error in getting price for material NAP0101 and plant,CMM_VLOGP,022,NAP0101,,,
00505684390C1FE09F916D9B9D216846,Error in getting price for material NAP0101 and plant,CMM_VLOGP,022,NAP0101,,,
00505684390C1FE09F9170D71D90A846,Error in getting price for material NAP0101 and plant,CMM_VLOGP,022,NAP0101,,,
00505684390C1FE09F9173C978752846,Error in getting price for material NAP0101 and plant,CMM_VLOGP,022,NAP0101,,,
00505684390C1FE09F9176BC25D86846,Error in getting price for material NAP0101 and plant,CMM_VLOGP,022,NAP0101,,,
00505684390C1FE09F9179C31E586846,Error in getting price for material NAP0101 and plant,CMM_VLOGP,022,NAP0101,,,
00505684390C1FE09F9226549FCFA846,Price determination: MtM condition ZMPI is not active for item 000010,CMM_VLOGP,045,ZMPI,000010,,
00505684390C1FE09F942335ECCC8846,Price determination: MtM condition ZMPI is not active for item 000010,CMM_VLOGP,045,ZMPI,000010,,
00505684390C1FE09F95B1D332612846,Price determination: MtM condition ZMPI is not active for item 000010,CMM_VLOGP,045,ZMPI,000010,,
00505684390C1FE09F988BF8D40A6846,Price determination: MtM condition ZMPI is not active for item 000010,CMM_VLOGP,045,ZMPI,000010,,
00505684390C1FE09F988C319DDE4846,Price determination: MtM condition ZMPI is not active for item 000010,CMM_VLOGP,045,ZMPI,000010,,
00505684390C1FE09F988EA6A4A66846,Price determination: MtM condition ZMPI is not active for item 000010,CMM_VLOGP,045,ZMPI,000010,,
00505684390C1FE09F9892E5CCE72846,Price determination: MtM condition ZCMI is not active for item 000010,CMM_VLOGP,045,ZCMI,000010,,
00505684390C1FE09F9A1B6737AAE846,Price determination: MtM condition ZLAR is not active for item 000010,CMM_VLOGP,045,ZLAR,000010,,
00505684390C1FE09FA4E3E900E06846,Pricing error 52003619/000010 RDP start date 01.07.2025: pricing failed,CMM_VLOGP,029,52003619,000010,01.07.2025,
00505684390C1FE09FA51E8ECB156846,Error in getting price for material REFCYCL01 and plant,CMM_VLOGP,022,REFCYCL01,,,
00505684390C1FE09FB3F7E4CECEE846,Pricing error 52003620/000010 RDP start date 01.06.2025: pricing failed,CMM_VLOGP,029,52003620,000010,01.06.2025,
00505684390C1FE09FBBE638F740E849,Price determination: MtM condition ZLAR is not active for item 000010,CMM_VLOGP,045,ZLAR,000010,,
00505684390C1FE09FC2BF16AD154849,Pricing error 64001952/000010 RDP start date 01.07.2025: pricing failed,CMM_VLOGP,029,64001952,000010,01.07.2025,
00505684390C1FE09FC2C7E43FCCC849,Pricing error 64001950/000010 RDP start date 01.07.2025: pricing failed,CMM_VLOGP,029,64001950,000010,01.07.2025,
00505684390C1FE09FC8E625E7C1A849,Pricing error 52003624/000010 RDP start date 06/01/2025: pricing failed,CMM_VLOGP,029,52003624,000010,06/01/2025,
00505684390C1FE09FCA3B7D641DA849,Pricing error 52003626/000010 RDP start date 01.06.2025: pricing failed,CMM_VLOGP,029,52003626,000010,01.06.2025,
00505684390C1FE09FD14EE76E2DC849,Pricing error 52003627/000010 RDP start date 11.08.2025: pricing failed,CMM_VLOGP,029,52003627,000010,11.08.2025,
00505684390C1FE09FD1DFFD4EB44849,Root Document 340003441 is locked,CMM_VLOGP,040,340003441,00010,01.08.2025,
00505684390C1FE09FE9BAFDE9176849,Pricing error 52003612/000010 RDP start date 01.07.2025: pricing failed,CMM_VLOGP,029,52003612,000010,01.07.2025,
00505684390C1FE09FE9CD90E030E849,Error in getting price for material REFCYCL01 and plant,CMM_VLOGP,022,REFCYCL01,,,
00505684390C1FE09FEBF7F5618C6849,Price determination: MtM condition ZSPI is not active for item 000010,CMM_VLOGP,045,ZSPI,000010,,
00505684390C1FE09FEBFD1D7AB30849,Price determination: MtM condition ZSPI is not active for item 000010,CMM_VLOGP,045,ZSPI,000010,,
00505684390C1FE09FEC0836A2090849,Price determination: MtM condition ZSPI is not active for item 000010,CMM_VLOGP,045,ZSPI,000010,,
00505684390C1FE09FEC0CF2B4828849,Price determination: MtM condition ZSPI is not active for item 000010,CMM_VLOGP,045,ZSPI,000010,,
00505684390C1FE09FEC7337B6A00849,Price determination: MtM condition ZSPI is not active for item 000010,CMM_VLOGP,045,ZSPI,000010,,
00505684390C1FE09FEC73664D936849,Price determination: MtM condition ZSPI is not active for item 000010,CMM_VLOGP,045,ZSPI,000010,,
00505684390C1FE0A0BB8569F409E849,Price determination: MtM condition ZSP1 is not active for item 000010,CMM_VLOGP,045,ZSP1,000010,,
00505684390C1FE0A0BD536B81A72849,Price determination: MtM condition ZSP1 is not active for item 000010,CMM_VLOGP,045,ZSP1,000010,,
00505684390C1FE0A0E7308324C9C849,Price determination: MtM condition ZOCP is not active for item 000010,CMM_VLOGP,045,ZOCP,000010,,
00505684390C1FE0A0E74AA778D96849,Application error,00,001,Application error,,,
00505684390C1FE0A19C3B4BE41A8849,Error in getting price for material CRDUS0200 and plant,CMM_VLOGP,022,CRDUS0200,,,
00505684390C1FE0A1C459CEDAC5E849,Error in getting price for material NAP0110 and plant,CMM_VLOGP,022,NAP0110,,,
00505684390C1FE0A1C51A1CE9340849,Pricing error 52003651/000010 RDP start date 01.08.2025: pricing failed,CMM_VLOGP,029,52003651,000010,01.08.2025,
00505684390C1FE0A1C52789434A8849,Error in getting price for material NAP0110 and plant,CMM_VLOGP,022,NAP0110,,,
00505684390C1FE0A1C530FD583F0849,Pricing error 52003652/000010 RDP start date 01.08.2025: pricing failed,CMM_VLOGP,029,52003652,000010,01.08.2025,
00505684390C1FE0A1C55E6F4FB7A849,Error in getting price for material NAP0110 and plant,CMM_VLOGP,022,NAP0110,,,
00505684390C1FE0A1C5B4A3532D0849,Pricing error 52003653/000010 RDP start date 01.08.2025: pricing failed,CMM_VLOGP,029,52003653,000010,01.08.2025,
00505684390C1FE0A1C5CEE4FF776849,Error in getting price for material NAP0110 and plant,CMM_VLOGP,022,NAP0110,,,
00505684390C1FE0A1C5E04C30152849,Pricing error 52003611/000010 RDP start date 01.08.2025: pricing failed,CMM_VLOGP,029,52003611,000010,01.08.2025,
00505684390C1FE0A1C646AEA8650849,Error in getting price for material NAP0110 and plant,CMM_VLOGP,022,NAP0110,,,
00505684390C1FE0A1C6472510524849,Error in getting price for material NAP0110 and plant,CMM_VLOGP,022,NAP0110,,,
00505684390C1FE0A1C6477EEECA0849,Error in getting price for material NAP0110 and plant,CMM_VLOGP,022,NAP0110,,,
00505684390C1FE0A1C648055E626849,Error in getting price for material NAP0110 and plant,CMM_VLOGP,022,NAP0110,,,
00505684390C1FE0A1C6661EF6686849,Pricing error 55000098/000010 RDP start date 01.01.2025: pricing failed,CMM_VLOGP,029,55000098,000010,01.01.2025,
00505684390C1FE0A1C6664B67E24849,Pricing error 55000097/000010 RDP start date 01.01.2025: pricing failed,CMM_VLOGP,029,55000097,000010,01.01.2025,
00505684390C1FE0A1C6665CD7448849,Pricing error 55000096/000010 RDP start date 01.01.2025: pricing failed,CMM_VLOGP,029,55000096,000010,01.01.2025,
00505684390C1FE0A1C666C7F56D0849,Pricing error 55000099/000010 RDP start date 01.01.2025: pricing failed,CMM_VLOGP,029,55000099,000010,01.01.2025,
00505684390C1FE0A1C67EFA4AC30849,Pricing error 55000100/000010 RDP start date 01.01.2025: pricing failed,CMM_VLOGP,029,55000100,000010,01.01.2025,
00505684390C1FE0A1C67F242EFC4849,Pricing error 55000101/000010 RDP start date 01.01.2025: pricing failed,CMM_VLOGP,029,55000101,000010,01.01.2025,
00505684390C1FE0A1C68103DDCEC849,Pricing error 55000102/000010 RDP start date 01.01.2025: pricing failed,CMM_VLOGP,029,55000102,000010,01.01.2025,
00505684390C1FE0A1C6815E1AC68849,Pricing error 55000103/000010 RDP start date 01.01.2025: pricing failed,CMM_VLOGP,029,55000103,000010,01.01.2025,
00505684390C1FE0A1C69CDF593F8849,Error in getting price for material NAP0110 and plant,CMM_VLOGP,022,NAP0110,,,
00505684390C1FE0A1C69E51FD188849,Error in getting price for material NAP0110 and plant,CMM_VLOGP,022,NAP0110,,,
00505684390C1FE0A1C69E5E39D88849,Error in getting price for material NAP0110 and plant,CMM_VLOGP,022,NAP0110,,,
00505684390C1FE0A1C69EC69E42E849,Error in getting price for material NAP0110 and plant,CMM_VLOGP,022,NAP0110,,,
00505684390C1FE0A1C915F5B4598849,Price determination: MtM condition ZSPI is not active for item 000010,CMM_VLOGP,045,ZSPI,000010,,
00505684390C1FE0A1C94FD6E5324849,Price determination: MtM condition ZSPI is not active for item 000010,CMM_VLOGP,045,ZSPI,000010,,
00505684390C1FE0A1E1978352804849,Root Document 340003469 is locked,CMM_VLOGP,040,340003469,00010,01.07.2025,
00505684390C1FE0A1E398D55E7F6849,Root Document 340003476 is locked,CMM_VLOGP,040,340003476,00010,01.08.2025,
00505684390C1FE0A1E649048F868849,Root Document 52003655 is locked,CMM_VLOGP,040,52003655,000010,01.08.2025,
00505684390C1FE0A1F63DB4099DA849,Price determination: MtM condition ZOCP is not active for item 000010,CMM_VLOGP,045,ZOCP,000010,,
00505684390C1FE0A2AA1BA675DC4849,Price determination: MtM condition ZMP1 is not active for item 000010,CMM_VLOGP,045,ZMP1,000010,,
00505684390C1FE0A2AC2229E6C56849,Error in getting price for material CRUKEAR01 and plant,CMM_VLOGP,022,CRUKEAR01,,,
00505684390C1FE0A2B8781D535E4849,connection closed (no data),,000,,,,
00505684390C1FE0A2C4788983F3A849,runtime resume failed,00,001,runtime resume failed,,,
00505684390C1FE0A2C53E6D503EC849,runtime resume failed,00,001,runtime resume failed,,,
00505684390C1FE0A2C658E077196849,runtime resume failed,00,001,runtime resume failed,,,
00505684390C1FE0A2C65E782943C849,runtime resume failed,00,001,runtime resume failed,,,
00505684390C1FE0A2CAE99A5F0A0849,connection closed (no data),,000,,,,
00505684390C1FE0A2E38D227D69A849,runtime resume failed,00,001,runtime resume failed,,,
00505684390C1FE0A2E3901DDB7D8849,runtime resume failed,00,001,runtime resume failed,,,
00505684390C1FE0A2FCC4B08EE66849,runtime resume failed,00,001,runtime resume failed,,,
00505684390C1FE0A2FCC92C0DF9A849,runtime resume failed,00,001,runtime resume failed,,,
00505684390C1FE0A2FCD28F9C4F8849,runtime resume failed,00,001,runtime resume failed,,,
00505684390C1FE0A2FCF6C8F7BF4849,Error in getting price for material LNG0100 and plant,CMM_VLOGP,022,LNG0100,,,
00505684390C1FE0A2FD05341AFFE849,runtime resume failed,00,001,runtime resume failed,,,
00505684390C1FE0A2FD07EB672AA849,runtime resume failed,00,001,runtime resume failed,,,
00505684390C1FE0A2FD12677FFE8849,runtime resume failed,00,001,runtime resume failed,,,
00505684390C1FE0A2FD20BADDDD2849,Error in getting price for material LNG0100 and plant,CMM_VLOGP,022,LNG0100,,,
00505684390C1FE0A2FD24564E36A849,runtime resume failed,00,001,runtime resume failed,,,
00505684390C1FE0A2FD274C105AE849,runtime resume failed,00,001,runtime resume failed,,,
00505684390C1FE0A2FD2B9CF2F6A849,runtime resume failed,00,001,runtime resume failed,,,
00505684390C1FE0A2FD7BD9B5BD4849,runtime resume failed,00,001,runtime resume failed,,,
00505684390C1FE0A2FD7BEE7ACAE849,runtime resume failed,00,001,runtime resume failed,,,
00505684390C1FE0A2FD7CFC60A66849,runtime resume failed,00,001,runtime resume failed,,,
00505684390C1FE0A2FD7D57B2E08849,runtime resume failed,00,001,runtime resume failed,,,
00505684390C1FE0A2FD9E9382AEA849,runtime resume failed,00,001,runtime resume failed,,,
00505684390C1FE0A2FDAA82D2726849,runtime resume failed,00,001,runtime resume failed,,,
00505684390C1FE0A2FDB41BB228E849,runtime resume failed,00,001,runtime resume failed,,,
00505684390C1FE0A2FDEC7489618849,runtime resume failed,00,001,runtime resume failed,,,
00505684390C1FE0A2FDEFBB66560849,runtime resume failed,00,001,runtime resume failed,,,
00505684390C1FE0A2FDFAA384A52849,runtime resume failed,00,001,runtime resume failed,,,
00505684390C1FE0A2FE48A2A0106849,runtime resume failed,00,001,runtime resume failed,,,
00505684390C1FE0A2FE4B7100A5A849,runtime resume failed,00,001,runtime resume failed,,,
00505684390C1FE0A2FE5676E1EF6849,runtime resume failed,00,001,runtime resume failed,,,
00505684390C1FE0A2FE91C4E58C8849,runtime resume failed,00,001,runtime resume failed,,,
00505684390C1FE0A2FE920FB3B36849,runtime resume failed,00,001,runtime resume failed,,,
00505684390C1FE0A2FE92AE31180849,runtime resume failed,00,001,runtime resume failed,,,
00505684390C1FE0A2FE93031F7C8849,runtime resume failed,00,001,runtime resume failed,,,
00505684390C1FE0A2FEAC6060A18849,runtime resume failed,00,001,runtime resume failed,,,
00505684390C1FE0A2FEB0758A242849,runtime resume failed,00,001,runtime resume failed,,,
00505684390C1FE0A391D0B298D36849,runtime resume failed,00,001,runtime resume failed,,,
00505684390C1FE0A3923A3A22F1C849,runtime resume failed,00,001,runtime resume failed,,,
00505684390C1FE0A3923D884C154849,runtime resume failed,00,001,runtime resume failed,,,
00505684390C1FE0A3924F5E1894A849,runtime resume failed,00,001,runtime resume failed,,,
00505684390C1FE0A39312DB84DB2849,Error in getting price for material ARM0100 and plant,CMM_VLOGP,022,ARM0100,,,
00505684390C1FE0A39344ECC100E849,Pricing error 52003669/000010 RDP start date 01.09.2025: pricing failed,CMM_VLOGP,029,52003669,000010,01.09.2025,
00505684390C1FE0A39344EFAD00A849,Error in getting price for material ARM0100 and plant,CMM_VLOGP,022,ARM0100,,,
00505684390C1FE0A3975373D2F00849,Price determination: MtM condition ZMP1 is not active for item 000010,CMM_VLOGP,045,ZMP1,000010,,
00505684390C1FE0A3997159FBF52849,Error in getting price for material JKR0200 and plant,CMM_VLOGP,022,JKR0200,,,
00505684390C1FE0A3B025730AC12849,Error in getting price for material JKR0200 and plant,CMM_VLOGP,022,JKR0200,,,
00505684390C1FE0A3B0966639CA8849,Error in getting price for material JKR0200 and plant,CMM_VLOGP,022,JKR0200,,,
00505684390C1FE0A3B0A426415F0849,Error in getting price for material JKR0200 and plant,CMM_VLOGP,022,JKR0200,,,
00505684390C1FE0A3B4B14DC986A849,Pricing error 52003615/000010 RDP start date 08/25/2025: pricing failed,CMM_VLOGP,029,52003615,000010,08/25/2025,
00505684390C1FE0A3B80DB24457E849,Error in getting price for material CRUKEAR01 and plant,CMM_VLOGP,022,CRUKEAR01,,,
00505684390C1FE0A3C0AF180811C849,Error in getting price for material JKR0200 and plant,CMM_VLOGP,022,JKR0200,,,
00505684390C1FE0A4C0F8E9C71FE851,runtime resume failed,00,001,runtime resume failed,,,
00505684390C1FE0A4C1D941517A2851,Error in getting price for material NAP0101 and plant,CMM_VLOGP,022,NAP0101,,,
00505684390C1FE0A4C20CBD5FE1E851,Pricing error 52003676/000010 RDP start date 08/01/2025: pricing failed,CMM_VLOGP,029,52003676,000010,08/01/2025,
00505684390C1FE0A4C2AA13915B4851,Pricing error 64001945/000010 RDP start date 09/10/2025: pricing failed,CMM_VLOGP,029,64001945,000010,09/10/2025,
00505684390C1FE0A4C2BE8B20AE0851,connection closed (no data),,000,,,,
00505684390C1FE0A4C2BEC607228851,connection closed (no data),,000,,,,
00505684390C1FE0A4C2C4ED08F7A851,Error in getting price for material NAP0101 and plant,CMM_VLOGP,022,NAP0101,,,
00505684390C1FE0A4CBACCD355E6851,Price determination: MtM condition ZLAR is not active for item 000010,CMM_VLOGP,045,ZLAR,000010,,
00505684390C1FE0A58CEC7C8F436851,Pricing error 52003688/000010 RDP start date 08/01/2025: pricing failed,CMM_VLOGP,029,52003688,000010,08/01/2025,
00505684390C1FE0A59986764A646851,connection closed (no data),,000,,,,
00505684390C1FE0A59CCA1FF5FCA851,Pricing error 64002003/000010 RDP start date 01.09.2025: pricing failed,CMM_VLOGP,029,64002003,000010,01.09.2025,
00505684390C1FE0A5A7615C0E036851,Error in getting price for material CRUKEAR01 and plant,CMM_VLOGP,022,CRUKEAR01,,,
00505684390C1FE0A5DEC82FA421C851,Error in getting price for material PTC0101 and plant,CMM_VLOGP,022,PTC0101,,,
00505684390C1FE0A5DEE5055A1D8851,Error in getting price for material PTC0101 and plant,CMM_VLOGP,022,PTC0101,,,
00505684390C1FE0A5F237A7E44FC851,Error in getting price for material JKR0200 and plant,CMM_VLOGP,022,JKR0200,,,
00505684390C1FE0A5F961BDBCC58851,Error in getting price for material D62024 and plant,CMM_VLOGP,022,D62024,,,
00505684390C1FE0A5FB6F55CE7A4851,Error in getting price for material NAP0110 and plant,CMM_VLOGP,022,NAP0110,,,
00505684390C1FE0A5FE2B9430C96851,Error in getting price for material CRUHEAV01 and plant,CMM_VLOGP,022,CRUHEAV01,,,
00505684390C1FE0A5FE6F7CECF40851,Root Document 58000065 is locked,CMM_VLOGP,040,58000065,000010,01.12.2024,
00505684390C1FE0A5FE6FE065DCE851,Root Document 620000112 is locked,CMM_VLOGP,040,620000112,00010,01.12.2024,
00505684390C1FE0A5FEA97605D46851,Pricing error 52003692/000010 RDP start date 16.03.2025: pricing failed,CMM_VLOGP,029,52003692,000010,16.03.2025,
00505684390C1FE0A681E52ED3486851,Pricing error 52003695/000010 RDP start date 16.03.2025: pricing failed,CMM_VLOGP,029,52003695,000010,16.03.2025,
00505684390C1FE0A6835A5D09212851,Pricing error 52003697/000010 RDP start date 01.09.2025: pricing failed,CMM_VLOGP,029,52003697,000010,01.09.2025,
00505684390C1FE0A68F598ABE768851,Pricing error 64002009/000010 RDP start date 01.07.2025: pricing failed,CMM_VLOGP,029,64002009,000010,01.07.2025,
00505684390C1FE0A6901206DD07A851,Price determination: MtM condition ZEFN is not active for item 000010,CMM_VLOGP,045,ZEFN,000010,,
00505684390C1FE0A6909A4CEA546851,Pricing error 51000471/000010 RDP start date 01.08.2025: pricing failed,CMM_VLOGP,029,51000471,000010,01.08.2025,
00505684390C1FE0A690A39A319BC851,Pricing error 52003007/000010 RDP start date 01.01.2025: pricing failed,CMM_VLOGP,029,52003007,000010,01.01.2025,
00505684390C1FE0A690A446C5B8E851,Pricing error 52003011/000010 RDP start date 01.01.2025: pricing failed,CMM_VLOGP,029,52003011,000010,01.01.2025,
00505684390C1FE0A690B0CD33930851,Pricing error 52003127/000010 RDP start date 01.09.2025: pricing failed,CMM_VLOGP,029,52003127,000010,01.09.2025,
00505684390C1FE0A690B1B0EEE18851,Pricing error 52003131/000010 RDP start date 01.09.2025: pricing failed,CMM_VLOGP,029,52003131,000010,01.09.2025,
00505684390C1FE0A690B3EC0DFB6851,Pricing error 52003147/000010 RDP start date 01.09.2025: pricing failed,CMM_VLOGP,029,52003147,000010,01.09.2025,
00505684390C1FE0A690C5F70CC94851,Pricing error 52003305/000010 RDP start date 01.02.2025: pricing failed,CMM_VLOGP,029,52003305,000010,01.02.2025,
00505684390C1FE0A690CA5953AE4851,Pricing error 52003324/000010 RDP start date 16.03.2025: pricing failed,CMM_VLOGP,029,52003324,000010,16.03.2025,
00505684390C1FE0A690CB1321880851,Pricing error 52003329/000010 RDP start date 01.02.2025: pricing failed,CMM_VLOGP,029,52003329,000010,01.02.2025,
00505684390C1FE0A690CB45DA55C851,Pricing error 52003330/000010 RDP start date 16.03.2025: pricing failed,CMM_VLOGP,029,52003330,000010,16.03.2025,
00505684390C1FE0A690CC8335858851,Pricing error 52003334/000010 RDP start date 01.02.2025: pricing failed,CMM_VLOGP,029,52003334,000010,01.02.2025,
00505684390C1FE0A690CEDE769E0851,Pricing error 52003340/000010 RDP start date 16.03.2025: pricing failed,CMM_VLOGP,029,52003340,000010,16.03.2025,
00505684390C1FE0A690CF199A480851,Pricing error 52003341/000010 RDP start date 16.03.2025: pricing failed,CMM_VLOGP,029,52003341,000010,16.03.2025,
00505684390C1FE0A690D0FF535F2851,Pricing error 52003350/000010 RDP start date 16.03.2025: pricing failed,CMM_VLOGP,029,52003350,000010,16.03.2025,
00505684390C1FE0A690D12043C6C851,Pricing error 52003351/000010 RDP start date 16.03.2025: pricing failed,CMM_VLOGP,029,52003351,000010,16.03.2025,
00505684390C1FE0A690D164C89EC851,Pricing error 52003352/000010 RDP start date 16.03.2025: pricing failed,CMM_VLOGP,029,52003352,000010,16.03.2025,
00505684390C1FE0A690D183804D4851,Pricing error 52003353/000010 RDP start date 15.03.2025: pricing failed,CMM_VLOGP,029,52003353,000010,15.03.2025,
00505684390C1FE0A690D5CDAA02A851,Pricing error 52003362/000010 RDP start date 16.03.2025: pricing failed,CMM_VLOGP,029,52003362,000010,16.03.2025,
00505684390C1FE0A690D6204CCA8851,Pricing error 52003364/000010 RDP start date 16.03.2025: pricing failed,CMM_VLOGP,029,52003364,000010,16.03.2025,
00505684390C1FE0A690D66BCF6CE851,Pricing error 52003365/000010 RDP start date 16.03.2025: pricing failed,CMM_VLOGP,029,52003365,000010,16.03.2025,
00505684390C1FE0A690D9282DCF8851,Pricing error 52003368/000010 RDP start date 16.03.2025: pricing failed,CMM_VLOGP,029,52003368,000010,16.03.2025,
00505684390C1FE0A690D97B70F64851,Pricing error 52003369/000010 RDP start date 16.03.2025: pricing failed,CMM_VLOGP,029,52003369,000010,16.03.2025,
00505684390C1FE0A690D9C046628851,Pricing error 52003370/000010 RDP start date 16.03.2025: pricing failed,CMM_VLOGP,029,52003370,000010,16.03.2025,
00505684390C1FE0A690DB221781C851,Pricing error 52003375/000010 RDP start date 16.03.2025: pricing failed,CMM_VLOGP,029,52003375,000010,16.03.2025,
00505684390C1FE0A690DB692B796851,Pricing error 52003376/000010 RDP start date 16.03.2025: pricing failed,CMM_VLOGP,029,52003376,000010,16.03.2025,
00505684390C1FE0A690DBD31A5A8851,Pricing error 52003378/000010 RDP start date 16.03.2025: pricing failed,CMM_VLOGP,029,52003378,000010,16.03.2025,
00505684390C1FE0A690DC23E3A00851,Pricing error 52003379/000010 RDP start date 16.03.2025: pricing failed,CMM_VLOGP,029,52003379,000010,16.03.2025,
00505684390C1FE0A690DE5008924851,Pricing error 52003382/000010 RDP start date 16.03.2025: pricing failed,CMM_VLOGP,029,52003382,000010,16.03.2025,
00505684390C1FE0A690DEBB87076851,Pricing error 52003384/000010 RDP start date 16.03.2025: pricing failed,CMM_VLOGP,029,52003384,000010,16.03.2025,
00505684390C1FE0A690DEF0E4250851,Pricing error 52003385/000010 RDP start date 16.03.2025: pricing failed,CMM_VLOGP,029,52003385,000010,16.03.2025,
00505684390C1FE0A690DF255278C851,Pricing error 52003386/000010 RDP start date 16.03.2025: pricing failed,CMM_VLOGP,029,52003386,000010,16.03.2025,
00505684390C1FE0A690DF704E8A6851,Pricing error 52003387/000010 RDP start date 16.03.2025: pricing failed,CMM_VLOGP,029,52003387,000010,16.03.2025,
00505684390C1FE0A690DFA4F4C18851,Pricing error 52003388/000010 RDP start date 16.03.2025: pricing failed,CMM_VLOGP,029,52003388,000010,16.03.2025,
00505684390C1FE0A690DFF3E50B0851,Pricing error 52003390/000010 RDP start date 16.03.2025: pricing failed,CMM_VLOGP,029,52003390,000010,16.03.2025,
00505684390C1FE0A690E11CE6998851,Pricing error 52003395/000010 RDP start date 16.03.2025: pricing failed,CMM_VLOGP,029,52003395,000010,16.03.2025,
00505684390C1FE0A690E13872B28851,Pricing error 52003396/000010 RDP start date 16.03.2025: pricing failed,CMM_VLOGP,029,52003396,000010,16.03.2025,
00505684390C1FE0A690E184545F0851,Pricing error 52003397/000010 RDP start date 16.03.2025: pricing failed,CMM_VLOGP,029,52003397,000010,16.03.2025,
00505684390C1FE0A690E1B0606E4851,Pricing error 52003398/000010 RDP start date 16.03.2025: pricing failed,CMM_VLOGP,029,52003398,000010,16.03.2025,
00505684390C1FE0A690E2D851A66851,Pricing error 52003401/000010 RDP start date 16.03.2025: pricing failed,CMM_VLOGP,029,52003401,000010,16.03.2025,
00505684390C1FE0A690E30C6F554851,Pricing error 52003402/000010 RDP start date 16.03.2025: pricing failed,CMM_VLOGP,029,52003402,000010,16.03.2025,
00505684390C1FE0A690E368CA0B8851,Pricing error 52003404/000010 RDP start date 16.03.2025: pricing failed,CMM_VLOGP,029,52003404,000010,16.03.2025,
00505684390C1FE0A690E9A9FA9C2851,Pricing error 52003418/000010 RDP start date 01.04.2025: pricing failed,CMM_VLOGP,029,52003418,000010,01.04.2025,
00505684390C1FE0A690EA5F03E18851,Pricing error 52003421/000010 RDP start date 16.03.2025: pricing failed,CMM_VLOGP,029,52003421,000010,16.03.2025,
00505684390C1FE0A690F0EDFFADE851,Pricing error 52003434/000010 RDP start date 01.05.2025: pricing failed,CMM_VLOGP,029,52003434,000010,01.05.2025,
00505684390C1FE0A690F14E3E014851,Pricing error 52003436/000010 RDP start date 01.05.2025: pricing failed,CMM_VLOGP,029,52003436,000010,01.05.2025,
00505684390C1FE0A690F25FF2400851,Pricing error 52003442/000010 RDP start date 01.05.2025: pricing failed,CMM_VLOGP,029,52003442,000010,01.05.2025,
00505684390C1FE0A690F29559B44851,Pricing error 52003443/000010 RDP start date 01.05.2025: pricing failed,CMM_VLOGP,029,52003443,000010,01.05.2025,
00505684390C1FE0A690F2DFA8198851,Pricing error 52003444/000010 RDP start date 05.05.2025: pricing failed,CMM_VLOGP,029,52003444,000010,05.05.2025,
00505684390C1FE0A690F3979B966851,Pricing error 52003447/000010 RDP start date 01.04.2025: pricing failed,CMM_VLOGP,029,52003447,000010,01.04.2025,
00505684390C1FE0A690F3D870F58851,Pricing error 52003448/000010 RDP start date 01.04.2025: pricing failed,CMM_VLOGP,029,52003448,000010,01.04.2025,
00505684390C1FE0A690F3FFE1834851,Pricing error 52003449/000010 RDP start date 01.05.2025: pricing failed,CMM_VLOGP,029,52003449,000010,01.05.2025,
00505684390C1FE0A690F69DB4CE6851,Pricing error 52003456/000010 RDP start date 05.05.2025: pricing failed,CMM_VLOGP,029,52003456,000010,05.05.2025,
00505684390C1FE0A690F6FA23B5A851,Pricing error 52003457/000010 RDP start date 07.04.2025: pricing failed,CMM_VLOGP,029,52003457,000010,07.04.2025,
00505684390C1FE0A690F75BAEA66851,Pricing error 52003459/000010 RDP start date 05.05.2025: pricing failed,CMM_VLOGP,029,52003459,000010,05.05.2025,
00505684390C1FE0A690F79E4CDCC851,Pricing error 52003460/000010 RDP start date 05.05.2025: pricing failed,CMM_VLOGP,029,52003460,000010,05.05.2025,
00505684390C1FE0A690F7D35CA9C851,Pricing error 52003461/000010 RDP start date 05.05.2025: pricing failed,CMM_VLOGP,029,52003461,000010,05.05.2025,
00505684390C1FE0A690F814AD8C0851,Pricing error 52003462/000010 RDP start date 05.05.2025: pricing failed,CMM_VLOGP,029,52003462,000010,05.05.2025,
00505684390C1FE0A690F8C3FD398851,Pricing error 52003464/000010 RDP start date 05.05.2025: pricing failed,CMM_VLOGP,029,52003464,000010,05.05.2025,
00505684390C1FE0A690FEDEFF67E851,Pricing error 52003493/000010 RDP start date 01.06.2025: pricing failed,CMM_VLOGP,029,52003493,000010,01.06.2025,
00505684390C1FE0A690FFDAE198A851,Pricing error 52003496/000010 RDP start date 01.09.2025: pricing failed,CMM_VLOGP,029,52003496,000010,01.09.2025,
00505684390C1FE0A6910453F4F2A851,Pricing error 52003516/000010 RDP start date 12.07.2025: pricing failed,CMM_VLOGP,029,52003516,000010,12.07.2025,
00505684390C1FE0A691047801CF0851,Pricing error 52003517/000010 RDP start date 12.07.2025: pricing failed,CMM_VLOGP,029,52003517,000010,12.07.2025,
00505684390C1FE0A69104C2A2074851,Pricing error 52003518/000010 RDP start date 12.07.2025: pricing failed,CMM_VLOGP,029,52003518,000010,12.07.2025,
00505684390C1FE0A69109275DC06851,Pricing error 52003531/000010 RDP start date 01.09.2025: pricing failed,CMM_VLOGP,029,52003531,000010,01.09.2025,
00505684390C1FE0A69109EB06854851,Pricing error 52003533/000010 RDP start date 01.07.2025: pricing failed,CMM_VLOGP,029,52003533,000010,01.07.2025,
00505684390C1FE0A6910E001674A851,Pricing error 52003551/000010 RDP start date 01.07.2025: pricing failed,CMM_VLOGP,029,52003551,000010,01.07.2025,
00505684390C1FE0A6910EAB7CCB2851,Pricing error 52003553/000010 RDP start date 01.07.2025: pricing failed,CMM_VLOGP,029,52003553,000010,01.07.2025,
00505684390C1FE0A69110AEF82A0851,Pricing error 52003560/000010 RDP start date 01.09.2025: pricing failed,CMM_VLOGP,029,52003560,000010,01.09.2025,
00505684390C1FE0A6911322B36C0851,Pricing error 52003568/000010 RDP start date 01.07.2025: pricing failed,CMM_VLOGP,029,52003568,000010,01.07.2025,
00505684390C1FE0A69118559EDE6851,Pricing error 52003580/000010 RDP start date 01.07.2025: pricing failed,CMM_VLOGP,029,52003580,000010,01.07.2025,
00505684390C1FE0A6911AE4415BC851,Pricing error 52003586/000010 RDP start date 01.07.2025: pricing failed,CMM_VLOGP,029,52003586,000010,01.07.2025,
00505684390C1FE0A6911CAC94CA8851,Pricing error 52003595/000010 RDP start date 01.07.2025: pricing failed,CMM_VLOGP,029,52003595,000010,01.07.2025,
00505684390C1FE0A6911CFA45490851,Pricing error 52003596/000010 RDP start date 01.07.2025: pricing failed,CMM_VLOGP,029,52003596,000010,01.07.2025,
00505684390C1FE0A6911EBDFC242851,Pricing error 52003599/000010 RDP start date 01.07.2025: pricing failed,CMM_VLOGP,029,52003599,000010,01.07.2025,
00505684390C1FE0A691221D72090851,Pricing error 52003607/000010 RDP start date 01.08.2025: pricing failed,CMM_VLOGP,029,52003607,000010,01.08.2025,
00505684390C1FE0A6912C2CF0A28851,Pricing error 52003633/000010 RDP start date 01.07.2025: pricing failed,CMM_VLOGP,029,52003633,000010,01.07.2025,
00505684390C1FE0A6912E1D09A7C851,Pricing error 52003637/000010 RDP start date 01.07.2025: pricing failed,CMM_VLOGP,029,52003637,000010,01.07.2025,
00505684390C1FE0A69131C386D38851,Pricing error 52003642/000010 RDP start date 01.07.2025: pricing failed,CMM_VLOGP,029,52003642,000010,01.07.2025,
00505684390C1FE0A6913B3BDC8F2851,Pricing error 52003657/000010 RDP start date 01.09.2025: pricing failed,CMM_VLOGP,029,52003657,000010,01.09.2025,
00505684390C1FE0A6913BAED8074851,Pricing error 52003659/000010 RDP start date 01.09.2025: pricing failed,CMM_VLOGP,029,52003659,000010,01.09.2025,
00505684390C1FE0A6913E7FF2B22851,Pricing error 52003672/000010 RDP start date 01.09.2025: pricing failed,CMM_VLOGP,029,52003672,000010,01.09.2025,
00505684390C1FE0A6914211B1482851,Pricing error 52003683/000010 RDP start date 01.09.2025: pricing failed,CMM_VLOGP,029,52003683,000010,01.09.2025,
00505684390C1FE0A691443D3E1CA851,Pricing error 52003690/000010 RDP start date 01.08.2025: pricing failed,CMM_VLOGP,029,52003690,000010,01.08.2025,
00505684390C1FE0A691A87457EC6851,Error in getting price for material D62024 and plant,CMM_VLOGP,022,D62024,,,
00505684390C1FE0A6942CB55FC02851,Item category ZEBL ZEHC cannot be invoiced with billing type ZF8.,VF,003,ZEBL,ZEHC,ZF8,
00505684390C1FE0A6944EC088C2A851,Item category ZEBL ZEHC cannot be invoiced with billing type ZF8.,VF,003,ZEBL,ZEHC,ZF8,
00505684390C1FE0A69467A255C7E851,Item category ZEBL ZEHC cannot be invoiced with billing type ZF8.,VF,003,ZEBL,ZEHC,ZF8,
00505684390C1FE0A6948C3780F42851,Item category ZEBL ZEHC cannot be invoiced with billing type ZF8.,VF,003,ZEBL,ZEHC,ZF8,
00505684390C1FE0A6980B4CBC054851,A deadlock has occurred while attempting to access,,000,,,,
00505684390C1FE0A6BED4A594D88852,Error in getting price for material D62025 and plant,CMM_VLOGP,022,D62025,,,
00505684390C1FE0A6BED4E9C1986852,Error in getting price for material D62025 and plant,CMM_VLOGP,022,D62025,,,
00505684390C1FE0A6BED61F912FA852,Error in getting price for material D32025 and plant,CMM_VLOGP,022,D32025,,,
00505684390C1FE0A6BEDBCCFFC98852,Error in getting price for material SULFURCREDITC1 and plant,CMM_VLOGP,022,SULFURCREDITC1,,,
00505684390C1FE0A6BEE0B6F16D2852,Error in getting price for material CRUDOME01 and plant,CMM_VLOGP,022,CRUDOME01,,,
00505684390C1FE0A6BEE1C87B9AC852,Error in getting price for material JKR0200 and plant,CMM_VLOGP,022,JKR0200,,,
00505684390C1FE0A6BEE6FA11F46852,Error in getting price for material D32024 and plant,CMM_VLOGP,022,D32024,,,
00505684390C1FE0A6BEE725492EA852,Error in getting price for material D32025 and plant,CMM_VLOGP,022,D32025,,,
00505684390C1FE0A6BEE747A514C852,Error in getting price for material D42024 and plant,CMM_VLOGP,022,D42024,,,
00505684390C1FE0A6BEE785CD2CE852,Error in getting price for material D52024 and plant,CMM_VLOGP,022,D52024,,,
00505684390C1FE0A6BEE838DCC2E852,Error in getting price for material SULFURCREDITC1 and plant,CMM_VLOGP,022,SULFURCREDITC1,,,
00505684390C1FE0A6BEE87924AC6852,Error in getting price for material BENZENECREDITC1 and plant,CMM_VLOGP,022,BENZENECREDITC1,,,
00505684390C1FE0A6BEE89F24A96852,Error in getting price for material BENZENECREDITC2 and plant,CMM_VLOGP,022,BENZENECREDITC2,,,
00505684390C1FE0A6BEEA5FA03D6852,Error in getting price for material D32025 and plant,CMM_VLOGP,022,D32025,,,
00505684390C1FE0A6BEEB2778052852,Error in getting price for material D32025 and plant,CMM_VLOGP,022,D32025,,,
00505684390C1FE0A6BEEB5E0464A852,Error in getting price for material SULFURCREDITC1 and plant,CMM_VLOGP,022,SULFURCREDITC1,,,
00505684390C1FE0A6BEEBAE1B4F8852,Error in getting price for material D62025 and plant,CMM_VLOGP,022,D62025,,,
00505684390C1FE0A6BEECC9D6792852,Error in getting price for material D62025 and plant,CMM_VLOGP,022,D62025,,,
00505684390C1FE0A6BEED614584E852,Error in getting price for material D62025 and plant,CMM_VLOGP,022,D62025,,,
00505684390C1FE0A6BEEE2A6D636852,Error in getting price for material D62025 and plant,CMM_VLOGP,022,D62025,,,
00505684390C1FE0A6BEF468B1AFC852,Error in getting price for material JKR0200 and plant,CMM_VLOGP,022,JKR0200,,,
00505684390C1FE0A6BEF5249A626852,Error in getting price for material D62025 and plant,CMM_VLOGP,022,D62025,,,
00505684390C1FE0A6BEF61B29524852,Error in getting price for material JKR0200 and plant,CMM_VLOGP,022,JKR0200,,,
00505684390C1FE0A6BEF666BC526852,Error in getting price for material JKR0200 and plant,CMM_VLOGP,022,JKR0200,,,
00505684390C1FE0A6BEFB07B904C852,Error in getting price for material JKR0200 and plant,CMM_VLOGP,022,JKR0200,,,
00505684390C1FE0A6BEFF00C8230852,Error in getting price for material JKR0200 and plant,CMM_VLOGP,022,JKR0200,,,
00505684390C1FE0A6BF001965BE6852,Error in getting price for material JKR0200 and plant,CMM_VLOGP,022,JKR0200,,,
00505684390C1FE0A6BF0240DD4C0852,Error in getting price for material JKR0200 and plant,CMM_VLOGP,022,JKR0200,,,
00505684390C1FE0A6BF07B5D8174852,Error in getting price for material JKR0200 and plant,CMM_VLOGP,022,JKR0200,,,
00505684390C1FE0A6BF08A9CC772852,Error in getting price for material JKR0200 and plant,CMM_VLOGP,022,JKR0200,,,
00505684390C1FE0A6BF0B5BEC36E852,Error in getting price for material JKR0200 and plant,CMM_VLOGP,022,JKR0200,,,
00505684390C1FE0A6BF0D0CB6DDE852,Error in getting price for material JKR0200 and plant,CMM_VLOGP,022,JKR0200,,,
00505684390C1FE0A6BF100784C50852,Error in getting price for material JKR0200 and plant,CMM_VLOGP,022,JKR0200,,,
00505684390C1FE0A6BF16E2DC9AC852,Error in getting price for material JKR0200 and plant,CMM_VLOGP,022,JKR0200,,,
00505684390C1FE0A6BF1882E1952852,Error in getting price for material JKR0200 and plant,CMM_VLOGP,022,JKR0200,,,
00505684390C1FE0A6BF1B178BCB0852,Error in getting price for material JKR0200 and plant,CMM_VLOGP,022,JKR0200,,,
00505684390C1FE0A6BF1B8D1E8FE852,Error in getting price for material JKR0200 and plant,CMM_VLOGP,022,JKR0200,,,
00505684390C1FE0A6BF1C26DFFC6852,Error in getting price for material JKR0200 and plant,CMM_VLOGP,022,JKR0200,,,
00505684390C1FE0A6BF1C651C4CE852,Error in getting price for material JKR0200 and plant,CMM_VLOGP,022,JKR0200,,,
00505684390C1FE0A6BF1CCABA7E2852,Error in getting price for material JKR0200 and plant,CMM_VLOGP,022,JKR0200,,,
00505684390C1FE0A6BF2365A5E3E852,Error in getting price for material JKR0200 and plant,CMM_VLOGP,022,JKR0200,,,
00505684390C1FE0A6BF238CE1140852,Error in getting price for material JKR0200 and plant,CMM_VLOGP,022,JKR0200,,,
00505684390C1FE0A6BF240019DC8852,Error in getting price for material JKR0200 and plant,CMM_VLOGP,022,JKR0200,,,
00505684390C1FE0A6BF271FBA998852,Error in getting price for material JKR0200 and plant,CMM_VLOGP,022,JKR0200,,,
00505684390C1FE0A6BF27D6FE396852,Error in getting price for material JKR0200 and plant,CMM_VLOGP,022,JKR0200,,,
00505684390C1FE0A6BF2B77D86A0852,Error in getting price for material JKR0200 and plant,CMM_VLOGP,022,JKR0200,,,
00505684390C1FE0A6BF30F5053E4852,Pricing error 64001736/000010 RDP start date 01.04.2025: pricing failed,CMM_VLOGP,029,64001736,000010,01.04.2025,
00505684390C1FE0A6BF31546B2D4852,Error in getting price for material JKR0200 and plant,CMM_VLOGP,022,JKR0200,,,
00505684390C1FE0A6BF328CC7A04852,Error in getting price for material JKR0200 and plant,CMM_VLOGP,022,JKR0200,,,
00505684390C1FE0A6BF33DC69422852,Error in getting price for material JKR0200 and plant,CMM_VLOGP,022,JKR0200,,,
00505684390C1FE0A6BF3D533F312852,Pricing error 64001828/000010 RDP start date 02.05.2025: pricing failed,CMM_VLOGP,029,64001828,000010,02.05.2025,
00505684390C1FE0A6BF3D7BE466A852,Pricing error 64001829/000010 RDP start date 01.05.2025: pricing failed,CMM_VLOGP,029,64001829,000010,01.05.2025,
00505684390C1FE0A6BF3E3B1DC46852,Pricing error 64001833/000010 RDP start date 01.05.2025: pricing failed,CMM_VLOGP,029,64001833,000010,01.05.2025,
00505684390C1FE0A6BF3F30B03F6852,Pricing error 64001836/000010 RDP start date 01.05.2025: pricing failed,CMM_VLOGP,029,64001836,000010,01.05.2025,
00505684390C1FE0A6BF3F7D03A7A852,Pricing error 64001837/000010 RDP start date 01.05.2025: pricing failed,CMM_VLOGP,029,64001837,000010,01.05.2025,
00505684390C1FE0A6BF560CBF89A852,Error in getting price for material CRUHEAV01 and plant,CMM_VLOGP,022,CRUHEAV01,,,
00505684390C1FE0A6BF5A9D81568852,Error in getting price for material CRUACCE01 and plant,CMM_VLOGP,022,CRUACCE01,,,
00505684390C1FE0A6BF5B2CA4356852,Root Document 620000069 is locked,CMM_VLOGP,040,620000069,00010,01.03.2025,
00505684390C1FE0A6BF5B5CA2B1C852,Pricing error 64001872/000010 RDP start date 01.05.2025: pricing failed,CMM_VLOGP,029,64001872,000010,01.05.2025,
00505684390C1FE0A6BF5D6FAABB8852,Pricing error 64001706/000010 RDP start date 01.12.2028: pricing failed,CMM_VLOGP,029,64001706,000010,01.12.2028,
00505684390C1FE0A6BF5DAC1D938852,Pricing error 64001707/000010 RDP start date 01.03.2026: pricing failed,CMM_VLOGP,029,64001707,000010,01.03.2026,
00505684390C1FE0A6BF5EEDB02C2852,Pricing error 64001735/000010 RDP start date 01.03.2025: pricing failed,CMM_VLOGP,029,64001735,000010,01.03.2025,
00505684390C1FE0A6BF5F604F6C4852,Error in getting price for material CRUHEAV01 and plant,CMM_VLOGP,022,CRUHEAV01,,,
00505684390C1FE0A6BF5F9AC60AC852,Pricing error 64001745/000010 RDP start date 01.03.2025: pricing failed,CMM_VLOGP,029,64001745,000010,01.03.2025,
00505684390C1FE0A6BF5FD23ACB6852,Pricing error 64001746/000010 RDP start date 01.03.2025: pricing failed,CMM_VLOGP,029,64001746,000010,01.03.2025,
00505684390C1FE0A6BF5FF700AD4852,Pricing error 64001747/000010 RDP start date 01.03.2025: pricing failed,CMM_VLOGP,029,64001747,000010,01.03.2025,
00505684390C1FE0A6BF606A88E02852,Pricing error 64001751/000010 RDP start date 01.03.2025: pricing failed,CMM_VLOGP,029,64001751,000010,01.03.2025,
00505684390C1FE0A6BF60906D1D4852,Pricing error 64001752/000010 RDP start date 01.03.2025: pricing failed,CMM_VLOGP,029,64001752,000010,01.03.2025,
00505684390C1FE0A6BF60DD8D96A852,Pricing error 64001753/000010 RDP start date 01.03.2025: pricing failed,CMM_VLOGP,029,64001753,000010,01.03.2025,
00505684390C1FE0A6BF61038C3C2852,Pricing error 64001754/000010 RDP start date 01.03.2025: pricing failed,CMM_VLOGP,029,64001754,000010,01.03.2025,
00505684390C1FE0A6BF61AEE95C2852,Pricing error 64001769/000010 RDP start date 01.04.2025: pricing failed,CMM_VLOGP,029,64001769,000010,01.04.2025,
00505684390C1FE0A6BF61AEE9634852,Pricing error 64001770/000010 RDP start date 01.04.2025: pricing failed,CMM_VLOGP,029,64001770,000010,01.04.2025,
00505684390C1FE0A6BF623A9385E852,Error in getting price for material CRUHEAV01 and plant,CMM_VLOGP,022,CRUHEAV01,,,
00505684390C1FE0A6BF62F3C66E8852,Pricing error 64001789/000010 RDP start date 01.04.2025: pricing failed,CMM_VLOGP,029,64001789,000010,01.04.2025,
00505684390C1FE0A6BF62FA39712852,Error in getting price for material CRUHEAV01 and plant,CMM_VLOGP,022,CRUHEAV01,,,
00505684390C1FE0A6BF6417052EE852,Error in getting price for material CRUHEAV01 and plant,CMM_VLOGP,022,CRUHEAV01,,,
00505684390C1FE0A6BF6483DC1CE852,Pricing error 64001806/000010 RDP start date 01.04.2025: pricing failed,CMM_VLOGP,029,64001806,000010,01.04.2025,
00505684390C1FE0A6BF64BCC4B3C852,Pricing error 64001807/000010 RDP start date 01.04.2025: pricing failed,CMM_VLOGP,029,64001807,000010,01.04.2025,
00505684390C1FE0A6BF65428C712852,Pricing error 64001826/000010 RDP start date 01.05.2025: pricing failed,CMM_VLOGP,029,64001826,000010,01.05.2025,
00505684390C1FE0A6BF6568DD004852,Pricing error 64001827/000010 RDP start date 01.05.2025: pricing failed,CMM_VLOGP,029,64001827,000010,01.05.2025,
00505684390C1FE0A6BF661E4819C852,Error in getting price for material CRUHEAV01 and plant,CMM_VLOGP,022,CRUHEAV01,,,
00505684390C1FE0A6BF6626FBAF2852,Pricing error 64001846/000010 RDP start date 01.05.2025: pricing failed,CMM_VLOGP,029,64001846,000010,01.05.2025,
00505684390C1FE0A6BF6703C8012852,Error in getting price for material CRUHEAV01 and plant,CMM_VLOGP,022,CRUHEAV01,,,
00505684390C1FE0A6BF684F0E0B2852,Error in getting price for material CRUHEAV01 and plant,CMM_VLOGP,022,CRUHEAV01,,,
00505684390C1FE0A6BF688C32D76852,Pricing error 64001881/000010 RDP start date 01.05.2025: pricing failed,CMM_VLOGP,029,64001881,000010,01.05.2025,
00505684390C1FE0A6BF69260DB48852,Pricing error 64001902/000010 RDP start date 01.06.2025: pricing failed,CMM_VLOGP,029,64001902,000010,01.06.2025,
00505684390C1FE0A6BF698340AF4852,Error in getting price for material JKR0200 and plant,CMM_VLOGP,022,JKR0200,,,
00505684390C1FE0A6BF69B544F50852,Pricing error 64001904/000010 RDP start date 01.06.2025: pricing failed,CMM_VLOGP,029,64001904,000010,01.06.2025,
00505684390C1FE0A6BF69BA706B6852,Error in getting price for material JKR0200 and plant,CMM_VLOGP,022,JKR0200,,,
00505684390C1FE0A6BF6A2057AE2852,Pricing error 64001906/000010 RDP start date 01.06.2025: pricing failed,CMM_VLOGP,029,64001906,000010,01.06.2025,
00505684390C1FE0A6BF6CE0DBFE2852,Error in getting price for material JKR0200 and plant,CMM_VLOGP,022,JKR0200,,,
00505684390C1FE0A6BF6DC3D0C6A852,Pricing error 64001953/000010 RDP start date 01.07.2025: pricing failed,CMM_VLOGP,029,64001953,000010,01.07.2025,
00505684390C1FE0A6BF6DEACDA10852,Pricing error 64001954/000010 RDP start date 01.07.2025: pricing failed,CMM_VLOGP,029,64001954,000010,01.07.2025,
00505684390C1FE0A6BF744EDA3BE852,Pricing error 64001910/000010 RDP start date 01.05.2025: pricing failed,CMM_VLOGP,029,64001910,000010,01.05.2025,
00505684390C1FE0A6BF74E844022852,Pricing error 64001912/000010 RDP start date 01.05.2025: pricing failed,CMM_VLOGP,029,64001912,000010,01.05.2025,
00505684390C1FE0A6BF75313B608852,Error in getting price for material JKR0200 and plant,CMM_VLOGP,022,JKR0200,,,
00505684390C1FE0A6BF75954094E852,Error in getting price for material JKR0200 and plant,CMM_VLOGP,022,JKR0200,,,
00505684390C1FE0A6BF7AF42A3F8852,Pricing error 64001919/000010 RDP start date 01.05.2025: pricing failed,CMM_VLOGP,029,64001919,000010,01.05.2025,
00505684390C1FE0A6BF7E7EB6D9A852,Error in getting price for material JKR0200 and plant,CMM_VLOGP,022,JKR0200,,,
00505684390C1FE0A6BF7EFFB5310852,Error in getting price for material JKR0200 and plant,CMM_VLOGP,022,JKR0200,,,
00505684390C1FE0A6BF7F4AD5388852,Error in getting price for material JKR0200 and plant,CMM_VLOGP,022,JKR0200,,,
00505684390C1FE0A6BF7FAED860A852,Error in getting price for material JKR0200 and plant,CMM_VLOGP,022,JKR0200,,,
00505684390C1FE0A6BF8037B1E30852,Error in getting price for material JKR0200 and plant,CMM_VLOGP,022,JKR0200,,,
00505684390C1FE0A6BF80EB9ABD6852,Error in getting price for material JKR0200 and plant,CMM_VLOGP,022,JKR0200,,,
00505684390C1FE0A6BF857989CEE852,Error in getting price for material JKR0200 and plant,CMM_VLOGP,022,JKR0200,,,
00505684390C1FE0A6BF8C9FC7E4A852,Error in getting price for material JKR0200 and plant,CMM_VLOGP,022,JKR0200,,,
00505684390C1FE0A6BF900712774852,Price determination: MtM condition ZMP1 is not active for item 000010,CMM_VLOGP,045,ZMP1,000010,,
00505684390C1FE0A6BF90C8011F0852,Price determination: MtM condition ZMP1 is not active for item 000010,CMM_VLOGP,045,ZMP1,000010,,
00505684390C1FE0A6BF936111D9A852,Error in getting price for material JKR0200 and plant,CMM_VLOGP,022,JKR0200,,,
00505684390C1FE0A6BF94725A706852,Error in getting price for material JKR0200 and plant,CMM_VLOGP,022,JKR0200,,,
00505684390C1FE0A6BF9504BAF88852,Error in getting price for material JKR0200 and plant,CMM_VLOGP,022,JKR0200,,,
00505684390C1FE0A6BF95B14AD22852,Error in getting price for material JKR0200 and plant,CMM_VLOGP,022,JKR0200,,,
00505684390C1FE0A6BF9930E5E2A852,Error in getting price for material JKR0200 and plant,CMM_VLOGP,022,JKR0200,,,
00505684390C1FE0A6BF9ED91D1E0852,Error in getting price for material JKR0200 and plant,CMM_VLOGP,022,JKR0200,,,
00505684390C1FE0A6BFA0E3A72C2852,Error in getting price for material JKR0200 and plant,CMM_VLOGP,022,JKR0200,,,
00505684390C1FE0A6BFA3643E5AA852,Sales document 51000452 is currently being processed by EOD_BATCH.,V1,042,51000452,EOD_BATCH,,
00505684390C1FE0A6BFA99C2EDC0852,Error in getting price for material JKR0200 and plant,CMM_VLOGP,022,JKR0200,,,
00505684390C1FE0A6BFAD7BE9798852,Error in getting price for material JKR0200 and plant,CMM_VLOGP,022,JKR0200,,,
00505684390C1FE0A6BFB8F5F5244852,Sales document 52003039 is currently being processed by EOD_BATCH.,V1,042,52003039,EOD_BATCH,,
00505684390C1FE0A6BFBE7235188852,Sales document 51000482 is currently being processed by EOD_BATCH.,V1,042,51000482,EOD_BATCH,,
00505684390C1FE0A6BFC772DD1F8852,Pricing error 52003117/000010 RDP start date 01.01.2025: pricing failed,CMM_VLOGP,029,52003117,000010,01.01.2025,
00505684390C1FE0A6BFD4108CDDE852,Sales document 52003130 is currently being processed by EOD_BATCH.,V1,042,52003130,EOD_BATCH,,
00505684390C1FE0A6BFDB7541B20852,Pricing error 52003284/000010 RDP start date 01.02.2025: pricing failed,CMM_VLOGP,029,52003284,000010,01.02.2025,
00505684390C1FE0A6C001927AB92852,Error in getting price for material CRUACCE01 and plant,CMM_VLOGP,022,CRUACCE01,,,
00505684390C1FE0A6C00644EF7A0852,Sales document 52003335 is currently being processed by EOD_BATCH.,V1,042,52003335,EOD_BATCH,,
00505684390C1FE0A6C01B42337D8852,Sales document 52003393 is currently being processed by EOD_BATCH.,V1,042,52003393,EOD_BATCH,,
00505684390C1FE0A6C0B20799430852,Sales document 52003570 is currently being processed by EOD_BATCH.,V1,042,52003570,EOD_BATCH,,
00505684390C1FE0A6C0C6F102C7E852,Sales document 52003602 is currently being processed by EOD_BATCH.,V1,042,52003602,EOD_BATCH,,
00505684390C1FE0A6C0D0F4306F2852,Error in getting price for material JKR0200 and plant,CMM_VLOGP,022,JKR0200,,,
00505684390C1FE0A6C0D730FE4EC852,Error in getting price for material JKR0200 and plant,CMM_VLOGP,022,JKR0200,,,
00505684390C1FE0A6C0DEF9B04C2852,Error in getting price for material JKR0200 and plant,CMM_VLOGP,022,JKR0200,,,
00505684390C1FE0A6C134C72A99E852,Price determination: MtM condition ZCMI is not active for item 000010,CMM_VLOGP,045,ZCMI,000010,,
00505684390C1FE0A6C15FE5D05FC852,Sales document 52003120 is currently being processed by EOD_BATCH.,V1,042,52003120,EOD_BATCH,,
00505684390C1FE0A6C739EAD8BE6853,Error in getting price for material GAS0100 and plant,CMM_VLOGP,022,GAS0100,,,
00505684390C1FE0A6CAFABF58BEE853,Root Document 330001865 is locked,CMM_VLOGP,040,330001865,00010,01.01.2025,
00505684390C1FE0A6CAFB0AB5042853,Root Document 330001866 is locked,CMM_VLOGP,040,330001866,00010,01.01.2025,
00505684390C1FE0A6CB03F80AE90853,Error in getting price for material NAP0110 and plant,CMM_VLOGP,022,NAP0110,,,
00505684390C1FE0A6CB043692FBA853,Error in getting price for material NAP0110 and plant,CMM_VLOGP,022,NAP0110,,,
00505684390C1FE0A6CB047DAD568853,Error in getting price for material NAP0110 and plant,CMM_VLOGP,022,NAP0110,,,
00505684390C1FE0A6CB129D077EC853,Error in getting price for material NAP0101 and plant,CMM_VLOGP,022,NAP0101,,,
00505684390C1FE0A6CB3425C0974853,Price determination: MtM condition ZMPI is not active for item 000010,CMM_VLOGP,045,ZMPI,000010,,
00505684390C1FE0A6CB790C2B66A853,Price determination: MtM condition ZCMI is not active for item 000010,CMM_VLOGP,045,ZCMI,000010,,
00505684390C1FE0A6CB79205EF8A853,Price determination: MtM condition ZCMI is not active for item 000010,CMM_VLOGP,045,ZCMI,000010,,
00505684390C1FE0A6CB799128202853,Price determination: MtM condition ZCMI is not active for item 000010,CMM_VLOGP,045,ZCMI,000010,,
00505684390C1FE0A6CB7D59074BA853,Price determination: MtM condition ZCMI is not active for item 000010,CMM_VLOGP,045,ZCMI,000010,,
00505684390C1FE0A6CB8BD324570853,Price determination: MtM condition ZCMI is not active for item 000010,CMM_VLOGP,045,ZCMI,000010,,
00505684390C1FE0A6CB9B7803EC2853,Update in table CMM_VLOGP failed,,000,,,,
00505684390C1FE0A6CB9C81E108A853,Root Document 58000017 is locked,CMM_VLOGP,040,58000017,000010,01.12.2024,
00505684390C1FE0A6CB9CDE5EB40853,Root Document 58000021 is locked,CMM_VLOGP,040,58000021,000010,01.12.2024,
00505684390C1FE0A6CB9E0246ABA853,User  already processing Contract 620000025,ME,006,,Contract,620000025,
00505684390C1FE0A7A62B970E3AC853,Error in getting price for material JKR0200 and plant,CMM_VLOGP,022,JKR0200,,,
00505684390C1FE0A7B47A8D7DF9C853,Error in getting price for material CRDUS0100 and plant,CMM_VLOGP,022,CRDUS0100,,,
00505684390C1FE0A7B4971073D84853,Error in getting price for material CRDUS0100 and plant,CMM_VLOGP,022,CRDUS0100,,,
00505684390C1FE0A7C0CAC496936854,Price determination: MtM condition ZSPI is not active for item 000010,CMM_VLOGP,045,ZSPI,000010,,
00505684390C1FE0A7C0D37585800854,Price determination: MtM condition ZSPI is not active for item 000010,CMM_VLOGP,045,ZSPI,000010,,
00505684390C1FE0A7D18DE4D7CF0854,Price determination: MtM condition ZMPI is not active for item 000010,CMM_VLOGP,045,ZMPI,000010,,
00505684390C1FE0A7D55FEFDF8AA856,Price determination: MtM condition ZOCP is not active for item 000010,CMM_VLOGP,045,ZOCP,000010,,
00505684390C1FE0A7E0CB965BB5C856,Price determination: MtM condition ZMP1 is not active for item 000010,CMM_VLOGP,045,ZMP1,000010,,
00505684390C1FE0A7EBFA9BD454A856,Pricing error 52003660/000010 RDP start date 01.07.2025: pricing failed,CMM_VLOGP,029,52003660,000010,01.07.2025,
00505684390C1FE0A7EBFAC3E994E856,Pricing error 52003550/000010 RDP start date 01.06.2025: pricing failed,CMM_VLOGP,029,52003550,000010,01.06.2025,
00505684390C1FE0A7EBFB339ECCC856,Pricing error 52003552/000010 RDP start date 01.06.2025: pricing failed,CMM_VLOGP,029,52003552,000010,01.06.2025,
00505684390C1FE0A7EBFBA88E2F8856,Pricing error 52003588/000010 RDP start date 01.06.2025: pricing failed,CMM_VLOGP,029,52003588,000010,01.06.2025,
00505684390C1FE0A7EBFC1CD4676856,Pricing error 52003600/000010 RDP start date 01.06.2025: pricing failed,CMM_VLOGP,029,52003600,000010,01.06.2025,
00505684390C1FE0A7EBFC8C81FA2856,Pricing error 52003628/000010 RDP start date 01.06.2025: pricing failed,CMM_VLOGP,029,52003628,000010,01.06.2025,
00505684390C1FE0A7EC02B717554856,Error in getting price for material NAP0110 and plant,CMM_VLOGP,022,NAP0110,,,
00505684390C1FE0A7EC0FED19208856,Error in getting price for material NAP0110 and plant,CMM_VLOGP,022,NAP0110,,,
00505684390C1FE0A7EC10F82C93C856,Error in getting price for material NAP0110 and plant,CMM_VLOGP,022,NAP0110,,,
00505684390C1FE0A7EC1199C652C856,Error in getting price for material MSP0130 and plant,CMM_VLOGP,022,MSP0130,,,
00505684390C1FE0A7EC1229F85C8856,Error in getting price for material NAP0110 and plant,CMM_VLOGP,022,NAP0110,,,
00505684390C1FE0A7EC12C2F2B48856,Error in getting price for material NAP0110 and plant,CMM_VLOGP,022,NAP0110,,,
00505684390C1FE0A7EC1346C797A856,Error in getting price for material NAP0110 and plant,CMM_VLOGP,022,NAP0110,,,
00505684390C1FE0A7EC13DBCF728856,Error in getting price for material NAP0110 and plant,CMM_VLOGP,022,NAP0110,,,
00505684390C1FE0A7EC1E6744B28856,Pricing error 67000672/000010 RDP start date 01.08.2025: pricing failed,CMM_VLOGP,029,67000672,000010,01.08.2025,
00505684390C1FE0A7ECB02FF97E2856,Price determination: MtM condition ZMP1 is not active for item 000010,CMM_VLOGP,045,ZMP1,000010,,
00505684390C1FE0A7ECBEBEE985A856,Price determination: MtM condition ZMP1 is not active for item 000010,CMM_VLOGP,045,ZMP1,000010,,
00505684390C1FE0A7F052D9D996A856,Price determination: MtM condition ZMPI is not active for item 000010,CMM_VLOGP,045,ZMPI,000010,,
00505684390C1FE0A7F5740075EB4856,Error in getting price for material CRUDOME01 and plant,CMM_VLOGP,022,CRUDOME01,,,
00505684390C1FE0A890278758426856,Error in getting price for material PTC0101 and plant,CMM_VLOGP,022,PTC0101,,,
00505684390C1FE0A89286018E06E856,Pricing error 64002029/000010 RDP start date 09/01/2025: pricing failed,CMM_VLOGP,029,64002029,000010,09/01/2025,
00505684390C1FE0A8932127E7336856,Pricing error 66001464/000010 RDP start date 09/01/2025: pricing failed,CMM_VLOGP,029,66001464,000010,09/01/2025,
00505684390C1FE0A89329C75841A856,Pricing error 64002030/000010 RDP start date 09/01/2025: pricing failed,CMM_VLOGP,029,64002030,000010,09/01/2025,
00505684390C1FE0A893558CA9FC4856,Error in getting price for material REFGNM01 and plant,CMM_VLOGP,022,REFGNM01,,,
00505684390C1FE0A893606746AEA856,Error in getting price for material D42024 and plant,CMM_VLOGP,022,D42024,,,
00505684390C1FE0A893642EEED58856,Pricing error 64002031/000010 RDP start date 09/01/2025: pricing failed,CMM_VLOGP,029,64002031,000010,09/01/2025,
00505684390C1FE0A893679E4C21E856,Root Document 64002010 is locked,CMM_VLOGP,040,64002010,000010,09/01/2025,
00505684390C1FE0A893B6BF9908E856,Pricing error 64002032/000010 RDP start date 09/01/2025: pricing failed,CMM_VLOGP,029,64002032,000010,09/01/2025,
00505684390C1FE0A893B6FCFCBEA856,Error in getting price for material REFPYR001 and plant,CMM_VLOGP,022,REFPYR001,,,
00505684390C1FE0A899BC5570A1C856,Error in getting price for material CRUKEAR01 and plant,CMM_VLOGP,022,CRUKEAR01,,,
00505684390C1FE0A8D58EC7BD364856,connection closed (no data),,000,,,,
00505684390C1FE0A8FB32C87E802856,Pricing error 64002026/000010 RDP start date 07/01/2025: pricing failed,CMM_VLOGP,029,64002026,000010,07/01/2025,
00505684390C1FE0A9B345B4C7C06863,Price determination: MtM condition ZMPI is not active for item 000010,CMM_VLOGP,045,ZMPI,000010,,
00505684390C1FE0A9B6A7C8B1BBE863,Price determination: MtM condition ZSP1 is not active for item 000010,CMM_VLOGP,045,ZSP1,000010,,
00505684390C1FE0A9B6C99C8F17A863,Price determination: MtM condition ZSP1 is not active for item 000010,CMM_VLOGP,045,ZSP1,000010,,
00505684390C1FE0A9B989DCBEBE2863,Price determination: MtM condition ZSP1 is not active for item 000010,CMM_VLOGP,045,ZSP1,000010,,
00505684390C1FE0A9B9AF5A7B9E4863,Price determination: MtM condition ZSP1 is not active for item 000010,CMM_VLOGP,045,ZSP1,000010,,
00505684390C1FE0A9D094E892AD2864,Price determination: MtM condition ZSP1 is not active for item 000010,CMM_VLOGP,045,ZSP1,000010,,
00505684390C1FE0A9E8485017F58864,Price determination: MtM condition ZSP1 is not active for item 000010,CMM_VLOGP,045,ZSP1,000010,,
00505684390C1FE0A9E8F5EB0F238864,Price determination: MtM condition ZSP1 is not active for item 000010,CMM_VLOGP,045,ZSP1,000010,,
00505684390C1FE0AA8575CB709E4865,Price determination: MtM condition ZSP1 is not active for item 000010,CMM_VLOGP,045,ZSP1,000010,,
00505684390C1FE0AA8D0A0367DB2865,Pricing error 64002019/000010 RDP start date 10/01/2025: pricing failed,CMM_VLOGP,029,64002019,000010,10/01/2025,
00505684390C1FE0AA975B8CECB0E865,Price determination: MtM condition ZMPI is not active for item 000010,CMM_VLOGP,045,ZMPI,000010,,
00505684390C1FE0AA975B8CECB20865,Root Document 330000854 is locked,CMM_VLOGP,040,330000854,00010,12/01/2023,
00505684390C1FE0AA976774B618C865,Price determination: MtM condition ZSPI is not active for item 000010,CMM_VLOGP,045,ZSPI,000010,,
00505684390C1FE0AA9F7F044EE96865,Price determination: MtM condition ZMPI is not active for item 000010,CMM_VLOGP,045,ZMPI,000010,,
00505684390C1FE0AA9FDE85BA59C865,Price determination: MtM condition ZMP1 is not active for item 000010,CMM_VLOGP,045,ZMP1,000010,,
00505684390C1FE0AA9FDED659756865,Price determination: MtM condition ZMP1 is not active for item 000010,CMM_VLOGP,045,ZMP1,000010,,
00505684390C1FE0AAA8AB290B560865,Error in getting price for material CRUKEAR01 and plant,CMM_VLOGP,022,CRUKEAR01,,,
00505684390C1FE0AAA8F6DB967AE865,Error in getting price for material CRUKEAR01 and plant,CMM_VLOGP,022,CRUKEAR01,,,
00505684390C1FE0AAA968FCEB13C865,Pricing error 64002021/000010 RDP start date 10/01/2025: pricing failed,CMM_VLOGP,029,64002021,000010,10/01/2025,
00505684390C1FE0AAB0E5573DD68865,Pricing error 52002545/000010 RDP start date 01.01.2023: pricing failed,CMM_VLOGP,029,52002545,000010,01.01.2023,
00505684390C1FE0AAB18E55C114C865,Price determination: MtM condition ZMPI is not active for item 000010,CMM_VLOGP,045,ZMPI,000010,,
00505684390C1FE0AAB214001B0E8865,Price determination: MtM condition ZSPI is not active for item 000010,CMM_VLOGP,045,ZSPI,000010,,
00505684390C1FE0AAB55DD213C2C865,Pricing error 52003721/000010 RDP start date 01/01/2025: pricing failed,CMM_VLOGP,029,52003721,000010,01/01/2025,
00505684390C1FE0AAB5C53A20AA2865,Price determination: MtM condition ZMP1 is not active for item 000010,CMM_VLOGP,045,ZMP1,000010,,
00505684390C1FE0AAB5D21F92ADC865,Price determination: MtM condition ZSPI is not active for item 000010,CMM_VLOGP,045,ZSPI,000010,,
00505684390C1FE0AAB71FBE99FD4865,Price determination: MtM condition ZMPI is not active for item 000010,CMM_VLOGP,045,ZMPI,000010,,
00505684390C1FE0AAB71FD70D3CE865,Price determination: MtM condition ZMPI is not active for item 000010,CMM_VLOGP,045,ZMPI,000010,,
00505684390C1FE0AABA79154D49E865,Price determination: MtM condition ZSPI is not active for item 000010,CMM_VLOGP,045,ZSPI,000010,,
00505684390C1FE0AAC026420B608865,Pricing error 52003722/000010 RDP start date 21.10.2025: pricing failed,CMM_VLOGP,029,52003722,000010,21.10.2025,
00505684390C1FE0AAC0A501422A6865,Error in getting price for material JKR0200 and plant,CMM_VLOGP,022,JKR0200,,,
00505684390C1FE0AAEE07E317DBA865,Error in getting price for material CRUKEAR01 and plant,CMM_VLOGP,022,CRUKEAR01,,,
00505684390C1FE0ABB08F9CDBFD8865,Price determination: MtM condition ZMPI is not active for item 000010,CMM_VLOGP,045,ZMPI,000010,,
00505684390C1FE0ABB63C8BC2BBC865,Error in getting price for material JKR0200 and plant,CMM_VLOGP,022,JKR0200,,,
00505684390C1FE0ABB65BA147252865,Pricing error 52003719/000010 RDP start date 21.10.2025: pricing failed,CMM_VLOGP,029,52003719,000010,21.10.2025,
00505684390C1FE0ABD8439F802CE865,Price determination: MtM condition ZMPI is not active for item 000010,CMM_VLOGP,045,ZMPI,000010,,
00505684390C1FE0ABE01DE142DC6865,Root Document 52003718 is locked,CMM_VLOGP,040,52003718,000010,01/01/2025,
00505684390C1FE0ABE259C3D7228865,Price determination: MtM condition ZPOC is not active for item 000010,CMM_VLOGP,045,ZPOC,000010,,
00505684390C1FE0ABE74680C8760865,Price determination: MtM condition ZPOC is not active for item 000010,CMM_VLOGP,045,ZPOC,000010,,
00505684390C1FE0ABE746C4FAECA865,Price determination: MtM condition ZMP1 is not active for item 000010,CMM_VLOGP,045,ZMP1,000010,,
00505684390C1FE0ABE825E215C20865,Application error,00,001,Application error,,,
00505684390C1FE0ABEA3313EE8F6865,Price determination: MtM condition ZMP1 is not active for item 000010,CMM_VLOGP,045,ZMP1,000010,,
00505684390C1FE0ABF7E80B3A326865,Price determination: MtM condition ZRP1 is not active for item 000010,CMM_VLOGP,045,ZRP1,000010,,
00505684390C1FE0AC8156450B092865,Pricing error 52003726/000010 RDP start date 21.10.2025: pricing failed,CMM_VLOGP,029,52003726,000010,21.10.2025,
00505684390C1FE0AC81639199F3C865,Error in getting price for material JKR0200 and plant,CMM_VLOGP,022,JKR0200,,,
00505684390C1FE0AC85126096366865,Price determination: MtM condition ZCMI is not active for item 000010,CMM_VLOGP,045,ZCMI,000010,,
00505684390C1FE0AC894146150AA865,Pricing error 52003728/000010 RDP start date 10/21/2025: pricing failed,CMM_VLOGP,029,52003728,000010,10/21/2025,
00505684390C1FE0AC9329CC8EA30865,Price determination: MtM condition ZMP1 is not active for item 000010,CMM_VLOGP,045,ZMP1,000010,,
00505684390C1FE0AC932AA0B4A96865,Price determination: MtM condition ZMP1 is not active for item 000010,CMM_VLOGP,045,ZMP1,000010,,
00505684390C1FE0AC937C92E8C86865,Price determination: MtM condition ZMP1 is not active for item 000010,CMM_VLOGP,045,ZMP1,000010,,
00505684390C1FE0AC937DC64FA2C865,Price determination: MtM condition ZMP1 is not active for item 000010,CMM_VLOGP,045,ZMP1,000010,,
00505684390C1FE0AC93CCFBD7AD6865,Price determination: MtM condition ZMP1 is not active for item 000010,CMM_VLOGP,045,ZMP1,000010,,
00505684390C1FE0AC93CE32760C8865,Price determination: MtM condition ZMP1 is not active for item 000010,CMM_VLOGP,045,ZMP1,000010,,
00505684390C1FE0AC940CB68138E865,Price determination: MtM condition ZMP1 is not active for item 000010,CMM_VLOGP,045,ZMP1,000010,,
00505684390C1FE0AC940D8A6978A865,Price determination: MtM condition ZMP1 is not active for item 000010,CMM_VLOGP,045,ZMP1,000010,,
00505684390C1FE0AC945233123A0865,Price determination: MtM condition ZMP1 is not active for item 000010,CMM_VLOGP,045,ZMP1,000010,,
00505684390C1FE0AC9452E9760DA865,Price determination: MtM condition ZMP1 is not active for item 000010,CMM_VLOGP,045,ZMP1,000010,,
00505684390C1FE0AC9760CE583B4865,Price determination: MtM condition ZLAB is not active for item 000010,CMM_VLOGP,045,ZLAB,000010,,
00505684390C1FE0AC97610C25028865,Price determination: MtM condition ZMP1 is not active for item 000010,CMM_VLOGP,045,ZMP1,000010,,
00505684390C1FE0AC97EC38ED75E865,Price determination: MtM condition ZMP1 is not active for item 000010,CMM_VLOGP,045,ZMP1,000010,,
00505684390C1FE0AC98026AC87AE865,Price determination: MtM condition ZMP1 is not active for item 000010,CMM_VLOGP,045,ZMP1,000010,,
00505684390C1FE0AC98ED566CC2E865,Price determination: MtM condition ZMP1 is not active for item 000010,CMM_VLOGP,045,ZMP1,000010,,
00505684390C1FE0AC99969B560F2865,Price determination: MtM condition ZMP1 is not active for item 000010,CMM_VLOGP,045,ZMP1,000010,,
00505684390C1FE0AC99AF5E32664865,Price determination: MtM condition ZMPI is not active for item 000010,CMM_VLOGP,045,ZMPI,000010,,
00505684390C1FE0AC9A139CD181E865,Price determination: MtM condition ZPOC is not active for item 000010,CMM_VLOGP,045,ZPOC,000010,,
00505684390C1FE0ACC95BFAECD4C865,Price determination: MtM condition ZMP1 is not active for item 000010,CMM_VLOGP,045,ZMP1,000010,,
00505684390C1FE0ACDF37DBFA54C865,Price determination: MtM condition ZMP1 is not active for item 000010,CMM_VLOGP,045,ZMP1,000010,,
00505684390C1FE0ACDF3A11AC59A865,Price determination: MtM condition ZMP1 is not active for item 000010,CMM_VLOGP,045,ZMP1,000010,,
00505684390C1FE0ACE4105473EBE865,Item category ZEBL ZEHC cannot be invoiced with billing type ZF8.,VF,003,ZEBL,ZEHC,ZF8,
00505684390C1FE0ACE4138120EFE865,Error in getting price for material JKR0200 and plant,CMM_VLOGP,022,JKR0200,,,
00505684390C1FE0ACE45B3C7EB6A865,Error in getting price for material JKR0200 and plant,CMM_VLOGP,022,JKR0200,,,
00505684390C1FE0ACE47CB2E9828865,Pricing error 52003717/000010 RDP start date 21.10.2025: pricing failed,CMM_VLOGP,029,52003717,000010,21.10.2025,
00505684390C1FE0ACE7F4B8E7088865,Price determination: MtM condition ZMP1 is not active for item 000010,CMM_VLOGP,045,ZMP1,000010,,
00505684390C1FE0ACE8467FF02A0865,Price determination: MtM condition ZMP1 is not active for item 000010,CMM_VLOGP,045,ZMP1,000010,,
00505684390C1FE0ACEB3D430982E865,Price determination: MtM condition ZMP1 is not active for item 000010,CMM_VLOGP,045,ZMP1,000010,,
00505684390C1FE0ACEDE9402FB4A865,Price determination: MtM condition ZMP1 is not active for item 000010,CMM_VLOGP,045,ZMP1,000010,,
00505684390C1FE0ACEE14C36585E865,Price determination: MtM condition ZMP1 is not active for item 000010,CMM_VLOGP,045,ZMP1,000010,,
00505684390C1FE0ACFDE267A0A26865,Field symbol has not been assigned yet.,MM,108,,,,
00505684390C1FE0AD849B0F351CA865,Price determination: MtM condition ZMP1 is not active for item 000010,CMM_VLOGP,045,ZMP1,000010,,
00505684390C1FE0AD87BD38E185A865,Price determination: MtM condition ZMP1 is not active for item 000010,CMM_VLOGP,045,ZMP1,000010,,
00505684390C1FE0AD87BD38E186E865,Error in getting price for material CRUACCE01 and plant,CMM_VLOGP,022,CRUACCE01,,,
00505684390C1FE0AD9312644A2EA865,Price determination: MtM condition ZMP1 is not active for item 000010,CMM_VLOGP,045,ZMP1,000010,,
00505684390C1FE0AD932AC9182D4865,Price determination: MtM condition ZMP1 is not active for item 000010,CMM_VLOGP,045,ZMP1,000010,,
00505684390C1FE0AD933980DEAE0865,Price determination: MtM condition ZMP1 is not active for item 000010,CMM_VLOGP,045,ZMP1,000010,,
00505684390C1FE0AD933EAB155E8865,Price determination: MtM condition ZMP1 is not active for item 000010,CMM_VLOGP,045,ZMP1,000010,,
00505684390C1FE0AD9354A1E93C8866,Price determination: MtM condition ZMP1 is not active for item 000010,CMM_VLOGP,045,ZMP1,000010,,
00505684390C1FE0AD9359763D6E8866,Price determination: MtM condition ZMP1 is not active for item 000010,CMM_VLOGP,045,ZMP1,000010,,
00505684390C1FE0AD9374099F4E4866,Price determination: MtM condition ZMP1 is not active for item 000010,CMM_VLOGP,045,ZMP1,000010,,
00505684390C1FE0AD93825B480BC866,Price determination: MtM condition ZMP1 is not active for item 000010,CMM_VLOGP,045,ZMP1,000010,,
00505684390C1FE0ADAB1207994FA867,,,000,,,,
00505684390C1FE0ADB13CBC5F04E875,Price determination: MtM condition ZMP1 is not active for item 000010,CMM_VLOGP,045,ZMP1,000010,,
00505684390C1FE0ADB1836EF1B28875,Price determination: MtM condition ZMP1 is not active for item 000010,CMM_VLOGP,045,ZMP1,000010,,
00505684390C1FE0AE967A54133C8875,Price determination: MtM condition ZMP1 is not active for item 000010,CMM_VLOGP,045,ZMP1,000010,,
00505684390C1FE0AEAE113E5E3DA876,Root Document 52003741 is locked,CMM_VLOGP,040,52003741,000010,01/01/2025,
00505684390C1FE0AEAE2897C11A4876,Error in getting price for material DSL0200 and plant,CMM_VLOGP,022,DSL0200,,,
00505684390C1FE0AEAE6798494B6876,Error in getting price for material DSL0200 and plant,CMM_VLOGP,022,DSL0200,,,
00505684390C1FE0AEAE7CC0C7794876,Error in getting price for material DSL0200 and plant,CMM_VLOGP,022,DSL0200,,,
00505684390C1FE0AEAED1952BB98876,Error in getting price for material DSL0200 and plant,CMM_VLOGP,022,DSL0200,,,
00505684390C1FE0AEAF23468F984876,Error in getting price for material DSL0200 and plant,CMM_VLOGP,022,DSL0200,,,
00505684390C1FE0AEAF3A2669586876,Error in getting price for material DSL0200 and plant,CMM_VLOGP,022,DSL0200,,,
00505684390C1FE0AEB4EBB5AEA1C878,Pricing error 64002047/000010 RDP start date 01.09.2025: pricing failed,CMM_VLOGP,029,64002047,000010,01.09.2025,
00505684390C1FE0AEB6C8D9882E2878,Root Document 64001987 is locked,CMM_VLOGP,040,64001987,000010,01.09.2025,
00505684390C1FE0AEB8E65F29D72878,Price determination: MtM condition ZMP1 is not active for item 000010,CMM_VLOGP,045,ZMP1,000010,,
00505684390C1FE0AEB8F1AE08AB8878,Pricing error 52003656/000010 RDP start date 01.08.2025: pricing failed,CMM_VLOGP,029,52003656,000010,01.08.2025,
00505684390C1FE0AEB8F1BFC53BA878,Root Document 67000599 is locked,CMM_VLOGP,040,67000599,000010,01.01.2024,
00505684390C1FE0AEB8F27E5F892878,Pricing error 52003658/000010 RDP start date 01.08.2025: pricing failed,CMM_VLOGP,029,52003658,000010,01.08.2025,
00505684390C1FE0AEB8F2CD9357E878,Price determination: MtM condition ZMP1 is not active for item 000010,CMM_VLOGP,045,ZMP1,000010,,
00505684390C1FE0AEB8F56B5BAEC878,Price determination: MtM condition ZMPI is not active for item 000010,CMM_VLOGP,045,ZMPI,000010,,
00505684390C1FE0AEB8FA7589916878,Pricing error 67000671/000010 RDP start date 01.11.2025: pricing failed,CMM_VLOGP,029,67000671,000010,01.11.2025,
00505684390C1FE0AEB91647DC27A878,Pricing error 64002044/000010 RDP start date 01.10.2025: pricing failed,CMM_VLOGP,029,64002044,000010,01.10.2025,
00505684390C1FE0AEBAF48236EB8878,Price determination: MtM condition ZMPA is not active for item 000010,CMM_VLOGP,045,ZMPA,000010,,
00505684390C1FE0AEBC8051CE594878,Price determination: MtM condition ZMP1 is not active for item 000010,CMM_VLOGP,045,ZMP1,000010,,
00505684390C1FE0AEC7E402BEEBE879,Root Document 64001990 is locked,CMM_VLOGP,040,64001990,000010,01.10.2025,
00505684390C1FE0AECCD351586C4879,Root Document 51000492 is locked,CMM_VLOGP,040,51000492,000010,01.10.2025,
00505684390C1FE0AECCD355D519A879,Root Document 58000073 is locked,CMM_VLOGP,040,58000073,000010,01.10.2025,
00505684390C1FE0AECCF8A4C69D6879,Pricing error 64002024/000010 RDP start date 01.10.2025: pricing failed,CMM_VLOGP,029,64002024,000010,01.10.2025,
00505684390C1FE0AED28C0F6ECE8879,Price determination: MtM condition ZMP1 is not active for item 000010,CMM_VLOGP,045,ZMP1,000010,,
00505684390C1FE0AEDC2181FF014879,Pricing error 52003748/000010 RDP start date 21.10.2025: pricing failed,CMM_VLOGP,029,52003748,000010,21.10.2025,
00505684390C1FE0AEDC3400A8C32879,Error in getting price for material JKR0200 and plant,CMM_VLOGP,022,JKR0200,,,
00505684390C1FE0AEE27DAE50708879,Root Document 52003753 is locked,CMM_VLOGP,040,52003753,000010,01.10.2025,
00505684390C1FE0AEE27DC00B6C8879,Error in getting price for material ARM0100 and plant,CMM_VLOGP,022,ARM0100,,,
00505684390C1FE0AEE58AA57A1BA879,Item category ZEBL ZEHC cannot be invoiced with billing type ZF8.,VF,003,ZEBL,ZEHC,ZF8,
00505684390C1FE0AEF88DE2887A2879,Item category ZEBL ZEHC cannot be invoiced with billing type ZF8.,VF,003,ZEBL,ZEHC,ZF8,
00505684390C1FE0AEF92A83671F2879,Price determination: MtM condition ZCMI is not active for item 000010,CMM_VLOGP,045,ZCMI,000010,,
00505684390C1FE0AEFAC6BEF989C879,Price determination: MtM condition ZMP1 is not active for item 000010,CMM_VLOGP,045,ZMP1,000010,,
00505684390C1FE0AEFAC6E45F300879,Price determination: MtM condition ZMP1 is not active for item 000010,CMM_VLOGP,045,ZMP1,000010,,
00505684390C1FE0AEFAC72FD2D48879,Price determination: MtM condition ZMP1 is not active for item 000010,CMM_VLOGP,045,ZMP1,000010,,
00505684390C1FE0AEFD9B938F41C879,Error in getting price for material ARM0100 and plant,CMM_VLOGP,022,ARM0100,,,
00505684390C1FE0AEFD9BAEA0BCA879,Root Document 52003758 is locked,CMM_VLOGP,040,52003758,000010,01.10.2025,
00505684390C1FE0AEFE02E332CD8879,Item category ZEBL ZEHC cannot be invoiced with billing type ZF8.,VF,003,ZEBL,ZEHC,ZF8,
00505684390C1FE0AF989AC4952D6879,Pricing error 52003759/000010 RDP start date 01.10.2025: pricing failed,CMM_VLOGP,029,52003759,000010,01.10.2025,
00505684390C1FE0AF98AEE551814879,Error in getting price for material REFCYCL01 and plant,CMM_VLOGP,022,REFCYCL01,,,
00505684390C1FE0AF98D4AD048AA879,Pricing error 52003760/000010 RDP start date 01.10.2025: pricing failed,CMM_VLOGP,029,52003760,000010,01.10.2025,
00505684390C1FE0AF98E7BDC2FBC879,Error in getting price for material ARM0100 and plant,CMM_VLOGP,022,ARM0100,,,
00505684390C1FE0AFA7496EAD13E879,connection closed (no data),,000,,,,
00505684390C1FE0AFC8ABDF30A5A879,Price determination: MtM condition ZMP1 is not active for item 000010,CMM_VLOGP,045,ZMP1,000010,,
00505684390C1FE0AFC8CA9D92044879,Price determination: MtM condition ZMP1 is not active for item 000010,CMM_VLOGP,045,ZMP1,000010,,
00505684390C1FE0AFC8F5611A41E879,Price determination: MtM condition ZMP1 is not active for item 000010,CMM_VLOGP,045,ZMP1,000010,,
00505684390C1FE0AFCB1A36920F8879,Root Document 51000494 is locked,CMM_VLOGP,040,51000494,000010,01.11.2025,
00505684390C1FE0AFCB302B794F2879,Root Document 58000074 is locked,CMM_VLOGP,040,58000074,000010,01.11.2025,
00505684390C1FE0AFDCDB347ED66879,Price determination: MtM condition ZMP1 is not active for item 000010,CMM_VLOGP,045,ZMP1,000010,,
00505684390C1FE0AFDD07870479E879,Price determination: MtM condition ZMP1 is not active for item 000010,CMM_VLOGP,045,ZMP1,000010,,
00505684390C1FE0AFE089A89311E879,Price determination: MtM condition ZMP1 is not active for item 000010,CMM_VLOGP,045,ZMP1,000010,,
00505684390C1FE0AFE0B22C5A09E879,Price determination: MtM condition ZMP1 is not active for item 000010,CMM_VLOGP,045,ZMP1,000010,,
00505684390C1FE0AFE0EB150B228879,Price determination: MtM condition ZMP1 is not active for item 000010,CMM_VLOGP,045,ZMP1,000010,,
00505684390C1FE0AFE0EDA23AB58879,Price determination: MtM condition ZLAR is not active for item 000010,CMM_VLOGP,045,ZLAR,000010,,
00505684390C1FE0AFE6FF34E5A92879,Pricing error 52003746/000010 RDP start date 01.10.2025: pricing failed,CMM_VLOGP,029,52003746,000010,01.10.2025,
00505684390C1FE0AFF304AAA5F86879,Pricing error 64002049/000010 RDP start date 09/01/2025: pricing failed,CMM_VLOGP,029,64002049,000010,09/01/2025,
00505684390C1FE0AFF9F8098A086879,Price determination: MtM condition ZMP1 is not active for item 000010,CMM_VLOGP,045,ZMP1,000010,,
00505684390C1FE0AFF9F884FFB7A879,Price determination: MtM condition ZMP1 is not active for item 000010,CMM_VLOGP,045,ZMP1,000010,,
00505684390C1FE0AFFEDA4C24BCE879,Price determination: MtM condition ZLAR is not active for item 000010,CMM_VLOGP,045,ZLAR,000010,,
00505684390C1FE0AFFEDA716D3B4879,Price determination: MtM condition ZMP1 is not active for item 000010,CMM_VLOGP,045,ZMP1,000010,,
00505684390C1FE0B08AA5745354E879,Price determination: MtM condition ZPOC is not active for item 000010,CMM_VLOGP,045,ZPOC,000010,,
00505684390C1FE0B08AA5952CFCC879,Price determination: MtM condition ZMP1 is not active for item 000010,CMM_VLOGP,045,ZMP1,000010,,
00505684390C1FE0B0940E2CFC784879,Price determination: MtM condition ZOCP is not active for item 000010,CMM_VLOGP,045,ZOCP,000010,,
00505684390C1FE0B0940E6ADB0F2879,Price determination: MtM condition ZMP1 is not active for item 000010,CMM_VLOGP,045,ZMP1,000010,,
00505684390C1FE0B097D816E6800879,Price determination: MtM condition ZOCP is not active for item 000010,CMM_VLOGP,045,ZOCP,000010,,
00505684390C1FE0B0983100B7DB4879,Price determination: MtM condition ZOCP is not active for item 000010,CMM_VLOGP,045,ZOCP,000010,,
00505684390C1FE0B0A45F96B9BA4879,Price determination: MtM condition ZLAR is not active for item 000010,CMM_VLOGP,045,ZLAR,000010,,
00505684390C1FE0B0A97B32767BC879,Price determination: MtM condition ZMP1 is not active for item 000010,CMM_VLOGP,045,ZMP1,000010,,
00505684390C1FE0B0A97B5DFEABE879,Price determination: MtM condition ZMP1 is not active for item 000010,CMM_VLOGP,045,ZMP1,000010,,
00505684390C1FE0B0ADDBC7E26C0879,Price determination: MtM condition ZMP1 is not active for item 000010,CMM_VLOGP,045,ZMP1,000010,,
00505684390C1FE0B0F0232D7C77C879,Price determination: MtM condition ZMP1 is not active for item 000010,CMM_VLOGP,045,ZMP1,000010,,
00505684390C1FE0B0F6AB90DDA8C879,Price determination: MtM condition ZLAR is not active for item 000010,CMM_VLOGP,045,ZLAR,000010,,
00505684390C1FE0B0F6ABCAAD71E879,Price determination: MtM condition ZMP1 is not active for item 000010,CMM_VLOGP,045,ZMP1,000010,,
00505684390C1FE0B0F714210CD9C879,Price determination: MtM condition ZLAR is not active for item 000010,CMM_VLOGP,045,ZLAR,000010,,
00505684390C1FE0B0FC648C72E5C879,Price determination: MtM condition ZLAR is not active for item 000010,CMM_VLOGP,045,ZLAR,000010,,
00505684390C1FE0B0FC66E9FE0DA879,Price determination: MtM condition ZMP1 is not active for item 000010,CMM_VLOGP,045,ZMP1,000010,,
00505684390C1FE0B192011C068F487A,Price determination: MtM condition ZOCP is not active for item 000010,CMM_VLOGP,045,ZOCP,000010,,
00505684390C1FE0B1A40F567725A87A,Price determination: MtM condition ZLAR is not active for item 000010,CMM_VLOGP,045,ZLAR,000010,,
00505684390C1FE0B1A9DE270318A87A,Error in getting price for material GAS1000 and plant,CMM_VLOGP,022,GAS1000,,,
00505684390C1FE0B1B339CD54B5A87A,Price determination: MtM condition ZMP1 is not active for item 000010,CMM_VLOGP,045,ZMP1,000010,,
00505684390C1FE0B1BF68C13402487A,Error in getting price for material GAS1000 and plant,CMM_VLOGP,022,GAS1000,,,
00505684390C1FE0B1C1A6CE9A7B687A,Pricing error 52003787/000010 RDP start date 01.10.2025: pricing failed,CMM_VLOGP,029,52003787,000010,01.10.2025,
00505684390C1FE0B1D8A74ED57D287A,Price determination: MtM condition ZSPI is not active for item 000010,CMM_VLOGP,045,ZSPI,000010,,
00505684390C1FE0B1D8B481A9B4887A,Price determination: MtM condition ZSPI is not active for item 000010,CMM_VLOGP,045,ZSPI,000010,,
00505684390C1FE0B1D8C6D2CC30687A,Price determination: MtM condition ZSPI is not active for item 000010,CMM_VLOGP,045,ZSPI,000010,,
00505684390C1FE0B1D8D868187FE87A,Price determination: MtM condition ZSPI is not active for item 000010,CMM_VLOGP,045,ZSPI,000010,,
00505684390C1FE0B292667863EF087A,Price determination: MtM condition ZLAB is not active for item 000010,CMM_VLOGP,045,ZLAB,000010,,
00505684390C1FE0B293FFDC277AA87A,Price determination: MtM condition ZOCP is not active for item 000010,CMM_VLOGP,045,ZOCP,000010,,
00505684390C1FE0B29FC00B6AB7487A,Price determination: MtM condition ZOCP is not active for item 000010,CMM_VLOGP,045,ZOCP,000010,,
00505684390C1FE0B29FE8602799C87A,Error in getting price for material DSL0200 and plant,CMM_VLOGP,022,DSL0200,,,
00505684390C1FE0B2A684408ACA687A,Price determination: MtM condition ZMP1 is not active for item 000010,CMM_VLOGP,045,ZMP1,000010,,
00505684390C1FE0B2A79C37FB5D087A,Price determination: MtM condition ZLAB is not active for item 000010,CMM_VLOGP,045,ZLAB,000010,,
00505684390C1FE0B2AA003A65FE887A,Price determination: MtM condition ZLAB is not active for item 000010,CMM_VLOGP,045,ZLAB,000010,,
00505684390C1FE0B2B9DE6AE764087A,Price determination: MtM condition ZLAB is not active for item 000010,CMM_VLOGP,045,ZLAB,000010,,
00505684390C1FE0B2BABAB9E8D1487A,Error in getting price for material GAS1000 and plant,CMM_VLOGP,022,GAS1000,,,
00505684390C1FE0B2BAC2731D54687A,Pricing error 52003793/000010 RDP start date 01.10.2025: pricing failed,CMM_VLOGP,029,52003793,000010,01.10.2025,
00505684390C1FE0B2BDA86E7E0E687A,Price determination: MtM condition ZLAB is not active for item 000010,CMM_VLOGP,045,ZLAB,000010,,
00505684390C1FE0B2C3CBBE457D687A,Price determination: MtM condition ZMP1 is not active for item 000010,CMM_VLOGP,045,ZMP1,000010,,
00505684390C1FE0B2C3D7164E65887A,Price determination: MtM condition ZMP1 is not active for item 000010,CMM_VLOGP,045,ZMP1,000010,,
00505684390C1FE0B2C3D9566B52687A,Price determination: MtM condition ZMP1 is not active for item 000010,CMM_VLOGP,045,ZMP1,000010,,
00505684390C1FE0B2C3DB2EB9EC287A,Price determination: MtM condition ZMP1 is not active for item 000010,CMM_VLOGP,045,ZMP1,000010,,
00505684390C1FE0B2C3DCA82A23687A,Price determination: MtM condition ZMP1 is not active for item 000010,CMM_VLOGP,045,ZMP1,000010,,
00505684390C1FE0B2C3DE4A6D88A87A,Price determination: MtM condition ZMP1 is not active for item 000010,CMM_VLOGP,045,ZMP1,000010,,
00505684390C1FE0B2C3E0012BA8287A,Price determination: MtM condition ZMP1 is not active for item 000010,CMM_VLOGP,045,ZMP1,000010,,
00505684390C1FE0B2C3E4FD197E687A,Price determination: MtM condition ZMP1 is not active for item 000010,CMM_VLOGP,045,ZMP1,000010,,
00505684390C1FE0B2C3E67BA957487A,Price determination: MtM condition ZMP1 is not active for item 000010,CMM_VLOGP,045,ZMP1,000010,,
00505684390C1FE0B2C3E83D3DC7A87A,Price determination: MtM condition ZMP1 is not active for item 000010,CMM_VLOGP,045,ZMP1,000010,,
00505684390C1FE0B2C9357C8C30887A,Root Document 330002341 is locked,CMM_VLOGP,040,330002341,00010,11/01/2024,
00505684390C1FE0B2C9568DEE74687A,Price determination: MtM condition ZMP1 is not active for item 000010,CMM_VLOGP,045,ZMP1,000010,,
00505684390C1FE0B2C9596152A4C87A,Root Document 64002061 is locked,CMM_VLOGP,040,64002061,000010,11/01/2024,
00505684390C1FE0B2C968A53C41887A,Root Document 64002062 is locked,CMM_VLOGP,040,64002062,000010,11/01/2024,
00505684390C1FE0B2C9DF4236FA087A,Root Document 330002342 is locked,CMM_VLOGP,040,330002342,00010,11/01/2024,
00505684390C1FE0B2C9ED1F9FEFE87A,Pricing error 64002063/000010 RDP start date 11/01/2025: pricing failed,CMM_VLOGP,029,64002063,000010,11/01/2025,
00505684390C1FE0B2E3398E60BC887A,Price determination: MtM condition ZMP1 is not active for item 000010,CMM_VLOGP,045,ZMP1,000010,,
00505684390C1FE0B2E85DAE7CF5287A,Price determination: MtM condition ZSP1 is not active for item 000010,CMM_VLOGP,045,ZSP1,000010,,
00505684390C1FE0B2E85FD70C9FC87A,Price determination: MtM condition ZSP1 is not active for item 000010,CMM_VLOGP,045,ZSP1,000010,,
00505684390C1FE0B2E8623D0814E87A,Price determination: MtM condition ZSP1 is not active for item 000010,CMM_VLOGP,045,ZSP1,000010,,
00505684390C1FE0B2E9BAE47B8EE87A,Price determination: MtM condition ZMP1 is not active for item 000010,CMM_VLOGP,045,ZMP1,000010,,
00505684390C1FE0B2E9BB59577D887A,Price determination: MtM condition ZMP1 is not active for item 000010,CMM_VLOGP,045,ZMP1,000010,,
00505684390C1FE0B2EAD119C552687A,Price determination: MtM condition ZMP1 is not active for item 000010,CMM_VLOGP,045,ZMP1,000010,,
00505684390C1FE0B2EAD18AEA0D287A,Price determination: MtM condition ZMP1 is not active for item 000010,CMM_VLOGP,045,ZMP1,000010,,
00505684390C1FE0B2EAD1B6667B487A,Price determination: MtM condition ZMP1 is not active for item 000010,CMM_VLOGP,045,ZMP1,000010,,
00505684390C1FE0B2EAD20C8542887A,Price determination: MtM condition ZMP1 is not active for item 000010,CMM_VLOGP,045,ZMP1,000010,,
00505684390C1FE0B2EAD22632E0C87A,Price determination: MtM condition ZMP1 is not active for item 000010,CMM_VLOGP,045,ZMP1,000010,,
00505684390C1FE0B2EAD2870FFE087A,Price determination: MtM condition ZMP1 is not active for item 000010,CMM_VLOGP,045,ZMP1,000010,,
00505684390C1FE0B2EAD2C6C614E87A,Price determination: MtM condition ZMP1 is not active for item 000010,CMM_VLOGP,045,ZMP1,000010,,
00505684390C1FE0B2EAD3319C9DA87A,Price determination: MtM condition ZMP1 is not active for item 000010,CMM_VLOGP,045,ZMP1,000010,,
00505684390C1FE0B2EAD35BC4D6287A,Price determination: MtM condition ZMP1 is not active for item 000010,CMM_VLOGP,045,ZMP1,000010,,
00505684390C1FE0B2EAD3A032EEE87A,Price determination: MtM condition ZMP1 is not active for item 000010,CMM_VLOGP,045,ZMP1,000010,,
00505684390C1FE0B2EAD3A032F0E87A,Price determination: MtM condition ZMP1 is not active for item 000010,CMM_VLOGP,045,ZMP1,000010,,
00505684390C1FE0B2EAD40166AE087A,Price determination: MtM condition ZMP1 is not active for item 000010,CMM_VLOGP,045,ZMP1,000010,,
00505684390C1FE0B2EC1D829F1B087A,Price determination: MtM condition ZLAR is not active for item 000010,CMM_VLOGP,045,ZLAR,000010,,
00505684390C1FE0B2EC8CA2F81CA87A,Pricing error 52003799/000010 RDP start date 01.10.2025: pricing failed,CMM_VLOGP,029,52003799,000010,01.10.2025,
00505684390C1FE0B2ECA0D19CDD487A,Error in getting price for material GAS1000 and plant,CMM_VLOGP,022,GAS1000,,,
00505684390C1FE0B2EEB5D30B41087A,Price determination: MtM condition ZLRL is not active for item 000010,CMM_VLOGP,045,ZLRL,000010,,
00505684390C1FE0B2F56DF0DBE2C87A,Price determination: MtM condition ZLAB is not active for item 000010,CMM_VLOGP,045,ZLAB,000010,,
00505684390C1FE0B383D7DE914D887A,Price determination: MtM condition ZLAB is not active for item 000010,CMM_VLOGP,045,ZLAB,000010,,
00505684390C1FE0B38430228B87887A,Price determination: MtM condition ZPLL is not active for item 000010,CMM_VLOGP,045,ZPLL,000010,,
00505684390C1FE0B386EADAA448287A,Price determination: MtM condition ZOCP is not active for item 000010,CMM_VLOGP,045,ZOCP,000010,,
00505684390C1FE0B3898C15BE08487A,Pricing error 52003802/000010 RDP start date 01.12.2025: pricing failed,CMM_VLOGP,029,52003802,000010,01.12.2025,
00505684390C1FE0B389CA8584E3687A,Pricing error 52003803/000010 RDP start date 01.01.2026: pricing failed,CMM_VLOGP,029,52003803,000010,01.01.2026,
00505684390C1FE0B3CEB86E52BDE87A,Price determination: MtM condition ZSP1 is not active for item 000010,CMM_VLOGP,045,ZSP1,000010,,
00505684390C1FE0B3D16F76A335A87A,Price determination: MtM condition ZOCP is not active for item 000010,CMM_VLOGP,045,ZOCP,000010,,
00505684390C1FE0B3D820E86A16087A,Price determination: MtM condition ZOCP is not active for item 000010,CMM_VLOGP,045,ZOCP,000010,,
00505684390C1FE0B3D944B7DE50287A,Price determination: MtM condition ZLRL is not active for item 000010,CMM_VLOGP,045,ZLRL,000010,,
00505684390C1FE0B3DA1043C929C87A,Pricing error 52003805/000010 RDP start date 01/01/2026: pricing failed,CMM_VLOGP,029,52003805,000010,01/01/2026,
00505684390C1FE0B3DDFD4C1C3D687A,Root Document 340003640 is locked,CMM_VLOGP,040,340003640,00010,11/01/2025,
00505684390C1FE0B3DE47870EA6287A,Price determination: MtM condition ZMP1 is not active for item 000010,CMM_VLOGP,045,ZMP1,000010,,
00505684390C1FE0B3DEC03505D0A87A,Price determination: MtM condition ZMP1 is not active for item 000010,CMM_VLOGP,045,ZMP1,000010,,
00505684390C1FE0B3E06935B3D2A87A,Price determination: MtM condition ZOCP is not active for item 000010,CMM_VLOGP,045,ZOCP,000010,,
00505684390C1FE0B3E4DDA5C095A87A,Error in getting price for material CRUACCE01 and plant,CMM_VLOGP,022,CRUACCE01,,,
00505684390C1FE0B3F26BFA267D087A,Pricing error 52003808/000010 RDP start date 01.01.2026: pricing failed,CMM_VLOGP,029,52003808,000010,01.01.2026,
00505684390C1FE0B3F4C7D5FCE9087A,Pricing error 52003809/000010 RDP start date 01.01.2026: pricing failed,CMM_VLOGP,029,52003809,000010,01.01.2026,
00505684390C1FE0B3F4D271E2E0487A,Pricing error 52003810/000010 RDP start date 01.01.2026: pricing failed,CMM_VLOGP,029,52003810,000010,01.01.2026,
00505684390C1FE0B3F4E16FD63B887A,Pricing error 52003772/000010 RDP start date 01.01.2026: pricing failed,CMM_VLOGP,029,52003772,000010,01.01.2026,
00505684390C1FE0B3F4EC0D1C9EC87A,Pricing error 52003811/000010 RDP start date 01.01.2026: pricing failed,CMM_VLOGP,029,52003811,000010,01.01.2026,
00505684390C1FE0B3F5940617D9C87A,Pricing error 52003812/000010 RDP start date 01.01.2026: pricing failed,CMM_VLOGP,029,52003812,000010,01.01.2026,
00505684390C1FE0B3F5A7D53B8F487A,Pricing error 52003813/000010 RDP start date 01.01.2026: pricing failed,CMM_VLOGP,029,52003813,000010,01.01.2026,
00505684390C1FE0B3F5B79784A8C87A,Pricing error 52003814/000010 RDP start date 01.01.2026: pricing failed,CMM_VLOGP,029,52003814,000010,01.01.2026,
00505684390C1FE0B3F5C6A23658A87A,Pricing error 52003815/000010 RDP start date 01.01.2026: pricing failed,CMM_VLOGP,029,52003815,000010,01.01.2026,
00505684390C1FE0B3F951388AC0E87B,Price determination: MtM condition ZLAR is not active for item 000010,CMM_VLOGP,045,ZLAR,000010,,
00505684390C1FE0B481D15339C4887B,Error in getting price for material CRDUS0100 and plant,CMM_VLOGP,022,CRDUS0100,,,
00505684390C1FE0B481DAB2D0A2A87B,Error in getting price for material CRDUS0100 and plant,CMM_VLOGP,022,CRDUS0100,,,
00505684390C1FE0B4868D598C31487B,Error in getting price for material JKR0200 and plant,CMM_VLOGP,022,JKR0200,,,
00505684390C1FE0B4869AB58FCCE87B,Pricing error 52003821/000010 RDP start date 21.10.2025: pricing failed,CMM_VLOGP,029,52003821,000010,21.10.2025,
00505684390C1FE0B4888A9FA49E487B,Pricing error 52003825/000010 RDP start date 21.10.2025: pricing failed,CMM_VLOGP,029,52003825,000010,21.10.2025,
00505684390C1FE0B48AF7CFE6A5287B,Error in getting price for material CRDUS0100 and plant,CMM_VLOGP,022,CRDUS0100,,,
00505684390C1FE0B48FA87EFC7DC87B,Root Document 330002348 is locked,CMM_VLOGP,040,330002348,00010,01.12.2025,
00505684390C1FE0B49D92B6488D887B,Error in getting price for material JKR0200 and plant,CMM_VLOGP,022,JKR0200,,,
00505684390C1FE0B49D94B7BB89E87B,Pricing error 52003820/000010 RDP start date 11.12.2025: pricing failed,CMM_VLOGP,029,52003820,000010,11.12.2025,
00505684390C1FE0B4A1ECABA699A87B,Price determination: MtM condition ZMP1 is not active for item 000010,CMM_VLOGP,045,ZMP1,000010,,
00505684390C1FE0B4A25D627A5CC87B,Error in getting price for material GAS1000 and plant,CMM_VLOGP,022,GAS1000,,,
00505684390C1FE0B4A2847C33A0287B,Pricing error 52003835/000010 RDP start date 01.08.2025: pricing failed,CMM_VLOGP,029,52003835,000010,01.08.2025,
00505684390C1FE0B4A3D14FFFFBC87B,Price determination: MtM condition ZLAR is not active for item 000010,CMM_VLOGP,045,ZLAR,000010,,
00505684390C1FE0B4A4084CD85B087B,Price determination: MtM condition ZLAR is not active for item 000010,CMM_VLOGP,045,ZLAR,000010,,
00505684390C1FE0B4A48968B7BBC87B,Error in getting price for material GAS1000 and plant,CMM_VLOGP,022,GAS1000,,,
00505684390C1FE0B4A4952DD3E3C87B,Pricing error 52003836/000010 RDP start date 01.08.2025: pricing failed,CMM_VLOGP,029,52003836,000010,01.08.2025,
00505684390C1FE0B4A99EADA303887B,Pricing error 51000505/000010 RDP start date 11/01/2025: pricing failed,CMM_VLOGP,029,51000505,000010,11/01/2025,
00505684390C1FE0B4AB0C0E8BFCE87B,Error in getting price for material CRUHEAV01 and plant,CMM_VLOGP,022,CRUHEAV01,,,
00505684390C1FE0B4AB83C39579687B,Pricing error 64002018/000010 RDP start date 12/01/2025: pricing failed,CMM_VLOGP,029,64002018,000010,12/01/2025,
00505684390C1FE0B4ABA143D93CE87B,Pricing error 64002064/000010 RDP start date 12/01/2025: pricing failed,CMM_VLOGP,029,64002064,000010,12/01/2025,
00505684390C1FE0B4ACF9B5BAB5A87B,Pricing error 64002065/000010 RDP start date 12/01/2025: pricing failed,CMM_VLOGP,029,64002065,000010,12/01/2025,
00505684390C1FE0B4B6DE0457FD687B,Error in getting price for material REFPROP01 and plant,CMM_VLOGP,022,REFPROP01,,,
00505684390C1FE0B4BB9C9F266DA87B,Error in getting price for material ARM0400 and plant,CMM_VLOGP,022,ARM0400,,,
00505684390C1FE0B4CA6E13BE17687B,Error in getting price for material CRUACCE01 and plant,CMM_VLOGP,022,CRUACCE01,,,
00505684390C1FE0B4CCD56984D2487B,Root Document 64002069 is locked,CMM_VLOGP,040,64002069,000010,01.01.2025,
00505684390C1FE0B597E92A4065487B,Root Document 330002355 is locked,CMM_VLOGP,040,330002355,00010,06/01/2025,
00505684390C1FE0B597F0633F7AA87B,Root Document 64002074 is locked,CMM_VLOGP,040,64002074,000010,06/01/2025,
00505684390C1FE0B598AC0FE511687B,runtime resume failed,00,001,runtime resume failed,,,
00505684390C1FE0B5A0344D4DC6C87B,Error in getting price for material REFPROP01 and plant,CMM_VLOGP,022,REFPROP01,,,
00505684390C1FE0B5B34CE406EFE87B,Price determination: MtM condition ZMP1 is not active for item 000010,CMM_VLOGP,045,ZMP1,000010,,
00505684390C1FE0B5B36DBFABDBA87B,Price determination: MtM condition ZMP1 is not active for item 000010,CMM_VLOGP,045,ZMP1,000010,,
00505684390C1FE0B5B549791D0EC87B,Price determination: MtM condition ZLAR is not active for item 000010,CMM_VLOGP,045,ZLAR,000010,,
00505684390C1FE0B5B56C6FF2C4E87B,Price determination: MtM condition ZLAR is not active for item 000010,CMM_VLOGP,045,ZLAR,000010,,
00505684390C1FE0B5B65B015709A87B,Error in getting price for material JKR0200 and plant,CMM_VLOGP,022,JKR0200,,,
00505684390C1FE0B5B85DFD475DA87B,Error in getting price for material JKR0200 and plant,CMM_VLOGP,022,JKR0200,,,
00505684390C1FE0B5B883F78979A87B,Error in getting price for material JKR0200 and plant,CMM_VLOGP,022,JKR0200,,,
00505684390C1FE0B5BBE56E6414A87B,Error in getting price for material JKR0200 and plant,CMM_VLOGP,022,JKR0200,,,
00505684390C1FE0B5BF510E03FBA87B,Error in getting price for material JKR0200 and plant,CMM_VLOGP,022,JKR0200,,,
00505684390C1FE0B5BFA2F64219A87B,Error in getting price for material JKR0200 and plant,CMM_VLOGP,022,JKR0200,,,
00505684390C1FE0B5C8FC2625CBE87B,Error in getting price for material CRUACCE01 and plant,CMM_VLOGP,022,CRUACCE01,,,
00505684390C1FE0B5D0CB4AC015287B,Error in getting price for material CRUACCE01 and plant,CMM_VLOGP,022,CRUACCE01,,,
00505684390C1FE0B5E9C0766A70E87B,Error in getting price for material JKR0200 and plant,CMM_VLOGP,022,JKR0200,,,
00505684390C1FE0B5EB123DEF92A87B,Pricing error 52003848/000010 RDP start date 21.10.2025: pricing failed,CMM_VLOGP,029,52003848,000010,21.10.2025,
00505684390C1FE0B5EB629C2E3B487B,Pricing error 52003771/000010 RDP start date 21.10.2025: pricing failed,CMM_VLOGP,029,52003771,000010,21.10.2025,
00505684390C1FE0B5EB77396B30487B,Pricing error 52003849/000010 RDP start date 21.10.2025: pricing failed,CMM_VLOGP,029,52003849,000010,21.10.2025,
00505684390C1FE0B5EBA21B9A95C87B,Pricing error 52003850/000010 RDP start date 11.12.2025: pricing failed,CMM_VLOGP,029,52003850,000010,11.12.2025,
00505684390C1FE0B6B5A74B0B10287B,runtime resume failed,00,001,runtime resume failed,,,
00505684390C1FE0B6B5AE863C5D487B,runtime resume failed,00,001,runtime resume failed,,,
00505684390C1FE0B6B5B7E74D0EE87B,runtime resume failed,00,001,runtime resume failed,,,
00505684390C1FE0B6B7BCFB0B98C87B,Price determination: MtM condition ZMP1 is not active for item 000010,CMM_VLOGP,045,ZMP1,000010,,
00505684390C1FE0B6B7BD2BE98BE87B,Price determination: MtM condition ZMP1 is not active for item 000010,CMM_VLOGP,045,ZMP1,000010,,
00505684390C1FE0B6B86F3DA5E0487B,Root Document 58000018 is locked,CMM_VLOGP,040,58000018,000010,12/01/2024,
00505684390C1FE0B6DA2887162E087B,Error in getting price for material JKR0200 and plant,CMM_VLOGP,022,JKR0200,,,
00505684390C1FE0B6FB6FDA0D15E87B,Pricing error in document 1700007226.,VF,055,1700007226,,,
00505684390C1FE0B6FE16B40341887B,Price determination: MtM condition ZMP1 is not active for item 000010,CMM_VLOGP,045,ZMP1,000010,,
00505684390C1FE0B7846AD0D2D6687B,Pricing error 52003861/000010 RDP start date 01.08.2025: pricing failed,CMM_VLOGP,029,52003861,000010,01.08.2025,
00505684390C1FE0B7855710BF86487B,Price determination: MtM condition ZSPI is not active for item 000010,CMM_VLOGP,045,ZSPI,000010,,
00505684390C1FE0B7A58E1B6596C87B,Root Document 52003862 is locked,CMM_VLOGP,040,52003862,000010,11/01/2025,
00505684390C1FE0B7E661CB6C08287B,Price determination: MtM condition ZMP1 is not active for item 000010,CMM_VLOGP,045,ZMP1,000010,,
00505684390C1FE0B7F939579171287B,Price determination: MtM condition ZMP1 is not active for item 000010,CMM_VLOGP,045,ZMP1,000010,,
00505684390C1FE0B7F97F7D9E03287B,Price determination: MtM condition ZMP1 is not active for item 000010,CMM_VLOGP,045,ZMP1,000010,,
00505684390C1FE0B7FFFE69FDDEA87B,Error in getting price for material GAS1000 and plant,CMM_VLOGP,022,GAS1000,,,
00505684390C1FE0B88007369395687B,Pricing error 52003865/000010 RDP start date 01.12.2025: pricing failed,CMM_VLOGP,029,52003865,000010,01.12.2025,
00505684390C1FE0B8B169122F67287C,Error in getting price for material NAP0110 and plant,CMM_VLOGP,022,NAP0110,,,
00505684390C1FE0B8B17DE9AF63A87C,Pricing error 52003867/000010 RDP start date 11/01/2025: pricing failed,CMM_VLOGP,029,52003867,000010,11/01/2025,
00505684390C1FE0B8B18DC8C198687C,Error in getting price for material NAP0110 and plant,CMM_VLOGP,022,NAP0110,,,
00505684390C1FE0B8C5BE64B242E87E,Price determination: MtM condition ZMP1 is not active for item 000010,CMM_VLOGP,045,ZMP1,000010,,
00505684390C1FE0B8C5BF0F279D887E,Error in getting price for material JKR0200 and plant,CMM_VLOGP,022,JKR0200,,,
00505684390C1FE0B8C72C6AD159687E,Pricing error 52003786/000010 RDP start date 01.10.2025: pricing failed,CMM_VLOGP,029,52003786,000010,01.10.2025,
00505684390C1FE0B8C73E68BFC0887E,Price determination: MtM condition ZMP1 is not active for item 000010,CMM_VLOGP,045,ZMP1,000010,,
00505684390C1FE0B9967AB11A84687E,runtime resume failed,00,001,runtime resume failed,,,
00505684390C1FE0B999F7C921D5A87E,Price determination: MtM condition ZRP1 is not active for item 000010,CMM_VLOGP,045,ZRP1,000010,,
00505684390C1FE0B99FDE79B543687E,Price determination: MtM condition ZMP1 is not active for item 000010,CMM_VLOGP,045,ZMP1,000010,,
00505684390C1FE0B9B665480EE4A87E,Price determination: MtM condition ZMP1 is not active for item 000010,CMM_VLOGP,045,ZMP1,000010,,
00505684390C1FE0BABD8ED3947F4880,Error in getting price for material AKE0100 and plant,CMM_VLOGP,022,AKE0100,,,
00505684390C1FE0BAC6376F760B6880,Error in getting price for material NAP0110 and plant,CMM_VLOGP,022,NAP0110,,,
00505684390C1FE0BAC672884E866880,Error in getting price for material GAS1000 and plant,CMM_VLOGP,022,GAS1000,,,
00505684390C1FE0BAC7656F47944880,Error in getting price for material NAP0110 and plant,CMM_VLOGP,022,NAP0110,,,
00505684390C1FE0BAD75832E8D9A880,Price determination: MtM condition ZSP1 is not active for item 000010,CMM_VLOGP,045,ZSP1,000010,,
00505684390C1FE0BAD7591361FE6880,Price determination: MtM condition ZMP1 is not active for item 000010,CMM_VLOGP,045,ZMP1,000010,,
00505684390C1FE0BAE759BF289B8880,Pricing error 52003877/000010 RDP start date 12/11/2025: pricing failed,CMM_VLOGP,029,52003877,000010,12/11/2025,
00505684390C1FE0BAE8490DCC876880,Error in getting price for material JKR0200 and plant,CMM_VLOGP,022,JKR0200,,,
00505684390C1FE0BAE85CC1F8A1E880,Pricing error 52003878/000010 RDP start date 10/01/2025: pricing failed,CMM_VLOGP,029,52003878,000010,10/01/2025,
00505684390C1FE0BAE8725FBB4DE880,Price determination: MtM condition ZMP1 is not active for item 000010,CMM_VLOGP,045,ZMP1,000010,,
00505684390C1FE0BAEE9A1974BA6880,Price determination: MtM condition ZSP1 is not active for item 000010,CMM_VLOGP,045,ZSP1,000010,,
00505684390C1FE0BAEE9A6E6DFFE880,Price determination: MtM condition ZMP1 is not active for item 000010,CMM_VLOGP,045,ZMP1,000010,,
00505684390C1FE0BAF152CFA95EA880,Price determination: MtM condition ZMP1 is not active for item 000010,CMM_VLOGP,045,ZMP1,000010,,
00505684390C1FE0BAFB321D08664880,Error in getting price for material NAP0110 and plant,CMM_VLOGP,022,NAP0110,,,
00505684390C1FE0BAFEE507C318A880,Price determination: MtM condition ZMP1 is not active for item 000010,CMM_VLOGP,045,ZMP1,000010,,
00505684390C1FE0BAFEE550A8F4E880,Price determination: MtM condition ZMP1 is not active for item 000010,CMM_VLOGP,045,ZMP1,000010,,
00505684390C1FE0BAFEE5A4C1CB6880,Price determination: MtM condition ZMP1 is not active for item 000010,CMM_VLOGP,045,ZMP1,000010,,
00505684390C1FE0BAFEE5F08298E880,Price determination: MtM condition ZMP1 is not active for item 000010,CMM_VLOGP,045,ZMP1,000010,,
00505684390C1FE0BAFEE635ED596880,Price determination: MtM condition ZMP1 is not active for item 000010,CMM_VLOGP,045,ZMP1,000010,,
00505684390C1FE0BAFEE65FCE000880,Price determination: MtM condition ZMP1 is not active for item 000010,CMM_VLOGP,045,ZMP1,000010,,
00505684390C1FE0BAFEE67F6CB2A880,Price determination: MtM condition ZMP1 is not active for item 000010,CMM_VLOGP,045,ZMP1,000010,,
00505684390C1FE0BAFEE6CBD8F20880,Price determination: MtM condition ZMP1 is not active for item 000010,CMM_VLOGP,045,ZMP1,000010,,
00505684390C1FE0BB80F9E069C82880,Price determination: MtM condition ZSP1 is not active for item 000010,CMM_VLOGP,045,ZSP1,000010,,
00505684390C1FE0BB80FA2C0F1B4880,Price determination: MtM condition VPRS is not active for item 000010,CMM_VLOGP,045,VPRS,000010,,
00505684390C1FE0BB81E27E27402880,Price determination: MtM condition ZMP1 is not active for item 000010,CMM_VLOGP,045,ZMP1,000010,,
00505684390C1FE0BB81E2A44BCC4880,Price determination: MtM condition ZMP1 is not active for item 000010,CMM_VLOGP,045,ZMP1,000010,,
00505684390C1FE0BB81E2CB35AC6880,Price determination: MtM condition ZMP1 is not active for item 000010,CMM_VLOGP,045,ZMP1,000010,,
00505684390C1FE0BB81E31742E66880,Price determination: MtM condition ZMP1 is not active for item 000010,CMM_VLOGP,045,ZMP1,000010,,
00505684390C1FE0BB81E33B4CAB0880,Price determination: MtM condition ZMP1 is not active for item 000010,CMM_VLOGP,045,ZMP1,000010,,
00505684390C1FE0BB81E35FD81D0880,Price determination: MtM condition ZMP1 is not active for item 000010,CMM_VLOGP,045,ZMP1,000010,,
00505684390C1FE0BB81E38DDC70C880,Price determination: MtM condition ZMP1 is not active for item 000010,CMM_VLOGP,045,ZMP1,000010,,
00505684390C1FE0BB81E3AE5CA70880,Price determination: MtM condition ZMP1 is not active for item 000010,CMM_VLOGP,045,ZMP1,000010,,
00505684390C1FE0BB81E3FF4A7EA880,Price determination: MtM condition ZMP1 is not active for item 000010,CMM_VLOGP,045,ZMP1,000010,,
00505684390C1FE0BB81E4238DD24880,Price determination: MtM condition ZMP1 is not active for item 000010,CMM_VLOGP,045,ZMP1,000010,,
00505684390C1FE0BB90A92453222881,Error in getting price for material NAP0110 and plant,CMM_VLOGP,022,NAP0110,,,
00505684390C1FE0BB91BE866030A881,Pricing error 67000679/000010 RDP start date 01.12.2025: pricing failed,CMM_VLOGP,029,67000679,000010,01.12.2025,
00505684390C1FE0BB9A5629B4CDA881,Pricing error 52003880/000010 RDP start date 01/01/2026: pricing failed,CMM_VLOGP,029,52003880,000010,01/01/2026,
00505684390C1FE0BB9AA404BC2E6881,Price determination: MtM condition ZRP1 is not active for item 000010,CMM_VLOGP,045,ZRP1,000010,,
00505684390C1FE0BBAF3BE73F2E6881,Price determination: MtM condition ZSP1 is not active for item 000010,CMM_VLOGP,045,ZSP1,000010,,
00505684390C1FE0BBAF3C0E9678A881,Price determination: MtM condition VPRS is not active for item 000010,CMM_VLOGP,045,VPRS,000010,,
00505684390C1FE0BBAF4A21F24C8881,Price determination: MtM condition ZSP1 is not active for item 000010,CMM_VLOGP,045,ZSP1,000010,,
00505684390C1FE0BBAF4A6020C2E881,Price determination: MtM condition VPRS is not active for item 000010,CMM_VLOGP,045,VPRS,000010,,
00505684390C1FE0BBF32D6E8DC04881,Pricing error 52003892/000010 RDP start date 01.10.2025: pricing failed,CMM_VLOGP,029,52003892,000010,01.10.2025,
00505684390C1FE0BC8B1E5A9FDD2881,Pricing error 52003894/000010 RDP start date 01.10.2025: pricing failed,CMM_VLOGP,029,52003894,000010,01.10.2025,
00505684390C1FE0BC8B4B228FF22881,Pricing error 52003895/000010 RDP start date 01.10.2025: pricing failed,CMM_VLOGP,029,52003895,000010,01.10.2025,
00505684390C1FE0BC8EBAEB1D008881,Pricing error 52003896/000010 RDP start date 01.10.2025: pricing failed,CMM_VLOGP,029,52003896,000010,01.10.2025,
00505684390C1FE0BC90F4918DB02881,Root Document 52003898 is locked,CMM_VLOGP,040,52003898,000010,01.04.2025,
00505684390C1FE0BC910AEC787A0881,Root Document 52003899 is locked,CMM_VLOGP,040,52003899,000010,01.12.2025,
00505684390C1FE0BC9118A7FC6D6881,Root Document 340003736 is locked,CMM_VLOGP,040,340003736,00010,01.12.2025,
00505684390C1FE0BC912669012FC881,Root Document 52003900 is locked,CMM_VLOGP,040,52003900,000010,01.12.2025,
00505684390C1FE0BC9145EF3CA9E881,Price determination: MtM condition ZMP1 is not active for item 000010,CMM_VLOGP,045,ZMP1,000010,,
00505684390C1FE0BC91464A6E932881,Price determination: MtM condition ZMP1 is not active for item 000010,CMM_VLOGP,045,ZMP1,000010,,
00505684390C1FE0BC97443962FD2881,Price determination: MtM condition ZSP1 is not active for item 000010,CMM_VLOGP,045,ZSP1,000010,,
00505684390C1FE0BC974493698E2881,Price determination: MtM condition VPRS is not active for item 000010,CMM_VLOGP,045,VPRS,000010,,
00505684390C1FE0BC975F6D33C58881,Price determination: MtM condition ZSP1 is not active for item 000010,CMM_VLOGP,045,ZSP1,000010,,
00505684390C1FE0BC976AAF9F70E881,Price determination: MtM condition ZMP1 is not active for item 000010,CMM_VLOGP,045,ZMP1,000010,,
00505684390C1FE0BCA71E5EBE44A885,Price determination: MtM condition ZMP1 is not active for item 000010,CMM_VLOGP,045,ZMP1,000010,,
00505684390C1FE0BCA73BABA0C42885,Price determination: MtM condition ZMP1 is not active for item 000010,CMM_VLOGP,045,ZMP1,000010,,
00505684390C1FE0BCA757B42AC9E885,Price determination: MtM condition ZMP1 is not active for item 000010,CMM_VLOGP,045,ZMP1,000010,,
00505684390C1FE0BCA76DAA44D0E885,Price determination: MtM condition ZMP1 is not active for item 000010,CMM_VLOGP,045,ZMP1,000010,,
00505684390C1FE0BCACAB4EB34FC885,Price determination: MtM condition ZSP1 is not active for item 000010,CMM_VLOGP,045,ZSP1,000010,,
00505684390C1FE0BCACABA93F64A885,Price determination: MtM condition VPRS is not active for item 000010,CMM_VLOGP,045,VPRS,000010,,
00505684390C1FE0BCAD4B0A34506885,Error in getting price for material NAP0110 and plant,CMM_VLOGP,022,NAP0110,,,
00505684390C1FE0BCAE06BAA444E885,Price determination: MtM condition ZSP1 is not active for item 000010,CMM_VLOGP,045,ZSP1,000010,,
00505684390C1FE0BCAE070F2A84A885,Price determination: MtM condition VPRS is not active for item 000010,CMM_VLOGP,045,VPRS,000010,,
00505684390C1FE0BCBFD829E3AF2886,Root Document 340003738 is locked,CMM_VLOGP,040,340003738,00010,01.02.2026,
00505684390C1FE0BCCA45F68124A886,Error in getting price for material AKE0100 and plant,CMM_VLOGP,022,AKE0100,,,
00505684390C1FE0BCCA5680EC0F2886,Price determination: MtM condition ZSP1 is not active for item 000010,CMM_VLOGP,045,ZSP1,000010,,
00505684390C1FE0BCCA56CE00B2C886,Price determination: MtM condition VPRS is not active for item 000010,CMM_VLOGP,045,VPRS,000010,,
00505684390C1FE0BCCB08F2B5B22886,Price determination: MtM condition ZSP1 is not active for item 000010,CMM_VLOGP,045,ZSP1,000010,,
00505684390C1FE0BCCB093534E36886,Price determination: MtM condition VPRS is not active for item 000010,CMM_VLOGP,045,VPRS,000010,,
00505684390C1FE0BCCB9CB2EA31E886,Price determination: MtM condition ZSP1 is not active for item 000010,CMM_VLOGP,045,ZSP1,000010,,
00505684390C1FE0BCCB9CFF42532886,Price determination: MtM condition VPRS is not active for item 000010,CMM_VLOGP,045,VPRS,000010,,
00505684390C1FE0BCDDF110FAC78886,Price determination: MtM condition ZSP1 is not active for item 000010,CMM_VLOGP,045,ZSP1,000010,,
00505684390C1FE0BCDDF146D98EA886,Price determination: MtM condition VPRS is not active for item 000010,CMM_VLOGP,045,VPRS,000010,,
00505684390C1FE0BCDF44BF9887E886,Price determination: MtM condition ZSP1 is not active for item 000010,CMM_VLOGP,045,ZSP1,000010,,
00505684390C1FE0BCDF44E846062886,Price determination: MtM condition VPRS is not active for item 000010,CMM_VLOGP,045,VPRS,000010,,
00505684390C1FE0BCE0216D8FF92886,Price determination: MtM condition ZSP1 is not active for item 000010,CMM_VLOGP,045,ZSP1,000010,,
00505684390C1FE0BCE3691B3608E886,Price determination: MtM condition ZSP1 is not active for item 000010,CMM_VLOGP,045,ZSP1,000010,,
00505684390C1FE0BCE484E6438AA886,Price determination: MtM condition ZSP1 is not active for item 000010,CMM_VLOGP,045,ZSP1,000010,,
00505684390C1FE0BD854D8BC5876886,runtime resume failed,00,001,runtime resume failed,,,
00505684390C1FE0BD855411FED8C886,runtime resume failed,00,001,runtime resume failed,,,
00505684390C1FE0BD855B75E2EDC886,runtime resume failed,00,001,runtime resume failed,,,
00505684390C1FE0BD9E0DD448EFC886,runtime resume failed,00,001,runtime resume failed,,,
00505684390C1FE0BDC2965D86EA6887,Price determination: MtM condition ZSP1 is not active for item 000010,CMM_VLOGP,045,ZSP1,000010,,
00505684390C1FE0BDC4D57BE512C887,Price determination: MtM condition ZSP1 is not active for item 000010,CMM_VLOGP,045,ZSP1,000010,,
00505684390C1FE0BDC77AAE32FBC887,Root Document 64002078 is locked,CMM_VLOGP,040,64002078,000010,01/01/2026,
00505684390C1FE0BDC7BFB50C300887,Price determination: MtM condition ZSP1 is not active for item 000010,CMM_VLOGP,045,ZSP1,000010,,
00505684390C1FE0BDCAACAC82E2A887,Pricing error 52003781/000010 RDP start date 01.01.2026: pricing failed,CMM_VLOGP,029,52003781,000010,01.01.2026,
00505684390C1FE0BDCB17E4AB7D4887,No commodity pricing formula could be found for document 7100001565,CMM_ANALYTICS,003,7100001565,,,
00505684390C1FE0BDCD614604416887,Price determination: MtM condition ZSP1 is not active for item 000010,CMM_VLOGP,045,ZSP1,000010,,
00505684390C1FE0BDCDEA3BA0F80887,Price determination: MtM condition ZSP1 is not active for item 000010,CMM_VLOGP,045,ZSP1,000010,,
00505684390C1FE0BDD8C96188C8A887,Error in getting price for material NAP0110 and plant,CMM_VLOGP,022,NAP0110,,,
00505684390C1FE0BDDC8530CC4BA887,Error in getting price for material NAP0110 and plant,CMM_VLOGP,022,NAP0110,,,
00505684390C1FE0BDF680349E35C887,Error in getting price for material GAS1000 and plant,CMM_VLOGP,022,GAS1000,,,
00505684390C1FE0BDF68D4ECDF36887,Pricing error 52003902/000010 RDP start date 01.01.2026: pricing failed,CMM_VLOGP,029,52003902,000010,01.01.2026,
00505684390C1FE0BDF9AED110B96887,Update in table CMM_VLOGP failed,,000,,,,
00505684390C1FE0BE8E32EDC62EE887,A deadlock has occurred while attempting to access,,000,,,,
00505684390C1FE0BE924A65984B6887,Price determination: MtM condition ZMP1 is not active for item 000010,CMM_VLOGP,045,ZMP1,000010,,
00505684390C1FE0BE93EF73A9914887,Update in table CMM_VLOGP failed,,000,,,,
00505684390C1FE0BE9460FD87980887,Update in table CMM_VLOGP failed,,000,,,,
00505684390C1FE0BE9460FD87982887,Update in table CMM_VLOGP failed,,000,,,,
00505684390C1FE0BE9460FD87984887,Update in table CMM_VLOGP failed,,000,,,,
00505684390C1FE0BED4C6C831DCE887,Pricing error 52003904/000010 RDP start date 01.01.2026: pricing failed,CMM_VLOGP,029,52003904,000010,01.01.2026,
00505684390C1FE0BED4E14F156C2887,Pricing error 52003905/000010 RDP start date 01.01.2026: pricing failed,CMM_VLOGP,029,52003905,000010,01.01.2026,
00505684390C1FE0BED755C3E41CE887,Pricing error 52003907/000010 RDP start date 01.01.2026: pricing failed,CMM_VLOGP,029,52003907,000010,01.01.2026,
00505684390C1FE0BED7AFD8A6FC6887,Price determination: MtM condition ZMP1 is not active for item 000010,CMM_VLOGP,045,ZMP1,000010,,
00505684390C1FE0BEEE69F1531F0887,runtime resume failed,00,001,runtime resume failed,,,
00505684390C1FE0BEEE89FB5DC00887,runtime resume failed,00,001,runtime resume failed,,,
00505684390C1FE0BEF419CE2CDEC887,Price determination: MtM condition ZLAR is not active for item 000010,CMM_VLOGP,045,ZLAR,000010,,
00505684390C1FE0BEF4D26D55154887,Error in getting price for material CRUACCE01 and plant,CMM_VLOGP,022,CRUACCE01,,,
00505684390C1FE0BEF5214EF09CA887,Error in getting price for material CRUACCE01 and plant,CMM_VLOGP,022,CRUACCE01,,,
00505684390C1FE0BEF579E2C9FAA887,Price determination: MtM condition ZRP1 is not active for item 000010,CMM_VLOGP,045,ZRP1,000010,,
00505684390C1FE0BEF58679944A2887,Price determination: MtM condition ZRP1 is not active for item 000010,CMM_VLOGP,045,ZRP1,000010,,
00505684390C1FE0BEF68C740EE5A887,Price determination: MtM condition ZLAR is not active for item 000010,CMM_VLOGP,045,ZLAR,000010,,
00505684390C1FE0BEF68CC1D03F8887,Price determination: MtM condition ZLAR is not active for item 000010,CMM_VLOGP,045,ZLAR,000010,,
00505684390C1FE0BEF68CF6F5F34887,Price determination: MtM condition ZLAR is not active for item 000010,CMM_VLOGP,045,ZLAR,000010,,
00505684390C1FE0BEF68D1E7B92C887,Price determination: MtM condition ZLAR is not active for item 000010,CMM_VLOGP,045,ZLAR,000010,,
00505684390C1FE0BEF68D5843D9E887,Price determination: MtM condition ZLAR is not active for item 000010,CMM_VLOGP,045,ZLAR,000010,,
00505684390C1FE0BEF68D784EADC887,Price determination: MtM condition ZLAR is not active for item 000010,CMM_VLOGP,045,ZLAR,000010,,
00505684390C1FE0BEF68DB483F10887,Price determination: MtM condition ZLAR is not active for item 000010,CMM_VLOGP,045,ZLAR,000010,,
00505684390C1FE0BEF68DDDE6C4E887,Price determination: MtM condition ZLAR is not active for item 000010,CMM_VLOGP,045,ZLAR,000010,,
00505684390C1FE0BEF68E01F2EE4887,Price determination: MtM condition ZLAR is not active for item 000010,CMM_VLOGP,045,ZLAR,000010,,
00505684390C1FE0BEF68E39446A0887,Price determination: MtM condition ZLAR is not active for item 000010,CMM_VLOGP,045,ZLAR,000010,,
00505684390C1FE0BF828D15D77CC887,Price determination: MtM condition ZLAR is not active for item 000010,CMM_VLOGP,045,ZLAR,000010,,
00505684390C1FE0BF82A7F30A88C887,Price determination: MtM condition ZLAR is not active for item 000010,CMM_VLOGP,045,ZLAR,000010,,
00505684390C1FE0BF84662D225E6887,Price determination: MtM condition ZMP1 is not active for item 000010,CMM_VLOGP,045,ZMP1,000010,,
00505684390C1FE0BF8466658C8D0887,Price determination: MtM condition ZMP1 is not active for item 000010,CMM_VLOGP,045,ZMP1,000010,,
00505684390C1FE0BF989C27D79FE888,Price determination: MtM condition ZRP1 is not active for item 000010,CMM_VLOGP,045,ZRP1,000010,,
00505684390C1FE0BF991ED47195A888,Price determination: MtM condition ZRP1 is not active for item 000010,CMM_VLOGP,045,ZRP1,000010,,
00505684390C1FE0BFACCE93223A0888,connection closed (no data),,000,,,,
00505684390C1FE0BFB608041487E889,runtime resume failed,00,001,runtime resume failed,,,
00505684390C1FE0BFB60A3D935EE889,runtime resume failed,00,001,runtime resume failed,,,
00505684390C1FE0BFFFD79332EE6889,Price determination: MtM condition ZPOC is not active for item 000010,CMM_VLOGP,045,ZPOC,000010,,
00505684390C1FE180804E5CA4DE8889,Price determination: MtM condition ZMP1 is not active for item 000010,CMM_VLOGP,045,ZMP1,000010,,
00505684390C1FE1808CC0FFB5516889,Update in table CMM_VLOGP failed,,000,,,,
00505684390C1FE1809B7A28B7732889,Price determination: MtM condition ZOCP is not active for item 000010,CMM_VLOGP,045,ZOCP,000010,,
00505684390C1FE1809FA334FAD28889,runtime resume failed,00,001,runtime resume failed,,,
00505684390C1FE180A69FF111D68889,Error in getting price for material NAP0110 and plant,CMM_VLOGP,022,NAP0110,,,
00505684390C1FE180AA327BD595C889,Root Document 52003912 is locked,CMM_VLOGP,040,52003912,000010,12/01/2025,
00505684390C1FE180AA59FFE5C5E889,Price determination: MtM condition ZMP1 is not active for item 000010,CMM_VLOGP,045,ZMP1,000010,,
00505684390C1FE180AA5A26E6D0A889,Price determination: MtM condition ZMP1 is not active for item 000010,CMM_VLOGP,045,ZMP1,000010,,
00505684390C1FE180AA84BDA59A8889,Root Document 64002082 is locked,CMM_VLOGP,040,64002082,000010,01/01/2026,
00505684390C1FE180AB0A0EEE286889,Price determination: MtM condition ZMP1 is not active for item 000010,CMM_VLOGP,045,ZMP1,000010,,
00505684390C1FE180AB0DFC3EF30889,Price determination: MtM condition ZMP1 is not active for item 000010,CMM_VLOGP,045,ZMP1,000010,,
00505684390C1FE180AB11BFFA0CA889,Price determination: MtM condition ZMP1 is not active for item 000010,CMM_VLOGP,045,ZMP1,000010,,
00505684390C1FE180AB16F2E57AA889,Price determination: MtM condition ZMP1 is not active for item 000010,CMM_VLOGP,045,ZMP1,000010,,
00505684390C1FE180AB1A8BD066A889,Price determination: MtM condition ZMP1 is not active for item 000010,CMM_VLOGP,045,ZMP1,000010,,
00505684390C1FE180B253F693FA0889,Price determination: MtM condition ZOCP is not active for item 000010,CMM_VLOGP,045,ZOCP,000010,,
00505684390C1FE180B4DBCAB93DA889,runtime resume failed,00,001,runtime resume failed,,,
00505684390C1FE180B6E15FD25A8889,Error in getting price for material NAP0110 and plant,CMM_VLOGP,022,NAP0110,,,
00505684390C1FE180B719DE5E284889,runtime resume failed,00,001,runtime resume failed,,,
00505684390C1FE180B71F2B180C2889,runtime resume failed,00,001,runtime resume failed,,,
00505684390C1FE180B7202EAFF4A889,runtime resume failed,00,001,runtime resume failed,,,
00505684390C1FE180B7212D00B3A889,runtime resume failed,00,001,runtime resume failed,,,
00505684390C1FE180B728E827A5E889,runtime resume failed,00,001,runtime resume failed,,,
00505684390C1FE180BDA3699B266889,Price determination: MtM condition ZMP1 is not active for item 000010,CMM_VLOGP,045,ZMP1,000010,,
00505684390C1FE180BDA4C349A50889,Price determination: MtM condition ZMP1 is not active for item 000010,CMM_VLOGP,045,ZMP1,000010,,
00505684390C1FE180BDA6FBABBF4889,Price determination: MtM condition ZMP1 is not active for item 000010,CMM_VLOGP,045,ZMP1,000010,,
00505684390C1FE180BDA8FF293B4889,Price determination: MtM condition ZMP1 is not active for item 000010,CMM_VLOGP,045,ZMP1,000010,,
00505684390C1FE180BDAA6D205A6889,Price determination: MtM condition ZMP1 is not active for item 000010,CMM_VLOGP,045,ZMP1,000010,,
00505684390C1FE180BDAC446D4A4889,Price determination: MtM condition ZMP1 is not active for item 000010,CMM_VLOGP,045,ZMP1,000010,,
00505684390C1FE180BDADEB4347C889,Price determination: MtM condition ZMP1 is not active for item 000010,CMM_VLOGP,045,ZMP1,000010,,
00505684390C1FE180BDB279F1418889,Price determination: MtM condition ZMP1 is not active for item 000010,CMM_VLOGP,045,ZMP1,000010,,
00505684390C1FE180BDB47B05BCC889,Price determination: MtM condition ZMP1 is not active for item 000010,CMM_VLOGP,045,ZMP1,000010,,
00505684390C1FE180BDB606082E8889,Price determination: MtM condition ZMP1 is not active for item 000010,CMM_VLOGP,045,ZMP1,000010,,
00505684390C1FE180BEC9DAE3682889,Root Document 64002083 is locked,CMM_VLOGP,040,64002083,000010,03/06/2026,
00505684390C1FE180C0B241D1A58889,Price determination: MtM condition ZMP1 is not active for item 000010,CMM_VLOGP,045,ZMP1,000010,,
00505684390C1FE180D1C41288738889,runtime resume failed,00,001,runtime resume failed,,,
00505684390C1FE180D8D0F007B24889,Error in getting price for material NAP0110 and plant,CMM_VLOGP,022,NAP0110,,,
00505684390C1FE180E1E14107F8E889,Error in getting price for material CRUHEAV01 and plant,CMM_VLOGP,022,CRUHEAV01,,,
00505684390C1FE180E259CC4D884889,Error in getting price for material CRUACCE01 and plant,CMM_VLOGP,022,CRUACCE01,,,
00505684390C1FE180E2FDED13B6A889,Price determination: MtM condition ZRP1 is not active for item 000010,CMM_VLOGP,045,ZRP1,000010,,
00505684390C1FE180E8743FAA228889,Price determination: MtM condition ZOCP is not active for item 000010,CMM_VLOGP,045,ZOCP,000010,,
00505684390C1FE180EBA30DCD97C889,Pricing error 66001465/000010 RDP start date 01.01.2026: pricing failed,CMM_VLOGP,029,66001465,000010,01.01.2026,
00505684390C1FE180EBCCB43AF58889,Pricing error 66001466/000010 RDP start date 01.01.2026: pricing failed,CMM_VLOGP,029,66001466,000010,01.01.2026,
00505684390C1FE180EE86372D0C0889,Pricing error 64002086/000010 RDP start date 10.02.2026: pricing failed,CMM_VLOGP,029,64002086,000010,10.02.2026,
00505684390C1FE180F0B1EF9D968889,Price determination: MtM condition ZMP1 is not active for item 000020,CMM_VLOGP,045,ZMP1,000020,,
00505684390C1FE180F6477860464889,Price determination: MtM condition ZMP1 is not active for item 000010,CMM_VLOGP,045,ZMP1,000010,,
00505684390C1FE18186F0A38784C889,No commodity pricing formula could be found for document 7100001621,CMM_ANALYTICS,003,7100001621,,,
00505684390C1FE181872E3A4D6E8889,Price determination: MtM condition ZMP1 is not active for item 000010,CMM_VLOGP,045,ZMP1,000010,,
00505684390C1FE1818E336FA555A889,Price determination: MtM condition ZRP1 is not active for item 000010,CMM_VLOGP,045,ZRP1,000010,,
00505684390C1FE181B32DEB8BB14889,runtime resume failed,00,001,runtime resume failed,,,
00505684390C1FE181B377D0DA728889,Price determination: MtM condition ZOCP is not active for item 000010,CMM_VLOGP,045,ZOCP,000010,,
00505684390C1FE181B3B87D3B644889,runtime resume failed,00,001,runtime resume failed,,,
00505684390C1FE181B3BB7CF6AEE889,runtime resume failed,00,001,runtime resume failed,,,
00505684390C1FE181B3DC5449FBC889,runtime resume failed,00,001,runtime resume failed,,,
00505684390C1FE181B83D283083C889,Price determination: MtM condition ZOCP is not active for item 000010,CMM_VLOGP,045,ZOCP,000010,,
00505684390C1FE181B8898889084889,Price determination: MtM condition ZOCP is not active for item 000010,CMM_VLOGP,045,ZOCP,000010,,
00505684390C1FE181BE3A8591EBA889,Price determination: MtM condition ZRP1 is not active for item 000010,CMM_VLOGP,045,ZRP1,000010,,
00505684390C1FE181BEBC9825738889,Error in getting price for material NAP0110 and plant,CMM_VLOGP,022,NAP0110,,,
00505684390C1FE181C13C50C1042889,Price determination: MtM condition ZRP1 is not active for item 000010,CMM_VLOGP,045,ZRP1,000010,,
00505684390C1FE181C1AC58AE934889,Price determination: MtM condition ZMP1 is not active for item 000010,CMM_VLOGP,045,ZMP1,000010,,
00505684390C1FE181C71C4D67C06889,runtime resume failed,00,001,runtime resume failed,,,
00505684390C1FE181C71CC0250C2889,runtime resume failed,00,001,runtime resume failed,,,
00505684390C1FE181C73058F9802889,runtime resume failed,00,001,runtime resume failed,,,
00505684390C1FE181C7A40003F94889,runtime resume failed,00,001,runtime resume failed,,,
00505684390C1FE181CA57153ECB2889,Pricing error 64002096/000010 RDP start date 15.02.2026: pricing failed,CMM_VLOGP,029,64002096,000010,15.02.2026,
00505684390C1FE181CE52194BE80889,runtime resume failed,00,001,runtime resume failed,,,
00505684390C1FE181CE86900A14A889,runtime resume failed,00,001,runtime resume failed,,,
00505684390C1FE181CE8D49EEE06889,runtime resume failed,00,001,runtime resume failed,,,
00505684390C1FE181CE90AF3B554889,runtime resume failed,00,001,runtime resume failed,,,
00505684390C1FE181CE910F6B64E889,Error in getting price for material JKR0200 and plant,CMM_VLOGP,022,JKR0200,,,
00505684390C1FE181CEB497CE73C889,runtime resume failed,00,001,runtime resume failed,,,
00505684390C1FE181CED701A2FB2889,Pricing error 52003916/000010 RDP start date 01/21/2026: pricing failed,CMM_VLOGP,029,52003916,000010,01/21/2026,
00505684390C1FE181CFFAE40DAD0889,connection closed (no data),,000,,,,
00505684390C1FE181D88F0337556889,Price determination: MtM condition ZMP1 is not active for item 000010,CMM_VLOGP,045,ZMP1,000010,,
00505684390C1FE181D88F3BD5CB2889,Price determination: MtM condition ZMP1 is not active for item 000010,CMM_VLOGP,045,ZMP1,000010,,
00505684390C1FE181D88F8465D2E889,Price determination: MtM condition ZMP1 is not active for item 000010,CMM_VLOGP,045,ZMP1,000010,,
00505684390C1FE181D88FD4EE0CA889,Price determination: MtM condition ZMP1 is not active for item 000010,CMM_VLOGP,045,ZMP1,000010,,
00505684390C1FE181E4458C3FD30889,runtime resume failed,00,001,runtime resume failed,,,
00505684390C1FE181E7157AE7166889,runtime resume failed,00,001,runtime resume failed,,,
00505684390C1FE181E74CB66743E889,runtime resume failed,00,001,runtime resume failed,,,
00505684390C1FE181E76916A8746889,runtime resume failed,00,001,runtime resume failed,,,
00505684390C1FE181E790F3F2F8E889,runtime resume failed,00,001,runtime resume failed,,,
00505684390C1FE181E84883F238A889,runtime resume failed,00,001,runtime resume failed,,,
00505684390C1FE181E857F543B90889,runtime resume failed,00,001,runtime resume failed,,,
00505684390C1FE181E8598CC6E24889,runtime resume failed,00,001,runtime resume failed,,,
00505684390C1FE181E88C8425AA8889,runtime resume failed,00,001,runtime resume failed,,,
00505684390C1FE181E8DE889DEB4889,runtime resume failed,00,001,runtime resume failed,,,
00505684390C1FE181E91AD6C2868889,runtime resume failed,00,001,runtime resume failed,,,
00505684390C1FE181E974F6C9210889,runtime resume failed,00,001,runtime resume failed,,,
00505684390C1FE181E98E6D30422889,No commodity pricing formula could be found for document 5800000071,CMM_ANALYTICS,003,5800000071,,,
00505684390C1FE181E98E929CFE8889,No commodity pricing formula could be found for document 5800000179,CMM_ANALYTICS,003,5800000179,,,
00505684390C1FE181E992614A004889,Price determination: MtM condition ZCMI is not active for item 000010,CMM_VLOGP,045,ZCMI,000010,,
00505684390C1FE181E992614A018889,Price determination: MtM condition ZCMI is not active for item 000010,CMM_VLOGP,045,ZCMI,000010,,
00505684390C1FE181E992614A02C889,Price determination: MtM condition ZCMI is not active for item 000010,CMM_VLOGP,045,ZCMI,000010,,
00505684390C1FE181E9934BD2AC6889,No commodity pricing formula could be found for document 5800000123,CMM_ANALYTICS,003,5800000123,,,
00505684390C1FE181E993A8125AE889,Price determination: MtM condition ZCMI is not active for item 000010,CMM_VLOGP,045,ZCMI,000010,,
00505684390C1FE181E993F63B08A889,Price determination: MtM condition ZCMI is not active for item 000010,CMM_VLOGP,045,ZCMI,000010,,
00505684390C1FE181E99416403AE889,Price determination: MtM condition ZCMI is not active for item 000010,CMM_VLOGP,045,ZCMI,000010,,
00505684390C1FE181E99416403C4889,Price determination: MtM condition ZMPI is not active for item 000010,CMM_VLOGP,045,ZMPI,000010,,
00505684390C1FE181E994467A466889,Price determination: MtM condition ZMPI is not active for item 000010,CMM_VLOGP,045,ZMPI,000010,,
00505684390C1FE181E994A054F70889,Price determination: MtM condition ZCMI is not active for item 000010,CMM_VLOGP,045,ZCMI,000010,,
00505684390C1FE181E995C4683A4889,No commodity pricing formula could be found for document 5800000155,CMM_ANALYTICS,003,5800000155,,,
00505684390C1FE181E995E1792F8889,No commodity pricing formula could be found for document 5800000153,CMM_ANALYTICS,003,5800000153,,,
00505684390C1FE181E99644CFC90889,No commodity pricing formula could be found for document 5800000168,CMM_ANALYTICS,003,5800000168,,,
00505684390C1FE181E996B336840889,Price determination: MtM condition ZCMI is not active for item 000010,CMM_VLOGP,045,ZCMI,000010,,
00505684390C1FE181E99808F225E889,Price determination: MtM condition ZMPI is not active for item 000010,CMM_VLOGP,045,ZMPI,000010,,
00505684390C1FE181E99808F2272889,Price determination: MtM condition ZMPI is not active for item 000010,CMM_VLOGP,045,ZMPI,000010,,
00505684390C1FE181E99844BC59E889,Price determination: MtM condition ZMPI is not active for item 000010,CMM_VLOGP,045,ZMPI,000010,,
00505684390C1FE181E998A21413A889,Price determination: MtM condition ZMPI is not active for item 000010,CMM_VLOGP,045,ZMPI,000010,,
00505684390C1FE181E999BFEAFDA889,No commodity pricing formula could be found for document 1700000791,CMM_ANALYTICS,003,1700000791,,,
00505684390C1FE181E999E86A676889,Price determination: MtM condition ZCMI is not active for item 000010,CMM_VLOGP,045,ZCMI,000010,,
00505684390C1FE181E999E86A68C889,Price determination: MtM condition ZMPI is not active for item 000010,CMM_VLOGP,045,ZMPI,000010,,
00505684390C1FE181E99A4A8FC7C889,No commodity pricing formula could be found for document 5800000208,CMM_ANALYTICS,003,5800000208,,,
00505684390C1FE181E99A4A8FC92889,Price determination: MtM condition ZMPI is not active for item 000010,CMM_VLOGP,045,ZMPI,000010,,
00505684390C1FE181E99A6E8951C889,Price determination: MtM condition ZCMI is not active for item 000010,CMM_VLOGP,045,ZCMI,000010,,
00505684390C1FE181E99B7955A30889,Price determination: MtM condition ZCMI is not active for item 000010,CMM_VLOGP,045,ZCMI,000010,,
00505684390C1FE181E99BADA76A8889,Price determination: MtM condition ZCMI is not active for item 000010,CMM_VLOGP,045,ZCMI,000010,,
00505684390C1FE181E99BC93341C889,Price determination: MtM condition ZMPI is not active for item 000010,CMM_VLOGP,045,ZMPI,000010,,
00505684390C1FE181E99C2C52C8C889,Price determination: MtM condition ZCMI is not active for item 000010,CMM_VLOGP,045,ZCMI,000010,,
00505684390C1FE181E99C9264EA0889,runtime resume failed,00,001,runtime resume failed,,,
00505684390C1FE181E99CE524892889,Price determination: MtM condition ZMPI is not active for item 000010,CMM_VLOGP,045,ZMPI,000010,,
00505684390C1FE181E99D40F12D6889,Price determination: MtM condition ZCMI is not active for item 000010,CMM_VLOGP,045,ZCMI,000010,,
00505684390C1FE181EACD001734E889,runtime resume failed,00,001,runtime resume failed,,,
00505684390C1FE181ED75A21D72A889,Price determination: MtM condition ZRP1 is not active for item 000010,CMM_VLOGP,045,ZRP1,000010,,
00505684390C1FE181ED88EB69DF6889,Price determination: MtM condition ZRP1 is not active for item 000010,CMM_VLOGP,045,ZRP1,000010,,
00505684390C1FE181EE0EB402CE4889,runtime resume failed,00,001,runtime resume failed,,,
00505684390C1FE181EFCB2E3F158889,Error in getting price for material GAS1000 and plant,CMM_VLOGP,022,GAS1000,,,
00505684390C1FE181F39C720B9C4889,Price determination: MtM condition ZMP1 is not active for item 000010,CMM_VLOGP,045,ZMP1,000010,,
00505684390C1FE181F8225A9FE04889,Price determination: MtM condition ZRP1 is not active for item 000010,CMM_VLOGP,045,ZRP1,000010,,
00505684390C1FE181FA04815399E889,Root Document 52000038 is locked,CMM_VLOGP,040,52000038,000010,02/12/2026,
00505684390C1FE181FA0582B714C889,Root Document 52000005 is locked,CMM_VLOGP,040,52000005,000010,02/12/2026,
00505684390C1FE181FA067487068889,Root Document 52000031 is locked,CMM_VLOGP,040,52000031,000010,02/12/2026,
00505684390C1FE181FAF74C046A2889,Price determination: MtM condition ZOCP is not active for item 000010,CMM_VLOGP,045,ZOCP,000010,,
00505684390C1FE181FE1460E5210889,Pricing error 64001313/000010 RDP start date 23.09.2024: pricing failed,CMM_VLOGP,029,64001313,000010,23.09.2024,
00505684390C1FE181FE147FC0224889,Pricing error 64001317/000010 RDP start date 23.09.2024: pricing failed,CMM_VLOGP,029,64001317,000010,23.09.2024,
00505684390C1FE181FE1515AF6A6889,Price determination: MtM condition ZMP1 is not active for item 000010,CMM_VLOGP,045,ZMP1,000010,,
00505684390C1FE181FE534F958EA889,Pricing error 52003043/000010 RDP start date 01.12.2025: pricing failed,CMM_VLOGP,029,52003043,000010,01.12.2025,
00505684390C1FE181FE53515A35E889,Root Document 51000419 is locked,CMM_VLOGP,040,51000419,000010,01.02.2025,
00505684390C1FE181FE539B75270889,Root Document 51000420 is locked,CMM_VLOGP,040,51000420,000010,01.02.2025,
00505684390C1FE181FE53C2EBEC2889,Root Document 51000421 is locked,CMM_VLOGP,040,51000421,000010,01.02.2025,
00505684390C1FE181FE53C449642889,Pricing error 52003044/000010 RDP start date 01.12.2025: pricing failed,CMM_VLOGP,029,52003044,000010,01.12.2025,
00505684390C1FE181FE5D73EE5BE889,Sales document 51000436 is currently being processed by Prasad AV(ATA).,V1,042,51000436,Prasad AV(ATA),,
00505684390C1FE181FE5F4D8EA14889,Root Document 52003253 is locked,CMM_VLOGP,040,52003253,000010,01.03.2025,
00505684390C1FE181FE60258D8F8889,Root Document 52003301 is locked,CMM_VLOGP,040,52003301,000010,01.03.2025,
00505684390C1FE181FE676CDF7F4889,Root Document 52003360 is locked,CMM_VLOGP,040,52003360,000010,01.03.2025,
00505684390C1FE181FE68EA9A7A8889,Root Document 52003367 is locked,CMM_VLOGP,040,52003367,000010,01.01.2025,
00505684390C1FE181FE6B4D4FADC889,Root Document 52003380 is locked,CMM_VLOGP,040,52003380,000010,01.01.2025,
00505684390C1FE181FE6FB1BD306889,Root Document 52003405 is locked,CMM_VLOGP,040,52003405,000010,01.04.2025,
00505684390C1FE181FE716863B64889,Root Document 52003422 is locked,CMM_VLOGP,040,52003422,000010,01.03.2025,
00505684390C1FE181FE7641EC722889,Pricing error 52003446/000010 RDP start date 01.03.2025: pricing failed,CMM_VLOGP,029,52003446,000010,01.03.2025,
00505684390C1FE181FE77BF74D14889,Pricing error 52003453/000010 RDP start date 01.03.2025: pricing failed,CMM_VLOGP,029,52003453,000010,01.03.2025,
00505684390C1FE181FE7DD9235D0889,Pricing error 52003489/000010 RDP start date 01.12.2025: pricing failed,CMM_VLOGP,029,52003489,000010,01.12.2025,
00505684390C1FE181FE7E59FFC96889,Pricing error 52003492/000010 RDP start date 01.12.2025: pricing failed,CMM_VLOGP,029,52003492,000010,01.12.2025,
00505684390C1FE181FE8008B30BC889,Sales document 51000484 is currently being processed by Prasad AV(ATA).,V1,042,51000484,Prasad AV(ATA),,
00505684390C1FE181FE810DD3D9E889,Pricing error 52003511/000010 RDP start date 01.12.2025: pricing failed,CMM_VLOGP,029,52003511,000010,01.12.2025,
00505684390C1FE181FE834CD40B8889,Pricing error 52003617/000010 RDP start date 01.07.2025: pricing failed,CMM_VLOGP,029,52003617,000010,01.07.2025,
00505684390C1FE181FE83737E14C889,Pricing error 52003618/000010 RDP start date 01.07.2025: pricing failed,CMM_VLOGP,029,52003618,000010,01.07.2025,
00505684390C1FE181FE88236933A889,Pricing error 64002102/000010 RDP start date 15.02.2026: pricing failed,CMM_VLOGP,029,64002102,000010,15.02.2026,
00505684390C1FE181FE8848DA6A4889,Error in getting price for material NAP0101 and plant,CMM_VLOGP,022,NAP0101,,,
00505684390C1FE181FE8BA3D65C0889,Pricing error 52003703/000010 RDP start date 01.12.2025: pricing failed,CMM_VLOGP,029,52003703,000010,01.12.2025,
00505684390C1FE181FE8F277D2EE889,Pricing error 52003761/000010 RDP start date 01.11.2025: pricing failed,CMM_VLOGP,029,52003761,000010,01.11.2025,
00505684390C1FE181FE8F97F16FE889,Pricing error 52003764/000010 RDP start date 01.10.2025: pricing failed,CMM_VLOGP,029,52003764,000010,01.10.2025,
00505684390C1FE181FE95654D310889,Pricing error 52003837/000010 RDP start date 01.12.2025: pricing failed,CMM_VLOGP,029,52003837,000010,01.12.2025,
00505684390C1FE181FEA035ADA9C889,Pricing error 64001737/000010 RDP start date 01.03.2025: pricing failed,CMM_VLOGP,029,64001737,000010,01.03.2025,
00505684390C1FE181FEA0594875A889,Pricing error 64001755/000010 RDP start date 01.03.2025: pricing failed,CMM_VLOGP,029,64001755,000010,01.03.2025,
00505684390C1FE181FEA083B4800889,Pricing error 64001756/000010 RDP start date 01.03.2025: pricing failed,CMM_VLOGP,029,64001756,000010,01.03.2025,
00505684390C1FE181FEA0A77E02A889,Pricing error 64001757/000010 RDP start date 01.03.2025: pricing failed,CMM_VLOGP,029,64001757,000010,01.03.2025,
00505684390C1FE181FEA83FCBD90889,Pricing error 64001845/000010 RDP start date 01.05.2025: pricing failed,CMM_VLOGP,029,64001845,000010,01.05.2025,
00505684390C1FE181FED0DB2C05E889,Pricing error 64001970/000010 RDP start date 01.08.2025: pricing failed,CMM_VLOGP,029,64001970,000010,01.08.2025,
00505684390C1FE181FED1007AD64889,Pricing error 64002008/000010 RDP start date 01.05.2025: pricing failed,CMM_VLOGP,029,64002008,000010,01.05.2025,
00505684390C1FE181FED8F887E1A889,Root Document 64001659 is locked,CMM_VLOGP,040,64001659,000010,01.02.2025,
00505684390C1FE181FEDBD7E057E889,Root Document 64001743 is locked,CMM_VLOGP,040,64001743,000010,01.02.2025,
00505684390C1FE181FEDBF91E952889,Root Document 64001744 is locked,CMM_VLOGP,040,64001744,000010,25.03.2025,
00505684390C1FE181FEDC1A53A9A889,Pricing error 64001748/000010 RDP start date 01.03.2025: pricing failed,CMM_VLOGP,029,64001748,000010,01.03.2025,
00505684390C1FE181FEDC3FC4368889,Pricing error 64001761/000010 RDP start date 01.03.2025: pricing failed,CMM_VLOGP,029,64001761,000010,01.03.2025,
00505684390C1FE181FEDD37DC442889,Pricing error 64001805/000020 RDP start date 01.04.2025: pricing failed,CMM_VLOGP,029,64001805,000020,01.04.2025,
00505684390C1FE181FEE8424F24A889,Root Document 64001991 is locked,CMM_VLOGP,040,64001991,000010,01.01.2025,
00505684390C1FE181FEE9F5D4F0C889,Root Document 64002007 is locked,CMM_VLOGP,040,64002007,000010,25.03.2025,
00505684390C1FE181FEEAB45B8FA889,Pricing error 64002016/000010 RDP start date 01.09.2025: pricing failed,CMM_VLOGP,029,64002016,000010,01.09.2025,
00505684390C1FE182865F372AA30889,Error in getting price for material NAP0110 and plant,CMM_VLOGP,022,NAP0110,,,
00505684390C1FE18287322CF294A889,Error in getting price for material NAP0110 and plant,CMM_VLOGP,022,NAP0110,,,
00505684390C1FE18287A4633046A889,Pricing error 52003922/000010 RDP start date 01.01.2026: pricing failed,CMM_VLOGP,029,52003922,000010,01.01.2026,
00505684390C1FE18287B04E0CBFA889,Error in getting price for material NAP0110 and plant,CMM_VLOGP,022,NAP0110,,,
00505684390C1FE18287BFC57CB98889,Price determination: MtM condition ZMP1 is not active for item 000010,CMM_VLOGP,045,ZMP1,000010,,
00505684390C1FE18287C03B0FEEC889,Price determination: MtM condition ZMP1 is not active for item 000010,CMM_VLOGP,045,ZMP1,000010,,
00505684390C1FE18287C08F90FE8889,Price determination: MtM condition ZMP1 is not active for item 000010,CMM_VLOGP,045,ZMP1,000010,,
00505684390C1FE182E07CA029994889,Price determination: MtM condition ZMP1 is not active for item 000010,CMM_VLOGP,045,ZMP1,000010,,
00505684390C1FE182E2C5436F66A889,Price determination: MtM condition ZMPI is not active for item 000010,CMM_VLOGP,045,ZMPI,000010,,
00505684390C1FE182E336E7F1840889,Price determination: MtM condition ZOCP is not active for item 000010,CMM_VLOGP,045,ZOCP,000010,,
00505684390C1FE182E39CBD60048889,Price determination: MtM condition ZOCP is not active for item 000010,CMM_VLOGP,045,ZOCP,000010,,
00505684390C1FE182E8D70F03D7A889,Price determination: MtM condition ZMP1 is not active for item 000010,CMM_VLOGP,045,ZMP1,000010,,
00505684390C1FE182E97171CCCAA889,Price determination: MtM condition ZMP1 is not active for item 000010,CMM_VLOGP,045,ZMP1,000010,,
00505684390C1FE182EB13D3D9454889,Price determination: MtM condition ZOCP is not active for item 000010,CMM_VLOGP,045,ZOCP,000010,,
00505684390C1FE182F09C8C2BD70889,Price determination: MtM condition ZRP1 is not active for item 000010,CMM_VLOGP,045,ZRP1,000010,,
00505684390C1FE182F115DAE3722889,Price determination: MtM condition ZRP1 is not active for item 000010,CMM_VLOGP,045,ZRP1,000010,,
00505684390C1FE182F91935AD156889,Error in getting price for material MET0100 and plant,CMM_VLOGP,022,MET0100,,,
00505684390C1FE182F9A81D8067E889,Price determination: MtM condition ZMPI is not active for item 000010,CMM_VLOGP,045,ZMPI,000010,,
00505684390C1FE182FACDF6E7EFC889,Pricing error 52003926/000010 RDP start date 01.02.2026: pricing failed,CMM_VLOGP,029,52003926,000010,01.02.2026,
00505684390C1FE182FB5A4F2C702889,Price determination: MtM condition ZMP1 is not active for item 000010,CMM_VLOGP,045,ZMP1,000010,,
00505684390C1FE182FD1EA7E026C889,Root Document 64001634 is locked,CMM_VLOGP,040,64001634,000010,01.01.2025,
00505684390C1FE182FD201231AE4889,Pricing error 64001791/000010 RDP start date 01.04.2025: pricing failed,CMM_VLOGP,029,64001791,000010,01.04.2025,
00505684390C1FE182FD2130D14F2889,Pricing error 64001825/000010 RDP start date 01.05.2025: pricing failed,CMM_VLOGP,029,64001825,000010,01.05.2025,
00505684390C1FE182FD2464DCFA8889,Pricing error 64002004/000010 RDP start date 01.10.2025: pricing failed,CMM_VLOGP,029,64002004,000010,01.10.2025,
00505684390C1FE182FD25235ECD8889,Pricing error 64002028/000010 RDP start date 01.09.2025: pricing failed,CMM_VLOGP,029,64002028,000010,01.09.2025,
00505684390C1FE182FD26425AC3A889,Pricing error 64002040/000010 RDP start date 01.10.2025: pricing failed,CMM_VLOGP,029,64002040,000010,01.10.2025,
00505684390C1FE182FD267282FBE889,Price determination: MtM condition VPRS is not active for item 000010,CMM_VLOGP,045,VPRS,000010,,
00505684390C1FE182FD28F6275AE889,Sales document 51000491 is currently being processed by Prasad AV(ATA).,V1,042,51000491,Prasad AV(ATA),,
00505684390C1FE18380BF275470C889,Root Document 330002396 is locked,CMM_VLOGP,040,330002396,00010,01.01.2026,
00505684390C1FE183822D6DF309C889,Root Document 64002111 is locked,CMM_VLOGP,040,64002111,000010,14.01.2026,
00505684390C1FE18382475719694889,Pricing error 64002112/000010 RDP start date 20.02.2026: pricing failed,CMM_VLOGP,029,64002112,000010,20.02.2026,
00505684390C1FE183831DB85D590889,Pricing error 52003928/000010 RDP start date 01.01.2026: pricing failed,CMM_VLOGP,029,52003928,000010,01.01.2026,
00505684390C1FE18383272615D44889,Pricing error 52003929/000010 RDP start date 01.01.2026: pricing failed,CMM_VLOGP,029,52003929,000010,01.01.2026,
00505684390C1FE183872E52DBB5E889,Price determination: MtM condition ZRP1 is not active for item 000010,CMM_VLOGP,045,ZRP1,000010,,
00505684390C1FE18395F450AF236889,Price determination: MtM condition ZOCP is not active for item 000010,CMM_VLOGP,045,ZOCP,000010,,
00505684390C1FE183A12BA131756889,Price determination: MtM condition ZRP1 is not active for item 000010,CMM_VLOGP,045,ZRP1,000010,,
00505684390C1FE183A13F398E976889,Price determination: MtM condition ZRP1 is not active for item 000010,CMM_VLOGP,045,ZRP1,000010,,
00505684390C1FE183B5A43B18F2A889,Price determination: MtM condition ZRP1 is not active for item 000010,CMM_VLOGP,045,ZRP1,000010,,
00505684390C1FE183B7AA103859A889,Price determination: MtM condition ZMP1 is not active for item 000010,CMM_VLOGP,045,ZMP1,000010,,
00505684390C1FE183B9CE42C6502889,Price determination: MtM condition ZMP1 is not active for item 000010,CMM_VLOGP,045,ZMP1,000010,,
00505684390C1FE183B9D37910EBE889,Price determination: MtM condition ZMP1 is not active for item 000010,CMM_VLOGP,045,ZMP1,000010,,
00505684390C1FE183B9D9C52B136889,Price determination: MtM condition ZMP1 is not active for item 000010,CMM_VLOGP,045,ZMP1,000010,,
00505684390C1FE183B9DD0446F3E889,Price determination: MtM condition ZMP1 is not active for item 000010,CMM_VLOGP,045,ZMP1,000010,,
00505684390C1FE183B9E030F32A2889,Price determination: MtM condition ZMP1 is not active for item 000010,CMM_VLOGP,045,ZMP1,000010,,
00505684390C1FE183BA232790C1E889,Price determination: MtM condition ZMP1 is not active for item 000010,CMM_VLOGP,045,ZMP1,000010,,
00505684390C1FE183BA5A14E4900889,Price determination: MtM condition ZRP1 is not active for item 000010,CMM_VLOGP,045,ZRP1,000010,,
00505684390C1FE183C4FD344EC5C889,Error in getting price for material ARM0100 and plant,CMM_VLOGP,022,ARM0100,,,
00505684390C1FE183C518B17633A889,Error in getting price for material REFCYCL01 and plant,CMM_VLOGP,022,REFCYCL01,,,
00505684390C1FE183C596D3B0B02889,Pricing error 64001670/000010 RDP start date 01.02.2025: pricing failed,CMM_VLOGP,029,64001670,000010,01.02.2025,
00505684390C1FE183C82CE275170889,Pricing error 52003951/000010 RDP start date 01.01.2026: pricing failed,CMM_VLOGP,029,52003951,000010,01.01.2026,
00505684390C1FE183C84423772F2889,Pricing error 52003952/000010 RDP start date 01.01.2026: pricing failed,CMM_VLOGP,029,52003952,000010,01.01.2026,
00505684390C1FE183C8BC3E954B4889,Pricing error 64001676/000010 RDP start date 01.02.2025: pricing failed,CMM_VLOGP,029,64001676,000010,01.02.2025,
00505684390C1FE183C8BC61DFAB6889,Pricing error 64001675/000010 RDP start date 01.02.2025: pricing failed,CMM_VLOGP,029,64001675,000010,01.02.2025,
00505684390C1FE183C8BC7F9B328889,Pricing error 64001672/000010 RDP start date 01.02.2025: pricing failed,CMM_VLOGP,029,64001672,000010,01.02.2025,
00505684390C1FE183C8BC9FCEDD8889,Pricing error 64001671/000010 RDP start date 01.02.2025: pricing failed,CMM_VLOGP,029,64001671,000010,01.02.2025,
00505684390C1FE183C8BCE7C001A889,Pricing error 64001574/000010 RDP start date 15.01.2025: pricing failed,CMM_VLOGP,029,64001574,000010,15.01.2025,
00505684390C1FE183C8BCEC58938889,Pricing error 64001573/000010 RDP start date 15.01.2025: pricing failed,CMM_VLOGP,029,64001573,000010,15.01.2025,
00505684390C1FE183C8BCEC58958889,Pricing error 64001572/000010 RDP start date 15.01.2025: pricing failed,CMM_VLOGP,029,64001572,000010,15.01.2025,
00505684390C1FE183C8BD108CF72889,Pricing error 64001535/000010 RDP start date 03.01.2025: pricing failed,CMM_VLOGP,029,64001535,000010,03.01.2025,
00505684390C1FE183CEE2B0B3DCC889,Price determination: MtM condition ZMP1 is not active for item 000010,CMM_VLOGP,045,ZMP1,000010,,
00505684390C1FE183E7BEDE4FFD0889,connection closed (no data),,000,,,,
00505684390C1FE18490DC43E591488B,Price determination: MtM condition ZOCP is not active for item 000010,CMM_VLOGP,045,ZOCP,000010,,
00505684390C1FE1849B42349541C88B,Price determination: MtM condition ZRP1 is not active for item 000010,CMM_VLOGP,045,ZRP1,000010,,
00505684390C1FE1849EFF752344C88B,Document  is incomplete so billing cannot be carried out.,VF,069,,,,
00505684390C1FE184BBFD14150F288D,Price determination: MtM condition ZLAB is not active for item 000010,CMM_VLOGP,045,ZLAB,000010,,
00505684390C1FE184BC2601D1D3888D,Price determination: MtM condition ZLAB is not active for item 000010,CMM_VLOGP,045,ZLAB,000010,,
00505684390C1FE184C826047784E88D,Error in getting price for material CRUKEAR01 and plant,CMM_VLOGP,022,CRUKEAR01,,,
00505684390C1FE184C9C2D66689E88D,Price determination: MtM condition ZCMI is not active for item 000010,CMM_VLOGP,045,ZCMI,000010,,
00505684390C1FE184DD0BD636D5288D,Root Document 620000116 is locked,CMM_VLOGP,040,620000116,00010,02/01/2026,
00505684390C1FE184E12CF938FBE88D,Price determination: MtM condition ZMP1 is not active for item 000010,CMM_VLOGP,045,ZMP1,000010,,
00505684390C1FE184E12D234D3D488D,Price determination: MtM condition ZMP1 is not active for item 000010,CMM_VLOGP,045,ZMP1,000010,,
00505684390C1FE184E1360D71F9688D,Price determination: MtM condition ZCMI is not active for item 000010,CMM_VLOGP,045,ZCMI,000010,,
00505684390C1FE184E143C1B864288D,Pricing error 52003970/000010 RDP start date 02/01/2026: pricing failed,CMM_VLOGP,029,52003970,000010,02/01/2026,
00505684390C1FE184E3ED92C396E88D,Price determination: MtM condition ZMPI is not active for item 000010,CMM_VLOGP,045,ZMPI,000010,,
00505684390C1FE184E41BCBA8E6488D,Pricing error 64001335/000010 RDP start date 01.09.2024: pricing failed,CMM_VLOGP,029,64001335,000010,01.09.2024,
00505684390C1FE184E4BA105C02088D,Pricing error 64001531/000010 RDP start date 16.12.2024: pricing failed,CMM_VLOGP,029,64001531,000010,16.12.2024,
00505684390C1FE184E53210240D888D,Root Document 64001226 is locked,CMM_VLOGP,040,64001226,000010,15.08.2024,
00505684390C1FE184E597AD4352888D,Pricing error 52003257/000010 RDP start date 01.02.2025: pricing failed,CMM_VLOGP,029,52003257,000010,01.02.2025,
00505684390C1FE184E6957FD76CE88D,Pricing error 64001426/000010 RDP start date 16.12.2024: pricing failed,CMM_VLOGP,029,64001426,000010,16.12.2024,
00505684390C1FE184E697BC9AA4288D,Pricing error 64001515/000010 RDP start date 16.12.2024: pricing failed,CMM_VLOGP,029,64001515,000010,16.12.2024,
00505684390C1FE184E6993A40F6288D,Pricing error 64001474/000010 RDP start date 16.12.2024: pricing failed,CMM_VLOGP,029,64001474,000010,16.12.2024,
00505684390C1FE184E6A659B4B0688D,Pricing error 64001785/000040 RDP start date 01.02.2025: pricing failed,CMM_VLOGP,029,64001785,000040,01.02.2025,
00505684390C1FE184E6A67E9CF9288D,Pricing error 64001784/000040 RDP start date 01.02.2025: pricing failed,CMM_VLOGP,029,64001784,000040,01.02.2025,
00505684390C1FE184E6A6A2C16B088D,Pricing error 64001740/000010 RDP start date 16.12.2024: pricing failed,CMM_VLOGP,029,64001740,000010,16.12.2024,
00505684390C1FE184E6BBA57540E88D,Pricing error 64001669/000010 RDP start date 01.02.2025: pricing failed,CMM_VLOGP,029,64001669,000010,01.02.2025,
00505684390C1FE184E6BBF1C331288D,Pricing error 64001637/000010 RDP start date 01.01.2025: pricing failed,CMM_VLOGP,029,64001637,000010,01.01.2025,
00505684390C1FE184E6BC3EB0C8A88D,Pricing error 64001712/000010 RDP start date 01.02.2025: pricing failed,CMM_VLOGP,029,64001712,000010,01.02.2025,
00505684390C1FE184E6BE9452FC088D,Pricing error 64001597/000010 RDP start date 01.01.2025: pricing failed,CMM_VLOGP,029,64001597,000010,01.01.2025,
00505684390C1FE184E6BEC99E4CC88D,Pricing error 64001598/000010 RDP start date 01.01.2025: pricing failed,CMM_VLOGP,029,64001598,000010,01.01.2025,
00505684390C1FE184E6BF399E52488D,Pricing error 64001553/000010 RDP start date 03.01.2025: pricing failed,CMM_VLOGP,029,64001553,000010,03.01.2025,
00505684390C1FE184F4820301FA088D,Price determination: MtM condition ZOCP is not active for item 000010,CMM_VLOGP,045,ZOCP,000010,,
00505684390C1FE184F4B323993F288D,Price determination: MtM condition ZPLI is not active for item 000010,CMM_VLOGP,045,ZPLI,000010,,
00505684390C1FE184F4C3349E89288D,Error in getting price for material CRUKEAR01 and plant,CMM_VLOGP,022,CRUKEAR01,,,
00505684390C1FE184F518567FBB288D,Price determination: MtM condition ZCMI is not active for item 000010,CMM_VLOGP,045,ZCMI,000010,,
00505684390C1FE184F72CDDC0BA888D,Error in getting price for material CRUKEAR01 and plant,CMM_VLOGP,022,CRUKEAR01,,,
00505684390C1FE184F77F573527088D,Error in getting price for material CRUKEAR01 and plant,CMM_VLOGP,022,CRUKEAR01,,,
00505684390C1FE184F795765B2B088D,Error in getting price for material CRUKEAR01 and plant,CMM_VLOGP,022,CRUKEAR01,,,
00505684390C1FE184F8D9CCAF4AA88D,Root Document 620000124 is locked,CMM_VLOGP,040,620000124,00010,01.02.2026,
00505684390C1FE184F8F598EFA5E88D,Root Document 620000125 is locked,CMM_VLOGP,040,620000125,00010,01.02.2026,
00505684390C1FE184F907378794C88D,Price determination: MtM condition ZOCP is not active for item 000010,CMM_VLOGP,045,ZOCP,000010,,
00505684390C1FE185835B97D762A88D,Root Document 64002139 is locked,CMM_VLOGP,040,64002139,000010,01/01/2026,
00505684390C1FE185852A7F8A70288D,Root Document 340003816 is locked,CMM_VLOGP,040,340003816,00010,01/01/2026,
00505684390C1FE1858C1078B0D0088D,Price determination: MtM condition VPRS is not active for item 000010,CMM_VLOGP,045,VPRS,000010,,
00505684390C1FE1858C14F4B539488D,Price determination: MtM condition ZCMI is not active for item 000010,CMM_VLOGP,045,ZCMI,000010,,
00505684390C1FE1858FEF5EFE68688D,Sales document 52003119 is currently being processed by Prasad AV(ATA).,V1,042,52003119,Prasad AV(ATA),,
00505684390C1FE1858FF361D90F488D,Price determination: MtM condition VPRS is not active for item 000010,CMM_VLOGP,045,VPRS,000010,,
00505684390C1FE1858FF671C2B0088D,No commodity pricing formula could be found for document 5800003760,CMM_ANALYTICS,003,5800003760,,,
00505684390C1FE1858FF7F2D684A88D,Price determination: MtM condition ZMP1 is not active for item 000010,CMM_VLOGP,045,ZMP1,000010,,
00505684390C1FE1858FF93B4254288D,Price determination: MtM condition ZCMI is not active for item 000010,CMM_VLOGP,045,ZCMI,000010,,
00505684390C1FE185C7528F44F7288E,Price determination: MtM condition ZCMI is not active for item 000010,CMM_VLOGP,045,ZCMI,000010,,
00505684390C1FE185C7BC483B7B288E,Price determination: MtM condition ZCMI is not active for item 000010,CMM_VLOGP,045,ZCMI,000010,,
00505684390C1FE185DB3A898F9EA88E,Pricing error 64002141/000010 RDP start date 01.05.2026: pricing failed,CMM_VLOGP,029,64002141,000010,01.05.2026,
00505684390C1FE185DF9BC0D68B088F,Price determination: MtM condition ZCMI is not active for item 000010,CMM_VLOGP,045,ZCMI,000010,,
00505684390C1FE185E2D4ADCFD5A88F,Price determination: MtM condition ZCMI is not active for item 000010,CMM_VLOGP,045,ZCMI,000010,,
00505684390C1FE185E2F351D952088F,Price determination: MtM condition ZMP1 is not active for item 000010,CMM_VLOGP,045,ZMP1,000010,,
00505684390C1FE1868088172E17C88F,Price determination: MtM condition ZRP1 is not active for item 000010,CMM_VLOGP,045,ZRP1,000010,,
00505684390C1FE186971D92EF3B888F,Price determination: MtM condition ZMPI is not active for item 000010,CMM_VLOGP,045,ZMPI,000010,,
00505684390C1FE186971F029886E88F,Price determination: MtM condition ZMPI is not active for item 000010,CMM_VLOGP,045,ZMPI,000010,,
00505684390C1FE1869720ACBC52488F,Pricing error 55000105/000010 RDP start date 01.11.2025: pricing failed,CMM_VLOGP,029,55000105,000010,01.11.2025,
00505684390C1FE1869726AF6965088F,Pricing error 52003731/000010 RDP start date 01.08.2025: pricing failed,CMM_VLOGP,029,52003731,000010,01.08.2025,
00505684390C1FE1869727A9AB4CC88F,Pricing error 52003770/000010 RDP start date 01.10.2025: pricing failed,CMM_VLOGP,029,52003770,000010,01.10.2025,
00505684390C1FE1869728071DC6288F,Pricing error 52003788/000010 RDP start date 01.10.2025: pricing failed,CMM_VLOGP,029,52003788,000010,01.10.2025,
00505684390C1FE1869728071DD1288F,Pricing error 52003789/000010 RDP start date 01.10.2025: pricing failed,CMM_VLOGP,029,52003789,000010,01.10.2025,
00505684390C1FE186972854672BE88F,Pricing error 52003794/000010 RDP start date 01.10.2025: pricing failed,CMM_VLOGP,029,52003794,000010,01.10.2025,
00505684390C1FE18697287945CFC88F,Pricing error 52003795/000010 RDP start date 01.10.2025: pricing failed,CMM_VLOGP,029,52003795,000010,01.10.2025,
00505684390C1FE1869728C3AC72E88F,Pricing error 52003800/000010 RDP start date 01.10.2025: pricing failed,CMM_VLOGP,029,52003800,000010,01.10.2025,
00505684390C1FE1869728D83D2A688F,Pricing error 52003807/000010 RDP start date 01.11.2025: pricing failed,CMM_VLOGP,029,52003807,000010,01.11.2025,
00505684390C1FE1869729AA6584C88F,Pricing error 52003844/000010 RDP start date 01.11.2025: pricing failed,CMM_VLOGP,029,52003844,000010,01.11.2025,
00505684390C1FE186972AB13E61488F,Pricing error 52003866/000010 RDP start date 01.11.2025: pricing failed,CMM_VLOGP,029,52003866,000010,01.11.2025,
00505684390C1FE186972BC7F768A88F,Pricing error 52003868/000010 RDP start date 01.12.2025: pricing failed,CMM_VLOGP,029,52003868,000010,01.12.2025,
00505684390C1FE186972E23CAA5E88F,Pricing error 52003910/000010 RDP start date 01.10.2025: pricing failed,CMM_VLOGP,029,52003910,000010,01.10.2025,
00505684390C1FE186973146B8E7288F,Pricing error 52003930/000010 RDP start date 01.12.2025: pricing failed,CMM_VLOGP,029,52003930,000010,01.12.2025,
00505684390C1FE186973194F2D0888F,Pricing error 52003931/000010 RDP start date 01.12.2025: pricing failed,CMM_VLOGP,029,52003931,000010,01.12.2025,
00505684390C1FE1869747F427E9A88F,Pricing error 55000104/000010 RDP start date 01.11.2025: pricing failed,CMM_VLOGP,029,55000104,000010,01.11.2025,
00505684390C1FE186974D47DC32288F,Pricing error 64002048/000010 RDP start date 01.09.2025: pricing failed,CMM_VLOGP,029,64002048,000010,01.09.2025,
00505684390C1FE186974E1C72CDA88F,Pricing error 64002105/000010 RDP start date 25.02.2026: pricing failed,CMM_VLOGP,029,64002105,000010,25.02.2026,
00505684390C1FE186974E9EB5A6088F,Pricing error 64002119/000010 RDP start date 25.02.2026: pricing failed,CMM_VLOGP,029,64002119,000010,25.02.2026,
00505684390C1FE18697524BBC28488F,Pricing error 67000677/000010 RDP start date 01.12.2025: pricing failed,CMM_VLOGP,029,67000677,000010,01.12.2025,
00505684390C1FE18697B61C439CA88F,Root Document 52000039 is locked,CMM_VLOGP,040,52000039,000010,05.03.2026,
00505684390C1FE18699A7CE223E888F,Price determination: MtM condition ZMPA is not active for item 000010,CMM_VLOGP,045,ZMPA,000010,,
00505684390C1FE186A33BC2156DC88F,Price determination: MtM condition ZMPI is not active for item 000010,CMM_VLOGP,045,ZMPI,000010,,
00505684390C1FE186AFD0A0B062488F,Pricing error 64002011/000020 RDP start date 01.09.2025: pricing failed,CMM_VLOGP,029,64002011,000020,01.09.2025,
00505684390C1FE186BF6CB9B13CC88F,Error in getting price for material GAS1000 and plant,CMM_VLOGP,022,GAS1000,,,
00505684390C1FE186BF6D084D2AA88F,Error in getting price for material GAS1000 and plant,CMM_VLOGP,022,GAS1000,,,
00505684390C1FE186BF6D40400CC88F,Error in getting price for material GAS1000 and plant,CMM_VLOGP,022,GAS1000,,,
00505684390C1FE186BF6DAF9D3DE88F,Error in getting price for material GAS1000 and plant,CMM_VLOGP,022,GAS1000,,,
00505684390C1FE186BF6DB5A468288F,Error in getting price for material NAP0110 and plant,CMM_VLOGP,022,NAP0110,,,
00505684390C1FE186BF6DEA5C4CA88F,Error in getting price for material GAS1000 and plant,CMM_VLOGP,022,GAS1000,,,
00505684390C1FE186BF6E3E1847088F,Error in getting price for material NAP0110 and plant,CMM_VLOGP,022,NAP0110,,,
00505684390C1FE186BF6E5E8D9A488F,Error in getting price for material GAS1000 and plant,CMM_VLOGP,022,GAS1000,,,
00505684390C1FE186BF6F410482688F,Error in getting price for material GAS1000 and plant,CMM_VLOGP,022,GAS1000,,,
00505684390C1FE186BF6F8FC5A0688F,Error in getting price for material NAP0110 and plant,CMM_VLOGP,022,NAP0110,,,
00505684390C1FE186BF703E1967E88F,Error in getting price for material GAS1000 and plant,CMM_VLOGP,022,GAS1000,,,
00505684390C1FE186BF704C7D47888F,Error in getting price for material NAP0110 and plant,CMM_VLOGP,022,NAP0110,,,
00505684390C1FE186BF71444A1A688F,Error in getting price for material NAP0110 and plant,CMM_VLOGP,022,NAP0110,,,
00505684390C1FE186BF7691DEC3688F,Error in getting price for material NAP0110 and plant,CMM_VLOGP,022,NAP0110,,,
00505684390C1FE186BF81576FCD088F,Error in getting price for material NAP0110 and plant,CMM_VLOGP,022,NAP0110,,,
00505684390C1FE186BF83D3506D688F,Error in getting price for material NAP0110 and plant,CMM_VLOGP,022,NAP0110,,,
00505684390C1FE186BF840F09A1E88F,Error in getting price for material MSP0130 and plant,CMM_VLOGP,022,MSP0130,,,
00505684390C1FE186BF8421C0DB888F,Error in getting price for material MSP0130 and plant,CMM_VLOGP,022,MSP0130,,,
00505684390C1FE186BF8457A760288F,Error in getting price for material MSP0130 and plant,CMM_VLOGP,022,MSP0130,,,
00505684390C1FE186BF8485AD80A88F,Error in getting price for material MSP0130 and plant,CMM_VLOGP,022,MSP0130,,,
00505684390C1FE186BF852923DB688F,Error in getting price for material NAP0110 and plant,CMM_VLOGP,022,NAP0110,,,
00505684390C1FE186BF8715E4D5E88F,Error in getting price for material NAP0110 and plant,CMM_VLOGP,022,NAP0110,,,
00505684390C1FE186BF9865E0A1688F,Error in getting price for material GAS1000 and plant,CMM_VLOGP,022,GAS1000,,,
00505684390C1FE186BFA24F3FDCA88F,Price determination: MtM condition ZMP1 is not active for item 000010,CMM_VLOGP,045,ZMP1,000010,,
00505684390C1FE186BFA29B0E4D488F,Price determination: MtM condition ZMP1 is not active for item 000010,CMM_VLOGP,045,ZMP1,000010,,
00505684390C1FE186BFA2F86A34088F,Price determination: MtM condition ZMP1 is not active for item 000010,CMM_VLOGP,045,ZMP1,000010,,
00505684390C1FE186BFA37BAE85888F,Price determination: MtM condition ZMP1 is not active for item 000010,CMM_VLOGP,045,ZMP1,000010,,
00505684390C1FE186BFA3E25808088F,Price determination: MtM condition ZMPI is not active for item 000010,CMM_VLOGP,045,ZMPI,000010,,
00505684390C1FE186BFA7F3FBFA688F,Price determination: MtM condition ZMPI is not active for item 000010,CMM_VLOGP,045,ZMPI,000010,,
00505684390C1FE186BFC02E6962288F,Price determination: MtM condition ZMPI is not active for item 000010,CMM_VLOGP,045,ZMPI,000010,,
00505684390C1FE186BFC0FFBACC688F,Price determination: MtM condition ZMPI is not active for item 000010,CMM_VLOGP,045,ZMPI,000010,,
00505684390C1FE186C01674396D088F,Sales document 58000076 is currently being processed by EOD_BATCH.,V1,042,58000076,EOD_BATCH,,
00505684390C1FE186C02B53DC4EE88F,Price determination: MtM condition ZMPI is not active for item 000010,CMM_VLOGP,045,ZMPI,000010,,
00505684390C1FE186C05998B949488F,Price determination: MtM condition ZMPI is not active for item 000010,CMM_VLOGP,045,ZMPI,000010,,
00505684390C1FE186C1E94D120CE88F,Price determination: MtM condition ZCMI is not active for item 000010,CMM_VLOGP,045,ZCMI,000010,,
00505684390C1FE186C1E964B72F688F,Price determination: MtM condition ZMPI is not active for item 000010,CMM_VLOGP,045,ZMPI,000010,,
00505684390C1FE186D712A8C241E88F,Price determination: MtM condition ZOCP is not active for item 000010,CMM_VLOGP,045,ZOCP,000010,,
00505684390C1FE186F4C6796CBA688F,Price determination: MtM condition ZMP1 is not active for item 000010,CMM_VLOGP,045,ZMP1,000010,,
00505684390C1FE186F55D968296A88F,Price determination: MtM condition ZMP1 is not active for item 000010,CMM_VLOGP,045,ZMP1,000010,,
00505684390C1FE186F8AE9F62C9688F,Division by 0 (type I or INT8),5W,170,01,US,0000100267,A208
00505684390C1FE186F8AE9F62CCC88F,Division by 0 (type I or INT8),5W,170,01,US,0000100267,A208
00505684390C1FE186F8AECCC11D688F,Division by 0 (type I or INT8),5W,170,01,US,0000100267,A208
00505684390C1FE186F8AEF1A707288F,Division by 0 (type I or INT8),5W,170,01,US,0000100267,A208
00505684390C1FE186F8AEF1A70A888F,Division by 0 (type I or INT8),5W,170,01,US,0000100267,A208
00505684390C1FE186F8AF17963FA88F,Division by 0 (type I or INT8),5W,170,01,US,0000100267,A208
00505684390C1FE186F8AF68E66D488F,Division by 0 (type I or INT8),5W,170,01,US,NAPHTHA,A208
00505684390C1FE186FB5BDAD2EF088F,Price determination: MtM condition ZMPI is not active for item 000010,CMM_VLOGP,045,ZMPI,000010,,
00505684390C1FE186FBBC1CF064C88F,Sales document 52001116 is currently being processed by EOD_BATCH.,V1,042,52001116,EOD_BATCH,,
00505684390C1FE187872038934E888F,Price determination: MtM condition ZMP1 is not active for item 000010,CMM_VLOGP,045,ZMP1,000010,,
00505684390C1FE18788A675630C288F,Pricing error 64002159/000010 RDP start date 03/03/2026: pricing failed,CMM_VLOGP,029,64002159,000010,03/03/2026,
00505684390C1FE1878931300D9C288F,Price determination: MtM condition ZMP1 is not active for item 000010,CMM_VLOGP,045,ZMP1,000010,,
00505684390C1FE1879318DB9F09A88F,Price determination: MtM condition ZRP1 is not active for item 000010,CMM_VLOGP,045,ZRP1,000010,,
00505684390C1FE18795A6DC98B8688F,Price determination: MtM condition ZMP1 is not active for item 000010,CMM_VLOGP,045,ZMP1,000010,,
00505684390C1FE187A5C1E06FC6C88F,Root Document 52003987 is locked,CMM_VLOGP,040,52003987,000010,03/01/2026,
00505684390C1FE187AD3695581DE88F,Pricing error 52003989/000010 RDP start date 01/06/2026: pricing failed,CMM_VLOGP,029,52003989,000010,01/06/2026,
00505684390C1FE187ADE750E625288F,Price determination: MtM condition ZCMI is not active for item 000010,CMM_VLOGP,045,ZCMI,000010,,
00505684390C1FE187BE35AC7D04088F,Pricing error 64002165/000010 RDP start date 01.04.2026: pricing failed,CMM_VLOGP,029,64002165,000010,01.04.2026,
00505684390C1FE187C2F744A1B5488F,Pricing error 64002167/000010 RDP start date 03.03.2026: pricing failed,CMM_VLOGP,029,64002167,000010,03.03.2026,
00505684390C1FE187C2F76DCE6CE88F,Error in getting price for material NAP0101 and plant,CMM_VLOGP,022,NAP0101,,,
00505684390C1FE187C37A3E112B888F,Pricing error 64002168/000010 RDP start date 01.09.2025: pricing failed,CMM_VLOGP,029,64002168,000010,01.09.2025,
00505684390C1FE187C399770A37888F,Pricing error 64002169/000010 RDP start date 03.03.2026: pricing failed,CMM_VLOGP,029,64002169,000010,03.03.2026,
00505684390C1FE187C399B56414C88F,Error in getting price for material NAP0101 and plant,CMM_VLOGP,022,NAP0101,,,
00505684390C1FE187C5D7F6059F088F,Error in getting price for material DSL0110 and plant,CMM_VLOGP,022,DSL0110,,,
00505684390C1FE187C8DDE2BDB90891,Price determination: MtM condition ZCMI is not active for item 000010,CMM_VLOGP,045,ZCMI,000010,,
00505684390C1FE187C9AF62C111C891,Price determination: MtM condition ZPLI is not active for item 000010,CMM_VLOGP,045,ZPLI,000010,,
00505684390C1FE187D805187AD94891,Pricing error 64002172/000010 RDP start date 26.02.2026: pricing failed,CMM_VLOGP,029,64002172,000010,26.02.2026,
00505684390C1FE187D8053BA4D48891,Error in getting price for material NAP0101 and plant,CMM_VLOGP,022,NAP0101,,,
00505684390C1FE187DA9DAF5FB02891,Error in getting price for material DSL0110 and plant,CMM_VLOGP,022,DSL0110,,,
00505684390C1FE187DCDF37184F8891,Price determination: MtM condition ZMP1 is not active for item 000010,CMM_VLOGP,045,ZMP1,000010,,
00505684390C1FE187DD008898042891,Price determination: MtM condition ZMP1 is not active for item 000010,CMM_VLOGP,045,ZMP1,000010,,
00505684390C1FE187DDA84B9B660891,Price determination: MtM condition ZPLI is not active for item 000010,CMM_VLOGP,045,ZPLI,000010,,
00505684390C1FE18893844EE995E891,Price determination: MtM condition ZCMI is not active for item 000010,CMM_VLOGP,045,ZCMI,000010,,
00505684390C1FE188A385D87D6F4891,Price determination: MtM condition ZMP1 is not active for item 000010,CMM_VLOGP,045,ZMP1,000010,,
00505684390C1FE188A72328E3CC8891,Price determination: MtM condition ZMP1 is not active for item 000010,CMM_VLOGP,045,ZMP1,000010,,
00505684390C1FE188A75E2F932DA891,Price determination: MtM condition ZCMI is not active for item 000010,CMM_VLOGP,045,ZCMI,000010,,
00505684390C1FE188A765DE05414891,Price determination: MtM condition ZCMI is not active for item 000010,CMM_VLOGP,045,ZCMI,000010,,
00505684390C1FE188A790C9D2178891,Price determination: MtM condition ZMP1 is not active for item 000010,CMM_VLOGP,045,ZMP1,000010,,
00505684390C1FE188A7A23BA1D76891,Price determination: MtM condition ZMP1 is not active for item 000010,CMM_VLOGP,045,ZMP1,000010,,
00505684390C1FE188A7C012429A4891,Price determination: MtM condition ZLAR is not active for item 000010,CMM_VLOGP,045,ZLAR,000010,,
00505684390C1FE188AA563B7D8C0891,Price determination: MtM condition ZRP1 is not active for item 000010,CMM_VLOGP,045,ZRP1,000010,,
00505684390C1FE188B5A04F2F8E0891,Price determination: MtM condition ZMP1 is not active for item 000010,CMM_VLOGP,045,ZMP1,000010,,
00505684390C1FE188BA990585164891,Price determination: MtM condition VPRS is not active for item 000010,CMM_VLOGP,045,VPRS,000010,,
00505684390C1FE188BC2F5EC91C2891,Price determination: MtM condition ZLAB is not active for item 000010,CMM_VLOGP,045,ZLAB,000010,,
00505684390C1FE188C7C21B3B900891,Price determination: MtM condition ZRP1 is not active for item 000010,CMM_VLOGP,045,ZRP1,000010,,
00505684390C1FE188D9D2BD2C65E891,Pricing error 52003673/000010 RDP start date 01.09.2025: pricing failed,CMM_VLOGP,029,52003673,000010,01.09.2025,
00505684390C1FE188DC2A516174C891,Price determination: MtM condition ZMP1 is not active for item 000010,CMM_VLOGP,045,ZMP1,000010,,
00505684390C1FE188EC9A3D04142891,Root Document 52004005 is locked,CMM_VLOGP,040,52004005,000010,01.03.2026,
00505684390C1FE188EE9B6581722891,Error in getting price for material JKR0200 and plant,CMM_VLOGP,022,JKR0200,,,
00505684390C1FE188EEEDF3D49E6891,Pricing error 52004006/000010 RDP start date 03/06/2026: pricing failed,CMM_VLOGP,029,52004006,000010,03/06/2026,
00505684390C1FE188F07CDB694F0891,Pricing error 58000081/000010 RDP start date 01.04.2026: pricing failed,CMM_VLOGP,029,58000081,000010,01.04.2026,
00505684390C1FE188F07D6AF7BF6891,Error in getting price for material CRULIGH01 and plant,CMM_VLOGP,022,CRULIGH01,,,
00505684390C1FE188F0A690A0442891,Pricing error 64002175/000010 RDP start date 01.04.2026: pricing failed,CMM_VLOGP,029,64002175,000010,01.04.2026,
00505684390C1FE188F2737543810891,Root Document 52004009 is locked,CMM_VLOGP,040,52004009,000010,01.03.2026,
00505684390C1FE18984A2A6F184E891,Price determination: MtM condition ZMP1 is not active for item 000010,CMM_VLOGP,045,ZMP1,000010,,
00505684390C1FE189929F3B0120A891,Price determination: MtM condition ZRP1 is not active for item 000010,CMM_VLOGP,045,ZRP1,000010,,
00505684390C1FE1899A0BBA50BC0891,Root Document 52004011 is locked,CMM_VLOGP,040,52004011,000010,03/01/2026,
00505684390C1FE189AFDD22915A4891,Price determination: MtM condition ZRP1 is not active for item 000010,CMM_VLOGP,045,ZRP1,000010,,
00505684390C1FE189D7047B32C42891,"Billing type ZIRE contains split crit. 1, n invoiced: , invoice not req.",VF,750,ZIRE,1,,
00505684390C1FE189E8C784E90FA891,Pricing error 64002176/000010 RDP start date 03/03/2026: pricing failed,CMM_VLOGP,029,64002176,000010,03/03/2026,
00505684390C1FE189E8C7957600C891,Error in getting price for material NAP0101 and plant,CMM_VLOGP,022,NAP0101,,,
00505684390C1FE189E8DFB67B870891,Error in getting price for material NAP0101 and plant,CMM_VLOGP,022,NAP0101,,,
00505684390C1FE189F4C187A817E891,Price determination: MtM condition ZMP1 is not active for item 000010,CMM_VLOGP,045,ZMP1,000010,,
00505684390C1FE18A82A249820A8891,Price determination: MtM condition ZMP1 is not active for item 000010,CMM_VLOGP,045,ZMP1,000010,,
00505684390C1FE18A8B60812AA30891,Root Document 340003849 is locked,CMM_VLOGP,040,340003849,00010,01.03.2026,
00505684390C1FE18A8B6EF7F617E891,Root Document 340003850 is locked,CMM_VLOGP,040,340003850,00010,01.03.2026,
00505684390C1FE18A8B85758D60A891,Root Document 340003851 is locked,CMM_VLOGP,040,340003851,00010,01.03.2026,
00505684390C1FE18A8BF7631E688891,Price determination: MtM condition ZMP1 is not active for item 000010,CMM_VLOGP,045,ZMP1,000010,,
00505684390C1FE18A8BF78731FFE891,Price determination: MtM condition ZMP1 is not active for item 000010,CMM_VLOGP,045,ZMP1,000010,,
00505684390C1FE18A8BF7AF32FF0891,Price determination: MtM condition ZMP1 is not active for item 000010,CMM_VLOGP,045,ZMP1,000010,,
00505684390C1FE18A8BF809D9354891,Price determination: MtM condition ZMP1 is not active for item 000010,CMM_VLOGP,045,ZMP1,000010,,
00505684390C1FE18A8BF820FFDFC891,Price determination: MtM condition ZMP1 is not active for item 000010,CMM_VLOGP,045,ZMP1,000010,,
00505684390C1FE18A8C21CA68F84891,Root Document 340003852 is locked,CMM_VLOGP,040,340003852,00010,01.03.2026,
00505684390C1FE18A8D057893D6E891,Price determination: MtM condition ZMP1 is not active for item 000010,CMM_VLOGP,045,ZMP1,000010,,
00505684390C1FE18A8D05A4D6F08891,Price determination: MtM condition ZMP1 is not active for item 000010,CMM_VLOGP,045,ZMP1,000010,,
00505684390C1FE18A8D05FA1AD6A891,Price determination: MtM condition ZMP1 is not active for item 000010,CMM_VLOGP,045,ZMP1,000010,,
00505684390C1FE18A8D063E75644891,Price determination: MtM condition ZMP1 is not active for item 000010,CMM_VLOGP,045,ZMP1,000010,,
00505684390C1FE18A8D066F5D2E6891,Price determination: MtM condition ZMP1 is not active for item 000010,CMM_VLOGP,045,ZMP1,000010,,
00505684390C1FE18A91A93C3C984891,Pricing error 64002146/000010 RDP start date 03/10/2026: pricing failed,CMM_VLOGP,029,64002146,000010,03/10/2026,
00505684390C1FE18A923EE31B8AC891,Pricing error 64002152/000010 RDP start date 03/01/2026: pricing failed,CMM_VLOGP,029,64002152,000010,03/01/2026,
00505684390C1FE18AA0E956A8F52891,Price determination: MtM condition ZMP1 is not active for item 000010,CMM_VLOGP,045,ZMP1,000010,,
00505684390C1FE18AA0E9B0A3F9A891,Price determination: MtM condition ZMP1 is not active for item 000010,CMM_VLOGP,045,ZMP1,000010,,
00505684390C1FE18AA0E9F058406891,Price determination: MtM condition ZMP1 is not active for item 000010,CMM_VLOGP,045,ZMP1,000010,,
00505684390C1FE18AA0EA21A0BFC891,Price determination: MtM condition ZMP1 is not active for item 000010,CMM_VLOGP,045,ZMP1,000010,,
00505684390C1FE18AA0EA4807A46891,Price determination: MtM condition ZMP1 is not active for item 000010,CMM_VLOGP,045,ZMP1,000010,,
00505684390C1FE18AA2C31F9144C891,Root Document 58000026 is locked,CMM_VLOGP,040,58000026,000010,01.12.2024,
00505684390C1FE18AA4FA2F53ED0893,Error in getting price for material CRUKEAR01 and plant,CMM_VLOGP,022,CRUKEAR01,,,
00505684390C1FE18ABFB0EEF5DA6894,Price determination: MtM condition ZMP1 is not active for item 000010,CMM_VLOGP,045,ZMP1,000010,,
00505684390C1FE18ACC66A39DA48894,Pricing error 64001547/000010 RDP start date 23.12.2024: pricing failed,CMM_VLOGP,029,64001547,000010,23.12.2024,
00505684390C1FE18ACC680D40820894,Pricing error 58000023/000010 RDP start date 01.12.2024: pricing failed,CMM_VLOGP,029,58000023,000010,01.12.2024,
00505684390C1FE18ACC683495978894,Pricing error 58000024/000010 RDP start date 01.12.2024: pricing failed,CMM_VLOGP,029,58000024,000010,01.12.2024,
00505684390C1FE18ACC6B5CA2218894,Pricing error 58000039/000010 RDP start date 01.12.2024: pricing failed,CMM_VLOGP,029,58000039,000010,01.12.2024,
00505684390C1FE18ACC73C3940D6894,Price determination: MtM condition ZMP1 is not active for item 000010,CMM_VLOGP,045,ZMP1,000010,,
00505684390C1FE18ACC8230884F2894,Price determination: MtM condition ZCMI is not active for item 000010,CMM_VLOGP,045,ZCMI,000010,,
00505684390C1FE18ACC887C13432894,Pricing error 52002736/000010 RDP start date 01.05.2024: pricing failed,CMM_VLOGP,029,52002736,000010,01.05.2024,
00505684390C1FE18ACCAAC3AD74E894,Pricing error 64001648/000010 RDP start date 01.02.2025: pricing failed,CMM_VLOGP,029,64001648,000010,01.02.2025,
00505684390C1FE18ACCAAC3AD788894,Pricing error 64001650/000010 RDP start date 01.02.2025: pricing failed,CMM_VLOGP,029,64001650,000010,01.02.2025,
00505684390C1FE18ACCAAEA08C0A894,Pricing error 64001651/000010 RDP start date 01.02.2025: pricing failed,CMM_VLOGP,029,64001651,000010,01.02.2025,
00505684390C1FE18ACCBB7A4D308894,Price determination: MtM condition ZPOC is not active for item 000010,CMM_VLOGP,045,ZPOC,000010,,
00505684390C1FE18ACD4EAF011AC894,Sales document 51000443 is currently being processed by EOD_BATCH_US.,V1,042,51000443,EOD_BATCH_US,,
00505684390C1FE18AE686529019C894,Sales document 51000438 is currently being processed by EOD_BATCH_US.,V1,042,51000438,EOD_BATCH_US,,
00505684390C1FE18B81F75B3A2C0894,Application error,00,001,Application error,,,
00505684390C1FE18B85096BF7BD4894,Application error,00,001,Application error,,,
00505684390C1FE18B853F4DA0204894,Application error,00,001,Application error,,,
00505684390C1FE18B85CFCAE77A4894,Application error,00,001,Application error,,,
00505684390C1FE18B872F416A666894,Application error,00,001,Application error,,,
00505684390C1FE18B994CFA0FAB4894,Application error,00,001,Application error,,,
00505684390C1FE18B9B1BCE87096894,Root Document 340003857 is locked,CMM_VLOGP,040,340003857,00010,03/01/2026,
00505684390C1FE18B9CDFD7F28C8894,Application error,00,001,Application error,,,
00505684390C1FE18BB703DE25518894,Price determination: MtM condition ZEFN is not active for item 000010,CMM_VLOGP,045,ZEFN,000010,,
00505684390C1FE18BBED8AA7F5EC894,Price determination: MtM condition ZEFN is not active for item 000010,CMM_VLOGP,045,ZEFN,000010,,
00505684390C1FE18BCC06BD68DEC894,Error in getting price for material NAP0110 and plant,CMM_VLOGP,022,NAP0110,,,
00505684390C1FE18BCC0C85F60D2894,Error in getting price for material NAP0110 and plant,CMM_VLOGP,022,NAP0110,,,
00505684390C1FE18BCD457B8EB92894,Pricing error 52004019/000010 RDP start date 03/01/2026: pricing failed,CMM_VLOGP,029,52004019,000010,03/01/2026,
00505684390C1FE18BD2B0C37EEF4894,Price determination: MtM condition ZRP1 is not active for item 000010,CMM_VLOGP,045,ZRP1,000010,,
00505684390C1FE18BE5343B0F5FC895,Error in getting price for material NAP0110 and plant,CMM_VLOGP,022,NAP0110,,,
00505684390C1FE18BE53C7CC3C16895,Pricing error 52004021/000010 RDP start date 03/01/2026: pricing failed,CMM_VLOGP,029,52004021,000010,03/01/2026,
00505684390C1FE18BEC42E7B3866895,Price determination: MtM condition ZEFN is not active for item 000010,CMM_VLOGP,045,ZEFN,000010,,
00505684390C1FE18BFCFF740D7BE895,Pricing error 52003977/000010 RDP start date 01.04.2026: pricing failed,CMM_VLOGP,029,52003977,000010,01.04.2026,
00505684390C1FE18BFD644C10F40895,Pricing error 64002132/000010 RDP start date 01.03.2026: pricing failed,CMM_VLOGP,029,64002132,000010,01.03.2026,
00505684390C1FE18BFD64676F02A895,Pricing error 64002133/000010 RDP start date 26.02.2026: pricing failed,CMM_VLOGP,029,64002133,000010,26.02.2026,
00505684390C1FE18BFD6480E384A895,Pricing error 64002136/000010 RDP start date 23.02.2026: pricing failed,CMM_VLOGP,029,64002136,000010,23.02.2026,
00505684390C1FE18BFD649C7A5D8895,Pricing error 64002137/000010 RDP start date 23.02.2026: pricing failed,CMM_VLOGP,029,64002137,000010,23.02.2026,
00505684390C1FE18BFD651A94082895,Pricing error 64002160/000010 RDP start date 01.03.2026: pricing failed,CMM_VLOGP,029,64002160,000010,01.03.2026,
00505684390C1FE18BFD653C09C98895,Pricing error 64002161/000010 RDP start date 23.03.2026: pricing failed,CMM_VLOGP,029,64002161,000010,23.03.2026,
00505684390C1FE18BFD657CAD290895,Pricing error 64002170/000010 RDP start date 03.03.2026: pricing failed,CMM_VLOGP,029,64002170,000010,03.03.2026,
00505684390C1FE18BFD65A2A2218895,Pricing error 64002173/000010 RDP start date 10.03.2026: pricing failed,CMM_VLOGP,029,64002173,000010,10.03.2026,
00505684390C1FE18CCD92541DE30896,,,000,,,,
00505684390C1FE18CE398AEEE556896,Pricing error 52004004/000010 RDP start date 01.03.2026: pricing failed,CMM_VLOGP,029,52004004,000010,01.03.2026,
00505684390C1FE18CE3C1BDA39DA896,Price determination: MtM condition ZCMI is not active for item 000010,CMM_VLOGP,045,ZCMI,000010,,
00505684390C1FE18CE3C1E261202896,Price determination: MtM condition ZCMI is not active for item 000010,CMM_VLOGP,045,ZCMI,000010,,
00505684390C1FE18CED7D0092AD0896,Root Document 330002432 is locked,CMM_VLOGP,040,330002432,00050,12/01/2025,
00505684390C1FE18D829FDF55BAE896,Price determination: MtM condition ZMP1 is not active for item 000010,CMM_VLOGP,045,ZMP1,000010,,
00505684390C1FE18D82A64BF182A896,Price determination: MtM condition ZMP1 is not active for item 000010,CMM_VLOGP,045,ZMP1,000010,,
00505684390C1FE18D82A75376AFE896,Price determination: MtM condition ZMP1 is not active for item 000010,CMM_VLOGP,045,ZMP1,000010,,
00505684390C1FE18D82AB0BEDA9E896,Price determination: MtM condition ZMP1 is not active for item 000010,CMM_VLOGP,045,ZMP1,000010,,
00505684390C1FE18D82AC50F4D26896,connection closed (no data),,000,,,,
00505684390C1FE18D886461BD1E4896,Root Document 64002196 is locked,CMM_VLOGP,040,64002196,000010,01.04.2026,
00505684390C1FE18D94A95149C5C896,Price determination: MtM condition VPRS is not active for item 000010,CMM_VLOGP,045,VPRS,000010,,
00505684390C1FE18D9A1917365F0896,Price determination: MtM condition ZMP1 is not active for item 000010,CMM_VLOGP,045,ZMP1,000010,,
00505684390C1FE18D9A197656168896,Price determination: MtM condition ZMP1 is not active for item 000010,CMM_VLOGP,045,ZMP1,000010,,
00505684390C1FE18D9A19D1A5ADE896,Price determination: MtM condition ZMP1 is not active for item 000010,CMM_VLOGP,045,ZMP1,000010,,
00505684390C1FE18D9A19EA88908896,Price determination: MtM condition ZMP1 is not active for item 000010,CMM_VLOGP,045,ZMP1,000010,,
00505684390C1FE18D9A3D87E808E896,Price determination: MtM condition ZMP1 is not active for item 000020,CMM_VLOGP,045,ZMP1,000020,,
00505684390C1FE18D9A3DED57172896,Price determination: MtM condition ZMP1 is not active for item 000020,CMM_VLOGP,045,ZMP1,000020,,
00505684390C1FE18D9A3E4FE1126896,Price determination: MtM condition ZMP1 is not active for item 000020,CMM_VLOGP,045,ZMP1,000020,,
00505684390C1FE18D9A3EAB4ADE6896,Price determination: MtM condition ZMP1 is not active for item 000020,CMM_VLOGP,045,ZMP1,000020,,
00505684390C1FE18D9A3F03C65DA896,Price determination: MtM condition ZMP1 is not active for item 000020,CMM_VLOGP,045,ZMP1,000020,,
00505684390C1FE18D9A3FB66A7B2896,Price determination: MtM condition ZMP1 is not active for item 000010,CMM_VLOGP,045,ZMP1,000010,,
00505684390C1FE18D9A401318482896,Price determination: MtM condition ZMP1 is not active for item 000010,CMM_VLOGP,045,ZMP1,000010,,
00505684390C1FE18D9A402B84BE6896,Price determination: MtM condition ZMP1 is not active for item 000020,CMM_VLOGP,045,ZMP1,000020,,
00505684390C1FE18D9A404BAC010896,Price determination: MtM condition ZMP1 is not active for item 000010,CMM_VLOGP,045,ZMP1,000010,,
00505684390C1FE18D9A4093CAD86896,Price determination: MtM condition ZMP1 is not active for item 000020,CMM_VLOGP,045,ZMP1,000020,,
00505684390C1FE18D9A40A96CAE6896,Price determination: MtM condition ZMP1 is not active for item 000010,CMM_VLOGP,045,ZMP1,000010,,
00505684390C1FE18D9A40D1D43B6896,Price determination: MtM condition ZMP1 is not active for item 000020,CMM_VLOGP,045,ZMP1,000020,,
00505684390C1FE18D9A413A773E6896,Price determination: MtM condition ZMP1 is not active for item 000030,CMM_VLOGP,045,ZMP1,000030,,
00505684390C1FE18D9A41A2E9914896,Price determination: MtM condition ZMP1 is not active for item 000030,CMM_VLOGP,045,ZMP1,000030,,
00505684390C1FE18D9A420AE979A896,Price determination: MtM condition ZMP1 is not active for item 000020,CMM_VLOGP,045,ZMP1,000020,,
00505684390C1FE18D9A425B7DDFA896,Price determination: MtM condition ZMP1 is not active for item 000030,CMM_VLOGP,045,ZMP1,000030,,
00505684390C1FE18D9A42A20535E896,Price determination: MtM condition ZMP1 is not active for item 000030,CMM_VLOGP,045,ZMP1,000030,,
00505684390C1FE18D9A42FC5A3EA896,Price determination: MtM condition ZMP1 is not active for item 000030,CMM_VLOGP,045,ZMP1,000030,,
00505684390C1FE18D9A4359F3362896,Price determination: MtM condition ZMP1 is not active for item 000030,CMM_VLOGP,045,ZMP1,000030,,
00505684390C1FE18D9A43AAD9D3C896,Price determination: MtM condition ZMP1 is not active for item 000030,CMM_VLOGP,045,ZMP1,000030,,
00505684390C1FE18D9A441570648896,Price determination: MtM condition ZMP1 is not active for item 000030,CMM_VLOGP,045,ZMP1,000030,,
00505684390C1FE18D9A4461BACC2896,Price determination: MtM condition ZMP1 is not active for item 000030,CMM_VLOGP,045,ZMP1,000030,,
00505684390C1FE18D9A449BB1E94896,Price determination: MtM condition VPRS is not active for item 000010,CMM_VLOGP,045,VPRS,000010,,
00505684390C1FE18D9A44C72A334896,Price determination: MtM condition ZMP1 is not active for item 000020,CMM_VLOGP,045,ZMP1,000020,,
00505684390C1FE18D9A459276D44896,Price determination: MtM condition ZMP1 is not active for item 000030,CMM_VLOGP,045,ZMP1,000030,,
00505684390C1FE18D9A466777844896,Price determination: MtM condition ZMP1 is not active for item 000010,CMM_VLOGP,045,ZMP1,000010,,
00505684390C1FE18D9A46BEC063E896,Price determination: MtM condition ZMP1 is not active for item 000030,CMM_VLOGP,045,ZMP1,000030,,
00505684390C1FE18D9A46FCC2112896,Price determination: MtM condition ZMP1 is not active for item 000030,CMM_VLOGP,045,ZMP1,000030,,
00505684390C1FE18D9A475CDE4A4896,Price determination: MtM condition ZMP1 is not active for item 000010,CMM_VLOGP,045,ZMP1,000010,,
00505684390C1FE18D9A48C5D7E5E896,Price determination: MtM condition ZMP1 is not active for item 000030,CMM_VLOGP,045,ZMP1,000030,,
00505684390C1FE18D9A4906D9534896,Price determination: MtM condition ZMP1 is not active for item 000010,CMM_VLOGP,045,ZMP1,000010,,
00505684390C1FE18D9A4A0BC65C8896,Price determination: MtM condition ZMP1 is not active for item 000010,CMM_VLOGP,045,ZMP1,000010,,
00505684390C1FE18D9A4A64B218E896,Price determination: MtM condition ZMP1 is not active for item 000030,CMM_VLOGP,045,ZMP1,000030,,
00505684390C1FE18D9A4AA645966896,Price determination: MtM condition ZMP1 is not active for item 000030,CMM_VLOGP,045,ZMP1,000030,,
00505684390C1FE18D9A4AF150DDC896,Price determination: MtM condition ZMP1 is not active for item 000010,CMM_VLOGP,045,ZMP1,000010,,
00505684390C1FE18D9A4B32317F4896,Price determination: MtM condition ZMP1 is not active for item 000010,CMM_VLOGP,045,ZMP1,000010,,
00505684390C1FE18D9A514CEC21A896,Price determination: MtM condition ZCMI is not active for item 000010,CMM_VLOGP,045,ZCMI,000010,,
00505684390C1FE18D9A5805F1232896,Price determination: MtM condition ZCMI is not active for item 000010,CMM_VLOGP,045,ZCMI,000010,,
00505684390C1FE18D9A58C6ADC98896,Price determination: MtM condition ZMP1 is not active for item 000010,CMM_VLOGP,045,ZMP1,000010,,
00505684390C1FE18D9A5976A68D8896,Price determination: MtM condition ZCMI is not active for item 000010,CMM_VLOGP,045,ZCMI,000010,,
00505684390C1FE18D9A5988CAAC4896,Price determination: MtM condition ZMP1 is not active for item 000010,CMM_VLOGP,045,ZMP1,000010,,
00505684390C1FE18D9A59CDBA364896,Price determination: MtM condition ZMP1 is not active for item 000010,CMM_VLOGP,045,ZMP1,000010,,
00505684390C1FE18D9A5A12093E4896,Price determination: MtM condition ZMP1 is not active for item 000010,CMM_VLOGP,045,ZMP1,000010,,
00505684390C1FE18D9A5A5088892896,Price determination: MtM condition ZMP1 is not active for item 000010,CMM_VLOGP,045,ZMP1,000010,,
00505684390C1FE18D9A5AA6DAC98896,Price determination: MtM condition ZMP1 is not active for item 000010,CMM_VLOGP,045,ZMP1,000010,,
00505684390C1FE18D9A5AE4DCB38896,Price determination: MtM condition ZCMI is not active for item 000010,CMM_VLOGP,045,ZCMI,000010,,
00505684390C1FE18D9A5AE762C24896,Price determination: MtM condition ZMP1 is not active for item 000010,CMM_VLOGP,045,ZMP1,000010,,
00505684390C1FE18D9A5BFEDD278896,Price determination: MtM condition ZMP1 is not active for item 000010,CMM_VLOGP,045,ZMP1,000010,,
00505684390C1FE18D9A5C4D87AB0896,Price determination: MtM condition ZMP1 is not active for item 000010,CMM_VLOGP,045,ZMP1,000010,,
00505684390C1FE18D9A5C986A788896,Price determination: MtM condition ZMP1 is not active for item 000010,CMM_VLOGP,045,ZMP1,000010,,
00505684390C1FE18D9A5D409335E896,Price determination: MtM condition ZMP1 is not active for item 000010,CMM_VLOGP,045,ZMP1,000010,,
00505684390C1FE18D9A5D80E998C896,Price determination: MtM condition ZMP1 is not active for item 000010,CMM_VLOGP,045,ZMP1,000010,,
00505684390C1FE18D9A5DCE0B79C896,Price determination: MtM condition ZMP1 is not active for item 000010,CMM_VLOGP,045,ZMP1,000010,,
00505684390C1FE18D9A5DDC5E4AA896,Price determination: MtM condition ZMP1 is not active for item 000010,CMM_VLOGP,045,ZMP1,000010,,
00505684390C1FE18D9A5E0CDC4A2896,Price determination: MtM condition ZMP1 is not active for item 000010,CMM_VLOGP,045,ZMP1,000010,,
00505684390C1FE18D9A5E4392DA6896,Price determination: MtM condition ZMP1 is not active for item 000010,CMM_VLOGP,045,ZMP1,000010,,
00505684390C1FE18D9A698CD8936896,Price determination: MtM condition ZLAB is not active for item 000010,CMM_VLOGP,045,ZLAB,000010,,
00505684390C1FE18D9A69D6428F2896,Price determination: MtM condition ZPLL is not active for item 000010,CMM_VLOGP,045,ZPLL,000010,,
00505684390C1FE18D9A6A2058F48896,Price determination: MtM condition ZLAB is not active for item 000010,CMM_VLOGP,045,ZLAB,000010,,
00505684390C1FE18D9A6A6926C24896,Price determination: MtM condition ZLAB is not active for item 000010,CMM_VLOGP,045,ZLAB,000010,,
00505684390C1FE18D9A6AAFD2B24896,Price determination: MtM condition ZLAB is not active for item 000010,CMM_VLOGP,045,ZLAB,000010,,
00505684390C1FE18D9A6B0137CE4896,Price determination: MtM condition ZPOC is not active for item 000010,CMM_VLOGP,045,ZPOC,000010,,
00505684390C1FE18D9A6C160DDA6896,Price determination: MtM condition ZLAB is not active for item 000010,CMM_VLOGP,045,ZLAB,000010,,
00505684390C1FE18D9A6C483F2E4896,Price determination: MtM condition ZPLL is not active for item 000010,CMM_VLOGP,045,ZPLL,000010,,
00505684390C1FE18D9A6C8FD5A26896,Price determination: MtM condition ZLAB is not active for item 000010,CMM_VLOGP,045,ZLAB,000010,,
00505684390C1FE18D9A6CD92C16C896,Price determination: MtM condition ZLAB is not active for item 000010,CMM_VLOGP,045,ZLAB,000010,,
00505684390C1FE18D9A6D2585FA4896,Price determination: MtM condition ZPOC is not active for item 000010,CMM_VLOGP,045,ZPOC,000010,,
00505684390C1FE18D9A6D6D97088896,Price determination: MtM condition ZLAB is not active for item 000010,CMM_VLOGP,045,ZLAB,000010,,
00505684390C1FE18D9A6DA622C24896,Price determination: MtM condition ZPOC is not active for item 000010,CMM_VLOGP,045,ZPOC,000010,,
00505684390C1FE18D9A6E034F574896,Price determination: MtM condition ZLAB is not active for item 000010,CMM_VLOGP,045,ZLAB,000010,,
00505684390C1FE18D9A6E3C918F4896,Price determination: MtM condition ZLAB is not active for item 000010,CMM_VLOGP,045,ZLAB,000010,,
00505684390C1FE18D9A705B29C0C896,Price determination: MtM condition ZLAB is not active for item 000010,CMM_VLOGP,045,ZLAB,000010,,
00505684390C1FE18D9A71A5B2304896,Price determination: MtM condition ZPOC is not active for item 000010,CMM_VLOGP,045,ZPOC,000010,,
00505684390C1FE18D9A74F6EEB06896,Price determination: MtM condition ZPOC is not active for item 000010,CMM_VLOGP,045,ZPOC,000010,,
00505684390C1FE18D9AC3218700E896,Price determination: MtM condition ZMP1 is not active for item 000010,CMM_VLOGP,045,ZMP1,000010,,
00505684390C1FE18D9AC4D34C53A896,Price determination: MtM condition ZCMI is not active for item 000010,CMM_VLOGP,045,ZCMI,000010,,
00505684390C1FE18D9ACB2AFC290896,Price determination: MtM condition ZPTO is not active for item 000010,CMM_VLOGP,045,ZPTO,000010,,
00505684390C1FE18D9ACB622F410896,Price determination: MtM condition ZPTO is not active for item 000010,CMM_VLOGP,045,ZPTO,000010,,
00505684390C1FE18D9ACBB1878B4896,Price determination: MtM condition ZPTO is not active for item 000010,CMM_VLOGP,045,ZPTO,000010,,
00505684390C1FE18D9ACBDE33114896,Price determination: MtM condition ZPTO is not active for item 000010,CMM_VLOGP,045,ZPTO,000010,,
00505684390C1FE18D9ACD1D8CE8C896,Price determination: MtM condition ZMP1 is not active for item 000010,CMM_VLOGP,045,ZMP1,000010,,
00505684390C1FE18D9ACD48CB170896,Price determination: MtM condition ZCMI is not active for item 000010,CMM_VLOGP,045,ZCMI,000010,,
00505684390C1FE18D9ACD48CB17A896,Price determination: MtM condition ZCMI is not active for item 000010,CMM_VLOGP,045,ZCMI,000010,,
00505684390C1FE18D9ACE85D286C896,Price determination: MtM condition ZMP1 is not active for item 000010,CMM_VLOGP,045,ZMP1,000010,,
00505684390C1FE18D9ACEAA0BD64896,Price determination: MtM condition ZMP1 is not active for item 000010,CMM_VLOGP,045,ZMP1,000010,,
00505684390C1FE18D9ACF470F402896,Price determination: MtM condition ZMP1 is not active for item 000010,CMM_VLOGP,045,ZMP1,000010,,
00505684390C1FE18D9ACF7D92430896,Price determination: MtM condition ZCMI is not active for item 000010,CMM_VLOGP,045,ZCMI,000010,,
00505684390C1FE18D9ACFA0689B2896,Price determination: MtM condition ZMP1 is not active for item 000010,CMM_VLOGP,045,ZMP1,000010,,
00505684390C1FE18D9ACFC905E10896,Price determination: MtM condition ZMP1 is not active for item 000010,CMM_VLOGP,045,ZMP1,000010,,
00505684390C1FE18D9AD0793BD62896,Price determination: MtM condition ZMP1 is not active for item 000010,CMM_VLOGP,045,ZMP1,000010,,
00505684390C1FE18D9AD81EB2F7E896,Price determination: MtM condition ZLAR is not active for item 000010,CMM_VLOGP,045,ZLAR,000010,,
00505684390C1FE18D9AD86B02EAC896,Price determination: MtM condition ZLAR is not active for item 000010,CMM_VLOGP,045,ZLAR,000010,,
00505684390C1FE18D9AD8C80DE50896,Price determination: MtM condition ZLAR is not active for item 000010,CMM_VLOGP,045,ZLAR,000010,,
00505684390C1FE18D9AD96AA2FE4896,Price determination: MtM condition ZOCP is not active for item 000010,CMM_VLOGP,045,ZOCP,000010,,
00505684390C1FE18D9ADA5D63CD2896,Price determination: MtM condition ZOCP is not active for item 000010,CMM_VLOGP,045,ZOCP,000010,,
00505684390C1FE18D9ADA9575736896,Price determination: MtM condition ZLAB is not active for item 000010,CMM_VLOGP,045,ZLAB,000010,,
00505684390C1FE18D9ADAD5193F8896,Price determination: MtM condition ZLAB is not active for item 000010,CMM_VLOGP,045,ZLAB,000010,,
00505684390C1FE18D9ADB0862AEA896,Price determination: MtM condition ZPLL is not active for item 000010,CMM_VLOGP,045,ZPLL,000010,,
00505684390C1FE18D9ADB338759A896,Price determination: MtM condition ZLAB is not active for item 000010,CMM_VLOGP,045,ZLAB,000010,,
00505684390C1FE18D9ADBA426C00896,Price determination: MtM condition ZLAB is not active for item 000010,CMM_VLOGP,045,ZLAB,000010,,
00505684390C1FE18D9ADBFE540BA896,Price determination: MtM condition ZOCP is not active for item 000010,CMM_VLOGP,045,ZOCP,000010,,
00505684390C1FE18D9ADC3BB2C7C896,Price determination: MtM condition ZLAB is not active for item 000010,CMM_VLOGP,045,ZLAB,000010,,
00505684390C1FE18D9ADD92C0810896,Price determination: MtM condition ZPTO is not active for item 000010,CMM_VLOGP,045,ZPTO,000010,,
00505684390C1FE18D9AE0A283946896,Price determination: MtM condition ZLAR is not active for item 000010,CMM_VLOGP,045,ZLAR,000010,,
00505684390C1FE18D9AE3E91BB54896,Price determination: MtM condition ZMP1 is not active for item 000010,CMM_VLOGP,045,ZMP1,000010,,
00505684390C1FE18D9AE43961C18896,Price determination: MtM condition ZMP1 is not active for item 000010,CMM_VLOGP,045,ZMP1,000010,,
00505684390C1FE18D9AE485B32C4896,Price determination: MtM condition ZOCP is not active for item 000010,CMM_VLOGP,045,ZOCP,000010,,
00505684390C1FE18D9AE4A4FDD5E896,Price determination: MtM condition ZLAR is not active for item 000010,CMM_VLOGP,045,ZLAR,000010,,
00505684390C1FE18D9AE4BC2B0E6896,Price determination: MtM condition ZOCP is not active for item 000010,CMM_VLOGP,045,ZOCP,000010,,
00505684390C1FE18D9AE508BF764896,Price determination: MtM condition ZOCP is not active for item 000010,CMM_VLOGP,045,ZOCP,000010,,
00505684390C1FE18D9AE55093A9C896,Price determination: MtM condition ZOCP is not active for item 000010,CMM_VLOGP,045,ZOCP,000010,,
00505684390C1FE18D9AE574ECCDA896,Price determination: MtM condition ZLRL is not active for item 000010,CMM_VLOGP,045,ZLRL,000010,,
00505684390C1FE18D9AEDB1BC1B4896,Price determination: MtM condition ZLAR is not active for item 000010,CMM_VLOGP,045,ZLAR,000010,,
00505684390C1FE18D9AEDF9EBE58896,Price determination: MtM condition ZLAR is not active for item 000010,CMM_VLOGP,045,ZLAR,000010,,
00505684390C1FE18D9AEE428080C896,Price determination: MtM condition ZLAR is not active for item 000010,CMM_VLOGP,045,ZLAR,000010,,
00505684390C1FE18D9AEE9F5D0C8896,Price determination: MtM condition ZLAR is not active for item 000010,CMM_VLOGP,045,ZLAR,000010,,
00505684390C1FE18D9AEEEBE4BB0896,Price determination: MtM condition ZLAR is not active for item 000010,CMM_VLOGP,045,ZLAR,000010,,
00505684390C1FE18D9AEF3D0B278896,Price determination: MtM condition ZLAR is not active for item 000010,CMM_VLOGP,045,ZLAR,000010,,
00505684390C1FE18D9AF015139E0896,Price determination: MtM condition ZLAR is not active for item 000010,CMM_VLOGP,045,ZLAR,000010,,
00505684390C1FE18D9AF4955D4E6896,Price determination: MtM condition ZPOC is not active for item 000010,CMM_VLOGP,045,ZPOC,000010,,
00505684390C1FE18D9AF87A9574A896,Price determination: MtM condition ZMP1 is not active for item 000020,CMM_VLOGP,045,ZMP1,000020,,
00505684390C1FE18D9AFCD7F9C3C896,Price determination: MtM condition ZLAR is not active for item 000010,CMM_VLOGP,045,ZLAR,000010,,
00505684390C1FE18D9AFD732A7E2896,Price determination: MtM condition ZLAR is not active for item 000010,CMM_VLOGP,045,ZLAR,000010,,
00505684390C1FE18D9AFDB4EE434896,Price determination: MtM condition ZLAR is not active for item 000010,CMM_VLOGP,045,ZLAR,000010,,
00505684390C1FE18D9AFEDAB3480896,Price determination: MtM condition ZLAR is not active for item 000010,CMM_VLOGP,045,ZLAR,000010,,
00505684390C1FE18D9AFF2019DBE896,Price determination: MtM condition ZMP1 is not active for item 000010,CMM_VLOGP,045,ZMP1,000010,,
00505684390C1FE18D9AFFF047980896,Price determination: MtM condition ZLAR is not active for item 000010,CMM_VLOGP,045,ZLAR,000010,,
00505684390C1FE18D9B004407B38896,Price determination: MtM condition ZLAR is not active for item 000010,CMM_VLOGP,045,ZLAR,000010,,
00505684390C1FE18D9B0AFC51C84896,Price determination: MtM condition ZLAR is not active for item 000010,CMM_VLOGP,045,ZLAR,000010,,
00505684390C1FE18D9B0B3CBC02A896,Price determination: MtM condition ZMP1 is not active for item 000010,CMM_VLOGP,045,ZMP1,000010,,
00505684390C1FE18D9B0FEEC2446896,Price determination: MtM condition ZOCP is not active for item 000010,CMM_VLOGP,045,ZOCP,000010,,
00505684390C1FE18D9B102A3C194896,Price determination: MtM condition ZOCP is not active for item 000010,CMM_VLOGP,045,ZOCP,000010,,
00505684390C1FE18D9B10841C1F0896,Price determination: MtM condition ZOCP is not active for item 000010,CMM_VLOGP,045,ZOCP,000010,,
00505684390C1FE18D9B10C8549BC896,Price determination: MtM condition ZMP1 is not active for item 000010,CMM_VLOGP,045,ZMP1,000010,,
00505684390C1FE18D9B13CA945E4896,Price determination: MtM condition ZMP1 is not active for item 000010,CMM_VLOGP,045,ZMP1,000010,,
00505684390C1FE18D9B14C15F1E0896,Price determination: MtM condition ZMP1 is not active for item 000010,CMM_VLOGP,045,ZMP1,000010,,
00505684390C1FE18D9B151541B18896,Price determination: MtM condition ZMP1 is not active for item 000010,CMM_VLOGP,045,ZMP1,000010,,
00505684390C1FE18D9B1566C302C896,Price determination: MtM condition ZMP1 is not active for item 000010,CMM_VLOGP,045,ZMP1,000010,,
00505684390C1FE18D9B15964963A896,Price determination: MtM condition ZMP1 is not active for item 000010,CMM_VLOGP,045,ZMP1,000010,,
00505684390C1FE18D9B17038362C896,Price determination: MtM condition ZOCP is not active for item 000010,CMM_VLOGP,045,ZOCP,000010,,
00505684390C1FE18D9B174CDE9A4896,Price determination: MtM condition ZOCP is not active for item 000010,CMM_VLOGP,045,ZOCP,000010,,
00505684390C1FE18D9B17801DA20896,Price determination: MtM condition ZOCP is not active for item 000010,CMM_VLOGP,045,ZOCP,000010,,
00505684390C1FE18D9B17C5E2DB6896,Price determination: MtM condition ZOCP is not active for item 000010,CMM_VLOGP,045,ZOCP,000010,,
00505684390C1FE18D9B1AECDBEE8896,Price determination: MtM condition ZMP1 is not active for item 000010,CMM_VLOGP,045,ZMP1,000010,,
00505684390C1FE18D9B1B42B2510896,Price determination: MtM condition ZMP1 is not active for item 000010,CMM_VLOGP,045,ZMP1,000010,,
00505684390C1FE18D9B1B8E096BC896,Price determination: MtM condition ZMP1 is not active for item 000010,CMM_VLOGP,045,ZMP1,000010,,
00505684390C1FE18D9B1CFB06FC0896,Price determination: MtM condition ZPLI is not active for item 000010,CMM_VLOGP,045,ZPLI,000010,,
00505684390C1FE18D9B1EB06E074896,Price determination: MtM condition ZMP1 is not active for item 000010,CMM_VLOGP,045,ZMP1,000010,,
00505684390C1FE18D9B1F0ADDEB0896,Price determination: MtM condition ZMP1 is not active for item 000010,CMM_VLOGP,045,ZMP1,000010,,
00505684390C1FE18D9B1F928B722896,Price determination: MtM condition ZLAR is not active for item 000010,CMM_VLOGP,045,ZLAR,000010,,
00505684390C1FE18D9B20BAA7070896,Price determination: MtM condition ZPLI is not active for item 000010,CMM_VLOGP,045,ZPLI,000010,,
00505684390C1FE18D9B24439D5B2896,Price determination: MtM condition ZMP1 is not active for item 000010,CMM_VLOGP,045,ZMP1,000010,,
00505684390C1FE18D9B26BD98BDA896,Price determination: MtM condition ZLAR is not active for item 000010,CMM_VLOGP,045,ZLAR,000010,,
00505684390C1FE18D9B27D73F94C896,Price determination: MtM condition ZLAB is not active for item 000010,CMM_VLOGP,045,ZLAB,000010,,
00505684390C1FE18D9B280DCE266896,Price determination: MtM condition ZPLL is not active for item 000010,CMM_VLOGP,045,ZPLL,000010,,
00505684390C1FE18D9B28755834E896,Price determination: MtM condition ZLAB is not active for item 000010,CMM_VLOGP,045,ZLAB,000010,,
00505684390C1FE18D9B28B417E2E896,Price determination: MtM condition ZLAB is not active for item 000010,CMM_VLOGP,045,ZLAB,000010,,
00505684390C1FE18D9B29257D900896,Price determination: MtM condition ZPOC is not active for item 000010,CMM_VLOGP,045,ZPOC,000010,,
00505684390C1FE18D9B2A787A962896,Price determination: MtM condition ZLAR is not active for item 000010,CMM_VLOGP,045,ZLAR,000010,,
00505684390C1FE18D9B2CEF64C56896,Price determination: MtM condition ZMP1 is not active for item 000010,CMM_VLOGP,045,ZMP1,000010,,
00505684390C1FE18D9B2D0EE5126896,Price determination: MtM condition ZMP1 is not active for item 000010,CMM_VLOGP,045,ZMP1,000010,,
00505684390C1FE18D9B2D4CD143E896,Price determination: MtM condition ZMP1 is not active for item 000010,CMM_VLOGP,045,ZMP1,000010,,
00505684390C1FE18D9B2EB67F900896,Price determination: MtM condition ZCMI is not active for item 000010,CMM_VLOGP,045,ZCMI,000010,,
00505684390C1FE18D9B34F8194AE896,Price determination: MtM condition ZPOC is not active for item 000010,CMM_VLOGP,045,ZPOC,000010,,
00505684390C1FE18D9B354E1A168896,Price determination: MtM condition ZLAR is not active for item 000010,CMM_VLOGP,045,ZLAR,000010,,
00505684390C1FE18D9B3976379B4896,Price determination: MtM condition ZMP1 is not active for item 000010,CMM_VLOGP,045,ZMP1,000010,,
00505684390C1FE18D9B3B49EDD48896,Price determination: MtM condition ZCMI is not active for item 000010,CMM_VLOGP,045,ZCMI,000010,,
00505684390C1FE18D9B3C6A0463C896,Price determination: MtM condition ZPLI is not active for item 000010,CMM_VLOGP,045,ZPLI,000010,,
00505684390C1FE18D9B458D14414896,Price determination: MtM condition ZCMI is not active for item 000010,CMM_VLOGP,045,ZCMI,000010,,
00505684390C1FE18D9B462F97970896,Price determination: MtM condition ZCMI is not active for item 000010,CMM_VLOGP,045,ZCMI,000010,,
00505684390C1FE18D9B478469CB8896,Price determination: MtM condition ZCMI is not active for item 000010,CMM_VLOGP,045,ZCMI,000010,,
00505684390C1FE18D9B52298A1A6896,Price determination: MtM condition ZLAR is not active for item 000010,CMM_VLOGP,045,ZLAR,000010,,
00505684390C1FE18D9B548E7E6FA896,Price determination: MtM condition ZLAR is not active for item 000010,CMM_VLOGP,045,ZLAR,000010,,
00505684390C1FE18D9B54DD4AB4E896,Price determination: MtM condition ZLAR is not active for item 000010,CMM_VLOGP,045,ZLAR,000010,,
00505684390C1FE18D9B55374EA60896,Price determination: MtM condition ZLAR is not active for item 000010,CMM_VLOGP,045,ZLAR,000010,,
00505684390C1FE18D9B557053B40896,Price determination: MtM condition ZLAR is not active for item 000010,CMM_VLOGP,045,ZLAR,000010,,
00505684390C1FE18D9B55AB08522896,Price determination: MtM condition ZLAR is not active for item 000010,CMM_VLOGP,045,ZLAR,000010,,
00505684390C1FE18D9B55FA65948896,Price determination: MtM condition ZLAR is not active for item 000010,CMM_VLOGP,045,ZLAR,000010,,
00505684390C1FE18D9B5657360E8896,Price determination: MtM condition ZLAR is not active for item 000010,CMM_VLOGP,045,ZLAR,000010,,
00505684390C1FE18D9B615EDFA30896,Price determination: MtM condition ZCMI is not active for item 000010,CMM_VLOGP,045,ZCMI,000010,,
00505684390C1FE18D9B65CCD7A84896,Price determination: MtM condition ZCMI is not active for item 000010,CMM_VLOGP,045,ZCMI,000010,,
00505684390C1FE18D9B90F054D88896,Price determination: MtM condition ZCMI is not active for item 000010,CMM_VLOGP,045,ZCMI,000010,,
00505684390C1FE18D9B990B624D8896,Price determination: MtM condition ZOCP is not active for item 000010,CMM_VLOGP,045,ZOCP,000010,,
00505684390C1FE18D9B9BFC413CC896,Price determination: MtM condition ZCMI is not active for item 000010,CMM_VLOGP,045,ZCMI,000010,,
00505684390C1FE18D9B9FDEE4E28896,Price determination: MtM condition ZOCP is not active for item 000010,CMM_VLOGP,045,ZOCP,000010,,
00505684390C1FE18D9BA44583C9C896,Price determination: MtM condition ZMP1 is not active for item 000020,CMM_VLOGP,045,ZMP1,000020,,
00505684390C1FE18D9BA71F99328896,Price determination: MtM condition ZCMI is not active for item 000010,CMM_VLOGP,045,ZCMI,000010,,
00505684390C1FE18D9BAD0738E70896,Price determination: MtM condition ZMP1 is not active for item 000010,CMM_VLOGP,045,ZMP1,000010,,
00505684390C1FE18D9BDF43A5374896,Price determination: MtM condition ZCMI is not active for item 000010,CMM_VLOGP,045,ZCMI,000010,,
00505684390C1FE18D9BFC3A6F2F4896,Price determination: MtM condition ZMP1 is not active for item 000010,CMM_VLOGP,045,ZMP1,000010,,
00505684390C1FE18D9BFFE8BE5AC896,Price determination: MtM condition ZCMI is not active for item 000010,CMM_VLOGP,045,ZCMI,000010,,
00505684390C1FE18D9C0E4A6F694896,Price determination: MtM condition ZCMI is not active for item 000010,CMM_VLOGP,045,ZCMI,000010,,
00505684390C1FE18D9C215EC20E2896,Price determination: MtM condition ZMP1 is not active for item 000010,CMM_VLOGP,045,ZMP1,000010,,
00505684390C1FE18D9C21EA90A00896,Price determination: MtM condition ZMP1 is not active for item 000010,CMM_VLOGP,045,ZMP1,000010,,
00505684390C1FE18D9C2257BC6D2896,Price determination: MtM condition ZMP1 is not active for item 000010,CMM_VLOGP,045,ZMP1,000010,,
00505684390C1FE18D9C22C28AA78896,Price determination: MtM condition ZMP1 is not active for item 000010,CMM_VLOGP,045,ZMP1,000010,,
00505684390C1FE18D9C231659BFA896,Price determination: MtM condition ZMP1 is not active for item 000010,CMM_VLOGP,045,ZMP1,000010,,
00505684390C1FE18D9C235AA2338896,Price determination: MtM condition ZMP1 is not active for item 000010,CMM_VLOGP,045,ZMP1,000010,,
00505684390C1FE18D9C2399DF10E896,Price determination: MtM condition ZMP1 is not active for item 000010,CMM_VLOGP,045,ZMP1,000010,,
00505684390C1FE18D9C278F9C48A896,Price determination: MtM condition ZMP1 is not active for item 000010,CMM_VLOGP,045,ZMP1,000010,,
00505684390C1FE18D9C27E613BD4896,Price determination: MtM condition ZMP1 is not active for item 000010,CMM_VLOGP,045,ZMP1,000010,,
00505684390C1FE18D9C2C9FA49F0896,Price determination: MtM condition ZMP1 is not active for item 000010,CMM_VLOGP,045,ZMP1,000010,,
00505684390C1FE18D9C46B470F50896,Price determination: MtM condition ZMP1 is not active for item 000080,CMM_VLOGP,045,ZMP1,000080,,
00505684390C1FE18D9C46FC8AE2C896,Price determination: MtM condition ZMP1 is not active for item 000080,CMM_VLOGP,045,ZMP1,000080,,
00505684390C1FE18D9C4AC94ED0E896,Price determination: MtM condition ZMP1 is not active for item 000080,CMM_VLOGP,045,ZMP1,000080,,
00505684390C1FE18D9C4EBBFAF50896,Price determination: MtM condition ZMP1 is not active for item 000080,CMM_VLOGP,045,ZMP1,000080,,
00505684390C1FE18D9C53BCD029C896,Price determination: MtM condition ZMP1 is not active for item 000080,CMM_VLOGP,045,ZMP1,000080,,
00505684390C1FE18D9C5E283FD6E896,Price determination: MtM condition ZMP1 is not active for item 000010,CMM_VLOGP,045,ZMP1,000010,,
00505684390C1FE18D9C609C658DC896,Price determination: MtM condition ZMP1 is not active for item 000010,CMM_VLOGP,045,ZMP1,000010,,
00505684390C1FE18D9C645D17014896,Price determination: MtM condition ZMP1 is not active for item 000010,CMM_VLOGP,045,ZMP1,000010,,
00505684390C1FE18D9C64B97657A896,Price determination: MtM condition ZMP1 is not active for item 000010,CMM_VLOGP,045,ZMP1,000010,,
00505684390C1FE18D9C64F53D2A8896,Price determination: MtM condition ZMP1 is not active for item 000010,CMM_VLOGP,045,ZMP1,000010,,
00505684390C1FE18D9C661FDE254896,Price determination: MtM condition ZMP1 is not active for item 000010,CMM_VLOGP,045,ZMP1,000010,,
00505684390C1FE18D9C6685AFE48896,Price determination: MtM condition ZMP1 is not active for item 000010,CMM_VLOGP,045,ZMP1,000010,,
00505684390C1FE18D9C6D2A5034A896,Price determination: MtM condition ZMP1 is not active for item 000020,CMM_VLOGP,045,ZMP1,000020,,
00505684390C1FE18D9C6D6F0014A896,Price determination: MtM condition ZMP1 is not active for item 000020,CMM_VLOGP,045,ZMP1,000020,,
00505684390C1FE18D9C8DF610A64896,Price determination: MtM condition ZCMI is not active for item 000010,CMM_VLOGP,045,ZCMI,000010,,
00505684390C1FE18D9C9242569B0896,Price determination: MtM condition ZCMI is not active for item 000010,CMM_VLOGP,045,ZCMI,000010,,
00505684390C1FE18D9CCB66D81F4896,Price determination: MtM condition ZCMI is not active for item 000010,CMM_VLOGP,045,ZCMI,000010,,
00505684390C1FE18D9D0570056CC896,Price determination: MtM condition ZCMI is not active for item 000010,CMM_VLOGP,045,ZCMI,000010,,
00505684390C1FE18D9DEAD1F8590896,Price determination: MtM condition ZMP1 is not active for item 000010,CMM_VLOGP,045,ZMP1,000010,,
00505684390C1FE18D9DF47F05658896,Price determination: MtM condition ZCMI is not active for item 000010,CMM_VLOGP,045,ZCMI,000010,,
00505684390C1FE18DA24007554D8896,Root Document 330002494 is locked,CMM_VLOGP,040,330002494,00030,12/01/2025,
00505684390C1FE18DAD4D4DEB51A896,Price determination: MtM condition ZPTO is not active for item 000010,CMM_VLOGP,045,ZPTO,000010,,
00505684390C1FE18DAD5B4A6178C896,Price determination: MtM condition ZPTO is not active for item 000010,CMM_VLOGP,045,ZPTO,000010,,
00505684390C1FE18DAD624AA1DF8896,Price determination: MtM condition ZPTO is not active for item 000010,CMM_VLOGP,045,ZPTO,000010,,
00505684390C1FE18DAD7E2729F3E896,Price determination: MtM condition ZPTO is not active for item 000010,CMM_VLOGP,045,ZPTO,000010,,
00505684390C1FE18DAD7E7808DA6896,Price determination: MtM condition ZPTO is not active for item 000010,CMM_VLOGP,045,ZPTO,000010,,
00505684390C1FE18DAD80786CA82896,Price determination: MtM condition ZPTO is not active for item 000010,CMM_VLOGP,045,ZPTO,000010,,
00505684390C1FE18DE148D75D4EE896,Pricing error 52003555/000010 RDP start date 01.07.2025: pricing failed,CMM_VLOGP,029,52003555,000010,01.07.2025,
00505684390C1FE18DE1490265C18896,Pricing error 52003577/000010 RDP start date 01.07.2025: pricing failed,CMM_VLOGP,029,52003577,000010,01.07.2025,
00505684390C1FE18DE14923F7ADA896,Pricing error 52003578/000010 RDP start date 01.07.2025: pricing failed,CMM_VLOGP,029,52003578,000010,01.07.2025,
00505684390C1FE18DE14A67B4554896,Pricing error 52003747/000010 RDP start date 01.10.2025: pricing failed,CMM_VLOGP,029,52003747,000010,01.10.2025,
00505684390C1FE18DE14A8E7F526896,Pricing error 52003752/000010 RDP start date 01.10.2025: pricing failed,CMM_VLOGP,029,52003752,000010,01.10.2025,
00505684390C1FE18DE14AD88A46E896,Pricing error 52003754/000010 RDP start date 01.10.2025: pricing failed,CMM_VLOGP,029,52003754,000010,01.10.2025,
00505684390C1FE18DE14AD88A514896,Pricing error 52003755/000010 RDP start date 01.10.2025: pricing failed,CMM_VLOGP,029,52003755,000010,01.10.2025,
00505684390C1FE18DE14B00BF544896,Pricing error 52003756/000010 RDP start date 01.10.2025: pricing failed,CMM_VLOGP,029,52003756,000010,01.10.2025,
00505684390C1FE18DE14B24BA14A896,Pricing error 52003757/000010 RDP start date 01.10.2025: pricing failed,CMM_VLOGP,029,52003757,000010,01.10.2025,
00505684390C1FE18DE14B7267F92896,Pricing error 52003768/000010 RDP start date 01.10.2025: pricing failed,CMM_VLOGP,029,52003768,000010,01.10.2025,
00505684390C1FE18DE1562BF5614896,Pricing error 52003995/000010 RDP start date 01.03.2026: pricing failed,CMM_VLOGP,029,52003995,000010,01.03.2026,
00505684390C1FE18DE1569FD1AA0896,Pricing error 52004010/000010 RDP start date 02.03.2026: pricing failed,CMM_VLOGP,029,52004010,000010,02.03.2026,
00505684390C1FE18DE156D73BFC4896,Pricing error 52004016/000010 RDP start date 01.04.2026: pricing failed,CMM_VLOGP,029,52004016,000010,01.04.2026,
00505684390C1FE18DE1571087F14896,Pricing error 52004017/000010 RDP start date 01.04.2026: pricing failed,CMM_VLOGP,029,52004017,000010,01.04.2026,
00505684390C1FE18DE15853ECBA8896,Pricing error 52004023/000010 RDP start date 01.02.2026: pricing failed,CMM_VLOGP,029,52004023,000010,01.02.2026,
00505684390C1FE18DE15868947FC896,Pricing error 52004024/000010 RDP start date 01.02.2026: pricing failed,CMM_VLOGP,029,52004024,000010,01.02.2026,
00505684390C1FE18DE158A367B1A896,Pricing error 52004025/000010 RDP start date 01.02.2026: pricing failed,CMM_VLOGP,029,52004025,000010,01.02.2026,
00505684390C1FE18DE158B640958896,Pricing error 52003903/000010 RDP start date 01.10.2025: pricing failed,CMM_VLOGP,029,52003903,000010,01.10.2025,
00505684390C1FE18DE158ED78F46896,Pricing error 52004028/000010 RDP start date 01.02.2026: pricing failed,CMM_VLOGP,029,52004028,000010,01.02.2026,
00505684390C1FE18DE1591434852896,Pricing error 52004029/000010 RDP start date 01.02.2026: pricing failed,CMM_VLOGP,029,52004029,000010,01.02.2026,
00505684390C1FE18DE1593A340B2896,Pricing error 52004030/000010 RDP start date 01.02.2026: pricing failed,CMM_VLOGP,029,52004030,000010,01.02.2026,
00505684390C1FE18DE1595FE8418896,Pricing error 52004031/000010 RDP start date 01.02.2026: pricing failed,CMM_VLOGP,029,52004031,000010,01.02.2026,
00505684390C1FE18DE159996252E896,Pricing error 52004032/000010 RDP start date 01.02.2026: pricing failed,CMM_VLOGP,029,52004032,000010,01.02.2026,
00505684390C1FE18DE159BF66036896,Pricing error 52004033/000010 RDP start date 01.02.2026: pricing failed,CMM_VLOGP,029,52004033,000010,01.02.2026,
00505684390C1FE18DE15A0AE34D0896,Pricing error 52004034/000010 RDP start date 01.02.2026: pricing failed,CMM_VLOGP,029,52004034,000010,01.02.2026,
00505684390C1FE18DE15DEC31250896,Price determination: MtM condition ZMP1 is not active for item 000010,CMM_VLOGP,045,ZMP1,000010,,
00505684390C1FE18DE15EC9A1D60896,Price determination: MtM condition ZMP1 is not active for item 000010,CMM_VLOGP,045,ZMP1,000010,,
00505684390C1FE18DE15F56471BA896,Pricing error 64002122/000010 RDP start date 23.02.2026: pricing failed,CMM_VLOGP,029,64002122,000010,23.02.2026,
00505684390C1FE18DE15F7F9E682896,Price determination: MtM condition ZMP1 is not active for item 000010,CMM_VLOGP,045,ZMP1,000010,,
00505684390C1FE18DE160802CE80896,Price determination: MtM condition ZMP1 is not active for item 000010,CMM_VLOGP,045,ZMP1,000010,,
00505684390C1FE18DE1616AB9390896,Price determination: MtM condition ZMP1 is not active for item 000010,CMM_VLOGP,045,ZMP1,000010,,
00505684390C1FE18DE1617246B9E896,Pricing error 64002142/000020 RDP start date 01.05.2026: pricing failed,CMM_VLOGP,029,64002142,000020,01.05.2026,
00505684390C1FE18DE161A6EBE34896,Price determination: MtM condition ZMP1 is not active for item 000010,CMM_VLOGP,045,ZMP1,000010,,
00505684390C1FE18DE161F4567DC896,Pricing error 64001649/000010 RDP start date 01.02.2025: pricing failed,CMM_VLOGP,029,64001649,000010,01.02.2025,
00505684390C1FE18DE16217A672A896,Pricing error 64001653/000010 RDP start date 01.02.2025: pricing failed,CMM_VLOGP,029,64001653,000010,01.02.2025,
00505684390C1FE18DE1623D86918896,Pricing error 64002171/000010 RDP start date 10.03.2026: pricing failed,CMM_VLOGP,029,64002171,000010,10.03.2026,
00505684390C1FE18DE1626AB495A896,Price determination: MtM condition ZMP1 is not active for item 000040,CMM_VLOGP,045,ZMP1,000040,,
00505684390C1FE18DE1630FA5C68896,Price determination: MtM condition ZMP1 is not active for item 000030,CMM_VLOGP,045,ZMP1,000030,,
00505684390C1FE18DE163E31224C896,Price determination: MtM condition ZMP1 is not active for item 000010,CMM_VLOGP,045,ZMP1,000010,,
00505684390C1FE18DE1640BC8C82896,Price determination: MtM condition ZMP1 is not active for item 000020,CMM_VLOGP,045,ZMP1,000020,,
00505684390C1FE18DE16732D9CBC896,Price determination: MtM condition ZMP1 is not active for item 000010,CMM_VLOGP,045,ZMP1,000010,,
00505684390C1FE18DE167DA058D8896,Price determination: MtM condition ZMP1 is not active for item 000010,CMM_VLOGP,045,ZMP1,000010,,
00505684390C1FE18DE16A703E3AC896,Price determination: MtM condition ZMP1 is not active for item 000040,CMM_VLOGP,045,ZMP1,000040,,
00505684390C1FE18DE16B40FD3D0896,Price determination: MtM condition ZMP1 is not active for item 000030,CMM_VLOGP,045,ZMP1,000030,,
00505684390C1FE18DE16C069D68A896,Price determination: MtM condition ZMP1 is not active for item 000020,CMM_VLOGP,045,ZMP1,000020,,
00505684390C1FE18DE16CFCC9694896,Price determination: MtM condition ZMP1 is not active for item 000010,CMM_VLOGP,045,ZMP1,000010,,
00505684390C1FE18DE16D6402824896,Price determination: MtM condition ZMP1 is not active for item 000010,CMM_VLOGP,045,ZMP1,000010,,
00505684390C1FE18DE16E6336EF4896,Price determination: MtM condition ZMP1 is not active for item 000010,CMM_VLOGP,045,ZMP1,000010,,
00505684390C1FE18DE16E926097C896,Price determination: MtM condition ZMP1 is not active for item 000010,CMM_VLOGP,045,ZMP1,000010,,
00505684390C1FE18DE16F114091C896,Price determination: MtM condition ZMP1 is not active for item 000010,CMM_VLOGP,045,ZMP1,000010,,
00505684390C1FE18DE16F85A98B4896,Price determination: MtM condition ZMP1 is not active for item 000010,CMM_VLOGP,045,ZMP1,000010,,
00505684390C1FE18DE170C573E36896,Price determination: MtM condition ZMP1 is not active for item 000010,CMM_VLOGP,045,ZMP1,000010,,
00505684390C1FE18DE170F53B2AC896,Price determination: MtM condition ZMP1 is not active for item 000010,CMM_VLOGP,045,ZMP1,000010,,
00505684390C1FE18DE171D17CFA6896,Price determination: MtM condition ZMP1 is not active for item 000040,CMM_VLOGP,045,ZMP1,000040,,
00505684390C1FE18DE171D78D2A4896,Price determination: MtM condition ZMP1 is not active for item 000010,CMM_VLOGP,045,ZMP1,000010,,
00505684390C1FE18DE171FA6FC3E896,Price determination: MtM condition ZMP1 is not active for item 000030,CMM_VLOGP,045,ZMP1,000030,,
00505684390C1FE18DE172B948270896,Price determination: MtM condition ZMP1 is not active for item 000020,CMM_VLOGP,045,ZMP1,000020,,
00505684390C1FE18DE172EC6C4A6896,Price determination: MtM condition ZMP1 is not active for item 000020,CMM_VLOGP,045,ZMP1,000020,,
00505684390C1FE18DE17327C11AA896,Price determination: MtM condition ZMP1 is not active for item 000010,CMM_VLOGP,045,ZMP1,000010,,
00505684390C1FE18DE1739353216896,Price determination: MtM condition ZMP1 is not active for item 000010,CMM_VLOGP,045,ZMP1,000010,,
00505684390C1FE18DE173C17E11A896,Price determination: MtM condition ZMP1 is not active for item 000010,CMM_VLOGP,045,ZMP1,000010,,
00505684390C1FE18DE173C43FA4A896,Price determination: MtM condition ZMP1 is not active for item 000010,CMM_VLOGP,045,ZMP1,000010,,
00505684390C1FE18DE1755C6560E896,Price determination: MtM condition ZCMI is not active for item 000010,CMM_VLOGP,045,ZCMI,000010,,
00505684390C1FE18DE175A0820EA896,Price determination: MtM condition ZMP1 is not active for item 000010,CMM_VLOGP,045,ZMP1,000010,,
00505684390C1FE18DE1763E16C10896,Price determination: MtM condition ZMP1 is not active for item 000010,CMM_VLOGP,045,ZMP1,000010,,
00505684390C1FE18DE17664B009A896,Price determination: MtM condition ZMP1 is not active for item 000010,CMM_VLOGP,045,ZMP1,000010,,
00505684390C1FE18DE1769CC188A896,Price determination: MtM condition ZMP1 is not active for item 000010,CMM_VLOGP,045,ZMP1,000010,,
00505684390C1FE18DE177A343DA6896,Price determination: MtM condition ZMP1 is not active for item 000010,CMM_VLOGP,045,ZMP1,000010,,
00505684390C1FE18DE178660CC2A896,Price determination: MtM condition ZMP1 is not active for item 000010,CMM_VLOGP,045,ZMP1,000010,,
00505684390C1FE18DE178D6412BE896,Price determination: MtM condition ZMP1 is not active for item 000010,CMM_VLOGP,045,ZMP1,000010,,
00505684390C1FE18DE17945E54F4896,Price determination: MtM condition ZMP1 is not active for item 000010,CMM_VLOGP,045,ZMP1,000010,,
00505684390C1FE18DE17A283D61E896,Price determination: MtM condition ZMP1 is not active for item 000010,CMM_VLOGP,045,ZMP1,000010,,
00505684390C1FE18DE17AB8E0C6A896,Price determination: MtM condition ZMP1 is not active for item 000010,CMM_VLOGP,045,ZMP1,000010,,
00505684390C1FE18DE17AE317ABA896,Price determination: MtM condition ZMP1 is not active for item 000010,CMM_VLOGP,045,ZMP1,000010,,
00505684390C1FE18DE17D5CC315C896,Price determination: MtM condition ZMP1 is not active for item 000010,CMM_VLOGP,045,ZMP1,000010,,
00505684390C1FE18DE17E112814C896,Price determination: MtM condition ZMP1 is not active for item 000010,CMM_VLOGP,045,ZMP1,000010,,
00505684390C1FE18DE17E3855878896,Price determination: MtM condition ZMP1 is not active for item 000010,CMM_VLOGP,045,ZMP1,000010,,
00505684390C1FE18DE17F0DC014A896,Price determination: MtM condition ZMP1 is not active for item 000010,CMM_VLOGP,045,ZMP1,000010,,
00505684390C1FE18DE17F4934556896,Price determination: MtM condition ZMP1 is not active for item 000010,CMM_VLOGP,045,ZMP1,000010,,
00505684390C1FE18DE187A4A04EC896,Price determination: MtM condition ZMP1 is not active for item 000010,CMM_VLOGP,045,ZMP1,000010,,
00505684390C1FE18DE1B3435BE3C896,Price determination: MtM condition ZLAR is not active for item 000010,CMM_VLOGP,045,ZLAR,000010,,
00505684390C1FE18DE1D4BA4A6DE896,Price determination: MtM condition ZCMI is not active for item 000010,CMM_VLOGP,045,ZCMI,000010,,
00505684390C1FE18DE1E67B45400896,Price determination: MtM condition ZMP1 is not active for item 000010,CMM_VLOGP,045,ZMP1,000010,,
00505684390C1FE18DE1EA769C424896,Price determination: MtM condition ZCMI is not active for item 000010,CMM_VLOGP,045,ZCMI,000010,,
00505684390C1FE18DE1F28B2EB36896,Sales document 52003148 is currently being processed by Prasad AV(ATA).,V1,042,52003148,Prasad AV(ATA),,
00505684390C1FE18DE1F9F06094A896,Price determination: MtM condition ZMP1 is not active for item 000010,CMM_VLOGP,045,ZMP1,000010,,
00505684390C1FE18DE20171468F0896,Price determination: MtM condition ZPOC is not active for item 000010,CMM_VLOGP,045,ZPOC,000010,,
00505684390C1FE18DE2030E80E0E896,Price determination: MtM condition ZMP1 is not active for item 000010,CMM_VLOGP,045,ZMP1,000010,,
00505684390C1FE18DE20341458C6896,Price determination: MtM condition ZMP1 is not active for item 000010,CMM_VLOGP,045,ZMP1,000010,,
00505684390C1FE18DE2075429BA6896,Price determination: MtM condition ZMP1 is not active for item 000010,CMM_VLOGP,045,ZMP1,000010,,
00505684390C1FE18DE2082BC164C896,Price determination: MtM condition ZMP1 is not active for item 000010,CMM_VLOGP,045,ZMP1,000010,,
00505684390C1FE18DE2086413CFE896,Price determination: MtM condition ZMP1 is not active for item 000010,CMM_VLOGP,045,ZMP1,000010,,
00505684390C1FE18DE20CAA53F8A896,Price determination: MtM condition ZMP1 is not active for item 000010,CMM_VLOGP,045,ZMP1,000010,,
00505684390C1FE18DE20E95FDA66896,Price determination: MtM condition ZMP1 is not active for item 000010,CMM_VLOGP,045,ZMP1,000010,,
00505684390C1FE18DE210A566CC8896,Price determination: MtM condition ZMP1 is not active for item 000010,CMM_VLOGP,045,ZMP1,000010,,
00505684390C1FE18DE2123517B62896,Price determination: MtM condition ZMP1 is not active for item 000010,CMM_VLOGP,045,ZMP1,000010,,
00505684390C1FE18DE21302346F8896,Price determination: MtM condition ZMP1 is not active for item 000010,CMM_VLOGP,045,ZMP1,000010,,
00505684390C1FE18DE2131E2B290896,Price determination: MtM condition ZMP1 is not active for item 000010,CMM_VLOGP,045,ZMP1,000010,,
00505684390C1FE18DE213583A094896,Price determination: MtM condition ZMP1 is not active for item 000010,CMM_VLOGP,045,ZMP1,000010,,
00505684390C1FE18DE213583A10E896,Price determination: MtM condition ZMP1 is not active for item 000010,CMM_VLOGP,045,ZMP1,000010,,
00505684390C1FE18DE21394BEE66896,Price determination: MtM condition ZMP1 is not active for item 000010,CMM_VLOGP,045,ZMP1,000010,,
00505684390C1FE18DE213CFA8EBE896,Price determination: MtM condition ZMP1 is not active for item 000010,CMM_VLOGP,045,ZMP1,000010,,
00505684390C1FE18DE214A5D5A46896,Price determination: MtM condition ZMP1 is not active for item 000010,CMM_VLOGP,045,ZMP1,000010,,
00505684390C1FE18DE215133C2AC896,Price determination: MtM condition ZLAR is not active for item 000010,CMM_VLOGP,045,ZLAR,000010,,
00505684390C1FE18DE21581D71EE896,Price determination: MtM condition ZMP1 is not active for item 000010,CMM_VLOGP,045,ZMP1,000010,,
00505684390C1FE18DE216257494A896,Price determination: MtM condition ZMP1 is not active for item 000010,CMM_VLOGP,045,ZMP1,000010,,
00505684390C1FE18DE2166FB2B6C896,Price determination: MtM condition ZMP1 is not active for item 000010,CMM_VLOGP,045,ZMP1,000010,,
00505684390C1FE18DE21757B7DA4896,Price determination: MtM condition ZMP1 is not active for item 000010,CMM_VLOGP,045,ZMP1,000010,,
00505684390C1FE18DE2177190928896,Price determination: MtM condition ZMP1 is not active for item 000010,CMM_VLOGP,045,ZMP1,000010,,
00505684390C1FE18DE218582432A896,Price determination: MtM condition ZMP1 is not active for item 000010,CMM_VLOGP,045,ZMP1,000010,,
00505684390C1FE18DE218CB22BF6896,Price determination: MtM condition ZMP1 is not active for item 000010,CMM_VLOGP,045,ZMP1,000010,,
00505684390C1FE18DE21914028F8896,Price determination: MtM condition ZMP1 is not active for item 000010,CMM_VLOGP,045,ZMP1,000010,,
00505684390C1FE18DE219D571732896,Price determination: MtM condition ZMP1 is not active for item 000010,CMM_VLOGP,045,ZMP1,000010,,
00505684390C1FE18DE21ADA2F810896,Price determination: MtM condition ZMP1 is not active for item 000010,CMM_VLOGP,045,ZMP1,000010,,
00505684390C1FE18DE21E24C76AC896,Price determination: MtM condition ZCMI is not active for item 000010,CMM_VLOGP,045,ZCMI,000010,,
00505684390C1FE18DE220ADA00AE896,Price determination: MtM condition ZMP1 is not active for item 000010,CMM_VLOGP,045,ZMP1,000010,,
00505684390C1FE18DE229A23FD04896,Price determination: MtM condition ZPLI is not active for item 000010,CMM_VLOGP,045,ZPLI,000010,,
00505684390C1FE18DE23482F7884896,Price determination: MtM condition ZMP1 is not active for item 000010,CMM_VLOGP,045,ZMP1,000010,,
00505684390C1FE18DE23569B0EC4896,Price determination: MtM condition ZMP1 is not active for item 000010,CMM_VLOGP,045,ZMP1,000010,,
00505684390C1FE18DE23625D7970896,Price determination: MtM condition ZMP1 is not active for item 000010,CMM_VLOGP,045,ZMP1,000010,,
00505684390C1FE18DE23648F1992896,Price determination: MtM condition ZMP1 is not active for item 000010,CMM_VLOGP,045,ZMP1,000010,,
00505684390C1FE18DE23720125A4896,Price determination: MtM condition ZMP1 is not active for item 000010,CMM_VLOGP,045,ZMP1,000010,,
00505684390C1FE18DE23829ABCBC896,Price determination: MtM condition ZLAB is not active for item 000010,CMM_VLOGP,045,ZLAB,000010,,
00505684390C1FE18DE2387302320896,Price determination: MtM condition ZPLL is not active for item 000010,CMM_VLOGP,045,ZPLL,000010,,
00505684390C1FE18DE239612685A896,Price determination: MtM condition ZLAB is not active for item 000010,CMM_VLOGP,045,ZLAB,000010,,
00505684390C1FE18DE23B0F22CA0896,Price determination: MtM condition ZMP1 is not active for item 000010,CMM_VLOGP,045,ZMP1,000010,,
00505684390C1FE18DE23B3472B56896,Price determination: MtM condition ZMP1 is not active for item 000010,CMM_VLOGP,045,ZMP1,000010,,
00505684390C1FE18DE23BF463C4C896,Price determination: MtM condition ZMP1 is not active for item 000010,CMM_VLOGP,045,ZMP1,000010,,
00505684390C1FE18DE23C0E171EA896,Price determination: MtM condition ZMP1 is not active for item 000010,CMM_VLOGP,045,ZMP1,000010,,
00505684390C1FE18DE23CB3B1340896,Price determination: MtM condition ZMP1 is not active for item 000010,CMM_VLOGP,045,ZMP1,000010,,
00505684390C1FE18DE23CDAD86CE896,Price determination: MtM condition ZMP1 is not active for item 000010,CMM_VLOGP,045,ZMP1,000010,,
00505684390C1FE18DE23CF998502896,Price determination: MtM condition ZMP1 is not active for item 000010,CMM_VLOGP,045,ZMP1,000010,,
00505684390C1FE18DE23D978D528896,The document is blocked for billing.,VF,014,,,,
00505684390C1FE18DE23E8F52ED2896,Price determination: MtM condition ZMP1 is not active for item 000010,CMM_VLOGP,045,ZMP1,000010,,
00505684390C1FE18DE2426AE7870896,Price determination: MtM condition ZETF is not active for item 000010,CMM_VLOGP,045,ZETF,000010,,
00505684390C1FE18DE242F4F6136896,Price determination: MtM condition ZMP1 is not active for item 000010,CMM_VLOGP,045,ZMP1,000010,,
00505684390C1FE18DE2432A0EBB2896,Price determination: MtM condition ZETF is not active for item 000020,CMM_VLOGP,045,ZETF,000020,,
00505684390C1FE18DE243B8CCD72896,Price determination: MtM condition ZETF is not active for item 000030,CMM_VLOGP,045,ZETF,000030,,
00505684390C1FE18DE2449BD86FE896,Price determination: MtM condition ZMP1 is not active for item 000010,CMM_VLOGP,045,ZMP1,000010,,
00505684390C1FE18DE24549BAAE8896,Price determination: MtM condition ZMP1 is not active for item 000020,CMM_VLOGP,045,ZMP1,000020,,
00505684390C1FE18DE24562D9BC8896,Price determination: MtM condition ZMP1 is not active for item 000010,CMM_VLOGP,045,ZMP1,000010,,
00505684390C1FE18DE2456BDAE92896,Price determination: MtM condition ZMP1 is not active for item 000030,CMM_VLOGP,045,ZMP1,000030,,
00505684390C1FE18DE24673CF386896,Price determination: MtM condition ZMP1 is not active for item 000010,CMM_VLOGP,045,ZMP1,000010,,
00505684390C1FE18DE2473AD9A8A896,Price determination: MtM condition ZMP1 is not active for item 000020,CMM_VLOGP,045,ZMP1,000020,,
00505684390C1FE18DE2478A93AB8896,Price determination: MtM condition ZMP1 is not active for item 000030,CMM_VLOGP,045,ZMP1,000030,,
00505684390C1FE18DE24E2BFB0AA896,Price determination: MtM condition ZMP1 is not active for item 000020,CMM_VLOGP,045,ZMP1,000020,,
00505684390C1FE18DE24F2722AAC896,Price determination: MtM condition ZMP1 is not active for item 000010,CMM_VLOGP,045,ZMP1,000010,,
00505684390C1FE18DE2503C2166A896,Price determination: MtM condition ZMP1 is not active for item 000010,CMM_VLOGP,045,ZMP1,000010,,
00505684390C1FE18DE251D4B607C896,Price determination: MtM condition ZMP1 is not active for item 000010,CMM_VLOGP,045,ZMP1,000010,,
00505684390C1FE18DE2545576624896,Price determination: MtM condition ZMP1 is not active for item 000010,CMM_VLOGP,045,ZMP1,000010,,
00505684390C1FE18DE2552616068896,Price determination: MtM condition ZMP1 is not active for item 000010,CMM_VLOGP,045,ZMP1,000010,,
00505684390C1FE18DE255EE335B2896,Price determination: MtM condition ZMP1 is not active for item 000010,CMM_VLOGP,045,ZMP1,000010,,
00505684390C1FE18DE256665C8D0896,Price determination: MtM condition ZMP1 is not active for item 000010,CMM_VLOGP,045,ZMP1,000010,,
00505684390C1FE18DE25758FE884896,Price determination: MtM condition ZMP1 is not active for item 000010,CMM_VLOGP,045,ZMP1,000010,,
00505684390C1FE18DE257742C026896,Price determination: MtM condition ZMP1 is not active for item 000010,CMM_VLOGP,045,ZMP1,000010,,
00505684390C1FE18DE258437C054896,Price determination: MtM condition ZMP1 is not active for item 000010,CMM_VLOGP,045,ZMP1,000010,,
00505684390C1FE18DE259250F210896,Price determination: MtM condition ZMP1 is not active for item 000010,CMM_VLOGP,045,ZMP1,000010,,
00505684390C1FE18DE259D327768896,Price determination: MtM condition ZMP1 is not active for item 000010,CMM_VLOGP,045,ZMP1,000010,,
00505684390C1FE18DE25A77A78B4896,Price determination: MtM condition ZMP1 is not active for item 000010,CMM_VLOGP,045,ZMP1,000010,,
00505684390C1FE18DE25AC5F3C9C896,Price determination: MtM condition ZMP1 is not active for item 000010,CMM_VLOGP,045,ZMP1,000010,,
00505684390C1FE18DE25BB5216AC896,Price determination: MtM condition ZMP1 is not active for item 000010,CMM_VLOGP,045,ZMP1,000010,,
00505684390C1FE18DE25BFC9172A896,Price determination: MtM condition ZMP1 is not active for item 000010,CMM_VLOGP,045,ZMP1,000010,,
00505684390C1FE18DE25CF830BCC896,Price determination: MtM condition ZMP1 is not active for item 000010,CMM_VLOGP,045,ZMP1,000010,,
00505684390C1FE18DE25DF55F924896,Price determination: MtM condition ZMP1 is not active for item 000010,CMM_VLOGP,045,ZMP1,000010,,
00505684390C1FE18DE25EB23D3E2896,Price determination: MtM condition ZMP1 is not active for item 000010,CMM_VLOGP,045,ZMP1,000010,,
00505684390C1FE18DE25FBF1E458896,Price determination: MtM condition ZMP1 is not active for item 000010,CMM_VLOGP,045,ZMP1,000010,,
00505684390C1FE18DE25FF4E5604896,Price determination: MtM condition ZMP1 is not active for item 000010,CMM_VLOGP,045,ZMP1,000010,,
00505684390C1FE18DE2602A9ED90896,Price determination: MtM condition ZMP1 is not active for item 000010,CMM_VLOGP,045,ZMP1,000010,,
00505684390C1FE18DE26317886B0896,Price determination: MtM condition ZMP1 is not active for item 000010,CMM_VLOGP,045,ZMP1,000010,,
00505684390C1FE18DE2654C2FB1C896,Price determination: MtM condition ZMP1 is not active for item 000010,CMM_VLOGP,045,ZMP1,000010,,
00505684390C1FE18DE2676559F48896,Price determination: MtM condition ZMP1 is not active for item 000010,CMM_VLOGP,045,ZMP1,000010,,
00505684390C1FE18DE2777A28932896,Price determination: MtM condition ZMP1 is not active for item 000010,CMM_VLOGP,045,ZMP1,000010,,
00505684390C1FE18DE286D6243F2896,Price determination: MtM condition ZMP1 is not active for item 000010,CMM_VLOGP,045,ZMP1,000010,,
00505684390C1FE18DE286FB3DEC6896,Price determination: MtM condition ZMP1 is not active for item 000010,CMM_VLOGP,045,ZMP1,000010,,
00505684390C1FE18DE287F27D7D2896,Price determination: MtM condition ZMP1 is not active for item 000010,CMM_VLOGP,045,ZMP1,000010,,
00505684390C1FE18DE2981AAD978896,Price determination: MtM condition ZMP1 is not active for item 000010,CMM_VLOGP,045,ZMP1,000010,,
00505684390C1FE18DE2B05F81942896,Price determination: MtM condition ZCMI is not active for item 000010,CMM_VLOGP,045,ZCMI,000010,,
00505684390C1FE18DE2B2699CC0E896,Price determination: MtM condition ZCMI is not active for item 000010,CMM_VLOGP,045,ZCMI,000010,,
00505684390C1FE18DE2B73B654E4896,Price determination: MtM condition ZMP1 is not active for item 000010,CMM_VLOGP,045,ZMP1,000010,,
00505684390C1FE18DE2BDCFEF3EE896,Price determination: MtM condition ZMP1 is not active for item 000010,CMM_VLOGP,045,ZMP1,000010,,
00505684390C1FE18DE2BDFE017B0896,Price determination: MtM condition ZCMI is not active for item 000010,CMM_VLOGP,045,ZCMI,000010,,
00505684390C1FE18DE2CAA83663C896,Price determination: MtM condition ZMP1 is not active for item 000010,CMM_VLOGP,045,ZMP1,000010,,
00505684390C1FE18DE2DEB25F46C896,Price determination: MtM condition ZMP1 is not active for item 000010,CMM_VLOGP,045,ZMP1,000010,,
00505684390C1FE18DE2DEF93C8D0896,Price determination: MtM condition ZMP1 is not active for item 000010,CMM_VLOGP,045,ZMP1,000010,,
00505684390C1FE18DE2DF1D8628E896,Price determination: MtM condition ZMP1 is not active for item 000020,CMM_VLOGP,045,ZMP1,000020,,
00505684390C1FE18DE2E01B9D432896,Price determination: MtM condition ZMP1 is not active for item 000020,CMM_VLOGP,045,ZMP1,000020,,
00505684390C1FE18DE2E9395866A896,Price determination: MtM condition ZCMI is not active for item 000010,CMM_VLOGP,045,ZCMI,000010,,
00505684390C1FE18DE2EF4FBD810896,Price determination: MtM condition ZMP1 is not active for item 000010,CMM_VLOGP,045,ZMP1,000010,,
00505684390C1FE18DE3046DC1CB8896,Price determination: MtM condition ZMP1 is not active for item 000010,CMM_VLOGP,045,ZMP1,000010,,
00505684390C1FE18DE30F0163B88896,Price determination: MtM condition ZMP1 is not active for item 000010,CMM_VLOGP,045,ZMP1,000010,,
00505684390C1FE18DE31255B67B6896,Price determination: MtM condition ZCMI is not active for item 000010,CMM_VLOGP,045,ZCMI,000010,,
00505684390C1FE18DE3146C0DE36896,Price determination: MtM condition ZMP1 is not active for item 000010,CMM_VLOGP,045,ZMP1,000010,,
00505684390C1FE18DE323BB1A2D4896,Price determination: MtM condition ZCMI is not active for item 000010,CMM_VLOGP,045,ZCMI,000010,,
00505684390C1FE18DE32D69ADBAA896,Price determination: MtM condition ZCMI is not active for item 000010,CMM_VLOGP,045,ZCMI,000010,,
00505684390C1FE18DE334BDB5C22896,"Billing type ZIRE contains split crit. 1, n invoiced: , invoice not req.",VF,750,ZIRE,1,,
00505684390C1FE18DE34ADF09FF0896,Price determination: MtM condition ZCMI is not active for item 000020,CMM_VLOGP,045,ZCMI,000020,,
00505684390C1FE18DE350A2654CC896,Price determination: MtM condition ZCMI is not active for item 000010,CMM_VLOGP,045,ZCMI,000010,,
00505684390C1FE18DE35836F2FD2896,Price determination: MtM condition ZMP1 is not active for item 000020,CMM_VLOGP,045,ZMP1,000020,,
00505684390C1FE18DE35B112EB16896,Price determination: MtM condition ZMP1 is not active for item 000020,CMM_VLOGP,045,ZMP1,000020,,
00505684390C1FE18DE36342A02FC896,Price determination: MtM condition ZLAB is not active for item 000010,CMM_VLOGP,045,ZLAB,000010,,
00505684390C1FE18DE364CDCAC78896,Price determination: MtM condition ZLAB is not active for item 000010,CMM_VLOGP,045,ZLAB,000010,,
00505684390C1FE18DE36827F5420896,Price determination: MtM condition ZLAB is not active for item 000010,CMM_VLOGP,045,ZLAB,000010,,
00505684390C1FE18DE36B80513A0896,Price determination: MtM condition VPRS is not active for item 000010,CMM_VLOGP,045,VPRS,000010,,
00505684390C1FE18DE36C164F414896,Price determination: MtM condition ZMP1 is not active for item 000020,CMM_VLOGP,045,ZMP1,000020,,
00505684390C1FE18DE36C519BA38896,Price determination: MtM condition VPRS is not active for item 000010,CMM_VLOGP,045,VPRS,000010,,
00505684390C1FE18DE36D2F54B08896,Price determination: MtM condition VPRS is not active for item 000010,CMM_VLOGP,045,VPRS,000010,,
00505684390C1FE18DE36D9EF4DC2896,Price determination: MtM condition ZCMI is not active for item 000020,CMM_VLOGP,045,ZCMI,000020,,
00505684390C1FE18DE36FD71E3FE896,Price determination: MtM condition ZCMI is not active for item 000020,CMM_VLOGP,045,ZCMI,000020,,
00505684390C1FE18DE371CCC677E896,Price determination: MtM condition ZCMI is not active for item 000020,CMM_VLOGP,045,ZCMI,000020,,
00505684390C1FE18DE37741AF480896,Price determination: MtM condition ZCMI is not active for item 000010,CMM_VLOGP,045,ZCMI,000010,,
00505684390C1FE18DE37840E574C896,Price determination: MtM condition ZCMI is not active for item 000010,CMM_VLOGP,045,ZCMI,000010,,
00505684390C1FE18DE379507A596896,Price determination: MtM condition ZCMI is not active for item 000020,CMM_VLOGP,045,ZCMI,000020,,
00505684390C1FE18DE379B08C84E896,Price determination: MtM condition ZCMI is not active for item 000020,CMM_VLOGP,045,ZCMI,000020,,
00505684390C1FE18DE37A7DF0C8A896,Price determination: MtM condition ZMP1 is not active for item 000030,CMM_VLOGP,045,ZMP1,000030,,
00505684390C1FE18DE37AAF7A49A896,Price determination: MtM condition ZMP1 is not active for item 000030,CMM_VLOGP,045,ZMP1,000030,,
00505684390C1FE18DE37B123FC14896,Price determination: MtM condition ZMP1 is not active for item 000030,CMM_VLOGP,045,ZMP1,000030,,
00505684390C1FE18DE37B73D6A68896,Price determination: MtM condition ZMP1 is not active for item 000030,CMM_VLOGP,045,ZMP1,000030,,
00505684390C1FE18DE39663A3C6A896,Price determination: MtM condition ZMP1 is not active for item 000010,CMM_VLOGP,045,ZMP1,000010,,
00505684390C1FE18DE3A5F7EBEC8896,Price determination: MtM condition ZCMI is not active for item 000010,CMM_VLOGP,045,ZCMI,000010,,
00505684390C1FE18DE3B395960C6896,Price determination: MtM condition ZMP1 is not active for item 000010,CMM_VLOGP,045,ZMP1,000010,,
00505684390C1FE18DE3C2626B8EC896,Price determination: MtM condition ZMP1 is not active for item 000010,CMM_VLOGP,045,ZMP1,000010,,
00505684390C1FE18DE3C41D15968896,Price determination: MtM condition ZLAR is not active for item 000010,CMM_VLOGP,045,ZLAR,000010,,
00505684390C1FE18DE3C6959F65C896,Price determination: MtM condition ZLAR is not active for item 000010,CMM_VLOGP,045,ZLAR,000010,,
00505684390C1FE18DE3DE6B41622896,Price determination: MtM condition ZMP1 is not active for item 000010,CMM_VLOGP,045,ZMP1,000010,,
00505684390C1FE18DE3EB36CCCFE896,Price determination: MtM condition ZMP1 is not active for item 000010,CMM_VLOGP,045,ZMP1,000010,,
00505684390C1FE18DE3F567AE184896,Price determination: MtM condition ZMP1 is not active for item 000010,CMM_VLOGP,045,ZMP1,000010,,
00505684390C1FE18DE3F5A283850896,Price determination: MtM condition ZMP1 is not active for item 000010,CMM_VLOGP,045,ZMP1,000010,,
00505684390C1FE18DE3F684B916E896,Price determination: MtM condition ZMP1 is not active for item 000010,CMM_VLOGP,045,ZMP1,000010,,
00505684390C1FE18DE3FA984D480896,Price determination: MtM condition ZMP1 is not active for item 000010,CMM_VLOGP,045,ZMP1,000010,,
00505684390C1FE18DE3FB7B289BE896,Price determination: MtM condition ZMP1 is not active for item 000010,CMM_VLOGP,045,ZMP1,000010,,
00505684390C1FE18DE3FD5DF978A896,Price determination: MtM condition ZMP1 is not active for item 000010,CMM_VLOGP,045,ZMP1,000010,,
00505684390C1FE18DE40923E1046896,Price determination: MtM condition ZMP1 is not active for item 000010,CMM_VLOGP,045,ZMP1,000010,,
00505684390C1FE18DE45D136B2A0896,connection closed (no data),,000,,,,
00505684390C1FE18DE49B471624E896,Price determination: MtM condition ZMP1 is not active for item 000010,CMM_VLOGP,045,ZMP1,000010,,
00505684390C1FE18DE523CED8B34896,connection closed (no data),,000,,,,
00505684390C1FE18DEA01DA08522896,Root Document 52004036 is locked,CMM_VLOGP,040,52004036,000010,03/01/2026,
00505684390C1FE18DEA1A110A85A896,Error in getting price for material AKE0100 and plant,CMM_VLOGP,022,AKE0100,,,
00505684390C1FE18DEA32E5B4798896,Price determination: MtM condition VPRS is not active for item 000010,CMM_VLOGP,045,VPRS,000010,,
00505684390C1FE18DEB4EAA7C362896,Pricing error 52004037/000010 RDP start date 01.02.2026: pricing failed,CMM_VLOGP,029,52004037,000010,01.02.2026,
00505684390C1FE18DEBAF6D27F9E896,Pricing error 52004038/000010 RDP start date 01.02.2026: pricing failed,CMM_VLOGP,029,52004038,000010,01.02.2026,
00505684390C1FE18DEBE33BF3AC8896,Price determination: MtM condition ZMP1 is not active for item 000010,CMM_VLOGP,045,ZMP1,000010,,
00505684390C1FE18DF7965893DE0896,connection closed (no data),,000,,,,
00505684390C1FE18DF97537C014E896,connection closed (no data),,000,,,,
00505684390C1FE18E9A854B34C5C896,Pricing error 64002199/000020 RDP start date 04/01/2026: pricing failed,CMM_VLOGP,029,64002199,000020,04/01/2026,
00505684390C1FE18EAD4229D203E896,runtime resume failed,00,001,runtime resume failed,,,
00505684390C1FE18EADC8DC04E1A896,runtime resume failed,00,001,runtime resume failed,,,
00505684390C1FE18EADDA8F45F36896,runtime resume failed,00,001,runtime resume failed,,,
00505684390C1FE18EADDB14987BC896,runtime resume failed,00,001,runtime resume failed,,,
00505684390C1FE18EAE0FD257ECA896,runtime resume failed,00,001,runtime resume failed,,,
00505684390C1FE18EB4E9C76955C896,Price determination: MtM condition ZRP1 is not active for item 000010,CMM_VLOGP,045,ZRP1,000010,,
00505684390C1FE18EB51D1E02B02896,Price determination: MtM condition ZRP1 is not active for item 000010,CMM_VLOGP,045,ZRP1,000010,,
00505684390C1FE18EB52F84AC440896,Price determination: MtM condition ZRP1 is not active for item 000010,CMM_VLOGP,045,ZRP1,000010,,
00505684390C1FE18ECEADF316132896,connection closed (no data),,000,,,,
00505684390C1FE18EDB8C50B45A6896,Error in getting price for material JKR0200 and plant,CMM_VLOGP,022,JKR0200,,,
00505684390C1FE18F9DB7B6A3562896,Pricing error 64002210/000010 RDP start date 01.01.2026: pricing failed,CMM_VLOGP,029,64002210,000010,01.01.2026,
00505684390C1FE18F9DB97030D1E896,Error in getting price for material CRDSA0100 and plant,CMM_VLOGP,022,CRDSA0100,,,
00505684390C1FE18FC768814F638896,Pricing error 64002149/000010 RDP start date 01.04.2026: pricing failed,CMM_VLOGP,029,64002149,000010,01.04.2026,
00505684390C1FE18FC781F42E880896,Pricing error 64002211/000010 RDP start date 01.04.2026: pricing failed,CMM_VLOGP,029,64002211,000010,01.04.2026,
00505684390C1FE18FC94C646E318896,Pricing error 64002212/000010 RDP start date 01.04.2026: pricing failed,CMM_VLOGP,029,64002212,000010,01.04.2026,
00505684390C1FE18FC95CD7DD162896,The mode was separated from the debugger and the debugger was closed.,,000,,,,
00505684390C1FE18FC96CC2381F4896,Root Document 330002517 is locked,CMM_VLOGP,040,330002517,00010,01.03.2026,
00505684390C1FE18FC97C13DF91A896,Pricing error 64002213/000010 RDP start date 01.04.2026: pricing failed,CMM_VLOGP,029,64002213,000010,01.04.2026,
00505684390C1FE18FC9885BF639A896,Pricing error 64002214/000010 RDP start date 01.04.2026: pricing failed,CMM_VLOGP,029,64002214,000010,01.04.2026,
00505684390C1FE18FC9BFE38147E896,Pricing error 64002215/000010 RDP start date 01.04.2026: pricing failed,CMM_VLOGP,029,64002215,000010,01.04.2026,
00505684390C1FE18FCBC925A18E0896,connection closed (no data),,000,,,,
00505684390C1FE18FD3498B7569E896,Root Document 330002521 is locked,CMM_VLOGP,040,330002521,00010,12/01/2025,
00505684390C1FE18FDB0FC1579FA896,Error in getting price for material JKR0200 and plant,CMM_VLOGP,022,JKR0200,,,
00505684390C1FE18FDBEC5183536896,Error in getting price for material JKR0200 and plant,CMM_VLOGP,022,JKR0200,,,
00505684390C1FE18FDBEFF2059E4896,Pricing error 52004048/000010 RDP start date 01.03.2026: pricing failed,CMM_VLOGP,029,52004048,000010,01.03.2026,
00505684390C1FE18FE24208B2FFA896,connection closed (no data),,000,,,,
00505684390C1FE18FE40001F533A896,connection closed (no data),,000,,,,
00505684390C1FE18FE61142A1718896,Root Document 340003886 is locked,CMM_VLOGP,040,340003886,00010,04/01/2026,
00505684390C1FE18FE8BF394975A896,Root Document 64002216 is locked,CMM_VLOGP,040,64002216,000010,11/01/2025,
00505684390C1FE18FF3D8A674066896,connection closed (no data),,000,,,,
00505684390C1FE18FF4507780734896,connection closed (no data),,000,,,,
00505684390C1FE18FF5CCBAAA022896,Error in getting price for material JKR0200 and plant,CMM_VLOGP,022,JKR0200,,,
00505684390C1FE18FF84A6C46FC4896,Pricing error 52004052/000010 RDP start date 01.03.2026: pricing failed,CMM_VLOGP,029,52004052,000010,01.03.2026,
00505684390C1FE18FF8669735D68896,Price determination: MtM condition ZMP1 is not active for item 000010,CMM_VLOGP,045,ZMP1,000010,,
00505684390C1FE1908C7B5F8B7A8896,Pricing error 52003213/000010 RDP start date 06.02.2025: pricing failed,CMM_VLOGP,029,52003213,000010,06.02.2025,
00505684390C1FE1908C7BD41766E896,Pricing error 58000015/000010 RDP start date 01.11.2024: pricing failed,CMM_VLOGP,029,58000015,000010,01.11.2024,
00505684390C1FE1908C7BED05EFA896,Pricing error 58000016/000010 RDP start date 01.11.2024: pricing failed,CMM_VLOGP,029,58000016,000010,01.11.2024,
00505684390C1FE1908C7C06264FE896,Pricing error 58000033/000010 RDP start date 01.12.2024: pricing failed,CMM_VLOGP,029,58000033,000010,01.12.2024,
00505684390C1FE1908C7C157F52C896,Pricing error 58000034/000010 RDP start date 01.12.2024: pricing failed,CMM_VLOGP,029,58000034,000010,01.12.2024,
00505684390C1FE1908C7D4686572896,Pricing error 52002975/000010 RDP start date 01.01.2025: pricing failed,CMM_VLOGP,029,52002975,000010,01.01.2025,
00505684390C1FE1908C7DCCA2542896,Pricing error 52003194/000010 RDP start date 01.01.2025: pricing failed,CMM_VLOGP,029,52003194,000010,01.01.2025,
00505684390C1FE1908C7DE8F34B4896,Pricing error 52003156/000010 RDP start date 01.01.2025: pricing failed,CMM_VLOGP,029,52003156,000010,01.01.2025,
00505684390C1FE1908C7E061AF6E896,Pricing error 52003176/000010 RDP start date 01.01.2025: pricing failed,CMM_VLOGP,029,52003176,000010,01.01.2025,
00505684390C1FE1908C7E09123E6896,Pricing error 52003971/000010 RDP start date 20.02.2026: pricing failed,CMM_VLOGP,029,52003971,000010,20.02.2026,
00505684390C1FE1908C7EC3AED82896,Pricing error 52003197/000010 RDP start date 01.01.2025: pricing failed,CMM_VLOGP,029,52003197,000010,01.01.2025,
00505684390C1FE1908C7FBD087EA896,Pricing error 52003085/000010 RDP start date 01.02.2025: pricing failed,CMM_VLOGP,029,52003085,000010,01.02.2025,
00505684390C1FE1908C809118046896,Pricing error 52003332/000010 RDP start date 16.03.2025: pricing failed,CMM_VLOGP,029,52003332,000010,16.03.2025,
00505684390C1FE1908C80EAE69D0896,Pricing error 52003268/000010 RDP start date 01.02.2025: pricing failed,CMM_VLOGP,029,52003268,000010,01.02.2025,
00505684390C1FE1908C80FDBB20A896,Pricing error 52003355/000010 RDP start date 16.03.2025: pricing failed,CMM_VLOGP,029,52003355,000010,16.03.2025,
00505684390C1FE1908C813D004FC896,Pricing error 52003372/000010 RDP start date 16.03.2025: pricing failed,CMM_VLOGP,029,52003372,000010,16.03.2025,
00505684390C1FE1908C81BFED3A2896,Pricing error 52003400/000010 RDP start date 01.04.2025: pricing failed,CMM_VLOGP,029,52003400,000010,01.04.2025,
00505684390C1FE1908C821E4C656896,Pricing error 52003463/000010 RDP start date 01.01.2025: pricing failed,CMM_VLOGP,029,52003463,000010,01.01.2025,
00505684390C1FE1908C83620143A896,Pricing error 64001877/000010 RDP start date 01.07.2025: pricing failed,CMM_VLOGP,029,64001877,000010,01.07.2025,
00505684390C1FE1908C836201490896,Pricing error 64001933/000010 RDP start date 01.06.2025: pricing failed,CMM_VLOGP,029,64001933,000010,01.06.2025,
00505684390C1FE1908C83895F7EA896,Pricing error 64001936/000010 RDP start date 01.06.2025: pricing failed,CMM_VLOGP,029,64001936,000010,01.06.2025,
00505684390C1FE1908C83C164252896,Pricing error 64001938/000010 RDP start date 01.08.2025: pricing failed,CMM_VLOGP,029,64001938,000010,01.08.2025,
00505684390C1FE1908C83C16428E896,Pricing error 52003294/000010 RDP start date 01.02.2025: pricing failed,CMM_VLOGP,029,52003294,000010,01.02.2025,
00505684390C1FE1908C83E83C4F0896,Pricing error 52003295/000010 RDP start date 01.02.2025: pricing failed,CMM_VLOGP,029,52003295,000010,01.02.2025,
00505684390C1FE1908C84481C4CC896,Price determination: MtM condition ZMP1 is not active for item 000010,CMM_VLOGP,045,ZMP1,000010,,
00505684390C1FE1908C846999552896,Price determination: MtM condition ZMP1 is not active for item 000010,CMM_VLOGP,045,ZMP1,000010,,
00505684390C1FE1908C8484F13E2896,Price determination: MtM condition ZMP1 is not active for item 000010,CMM_VLOGP,045,ZMP1,000010,,
00505684390C1FE1908C84AD65234896,Price determination: MtM condition ZMP1 is not active for item 000010,CMM_VLOGP,045,ZMP1,000010,,
00505684390C1FE1908C84EBF1C82896,Price determination: MtM condition ZMP1 is not active for item 000010,CMM_VLOGP,045,ZMP1,000010,,
00505684390C1FE1908C8508E4364896,Price determination: MtM condition ZMP1 is not active for item 000010,CMM_VLOGP,045,ZMP1,000010,,
00505684390C1FE1908C854127658896,Price determination: MtM condition ZMP1 is not active for item 000010,CMM_VLOGP,045,ZMP1,000010,,
00505684390C1FE1908C85D96206C896,Pricing error 52003303/000010 RDP start date 01.02.2025: pricing failed,CMM_VLOGP,029,52003303,000010,01.02.2025,
00505684390C1FE1908C864FB1D80896,Pricing error 52003309/000010 RDP start date 01.03.2025: pricing failed,CMM_VLOGP,029,52003309,000010,01.03.2025,
00505684390C1FE1908C87B79C3C2896,Pricing error 52003333/000010 RDP start date 16.03.2025: pricing failed,CMM_VLOGP,029,52003333,000010,16.03.2025,
00505684390C1FE1908C89B753EA0896,Pricing error 52003356/000010 RDP start date 16.03.2025: pricing failed,CMM_VLOGP,029,52003356,000010,16.03.2025,
00505684390C1FE1908C8B26A26F0896,Price determination: MtM condition ZMP1 is not active for item 000010,CMM_VLOGP,045,ZMP1,000010,,
00505684390C1FE1908C8BA73A1DC896,Pricing error 52003373/000010 RDP start date 16.03.2025: pricing failed,CMM_VLOGP,029,52003373,000010,16.03.2025,
00505684390C1FE1908C8BFADC122896,Price determination: MtM condition ZMP1 is not active for item 000010,CMM_VLOGP,045,ZMP1,000010,,
00505684390C1FE1908C8D1214EE0896,Price determination: MtM condition ZMP1 is not active for item 000010,CMM_VLOGP,045,ZMP1,000010,,
00505684390C1FE1908C8D5438626896,Price determination: MtM condition ZMP1 is not active for item 000010,CMM_VLOGP,045,ZMP1,000010,,
00505684390C1FE1908C8D5DB7ACC896,Price determination: MtM condition ZMP1 is not active for item 000010,CMM_VLOGP,045,ZMP1,000010,,
00505684390C1FE1908C8D8D632A6896,Price determination: MtM condition ZMP1 is not active for item 000010,CMM_VLOGP,045,ZMP1,000010,,
00505684390C1FE1908C8D9136406896,Pricing error 52003399/000010 RDP start date 01.04.2025: pricing failed,CMM_VLOGP,029,52003399,000010,01.04.2025,
00505684390C1FE1908C8DC823DF4896,Price determination: MtM condition ZMP1 is not active for item 000010,CMM_VLOGP,045,ZMP1,000010,,
00505684390C1FE1908C8DEBE2064896,Price determination: MtM condition ZMP1 is not active for item 000010,CMM_VLOGP,045,ZMP1,000010,,
00505684390C1FE1908C8E06D4720896,Pricing error 52003414/000010 RDP start date 01.04.2025: pricing failed,CMM_VLOGP,029,52003414,000010,01.04.2025,
00505684390C1FE1908C8E0C67C78896,Price determination: MtM condition ZMP1 is not active for item 000010,CMM_VLOGP,045,ZMP1,000010,,
00505684390C1FE1908C8E37208C8896,Price determination: MtM condition ZMP1 is not active for item 000010,CMM_VLOGP,045,ZMP1,000010,,
00505684390C1FE1908C8EDB35354896,Pricing error 52003423/000010 RDP start date 01.04.2025: pricing failed,CMM_VLOGP,029,52003423,000010,01.04.2025,
00505684390C1FE1908C8F0175084896,Price determination: MtM condition ZMP1 is not active for item 000010,CMM_VLOGP,045,ZMP1,000010,,
00505684390C1FE1908C8F1BE21B6896,Price determination: MtM condition ZMP1 is not active for item 000010,CMM_VLOGP,045,ZMP1,000010,,
00505684390C1FE1908C8F3412C3C896,Pricing error 52003427/000010 RDP start date 01.04.2025: pricing failed,CMM_VLOGP,029,52003427,000010,01.04.2025,
00505684390C1FE1908C8F3B61A8A896,Price determination: MtM condition ZMP1 is not active for item 000010,CMM_VLOGP,045,ZMP1,000010,,
00505684390C1FE1908C8F81CB788896,Price determination: MtM condition ZMP1 is not active for item 000010,CMM_VLOGP,045,ZMP1,000010,,
00505684390C1FE1908C8FB6F1A20896,Price determination: MtM condition ZMP1 is not active for item 000010,CMM_VLOGP,045,ZMP1,000010,,
00505684390C1FE1908C8FD74439A896,Price determination: MtM condition ZMP1 is not active for item 000010,CMM_VLOGP,045,ZMP1,000010,,
00505684390C1FE1908C8FD8DB2F8896,Price determination: MtM condition ZMP1 is not active for item 000010,CMM_VLOGP,045,ZMP1,000010,,
00505684390C1FE1908C8FDA662D0896,Pricing error 52003435/000010 RDP start date 01.05.2025: pricing failed,CMM_VLOGP,029,52003435,000010,01.05.2025,
00505684390C1FE1908C8FFEDB6A8896,Price determination: MtM condition ZMP1 is not active for item 000010,CMM_VLOGP,045,ZMP1,000010,,
00505684390C1FE1908C906056174896,Price determination: MtM condition ZMP1 is not active for item 000010,CMM_VLOGP,045,ZMP1,000010,,
00505684390C1FE1908C9065D755C896,Pricing error 52003318/000010 RDP start date 01.02.2025: pricing failed,CMM_VLOGP,029,52003318,000010,01.02.2025,
00505684390C1FE1908C9073A096A896,Price determination: MtM condition ZMP1 is not active for item 000010,CMM_VLOGP,045,ZMP1,000010,,
00505684390C1FE1908C90A746126896,Price determination: MtM condition ZMP1 is not active for item 000010,CMM_VLOGP,045,ZMP1,000010,,
00505684390C1FE1908C90C010E0E896,Price determination: MtM condition ZMP1 is not active for item 000010,CMM_VLOGP,045,ZMP1,000010,,
00505684390C1FE1908C90F15A2A0896,Price determination: MtM condition ZMP1 is not active for item 000010,CMM_VLOGP,045,ZMP1,000010,,
00505684390C1FE1908C912AE0230896,Price determination: MtM condition ZMP1 is not active for item 000010,CMM_VLOGP,045,ZMP1,000010,,
00505684390C1FE1908C9150FBB1A896,Price determination: MtM condition ZMP1 is not active for item 000010,CMM_VLOGP,045,ZMP1,000010,,
00505684390C1FE1908C918A0F7A0896,Price determination: MtM condition ZMP1 is not active for item 000010,CMM_VLOGP,045,ZMP1,000010,,
00505684390C1FE1908C91D573EF0896,Price determination: MtM condition ZMP1 is not active for item 000010,CMM_VLOGP,045,ZMP1,000010,,
00505684390C1FE1908C91D89CC52896,Pricing error 52003500/000010 RDP start date 01.04.2025: pricing failed,CMM_VLOGP,029,52003500,000010,01.04.2025,
00505684390C1FE1908C91F8503F6896,Pricing error 52003503/000010 RDP start date 01.05.2025: pricing failed,CMM_VLOGP,029,52003503,000010,01.05.2025,
00505684390C1FE1908C9236A6D16896,Price determination: MtM condition ZMP1 is not active for item 000010,CMM_VLOGP,045,ZMP1,000010,,
00505684390C1FE1908C924A5429C896,Price determination: MtM condition ZMP1 is not active for item 000010,CMM_VLOGP,045,ZMP1,000010,,
00505684390C1FE1908C92782194E896,Price determination: MtM condition ZMP1 is not active for item 000010,CMM_VLOGP,045,ZMP1,000010,,
00505684390C1FE1908C9296DDD7E896,Price determination: MtM condition ZMP1 is not active for item 000010,CMM_VLOGP,045,ZMP1,000010,,
00505684390C1FE1908C92E977D46896,Price determination: MtM condition ZMP1 is not active for item 000010,CMM_VLOGP,045,ZMP1,000010,,
00505684390C1FE1908C9326A8412896,Pricing error 52003357/000010 RDP start date 16.03.2025: pricing failed,CMM_VLOGP,029,52003357,000010,16.03.2025,
00505684390C1FE1908C9364C11FC896,Pricing error 52003359/000010 RDP start date 16.03.2025: pricing failed,CMM_VLOGP,029,52003359,000010,16.03.2025,
00505684390C1FE1908C93C7EDBC6896,Pricing error 52003374/000010 RDP start date 16.03.2025: pricing failed,CMM_VLOGP,029,52003374,000010,16.03.2025,
00505684390C1FE1908C94B51CDC8896,Price determination: MtM condition ZMP1 is not active for item 000010,CMM_VLOGP,045,ZMP1,000010,,
00505684390C1FE1908C9580AC8AE896,Price determination: MtM condition ZMP1 is not active for item 000010,CMM_VLOGP,045,ZMP1,000010,,
00505684390C1FE1908C9593F11BA896,Pricing error 52003546/000010 RDP start date 01.04.2025: pricing failed,CMM_VLOGP,029,52003546,000010,01.04.2025,
00505684390C1FE1908C95F1D414A896,Pricing error 52003554/000010 RDP start date 01.07.2025: pricing failed,CMM_VLOGP,029,52003554,000010,01.07.2025,
00505684390C1FE1908C961A134CE896,Pricing error 52003558/000010 RDP start date 01.07.2025: pricing failed,CMM_VLOGP,029,52003558,000010,01.07.2025,
00505684390C1FE1908C96629A40C896,Price determination: MtM condition ZMP1 is not active for item 000010,CMM_VLOGP,045,ZMP1,000010,,
00505684390C1FE1908C9675DFA48896,Price determination: MtM condition ZMP1 is not active for item 000010,CMM_VLOGP,045,ZMP1,000010,,
00505684390C1FE1908C96F5899AE896,Pricing error 52003563/000010 RDP start date 01.07.2025: pricing failed,CMM_VLOGP,029,52003563,000010,01.07.2025,
00505684390C1FE1908C97114AFFA896,Pricing error 52003564/000010 RDP start date 01.07.2025: pricing failed,CMM_VLOGP,029,52003564,000010,01.07.2025,
00505684390C1FE1908C97576B80A896,Pricing error 52003567/000010 RDP start date 01.07.2025: pricing failed,CMM_VLOGP,029,52003567,000010,01.07.2025,
00505684390C1FE1908C97FBB8086896,Price determination: MtM condition ZMP1 is not active for item 000010,CMM_VLOGP,045,ZMP1,000010,,
00505684390C1FE1908C982915E84896,Price determination: MtM condition ZMP1 is not active for item 000010,CMM_VLOGP,045,ZMP1,000010,,
00505684390C1FE1908C982C364AA896,Price determination: MtM condition ZMP1 is not active for item 000010,CMM_VLOGP,045,ZMP1,000010,,
00505684390C1FE1908C986F5AA64896,Price determination: MtM condition ZMP1 is not active for item 000010,CMM_VLOGP,045,ZMP1,000010,,
00505684390C1FE1908C989DB6F8C896,Pricing error 52003428/000010 RDP start date 01.04.2025: pricing failed,CMM_VLOGP,029,52003428,000010,01.04.2025,
00505684390C1FE1908C98C5272FE896,Pricing error 52003581/000010 RDP start date 01.07.2025: pricing failed,CMM_VLOGP,029,52003581,000010,01.07.2025,
00505684390C1FE1908C9D2994D5A896,Pricing error 52003639/000010 RDP start date 01.07.2025: pricing failed,CMM_VLOGP,029,52003639,000010,01.07.2025,
00505684390C1FE1908C9D8B1B6EE896,Pricing error 52003641/000010 RDP start date 01.07.2025: pricing failed,CMM_VLOGP,029,52003641,000010,01.07.2025,
00505684390C1FE1908C9DD554248896,Pricing error 52003677/000010 RDP start date 01.09.2025: pricing failed,CMM_VLOGP,029,52003677,000010,01.09.2025,
00505684390C1FE1908C9DFBCF280896,Pricing error 52003678/000010 RDP start date 01.09.2025: pricing failed,CMM_VLOGP,029,52003678,000010,01.09.2025,
00505684390C1FE1908C9E290CAD6896,Pricing error 52003487/000010 RDP start date 01.06.2025: pricing failed,CMM_VLOGP,029,52003487,000010,01.06.2025,
00505684390C1FE1908C9E2FCF806896,Pricing error 52003680/000010 RDP start date 01.09.2025: pricing failed,CMM_VLOGP,029,52003680,000010,01.09.2025,
00505684390C1FE1908C9E4A851E0896,Pricing error 52003681/000010 RDP start date 01.09.2025: pricing failed,CMM_VLOGP,029,52003681,000010,01.09.2025,
00505684390C1FE1908CA5829C176896,Pricing error 52003769/000010 RDP start date 01.10.2025: pricing failed,CMM_VLOGP,029,52003769,000010,01.10.2025,
00505684390C1FE1908CA646B81B6896,Pricing error 52003593/000010 RDP start date 01.08.2025: pricing failed,CMM_VLOGP,029,52003593,000010,01.08.2025,
00505684390C1FE1908CA9B03CCD6896,Pricing error 52003621/000010 RDP start date 01.08.2025: pricing failed,CMM_VLOGP,029,52003621,000010,01.08.2025,
00505684390C1FE1908CAB8388556896,Pricing error 52003801/000010 RDP start date 01.10.2025: pricing failed,CMM_VLOGP,029,52003801,000010,01.10.2025,
00505684390C1FE1908CAD8D5C86E896,Pricing error 52003649/000010 RDP start date 01.08.2025: pricing failed,CMM_VLOGP,029,52003649,000010,01.08.2025,
00505684390C1FE1908CADB611E7C896,Pricing error 52003650/000010 RDP start date 01.08.2025: pricing failed,CMM_VLOGP,029,52003650,000010,01.08.2025,
00505684390C1FE1908CBA12555B2896,Pricing error 52003963/000010 RDP start date 06.10.2025: pricing failed,CMM_VLOGP,029,52003963,000010,06.10.2025,
00505684390C1FE1908CBA5EBE7A6896,Pricing error 52003972/000010 RDP start date 01.01.2026: pricing failed,CMM_VLOGP,029,52003972,000010,01.01.2026,
00505684390C1FE1908CBA88376AA896,Pricing error 52003979/000010 RDP start date 02.02.2026: pricing failed,CMM_VLOGP,029,52003979,000010,02.02.2026,
00505684390C1FE1908CC0D6EF328896,Pricing error 64001959/000010 RDP start date 01.07.2025: pricing failed,CMM_VLOGP,029,64001959,000010,01.07.2025,
00505684390C1FE1908CC2A3A1990896,Pricing error 64001993/000010 RDP start date 06.09.2025: pricing failed,CMM_VLOGP,029,64001993,000010,06.09.2025,
00505684390C1FE1908CC4B9E2D52896,Price determination: MtM condition ZMP1 is not active for item 000010,CMM_VLOGP,045,ZMP1,000010,,
00505684390C1FE1908CC8EF17EC0896,Price determination: MtM condition ZMP1 is not active for item 000010,CMM_VLOGP,045,ZMP1,000010,,
00505684390C1FE1908CCAAFD7E70896,Price determination: MtM condition ZMP1 is not active for item 000010,CMM_VLOGP,045,ZMP1,000010,,
00505684390C1FE1908CCE934F404896,Pricing error 52003002/000010 RDP start date 26.12.2024: pricing failed,CMM_VLOGP,029,52003002,000010,26.12.2024,
00505684390C1FE1908CD19D7CF8E896,Pricing error 52003027/000010 RDP start date 01.01.2025: pricing failed,CMM_VLOGP,029,52003027,000010,01.01.2025,
00505684390C1FE1908CD2377A068896,Pricing error 52003038/000010 RDP start date 01.01.2025: pricing failed,CMM_VLOGP,029,52003038,000010,01.01.2025,
00505684390C1FE1908CD260D175E896,Pricing error 52003040/000010 RDP start date 01.01.2025: pricing failed,CMM_VLOGP,029,52003040,000010,01.01.2025,
00505684390C1FE1908CD5BAD97A4896,Pricing error 52003096/000010 RDP start date 01.01.2025: pricing failed,CMM_VLOGP,029,52003096,000010,01.01.2025,
00505684390C1FE1908CDB3A2839E896,Pricing error 52003172/000010 RDP start date 01.02.2025: pricing failed,CMM_VLOGP,029,52003172,000010,01.02.2025,
00505684390C1FE1908CDB56DF92C896,Pricing error 52003173/000010 RDP start date 01.02.2025: pricing failed,CMM_VLOGP,029,52003173,000010,01.02.2025,
00505684390C1FE1908CDD43944C0896,Pricing error 52003264/000010 RDP start date 01.03.2025: pricing failed,CMM_VLOGP,029,52003264,000010,01.03.2025,
00505684390C1FE1908CDD5B49634896,Price determination: MtM condition ZMP1 is not active for item 000010,CMM_VLOGP,045,ZMP1,000010,,
00505684390C1FE1908CDD6C1E49C896,Price determination: MtM condition ZMP1 is not active for item 000010,CMM_VLOGP,045,ZMP1,000010,,
00505684390C1FE1908CDD6C5140C896,Pricing error 52003267/000010 RDP start date 01.03.2025: pricing failed,CMM_VLOGP,029,52003267,000010,01.03.2025,
00505684390C1FE1908CDD89E9FCE896,Pricing error 52003273/000010 RDP start date 01.03.2025: pricing failed,CMM_VLOGP,029,52003273,000010,01.03.2025,
00505684390C1FE1908CDD9CEC872896,Pricing error 52003274/000010 RDP start date 01.03.2025: pricing failed,CMM_VLOGP,029,52003274,000010,01.03.2025,
00505684390C1FE1908CDD9CEC8AE896,Pricing error 52003275/000010 RDP start date 01.03.2025: pricing failed,CMM_VLOGP,029,52003275,000010,01.03.2025,
00505684390C1FE1908CDD9D5A6F4896,Price determination: MtM condition ZMP1 is not active for item 000010,CMM_VLOGP,045,ZMP1,000010,,
00505684390C1FE1908CDDB1BE074896,Price determination: MtM condition ZMP1 is not active for item 000010,CMM_VLOGP,045,ZMP1,000010,,
00505684390C1FE1908CDDB385968896,Pricing error 52003278/000010 RDP start date 01.03.2025: pricing failed,CMM_VLOGP,029,52003278,000010,01.03.2025,
00505684390C1FE1908CDDC2E1106896,Pricing error 52003279/000010 RDP start date 01.03.2025: pricing failed,CMM_VLOGP,029,52003279,000010,01.03.2025,
00505684390C1FE1908CDDD942100896,Price determination: MtM condition ZMP1 is not active for item 000010,CMM_VLOGP,045,ZMP1,000010,,
00505684390C1FE1908CDE3ED84CC896,Pricing error 52003314/000010 RDP start date 01.02.2025: pricing failed,CMM_VLOGP,029,52003314,000010,01.02.2025,
00505684390C1FE1908CDF8FC836E896,Pricing error 52003433/000010 RDP start date 01.05.2025: pricing failed,CMM_VLOGP,029,52003433,000010,01.05.2025,
00505684390C1FE1908CDFF769836896,Pricing error 52003491/000010 RDP start date 01.06.2025: pricing failed,CMM_VLOGP,029,52003491,000010,01.06.2025,
00505684390C1FE1908CE051A6D14896,Pricing error 52003497/000010 RDP start date 01.07.2025: pricing failed,CMM_VLOGP,029,52003497,000010,01.07.2025,
00505684390C1FE1908CE0844FE22896,Price determination: MtM condition ZMP1 is not active for item 000010,CMM_VLOGP,045,ZMP1,000010,,
00505684390C1FE1908CE23B0C3EA896,Pricing error 52003575/000010 RDP start date 01.07.2025: pricing failed,CMM_VLOGP,029,52003575,000010,01.07.2025,
00505684390C1FE1908CE47821C6E896,Price determination: MtM condition ZMP1 is not active for item 000010,CMM_VLOGP,045,ZMP1,000010,,
00505684390C1FE1908CE4B014E2A896,Pricing error 52003613/000010 RDP start date 01.09.2025: pricing failed,CMM_VLOGP,029,52003613,000010,01.09.2025,
00505684390C1FE1908CE501AD682896,Price determination: MtM condition ZMP1 is not active for item 000010,CMM_VLOGP,045,ZMP1,000010,,
00505684390C1FE1908CE5A855B34896,Price determination: MtM condition ZMP1 is not active for item 000010,CMM_VLOGP,045,ZMP1,000010,,
00505684390C1FE1908CE66880D6C896,Price determination: MtM condition ZMP1 is not active for item 000010,CMM_VLOGP,045,ZMP1,000010,,
00505684390C1FE1908CE7FFC88BA896,Price determination: MtM condition ZMP1 is not active for item 000010,CMM_VLOGP,045,ZMP1,000010,,
00505684390C1FE1908CE8CF2B57E896,Price determination: MtM condition ZMP1 is not active for item 000010,CMM_VLOGP,045,ZMP1,000010,,
00505684390C1FE1908CE926D3830896,Price determination: MtM condition ZMP1 is not active for item 000010,CMM_VLOGP,045,ZMP1,000010,,
00505684390C1FE1908CE94FE9E2C896,Price determination: MtM condition ZMP1 is not active for item 000010,CMM_VLOGP,045,ZMP1,000010,,
00505684390C1FE1908CEBED5733C896,Pricing error 52003674/000010 RDP start date 01.02.2025: pricing failed,CMM_VLOGP,029,52003674,000010,01.02.2025,
00505684390C1FE1908CEC18869AE896,Pricing error 52003675/000010 RDP start date 01.02.2025: pricing failed,CMM_VLOGP,029,52003675,000010,01.02.2025,
00505684390C1FE1908CEC52B86BA896,Pricing error 52003684/000010 RDP start date 01.09.2025: pricing failed,CMM_VLOGP,029,52003684,000010,01.09.2025,
00505684390C1FE1908CECFF07A1A896,Pricing error 52003716/000010 RDP start date 01.10.2025: pricing failed,CMM_VLOGP,029,52003716,000010,01.10.2025,
00505684390C1FE1908CEEC15089A896,Price determination: MtM condition ZMP1 is not active for item 000010,CMM_VLOGP,045,ZMP1,000010,,
00505684390C1FE1908CF06C5DAC0896,Price determination: MtM condition ZMP1 is not active for item 000010,CMM_VLOGP,045,ZMP1,000010,,
00505684390C1FE1908CF08A6E3C0896,Price determination: MtM condition ZMP1 is not active for item 000010,CMM_VLOGP,045,ZMP1,000010,,
00505684390C1FE1908CF20899468896,Price determination: MtM condition ZMP1 is not active for item 000010,CMM_VLOGP,045,ZMP1,000010,,
00505684390C1FE1908CF2B8EB264896,Price determination: MtM condition ZMP1 is not active for item 000010,CMM_VLOGP,045,ZMP1,000010,,
00505684390C1FE1908CF2DD4AB64896,Price determination: MtM condition ZMP1 is not active for item 000010,CMM_VLOGP,045,ZMP1,000010,,
00505684390C1FE1908CF2E1DE7FC896,Price determination: MtM condition ZMP1 is not active for item 000010,CMM_VLOGP,045,ZMP1,000010,,
00505684390C1FE1908CF32492912896,Price determination: MtM condition ZMP1 is not active for item 000010,CMM_VLOGP,045,ZMP1,000010,,
00505684390C1FE1908CF403FCDA6896,Price determination: MtM condition ZMP1 is not active for item 000010,CMM_VLOGP,045,ZMP1,000010,,
00505684390C1FE1908CF41256D48896,Price determination: MtM condition ZMP1 is not active for item 000010,CMM_VLOGP,045,ZMP1,000010,,
00505684390C1FE1908CF623EA086896,Price determination: MtM condition ZMP1 is not active for item 000010,CMM_VLOGP,045,ZMP1,000010,,
00505684390C1FE1908CF65ADCB74896,Price determination: MtM condition ZMP1 is not active for item 000010,CMM_VLOGP,045,ZMP1,000010,,
00505684390C1FE1908CF688A5B3C896,Price determination: MtM condition ZMP1 is not active for item 000010,CMM_VLOGP,045,ZMP1,000010,,
00505684390C1FE1908CF6AF9C6B4896,Price determination: MtM condition ZMP1 is not active for item 000010,CMM_VLOGP,045,ZMP1,000010,,
00505684390C1FE1908CF6CEBC7BA896,Price determination: MtM condition ZMP1 is not active for item 000010,CMM_VLOGP,045,ZMP1,000010,,
00505684390C1FE1908CF73E0329C896,Price determination: MtM condition ZMP1 is not active for item 000010,CMM_VLOGP,045,ZMP1,000010,,
00505684390C1FE1908CFA1988DD8896,Price determination: MtM condition ZMP1 is not active for item 000010,CMM_VLOGP,045,ZMP1,000010,,
00505684390C1FE1908CFCD8B5524896,Price determination: MtM condition ZMP1 is not active for item 000010,CMM_VLOGP,045,ZMP1,000010,,
00505684390C1FE1908CFE7E76FF6896,Price determination: MtM condition ZMP1 is not active for item 000010,CMM_VLOGP,045,ZMP1,000010,,
00505684390C1FE1908CFEA63ECD2896,Price determination: MtM condition ZMP1 is not active for item 000010,CMM_VLOGP,045,ZMP1,000010,,
00505684390C1FE1908CFED6BC55E896,Price determination: MtM condition ZMP1 is not active for item 000010,CMM_VLOGP,045,ZMP1,000010,,
00505684390C1FE1908CFF0846FA0896,Price determination: MtM condition ZMP1 is not active for item 000010,CMM_VLOGP,045,ZMP1,000010,,
00505684390C1FE1908CFF2F10F64896,Price determination: MtM condition ZMP1 is not active for item 000010,CMM_VLOGP,045,ZMP1,000010,,
00505684390C1FE1908CFF6200A1A896,Price determination: MtM condition ZMP1 is not active for item 000010,CMM_VLOGP,045,ZMP1,000010,,
00505684390C1FE1908D001242A58896,Price determination: MtM condition ZMP1 is not active for item 000010,CMM_VLOGP,045,ZMP1,000010,,
00505684390C1FE1908D003421E1C896,Price determination: MtM condition ZMP1 is not active for item 000010,CMM_VLOGP,045,ZMP1,000010,,
00505684390C1FE1908D01853639C896,Price determination: MtM condition ZMP1 is not active for item 000010,CMM_VLOGP,045,ZMP1,000010,,
00505684390C1FE1908D024C24ECC896,Price determination: MtM condition ZMP1 is not active for item 000010,CMM_VLOGP,045,ZMP1,000010,,
00505684390C1FE1908D026B084EC896,Price determination: MtM condition ZMP1 is not active for item 000010,CMM_VLOGP,045,ZMP1,000010,,
00505684390C1FE1908D0490BFB20896,Price determination: MtM condition ZMP1 is not active for item 000010,CMM_VLOGP,045,ZMP1,000010,,
00505684390C1FE1908D0626FF342896,Price determination: MtM condition ZMP1 is not active for item 000010,CMM_VLOGP,045,ZMP1,000010,,
00505684390C1FE1908D08D668AC4896,Price determination: MtM condition ZMP1 is not active for item 000010,CMM_VLOGP,045,ZMP1,000010,,
00505684390C1FE1908D08F98C14E896,Price determination: MtM condition ZMP1 is not active for item 000010,CMM_VLOGP,045,ZMP1,000010,,
00505684390C1FE1908D0B1908BAC896,Price determination: MtM condition ZMP1 is not active for item 000010,CMM_VLOGP,045,ZMP1,000010,,
00505684390C1FE1908D0B3B98C58896,Price determination: MtM condition ZMP1 is not active for item 000010,CMM_VLOGP,045,ZMP1,000010,,
00505684390C1FE1908D0B6105636896,Price determination: MtM condition ZMP1 is not active for item 000010,CMM_VLOGP,045,ZMP1,000010,,
00505684390C1FE1908D0B8381470896,Price determination: MtM condition ZMP1 is not active for item 000010,CMM_VLOGP,045,ZMP1,000010,,
00505684390C1FE1908D0FADF12DC896,Price determination: MtM condition ZMP1 is not active for item 000010,CMM_VLOGP,045,ZMP1,000010,,
00505684390C1FE1908D0FDF104D2896,Price determination: MtM condition ZMP1 is not active for item 000010,CMM_VLOGP,045,ZMP1,000010,,
00505684390C1FE1908D16C3B1242896,Price determination: MtM condition ZMP1 is not active for item 000010,CMM_VLOGP,045,ZMP1,000010,,
00505684390C1FE1908D17FBB96DA896,Price determination: MtM condition ZMP1 is not active for item 000010,CMM_VLOGP,045,ZMP1,000010,,
00505684390C1FE1908D198383AE6896,Price determination: MtM condition ZMP1 is not active for item 000010,CMM_VLOGP,045,ZMP1,000010,,
00505684390C1FE1908D19BB307F0896,Price determination: MtM condition ZMP1 is not active for item 000010,CMM_VLOGP,045,ZMP1,000010,,
00505684390C1FE1908D1A37BE9AE896,Pricing error 64001569/000010 RDP start date 01.01.2025: pricing failed,CMM_VLOGP,029,64001569,000010,01.01.2025,
00505684390C1FE1908D26485D054896,Price determination: MtM condition ZMP1 is not active for item 000010,CMM_VLOGP,045,ZMP1,000010,,
00505684390C1FE1908D28AE6EBD4896,Price determination: MtM condition ZMP1 is not active for item 000010,CMM_VLOGP,045,ZMP1,000010,,
00505684390C1FE1908D28DAA548C896,Price determination: MtM condition ZMP1 is not active for item 000010,CMM_VLOGP,045,ZMP1,000010,,
00505684390C1FE1908D28E2BD1E4896,Price determination: MtM condition ZMP1 is not active for item 000010,CMM_VLOGP,045,ZMP1,000010,,
00505684390C1FE1908D2C66DAF4E896,Price determination: MtM condition ZMP1 is not active for item 000010,CMM_VLOGP,045,ZMP1,000010,,
00505684390C1FE1908D2D9818F3E896,Price determination: MtM condition ZMP1 is not active for item 000010,CMM_VLOGP,045,ZMP1,000010,,
00505684390C1FE1908D2E066C75C896,Price determination: MtM condition ZMP1 is not active for item 000010,CMM_VLOGP,045,ZMP1,000010,,
00505684390C1FE1908D2EDC2AD9C896,Price determination: MtM condition ZMP1 is not active for item 000010,CMM_VLOGP,045,ZMP1,000010,,
00505684390C1FE1908D2F043687C896,Price determination: MtM condition ZMP1 is not active for item 000010,CMM_VLOGP,045,ZMP1,000010,,
00505684390C1FE1908D2F806892C896,Price determination: MtM condition ZMP1 is not active for item 000010,CMM_VLOGP,045,ZMP1,000010,,
00505684390C1FE1908D2FA3FC410896,Price determination: MtM condition ZMP1 is not active for item 000010,CMM_VLOGP,045,ZMP1,000010,,
00505684390C1FE1908D302CEEA7C896,Price determination: MtM condition ZMP1 is not active for item 000010,CMM_VLOGP,045,ZMP1,000010,,
00505684390C1FE1908D32A6ECC2C896,Price determination: MtM condition ZMP1 is not active for item 000010,CMM_VLOGP,045,ZMP1,000010,,
00505684390C1FE1908D3632C963E896,Price determination: MtM condition ZMP1 is not active for item 000010,CMM_VLOGP,045,ZMP1,000010,,
00505684390C1FE1908D88D5D2B5C896,Price determination: MtM condition ZMP1 is not active for item 000010,CMM_VLOGP,045,ZMP1,000010,,
00505684390C1FE1908D92F52BCC4896,Price determination: MtM condition ZMP1 is not active for item 000010,CMM_VLOGP,045,ZMP1,000010,,
00505684390C1FE1908D92F52BCE2896,Price determination: MtM condition ZMP1 is not active for item 000010,CMM_VLOGP,045,ZMP1,000010,,
00505684390C1FE1908D943ABB518896,Price determination: MtM condition ZMP1 is not active for item 000010,CMM_VLOGP,045,ZMP1,000010,,
00505684390C1FE1908D943ABB536896,Price determination: MtM condition ZMP1 is not active for item 000010,CMM_VLOGP,045,ZMP1,000010,,
00505684390C1FE1908D94B5E9A8C896,Price determination: MtM condition ZMP1 is not active for item 000010,CMM_VLOGP,045,ZMP1,000010,,
00505684390C1FE1908D961B30750896,Price determination: MtM condition ZMP1 is not active for item 000010,CMM_VLOGP,045,ZMP1,000010,,
00505684390C1FE1908D963730E46896,Price determination: MtM condition ZMP1 is not active for item 000010,CMM_VLOGP,045,ZMP1,000010,,
00505684390C1FE1908D99E47C6EC896,Price determination: MtM condition ZMP1 is not active for item 000010,CMM_VLOGP,045,ZMP1,000010,,
00505684390C1FE1908D9ACD76050896,Price determination: MtM condition ZMP1 is not active for item 000010,CMM_VLOGP,045,ZMP1,000010,,
00505684390C1FE1908DA0D3CE952896,Price determination: MtM condition ZMP1 is not active for item 000010,CMM_VLOGP,045,ZMP1,000010,,
00505684390C1FE1908DA41399CCC896,Price determination: MtM condition ZMP1 is not active for item 000010,CMM_VLOGP,045,ZMP1,000010,,
00505684390C1FE1908DA43E119AE896,Price determination: MtM condition ZMP1 is not active for item 000010,CMM_VLOGP,045,ZMP1,000010,,
00505684390C1FE1908DA46D38620896,Price determination: MtM condition ZMP1 is not active for item 000010,CMM_VLOGP,045,ZMP1,000010,,
00505684390C1FE1908DA48E1FAC8896,Price determination: MtM condition ZMP1 is not active for item 000010,CMM_VLOGP,045,ZMP1,000010,,
00505684390C1FE1908DA4B256838896,Price determination: MtM condition ZMP1 is not active for item 000010,CMM_VLOGP,045,ZMP1,000010,,
00505684390C1FE1908DA755051FA896,Price determination: MtM condition ZMP1 is not active for item 000010,CMM_VLOGP,045,ZMP1,000010,,
00505684390C1FE1908DA77278A1C896,Price determination: MtM condition ZMP1 is not active for item 000010,CMM_VLOGP,045,ZMP1,000010,,
00505684390C1FE1908DA7D1A176C896,Price determination: MtM condition ZMP1 is not active for item 000010,CMM_VLOGP,045,ZMP1,000010,,
00505684390C1FE1908DA8A35547A896,Price determination: MtM condition ZMP1 is not active for item 000010,CMM_VLOGP,045,ZMP1,000010,,
00505684390C1FE1908DA8A355498896,Price determination: MtM condition ZMP1 is not active for item 000010,CMM_VLOGP,045,ZMP1,000010,,
00505684390C1FE1908DA8C9D01EE896,Price determination: MtM condition ZMP1 is not active for item 000010,CMM_VLOGP,045,ZMP1,000010,,
00505684390C1FE1908DA93B99304896,Price determination: MtM condition ZMP1 is not active for item 000010,CMM_VLOGP,045,ZMP1,000010,,
00505684390C1FE1908DA9C71F5A8896,Price determination: MtM condition ZMP1 is not active for item 000010,CMM_VLOGP,045,ZMP1,000010,,
00505684390C1FE1908DA9EDD0B5C896,Price determination: MtM condition ZMP1 is not active for item 000010,CMM_VLOGP,045,ZMP1,000010,,
00505684390C1FE190A5B7238201A896,Pricing error 52003486/000010 RDP start date 01.01.2025: pricing failed,CMM_VLOGP,029,52003486,000010,01.01.2025,
00505684390C1FE190A5B74F99436896,Pricing error 52003488/000010 RDP start date 01.01.2025: pricing failed,CMM_VLOGP,029,52003488,000010,01.01.2025,
00505684390C1FE190A5BC49D0DE8896,Pricing error 52003561/000010 RDP start date 01.01.2025: pricing failed,CMM_VLOGP,029,52003561,000010,01.01.2025,
00505684390C1FE190AEA66676190896,Price determination: MtM condition ZMP1 is not active for item 000010,CMM_VLOGP,045,ZMP1,000010,,
00505684390C1FE190AECD26B584C896,Price determination: MtM condition ZMP1 is not active for item 000010,CMM_VLOGP,045,ZMP1,000010,,
00505684390C1FE190CE2CEFA18F8896,Price determination: MtM condition ZSP1 is not active for item 000010,CMM_VLOGP,045,ZSP1,000010,,
00505684390C1FE190D01E74FBBAE896,Price determination: MtM condition ZMP1 is not active for item 000010,CMM_VLOGP,045,ZMP1,000010,,
00505684390C1FE190DD08F40B36A896,Price determination: MtM condition ZMP1 is not active for item 000010,CMM_VLOGP,045,ZMP1,000010,,
00505684390C1FE190DD652059D76896,Error in getting price for material NAP0101 and plant,CMM_VLOGP,022,NAP0101,,,
00505684390C1FE190E7932717D6C896,Root Document 64002218 is locked,CMM_VLOGP,040,64002218,000050,12/01/2025,
00505684390C1FE190E814C9C3DEA896,Price determination: MtM condition ZMP1 is not active for item 000040,CMM_VLOGP,045,ZMP1,000040,,
00505684390C1FE190F24E45646C2896,Error in getting price for material NAP0101 and plant,CMM_VLOGP,022,NAP0101,,,
00505684390C1FE190F317F7C4CBA896,Price determination: MtM condition ZMP1 is not active for item 000010,CMM_VLOGP,045,ZMP1,000010,,
00505684390C1FE190F5ADFB3CB14896,Pricing error 52004060/000010 RDP start date 01.03.2026: pricing failed,CMM_VLOGP,029,52004060,000010,01.03.2026,
00505684390C1FE190F5E14CB0186896,Error in getting price for material JKR0200 and plant,CMM_VLOGP,022,JKR0200,,,
00505684390C1FE190F66AC731246896,Pricing error 67000683/000010 RDP start date 01.03.2026: pricing failed,CMM_VLOGP,029,67000683,000010,01.03.2026,
00505684390C1FE190F85AEA06D52896,Price determination: MtM condition ZMP1 is not active for item 000010,CMM_VLOGP,045,ZMP1,000010,,
00505684390C1FE190F8695880AEE896,Price determination: MtM condition ZMP1 is not active for item 000010,CMM_VLOGP,045,ZMP1,000010,,
00505684390C1FE190F86C95338EE896,Price determination: MtM condition ZMP1 is not active for item 000010,CMM_VLOGP,045,ZMP1,000010,,
00505684390C1FE190FC7EB6DC8D2896,Root Document 340003899 is locked,CMM_VLOGP,040,340003899,00020,05/01/2026,
00505684390C1FE190FC93D81EACA896,Root Document 52004061 is locked,CMM_VLOGP,040,52004061,000020,05/01/2026,
00505684390C1FE19180A44B8701E897,Root Document 330002535 is locked,CMM_VLOGP,040,330002535,00010,04/11/2026,
00505684390C1FE1918B047CD7292897,Class interface changed at runtime.,B1,003,EKSEKS,,,
00505684390C1FE19195A107CBD30899,Error in getting price for material CRUKEAR01 and plant,CMM_VLOGP,022,CRUKEAR01,,,
00505684390C1FE1919B3BC5BB59A899,Root Document 330002537 is locked,CMM_VLOGP,040,330002537,00010,04/11/2026,
00505684390C1FE1919B85571C4BA899,Price determination: MtM condition ZOCP is not active for item 000010,CMM_VLOGP,045,ZOCP,000010,,
00505684390C1FE1919B85C608380899,Price determination: MtM condition ZMP1 is not active for item 000010,CMM_VLOGP,045,ZMP1,000010,,
00505684390C1FE191AF63384B8E2899,Price determination: MtM condition ZLAP is not active for item 000010,CMM_VLOGP,045,ZLAP,000010,,
00505684390C1FE191AF6921E2600899,Price determination: MtM condition ZMP1 is not active for item 000010,CMM_VLOGP,045,ZMP1,000010,,
00505684390C1FE191DC90E4BC42E899,Root Document 340003907 is locked,CMM_VLOGP,040,340003907,00010,04/01/2026,
00505684390C1FE191DC9FF9B5ACE899,Root Document 340003908 is locked,CMM_VLOGP,040,340003908,00010,04/01/2026,
00505684390C1FE191DCA47F19044899,Root Document 52004069 is locked,CMM_VLOGP,040,52004069,000010,04/01/2026,
00505684390C1FE191DCB983732F6899,Root Document 52004070 is locked,CMM_VLOGP,040,52004070,000010,04/01/2026,
00505684390C1FE191DCD9DA78712899,Root Document 340003909 is locked,CMM_VLOGP,040,340003909,00010,04/01/2026,
00505684390C1FE191F5959BBCC40899,connection closed (no data),,000,,,,
00505684390C1FE191F6F66DC0D14899,No commodity pricing formula could be found for document 7100000420,CMM_ANALYTICS,003,7100000420,,,
00505684390C1FE191F6F75382208899,No commodity pricing formula could be found for document 7100000365,CMM_ANALYTICS,003,7100000365,,,
00505684390C1FE191F702DF41386899,No commodity pricing formula could be found for document 7100000350,CMM_ANALYTICS,003,7100000350,,,
00505684390C1FE191F98F43C1010899,connection closed (no data),,000,,,,
00505684390C1FE19293C57B2288A899,Price determination: MtM condition ZCMI is not active for item 000010,CMM_VLOGP,045,ZCMI,000010,,
00505684390C1FE192943B7B3FE46899,Price determination: MtM condition ZCMI is not active for item 000010,CMM_VLOGP,045,ZCMI,000010,,
00505684390C1FE192A58E163F588899,Error in getting price for material ARM0100 and plant,CMM_VLOGP,022,ARM0100,,,
00505684390C1FE192A6A8AED0E6C899,Error in getting price for material ARM0100 and plant,CMM_VLOGP,022,ARM0100,,,
00505684390C1FE192BC6B2A1F2EC899,runtime resume failed,00,001,runtime resume failed,,,
00505684390C1FE192BC6FA978EEE899,runtime resume failed,00,001,runtime resume failed,,,
00505684390C1FE192C0791B3A78E899,Syntax error in program CL_QUERY_SERVICE_TRF==========CP        .,FTR_COEX,223,1640021445,,,
00505684390C1FE192C0791B3A836899,Syntax error in program CL_QUERY_SERVICE_TRF==========CP        .,FTR_COEX,223,1640021466,,,
00505684390C1FE192C0794127B82899,Syntax error in program CL_QUERY_SERVICE_TRF==========CP        .,FTR_COEX,223,1640021497,,,
00505684390C1FE192C079B3693F2899,Syntax error in program CL_QUERY_SERVICE_TRF==========CP        .,FTR_COEX,223,1640021614,,,
00505684390C1FE192C079FFFEAEE899,Syntax error in program CL_QUERY_SERVICE_TRF==========CP        .,FTR_COEX,223,1640021679,,,
00505684390C1FE192C07AE4F7CEA899,Syntax error in program CL_QUERY_SERVICE_TRF==========CP        .,FTR_COEX,223,1640021888,,,
00505684390C1FE192C0A0BE70826899,Syntax error in program CL_QUERY_SERVICE_TRF==========CP        .,FTR_COEX,223,1640016917,,,
00505684390C1FE192C0A1A2C985C899,Syntax error in program CL_QUERY_SERVICE_TRF==========CP        .,FTR_COEX,223,1640016976,,,
00505684390C1FE192C0A2B0F1B60899,Syntax error in program CL_QUERY_SERVICE_TRF==========CP        .,FTR_COEX,223,1640017050,,,
00505684390C1FE192C0A2FAFCDC6899,Syntax error in program CL_QUERY_SERVICE_TRF==========CP        .,FTR_COEX,223,1640017069,,,
00505684390C1FE192C0A347B5A82899,Syntax error in program CL_QUERY_SERVICE_TRF==========CP        .,FTR_COEX,223,1640017088,,,
00505684390C1FE192C0A512E083A899,Syntax error in program CL_QUERY_SERVICE_TRF==========CP        .,FTR_COEX,223,1640017195,,,
00505684390C1FE192C0A6677A8D0899,Error DDIC_COMPTYPE_INCONSISTENT occured. P1=ABAP-generation exit error,R1,201,102367,,,
00505684390C1FE192C0A68F42596899,Syntax error in program CL_QUERY_SERVICE_TRF==========CP        .,FTR_COEX,223,1640017269,,,
00505684390C1FE192C0A68F425AE899,Syntax error in program CL_QUERY_SERVICE_TRF==========CP        .,FTR_COEX,223,1640017272,,,
00505684390C1FE192C0A6B768836899,Syntax error in program CL_BUSINESSTRANSACTION_TRF====CP        .,FTR_COEX,223,1640017284,,,
00505684390C1FE192C0A858DD0B2899,Syntax error in program CL_QUERY_SERVICE_TRF==========CP        .,FTR_COEX,223,1640017370,,,
00505684390C1FE192C0A8803BB2A899,Syntax error in program CL_QUERY_SERVICE_TRF==========CP        .,FTR_COEX,223,1640017382,,,
00505684390C1FE192C0A9D50119A899,Syntax error in program CL_QUERY_SERVICE_TRF==========CP        .,FTR_COEX,223,1640017447,,,
00505684390C1FE192C0AA6E349F2899,Syntax error in program CL_QUERY_SERVICE_TRF==========CP        .,FTR_COEX,223,1640017482,,,
00505684390C1FE192C0AC88F3C9A899,Syntax error in program CL_QUERY_SERVICE_TRF==========CP        .,FTR_COEX,223,1640017571,,,
00505684390C1FE192C0AC88F3CA2899,Syntax error in program CL_QUERY_SERVICE_TRF==========CP        .,FTR_COEX,223,1640017572,,,
00505684390C1FE192C0ACAA32AA0899,Syntax error in program CL_QUERY_SERVICE_TRF==========CP        .,FTR_COEX,223,1640017577,,,
00505684390C1FE192C0AD1C55860899,Syntax error in program CL_QUERY_SERVICE_TRF==========CP        .,FTR_COEX,223,1640017603,,,
00505684390C1FE192C0ADB7EAC4E899,Syntax error in program CL_QUERY_SERVICE_TRF==========CP        .,FTR_COEX,223,1640017626,,,
00505684390C1FE192C0ADB7EAC66899,Syntax error in program CL_QUERY_SERVICE_TRF==========CP        .,FTR_COEX,223,1640017629,,,
00505684390C1FE192C0AF7E6BBF0899,Syntax error in program CL_QUERY_SERVICE_TRF==========CP        .,FTR_COEX,223,1640017712,,,
00505684390C1FE192C0B2ECE4B18899,Syntax error in program CL_QUERY_SERVICE_TRF==========CP        .,FTR_COEX,223,1640017859,,,
00505684390C1FE192C0B50241C58899,Syntax error in program CL_QUERY_SERVICE_TRF==========CP        .,FTR_COEX,223,1640017952,,,
00505684390C1FE192C0C57913ACE899,Error DDIC_COMPTYPE_INCONSISTENT occured. P1=ABAP-generation exit error,R1,201,102367,,,
00505684390C1FE192C0CE69EF1B0899,Error DDIC_COMPTYPE_INCONSISTENT occured. P1=ABAP-generation exit error,R1,201,102367,,,
00505684390C1FE192C0DB3A952CE899,Error DDIC_COMPTYPE_INCONSISTENT occured. P1=ABAP-generation exit error,R1,201,102367,,,
00505684390C1FE192C0E30D70938899,Error in compile task.,R1,201,102367,,,
00505684390C1FE192C0E4B14D444899,Error DDIC_COMPTYPE_INCONSISTENT occured. P1=ABAP-generation exit error,R1,201,102367,,,
00505684390C1FE192C0EB8C34FE6899,Error DDIC_COMPTYPE_INCONSISTENT occured. P1=ABAP-generation exit error,R1,201,102367,,,
00505684390C1FE192C0EBD836140899,Error in compile task.,R1,201,102367,,,
00505684390C1FE192C0EE86E764E899,Error DDIC_COMPTYPE_INCONSISTENT occured. P1=ABAP-generation exit error,R1,201,102367,,,
00505684390C1FE192C1656FDE606899,,,000,,,,
00505684390C1FE192C1AF5BC07A4899,Pricing error 52004079/000010 RDP start date 04/06/2026: pricing failed,CMM_VLOGP,029,52004079,000010,04/06/2026,
00505684390C1FE192C1E0A901646899,Error in getting price for material JKR0200 and plant,CMM_VLOGP,022,JKR0200,,,
00505684390C1FE192C313BB398FE899,runtime resume failed,00,001,runtime resume failed,,,
00505684390C1FE192CB4B880A12A899,Price determination: MtM condition ZSP1 is not active for item 000010,CMM_VLOGP,045,ZSP1,000010,,
00505684390C1FE192D3B986F0D52899,Error DDIC_TYPE_INCONSISTENCY occured. P1=ABAP-generation exit error,00,341,DDIC_TYPE_INCONSISTENCY,,,
00505684390C1FE192D3BADB0DDC2899,Error DDIC_TYPE_INCONSISTENCY occured. P1=ABAP-generation exit error,00,341,DDIC_TYPE_INCONSISTENCY,,,
00505684390C1FE192D3BAE2385FC899,Error DDIC_TYPE_INCONSISTENCY occured. P1=ABAP-generation exit error,00,341,DDIC_TYPE_INCONSISTENCY,,,
00505684390C1FE192D3BAE238CAA899,Error DDIC_TYPE_INCONSISTENCY occured. P1=ABAP-generation exit error,00,341,DDIC_TYPE_INCONSISTENCY,,,
00505684390C1FE192D3BAE87BC0A899,Error DDIC_TYPE_INCONSISTENCY occured. P1=ABAP-generation exit error,00,341,DDIC_TYPE_INCONSISTENCY,,,
00505684390C1FE192D3BAF0B4374899,Error DDIC_TYPE_INCONSISTENCY occured. P1=ABAP-generation exit error,00,341,DDIC_TYPE_INCONSISTENCY,,,
00505684390C1FE192D3BAF0B437E899,Error DDIC_TYPE_INCONSISTENCY occured. P1=ABAP-generation exit error,00,341,DDIC_TYPE_INCONSISTENCY,,,
00505684390C1FE192D3BAF0B474E899,Error DDIC_TYPE_INCONSISTENCY occured. P1=ABAP-generation exit error,00,341,DDIC_TYPE_INCONSISTENCY,,,
00505684390C1FE192D3BBD78A95A899,Error in compile task.,00,341,GEN_COMPILE_TASK_FAILED,,,
00505684390C1FE192D3BBD78A964899,Error DDIC_TYPE_INCONSISTENCY occured. P1=ABAP-generation exit error,00,341,DDIC_TYPE_INCONSISTENCY,,,
00505684390C1FE192D3BBFA1122A899,Error DDIC_TYPE_INCONSISTENCY occured. P1=ABAP-generation exit error,00,341,DDIC_TYPE_INCONSISTENCY,,,
00505684390C1FE192D3BBFA11686899,Error DDIC_TYPE_INCONSISTENCY occured. P1=ABAP-generation exit error,00,341,DDIC_TYPE_INCONSISTENCY,,,
00505684390C1FE192D3BC0099ACA899,Error DDIC_TYPE_INCONSISTENCY occured. P1=ABAP-generation exit error,00,341,DDIC_TYPE_INCONSISTENCY,,,
00505684390C1FE192D3BC0099BCA899,Error DDIC_TYPE_INCONSISTENCY occured. P1=ABAP-generation exit error,00,341,DDIC_TYPE_INCONSISTENCY,,,
00505684390C1FE192D3BC009A1B6899,Error DDIC_TYPE_INCONSISTENCY occured. P1=ABAP-generation exit error,00,341,DDIC_TYPE_INCONSISTENCY,,,
00505684390C1FE192D3BD0D86A0A899,Error DDIC_TYPE_INCONSISTENCY occured. P1=ABAP-generation exit error,00,341,DDIC_TYPE_INCONSISTENCY,,,
00505684390C1FE192D3BD1402D50899,Error DDIC_TYPE_INCONSISTENCY occured. P1=ABAP-generation exit error,00,341,DDIC_TYPE_INCONSISTENCY,,,
00505684390C1FE192D3BD140309C899,Error in compile task.,00,341,GEN_COMPILE_TASK_FAILED,,,
00505684390C1FE192D3BD1403114899,Error DDIC_TYPE_INCONSISTENCY occured. P1=ABAP-generation exit error,00,341,DDIC_TYPE_INCONSISTENCY,,,
00505684390C1FE192D3BD1AE225C899,Error DDIC_TYPE_INCONSISTENCY occured. P1=ABAP-generation exit error,00,341,DDIC_TYPE_INCONSISTENCY,,,
00505684390C1FE192D3BD28DEFDE899,Error DDIC_TYPE_INCONSISTENCY occured. P1=ABAP-generation exit error,00,341,DDIC_TYPE_INCONSISTENCY,,,
00505684390C1FE192D3BD28DF2FC899,Error DDIC_TYPE_INCONSISTENCY occured. P1=ABAP-generation exit error,00,341,DDIC_TYPE_INCONSISTENCY,,,
00505684390C1FE192D3BD28DF370899,Error DDIC_TYPE_INCONSISTENCY occured. P1=ABAP-generation exit error,00,341,DDIC_TYPE_INCONSISTENCY,,,
00505684390C1FE192D3BD28DF402899,Error DDIC_TYPE_INCONSISTENCY occured. P1=ABAP-generation exit error,00,341,DDIC_TYPE_INCONSISTENCY,,,
00505684390C1FE192D3BD28DF606899,Error DDIC_TYPE_INCONSISTENCY occured. P1=ABAP-generation exit error,00,341,DDIC_TYPE_INCONSISTENCY,,,
00505684390C1FE192D3BE47C38FE899,Error DDIC_TYPE_INCONSISTENCY occured. P1=ABAP-generation exit error,00,341,DDIC_TYPE_INCONSISTENCY,,,
00505684390C1FE192D3BE47C39A8899,Error DDIC_TYPE_INCONSISTENCY occured. P1=ABAP-generation exit error,00,341,DDIC_TYPE_INCONSISTENCY,,,
00505684390C1FE192D3BE47C3A14899,Error DDIC_TYPE_INCONSISTENCY occured. P1=ABAP-generation exit error,00,341,DDIC_TYPE_INCONSISTENCY,,,
00505684390C1FE192D3BE49C87FA899,Error DDIC_TYPE_INCONSISTENCY occured. P1=ABAP-generation exit error,00,341,DDIC_TYPE_INCONSISTENCY,,,
00505684390C1FE192D3BE49C8846899,Error DDIC_TYPE_INCONSISTENCY occured. P1=ABAP-generation exit error,00,341,DDIC_TYPE_INCONSISTENCY,,,
00505684390C1FE192D3BE547B648899,Error DDIC_TYPE_INCONSISTENCY occured. P1=ABAP-generation exit error,00,341,DDIC_TYPE_INCONSISTENCY,,,
00505684390C1FE192D3BE547BAFE899,Error DDIC_TYPE_INCONSISTENCY occured. P1=ABAP-generation exit error,00,341,DDIC_TYPE_INCONSISTENCY,,,
00505684390C1FE192D3BE547BDFE899,Error DDIC_TYPE_INCONSISTENCY occured. P1=ABAP-generation exit error,00,341,DDIC_TYPE_INCONSISTENCY,,,
00505684390C1FE192D3BE547BF06899,Error DDIC_TYPE_INCONSISTENCY occured. P1=ABAP-generation exit error,00,341,DDIC_TYPE_INCONSISTENCY,,,
00505684390C1FE192D3BE547C076899,Error DDIC_TYPE_INCONSISTENCY occured. P1=ABAP-generation exit error,00,341,DDIC_TYPE_INCONSISTENCY,,,
00505684390C1FE192D3BE62C00F4899,Error DDIC_TYPE_INCONSISTENCY occured. P1=ABAP-generation exit error,00,341,DDIC_TYPE_INCONSISTENCY,,,
00505684390C1FE192D3BE62C0106899,Error DDIC_TYPE_INCONSISTENCY occured. P1=ABAP-generation exit error,00,341,DDIC_TYPE_INCONSISTENCY,,,
00505684390C1FE192D3BE62C0290899,Error DDIC_TYPE_INCONSISTENCY occured. P1=ABAP-generation exit error,00,341,DDIC_TYPE_INCONSISTENCY,,,
00505684390C1FE192D3BE62C02EA899,Error DDIC_TYPE_INCONSISTENCY occured. P1=ABAP-generation exit error,00,341,DDIC_TYPE_INCONSISTENCY,,,
00505684390C1FE192D3BE62C0B34899,Error DDIC_TYPE_INCONSISTENCY occured. P1=ABAP-generation exit error,00,341,DDIC_TYPE_INCONSISTENCY,,,
00505684390C1FE192D3C881BE0B6899,Error DDIC_TYPE_INCONSISTENCY occured. P1=ABAP-generation exit error,00,341,DDIC_TYPE_INCONSISTENCY,,,
00505684390C1FE192D3C881BE1F6899,Error DDIC_TYPE_INCONSISTENCY occured. P1=ABAP-generation exit error,00,341,DDIC_TYPE_INCONSISTENCY,,,
00505684390C1FE192D3C88415B32899,Error DDIC_TYPE_INCONSISTENCY occured. P1=ABAP-generation exit error,00,341,DDIC_TYPE_INCONSISTENCY,,,
00505684390C1FE192D3C8851DD58899,Error DDIC_TYPE_INCONSISTENCY occured. P1=ABAP-generation exit error,00,341,DDIC_TYPE_INCONSISTENCY,,,
00505684390C1FE192D3C8852E3D0899,Error DDIC_TYPE_INCONSISTENCY occured. P1=ABAP-generation exit error,00,341,DDIC_TYPE_INCONSISTENCY,,,
00505684390C1FE192D3C88C315A0899,Error DDIC_TYPE_INCONSISTENCY occured. P1=ABAP-generation exit error,00,341,DDIC_TYPE_INCONSISTENCY,,,
00505684390C1FE192D3C88C31882899,Error DDIC_TYPE_INCONSISTENCY occured. P1=ABAP-generation exit error,00,341,DDIC_TYPE_INCONSISTENCY,,,
00505684390C1FE192D3C88C318F8899,Error DDIC_TYPE_INCONSISTENCY occured. P1=ABAP-generation exit error,00,341,DDIC_TYPE_INCONSISTENCY,,,
00505684390C1FE192D3C88C319D2899,Error DDIC_TYPE_INCONSISTENCY occured. P1=ABAP-generation exit error,00,341,DDIC_TYPE_INCONSISTENCY,,,
00505684390C1FE192D3C88C31C1E899,Error DDIC_TYPE_INCONSISTENCY occured. P1=ABAP-generation exit error,00,341,DDIC_TYPE_INCONSISTENCY,,,
00505684390C1FE192D3C88C31D9C899,Error DDIC_TYPE_INCONSISTENCY occured. P1=ABAP-generation exit error,00,341,DDIC_TYPE_INCONSISTENCY,,,
00505684390C1FE192D3C88C31EE4899,Error DDIC_TYPE_INCONSISTENCY occured. P1=ABAP-generation exit error,00,341,DDIC_TYPE_INCONSISTENCY,,,
00505684390C1FE192D3C88C31F5E899,Error DDIC_TYPE_INCONSISTENCY occured. P1=ABAP-generation exit error,00,341,DDIC_TYPE_INCONSISTENCY,,,
00505684390C1FE192D3C88F4E1D0899,Error DDIC_TYPE_INCONSISTENCY occured. P1=ABAP-generation exit error,00,341,DDIC_TYPE_INCONSISTENCY,,,
00505684390C1FE192D3C890C6F18899,Error DDIC_TYPE_INCONSISTENCY occured. P1=ABAP-generation exit error,00,341,DDIC_TYPE_INCONSISTENCY,,,
00505684390C1FE192D3C89A12B7C899,Error DDIC_TYPE_INCONSISTENCY occured. P1=ABAP-generation exit error,00,341,DDIC_TYPE_INCONSISTENCY,,,
00505684390C1FE192D3C89A12CFA899,Error DDIC_TYPE_INCONSISTENCY occured. P1=ABAP-generation exit error,00,341,DDIC_TYPE_INCONSISTENCY,,,
00505684390C1FE192D3C89A12D14899,Error DDIC_TYPE_INCONSISTENCY occured. P1=ABAP-generation exit error,00,341,DDIC_TYPE_INCONSISTENCY,,,
00505684390C1FE192D3C89A12DA8899,Error DDIC_TYPE_INCONSISTENCY occured. P1=ABAP-generation exit error,00,341,DDIC_TYPE_INCONSISTENCY,,,
00505684390C1FE192D3C89E374F2899,Error DDIC_TYPE_INCONSISTENCY occured. P1=ABAP-generation exit error,00,341,DDIC_TYPE_INCONSISTENCY,,,
00505684390C1FE192D3C89E37532899,Error DDIC_TYPE_INCONSISTENCY occured. P1=ABAP-generation exit error,00,341,DDIC_TYPE_INCONSISTENCY,,,
00505684390C1FE192D3C89F1CCC6899,Error DDIC_TYPE_INCONSISTENCY occured. P1=ABAP-generation exit error,00,341,DDIC_TYPE_INCONSISTENCY,,,
00505684390C1FE192D3C89F1D336899,Error DDIC_TYPE_INCONSISTENCY occured. P1=ABAP-generation exit error,00,341,DDIC_TYPE_INCONSISTENCY,,,
00505684390C1FE192D3C8A546302899,Error DDIC_TYPE_INCONSISTENCY occured. P1=ABAP-generation exit error,00,341,DDIC_TYPE_INCONSISTENCY,,,
00505684390C1FE192D3C8A546320899,Error DDIC_TYPE_INCONSISTENCY occured. P1=ABAP-generation exit error,00,341,DDIC_TYPE_INCONSISTENCY,,,
00505684390C1FE192D3C8A5E7CFC899,Error DDIC_TYPE_INCONSISTENCY occured. P1=ABAP-generation exit error,00,341,DDIC_TYPE_INCONSISTENCY,,,
00505684390C1FE192D3C8A5E812A899,Error DDIC_TYPE_INCONSISTENCY occured. P1=ABAP-generation exit error,00,341,DDIC_TYPE_INCONSISTENCY,,,
00505684390C1FE192D3C8A5E8194899,Error DDIC_TYPE_INCONSISTENCY occured. P1=ABAP-generation exit error,00,341,DDIC_TYPE_INCONSISTENCY,,,
00505684390C1FE192D3C8A95E992899,Error DDIC_TYPE_INCONSISTENCY occured. P1=ABAP-generation exit error,00,341,DDIC_TYPE_INCONSISTENCY,,,
00505684390C1FE192D3C8AB15A92899,Error DDIC_TYPE_INCONSISTENCY occured. P1=ABAP-generation exit error,00,341,DDIC_TYPE_INCONSISTENCY,,,
00505684390C1FE192D3C8AB15DDC899,Error DDIC_TYPE_INCONSISTENCY occured. P1=ABAP-generation exit error,00,341,DDIC_TYPE_INCONSISTENCY,,,
00505684390C1FE192D3C8AB15EDE899,Error DDIC_TYPE_INCONSISTENCY occured. P1=ABAP-generation exit error,00,341,DDIC_TYPE_INCONSISTENCY,,,
00505684390C1FE192D3C8AB163E0899,Error DDIC_TYPE_INCONSISTENCY occured. P1=ABAP-generation exit error,00,341,DDIC_TYPE_INCONSISTENCY,,,
00505684390C1FE192D3C8B3CB2FC899,Error DDIC_TYPE_INCONSISTENCY occured. P1=ABAP-generation exit error,00,341,DDIC_TYPE_INCONSISTENCY,,,
00505684390C1FE192D3C8B3CB5FE899,Error DDIC_TYPE_INCONSISTENCY occured. P1=ABAP-generation exit error,00,341,DDIC_TYPE_INCONSISTENCY,,,
00505684390C1FE192D3C8B3CB912899,Error DDIC_TYPE_INCONSISTENCY occured. P1=ABAP-generation exit error,00,341,DDIC_TYPE_INCONSISTENCY,,,
00505684390C1FE192D3C8B3CBD32899,Error DDIC_TYPE_INCONSISTENCY occured. P1=ABAP-generation exit error,00,341,DDIC_TYPE_INCONSISTENCY,,,
00505684390C1FE192D3C8B3CBD5A899,Error DDIC_TYPE_INCONSISTENCY occured. P1=ABAP-generation exit error,00,341,DDIC_TYPE_INCONSISTENCY,,,
00505684390C1FE192D3C8B53390E899,Error DDIC_TYPE_INCONSISTENCY occured. P1=ABAP-generation exit error,00,341,DDIC_TYPE_INCONSISTENCY,,,
00505684390C1FE192D3C8B533956899,Error DDIC_TYPE_INCONSISTENCY occured. P1=ABAP-generation exit error,00,341,DDIC_TYPE_INCONSISTENCY,,,
00505684390C1FE192D3C8B533B66899,Error DDIC_TYPE_INCONSISTENCY occured. P1=ABAP-generation exit error,00,341,DDIC_TYPE_INCONSISTENCY,,,
00505684390C1FE192D3C8B533C4E899,Error DDIC_TYPE_INCONSISTENCY occured. P1=ABAP-generation exit error,00,341,DDIC_TYPE_INCONSISTENCY,,,
00505684390C1FE192D3C8B533C9E899,Error DDIC_TYPE_INCONSISTENCY occured. P1=ABAP-generation exit error,00,341,DDIC_TYPE_INCONSISTENCY,,,
00505684390C1FE192D3C8B533D02899,Error DDIC_TYPE_INCONSISTENCY occured. P1=ABAP-generation exit error,00,341,DDIC_TYPE_INCONSISTENCY,,,
00505684390C1FE192D3C8C9F84EC899,Error DDIC_TYPE_INCONSISTENCY occured. P1=ABAP-generation exit error,00,341,DDIC_TYPE_INCONSISTENCY,,,
00505684390C1FE192D3C8CA132D4899,Error DDIC_TYPE_INCONSISTENCY occured. P1=ABAP-generation exit error,00,341,DDIC_TYPE_INCONSISTENCY,,,
00505684390C1FE192D432E424406899,Pricing error 52004082/000010 RDP start date 04/01/2026: pricing failed,CMM_VLOGP,029,52004082,000010,04/01/2026,
00505684390C1FE192D6CD6E2EFCE899,Error DDIC_TYPE_INCONSISTENCY occured. P1=ABAP-generation exit error,00,341,DDIC_TYPE_INCONSISTENCY,,,
00505684390C1FE192D6CD742242A899,Error DDIC_TYPE_INCONSISTENCY occured. P1=ABAP-generation exit error,00,341,DDIC_TYPE_INCONSISTENCY,,,
00505684390C1FE192D6CD7862C32899,Error DDIC_TYPE_INCONSISTENCY occured. P1=ABAP-generation exit error,00,341,DDIC_TYPE_INCONSISTENCY,,,
00505684390C1FE192D6CD7AFB860899,Error DDIC_TYPE_INCONSISTENCY occured. P1=ABAP-generation exit error,00,341,DDIC_TYPE_INCONSISTENCY,,,
00505684390C1FE192D6CD7AFBA1A899,Error DDIC_TYPE_INCONSISTENCY occured. P1=ABAP-generation exit error,00,341,DDIC_TYPE_INCONSISTENCY,,,
00505684390C1FE192D6CD7C9AF58899,Error DDIC_TYPE_INCONSISTENCY occured. P1=ABAP-generation exit error,00,341,DDIC_TYPE_INCONSISTENCY,,,
00505684390C1FE192D6CD7CCFF32899,Error DDIC_TYPE_INCONSISTENCY occured. P1=ABAP-generation exit error,00,341,DDIC_TYPE_INCONSISTENCY,,,
00505684390C1FE192D6CD7FE6EEC899,Error DDIC_TYPE_INCONSISTENCY occured. P1=ABAP-generation exit error,00,341,DDIC_TYPE_INCONSISTENCY,,,
00505684390C1FE192D6CD7FE75E2899,Error DDIC_TYPE_INCONSISTENCY occured. P1=ABAP-generation exit error,00,341,DDIC_TYPE_INCONSISTENCY,,,
00505684390C1FE192D6CD835DED0899,Error DDIC_TYPE_INCONSISTENCY occured. P1=ABAP-generation exit error,00,341,DDIC_TYPE_INCONSISTENCY,,,
00505684390C1FE192D6CD8546188899,Error DDIC_TYPE_INCONSISTENCY occured. P1=ABAP-generation exit error,00,341,DDIC_TYPE_INCONSISTENCY,,,
00505684390C1FE192D6CD886F226899,Error DDIC_TYPE_INCONSISTENCY occured. P1=ABAP-generation exit error,00,341,DDIC_TYPE_INCONSISTENCY,,,
00505684390C1FE192D6CD8E86058899,Error DDIC_TYPE_INCONSISTENCY occured. P1=ABAP-generation exit error,00,341,DDIC_TYPE_INCONSISTENCY,,,
00505684390C1FE192D6CD8F15C90899,Error DDIC_TYPE_INCONSISTENCY occured. P1=ABAP-generation exit error,00,341,DDIC_TYPE_INCONSISTENCY,,,
00505684390C1FE192D6CD9022012899,Error DDIC_TYPE_INCONSISTENCY occured. P1=ABAP-generation exit error,00,341,DDIC_TYPE_INCONSISTENCY,,,
00505684390C1FE192D6CD90220B0899,Error DDIC_TYPE_INCONSISTENCY occured. P1=ABAP-generation exit error,00,341,DDIC_TYPE_INCONSISTENCY,,,
00505684390C1FE192D6CD91CAEE0899,Error DDIC_TYPE_INCONSISTENCY occured. P1=ABAP-generation exit error,00,341,DDIC_TYPE_INCONSISTENCY,,,
00505684390C1FE192D6CD91CB06C899,Error DDIC_TYPE_INCONSISTENCY occured. P1=ABAP-generation exit error,00,341,DDIC_TYPE_INCONSISTENCY,,,
00505684390C1FE192D6CD931BC8C899,Error DDIC_TYPE_INCONSISTENCY occured. P1=ABAP-generation exit error,00,341,DDIC_TYPE_INCONSISTENCY,,,
00505684390C1FE192D6CD931C1CE899,Error DDIC_TYPE_INCONSISTENCY occured. P1=ABAP-generation exit error,00,341,DDIC_TYPE_INCONSISTENCY,,,
00505684390C1FE192D6CD931C61E899,Error in compile task.,00,341,GEN_COMPILE_TASK_FAILED,,,
00505684390C1FE192D6CD95832E4899,Error DDIC_TYPE_INCONSISTENCY occured. P1=ABAP-generation exit error,00,341,DDIC_TYPE_INCONSISTENCY,,,
00505684390C1FE192D6CD9752788899,Error in compile task.,00,341,GEN_COMPILE_TASK_FAILED,,,
00505684390C1FE192D6CD9752ABC899,Error DDIC_TYPE_INCONSISTENCY occured. P1=ABAP-generation exit error,00,341,DDIC_TYPE_INCONSISTENCY,,,
00505684390C1FE192D6CD9B36F24899,Error DDIC_TYPE_INCONSISTENCY occured. P1=ABAP-generation exit error,00,341,DDIC_TYPE_INCONSISTENCY,,,
00505684390C1FE192D6CD9B3712C899,Error DDIC_TYPE_INCONSISTENCY occured. P1=ABAP-generation exit error,00,341,DDIC_TYPE_INCONSISTENCY,,,
00505684390C1FE192D6CD9B37368899,Error DDIC_TYPE_INCONSISTENCY occured. P1=ABAP-generation exit error,00,341,DDIC_TYPE_INCONSISTENCY,,,
00505684390C1FE192D6CD9B37798899,Error DDIC_TYPE_INCONSISTENCY occured. P1=ABAP-generation exit error,00,341,DDIC_TYPE_INCONSISTENCY,,,
00505684390C1FE192D6CD9B37B9C899,Error DDIC_TYPE_INCONSISTENCY occured. P1=ABAP-generation exit error,00,341,DDIC_TYPE_INCONSISTENCY,,,
00505684390C1FE192D6CD9E23A96899,Error DDIC_TYPE_INCONSISTENCY occured. P1=ABAP-generation exit error,00,341,DDIC_TYPE_INCONSISTENCY,,,
00505684390C1FE192D6CD9FB7A7A899,Error DDIC_TYPE_INCONSISTENCY occured. P1=ABAP-generation exit error,00,341,DDIC_TYPE_INCONSISTENCY,,,
00505684390C1FE192D6CD9FB82A0899,Error DDIC_TYPE_INCONSISTENCY occured. P1=ABAP-generation exit error,00,341,DDIC_TYPE_INCONSISTENCY,,,
00505684390C1FE192D6CDA09F93A899,Error DDIC_TYPE_INCONSISTENCY occured. P1=ABAP-generation exit error,00,341,DDIC_TYPE_INCONSISTENCY,,,
00505684390C1FE192D6CDA57C0D6899,Error in compile task.,00,341,GEN_COMPILE_TASK_FAILED,,,
00505684390C1FE192D6CDA9B1A40899,Error DDIC_TYPE_INCONSISTENCY occured. P1=ABAP-generation exit error,00,341,DDIC_TYPE_INCONSISTENCY,,,
00505684390C1FE192D6CDA9B1DEC899,Error DDIC_TYPE_INCONSISTENCY occured. P1=ABAP-generation exit error,00,341,DDIC_TYPE_INCONSISTENCY,,,
00505684390C1FE192D6CDAB0BA86899,Error DDIC_TYPE_INCONSISTENCY occured. P1=ABAP-generation exit error,00,341,DDIC_TYPE_INCONSISTENCY,,,
00505684390C1FE192D6CDAB0BB46899,Error DDIC_TYPE_INCONSISTENCY occured. P1=ABAP-generation exit error,00,341,DDIC_TYPE_INCONSISTENCY,,,
00505684390C1FE192D6CDAB0BE5A899,Error DDIC_TYPE_INCONSISTENCY occured. P1=ABAP-generation exit error,00,341,DDIC_TYPE_INCONSISTENCY,,,
00505684390C1FE192D6CDAB0C630899,Error DDIC_TYPE_INCONSISTENCY occured. P1=ABAP-generation exit error,00,341,DDIC_TYPE_INCONSISTENCY,,,
00505684390C1FE192D6CDB631096899,Error DDIC_TYPE_INCONSISTENCY occured. P1=ABAP-generation exit error,00,341,DDIC_TYPE_INCONSISTENCY,,,
00505684390C1FE192D6CDB631160899,Error DDIC_TYPE_INCONSISTENCY occured. P1=ABAP-generation exit error,00,341,DDIC_TYPE_INCONSISTENCY,,,
00505684390C1FE192D6CDB631324899,Error DDIC_TYPE_INCONSISTENCY occured. P1=ABAP-generation exit error,00,341,DDIC_TYPE_INCONSISTENCY,,,
00505684390C1FE192D6CDB631558899,Error DDIC_TYPE_INCONSISTENCY occured. P1=ABAP-generation exit error,00,341,DDIC_TYPE_INCONSISTENCY,,,
00505684390C1FE192D6CDB66579C899,Error DDIC_TYPE_INCONSISTENCY occured. P1=ABAP-generation exit error,00,341,DDIC_TYPE_INCONSISTENCY,,,
00505684390C1FE192D6CDB665E6A899,Error DDIC_TYPE_INCONSISTENCY occured. P1=ABAP-generation exit error,00,341,DDIC_TYPE_INCONSISTENCY,,,
00505684390C1FE192D6CDB665EA2899,Error DDIC_TYPE_INCONSISTENCY occured. P1=ABAP-generation exit error,00,341,DDIC_TYPE_INCONSISTENCY,,,
00505684390C1FE192D6CDB677184899,Error DDIC_TYPE_INCONSISTENCY occured. P1=ABAP-generation exit error,00,341,DDIC_TYPE_INCONSISTENCY,,,
00505684390C1FE192D6CDB6CC466899,Error DDIC_TYPE_INCONSISTENCY occured. P1=ABAP-generation exit error,00,341,DDIC_TYPE_INCONSISTENCY,,,
00505684390C1FE192D6CDC06DE9C899,Error DDIC_TYPE_INCONSISTENCY occured. P1=ABAP-generation exit error,00,341,DDIC_TYPE_INCONSISTENCY,,,
00505684390C1FE192D6CDC06DFDA899,Error DDIC_TYPE_INCONSISTENCY occured. P1=ABAP-generation exit error,00,341,DDIC_TYPE_INCONSISTENCY,,,
00505684390C1FE192D6CDC06E378899,Error DDIC_TYPE_INCONSISTENCY occured. P1=ABAP-generation exit error,00,341,DDIC_TYPE_INCONSISTENCY,,,
00505684390C1FE192D6CDC06E4BE899,Error DDIC_TYPE_INCONSISTENCY occured. P1=ABAP-generation exit error,00,341,DDIC_TYPE_INCONSISTENCY,,,
00505684390C1FE192D6CDC06EBE4899,Error DDIC_TYPE_INCONSISTENCY occured. P1=ABAP-generation exit error,00,341,DDIC_TYPE_INCONSISTENCY,,,
00505684390C1FE192D6CDCBF28A0899,Error DDIC_TYPE_INCONSISTENCY occured. P1=ABAP-generation exit error,00,341,DDIC_TYPE_INCONSISTENCY,,,
00505684390C1FE192D6CDD2B8236899,Error DDIC_TYPE_INCONSISTENCY occured. P1=ABAP-generation exit error,00,341,DDIC_TYPE_INCONSISTENCY,,,
00505684390C1FE192D6CDD2B841A899,Error DDIC_TYPE_INCONSISTENCY occured. P1=ABAP-generation exit error,00,341,DDIC_TYPE_INCONSISTENCY,,,
00505684390C1FE192D6CDD2B84AE899,Error DDIC_TYPE_INCONSISTENCY occured. P1=ABAP-generation exit error,00,341,DDIC_TYPE_INCONSISTENCY,,,
00505684390C1FE192D6CDDA6AF4E899,Error DDIC_TYPE_INCONSISTENCY occured. P1=ABAP-generation exit error,00,341,DDIC_TYPE_INCONSISTENCY,,,
00505684390C1FE192D6CDDA6AFA4899,Error DDIC_TYPE_INCONSISTENCY occured. P1=ABAP-generation exit error,00,341,DDIC_TYPE_INCONSISTENCY,,,
00505684390C1FE192D6CDDA6AFB0899,Error DDIC_TYPE_INCONSISTENCY occured. P1=ABAP-generation exit error,00,341,DDIC_TYPE_INCONSISTENCY,,,
00505684390C1FE192D6CDDA6B0E2899,Error DDIC_TYPE_INCONSISTENCY occured. P1=ABAP-generation exit error,00,341,DDIC_TYPE_INCONSISTENCY,,,
00505684390C1FE192D6CDDA6B380899,Error DDIC_TYPE_INCONSISTENCY occured. P1=ABAP-generation exit error,00,341,DDIC_TYPE_INCONSISTENCY,,,
00505684390C1FE192D6CDDA6B3E0899,Error DDIC_TYPE_INCONSISTENCY occured. P1=ABAP-generation exit error,00,341,DDIC_TYPE_INCONSISTENCY,,,
00505684390C1FE192D6CDDA6B6DA899,Error DDIC_TYPE_INCONSISTENCY occured. P1=ABAP-generation exit error,00,341,DDIC_TYPE_INCONSISTENCY,,,
00505684390C1FE192D6CECCCDDF8899,Error DDIC_TYPE_INCONSISTENCY occured. P1=ABAP-generation exit error,00,341,DDIC_TYPE_INCONSISTENCY,,,
00505684390C1FE192D6CECD9C7A4899,Error DDIC_TYPE_INCONSISTENCY occured. P1=ABAP-generation exit error,00,341,DDIC_TYPE_INCONSISTENCY,,,
00505684390C1FE192D6CECD9C8D8899,Error DDIC_TYPE_INCONSISTENCY occured. P1=ABAP-generation exit error,00,341,DDIC_TYPE_INCONSISTENCY,,,
00505684390C1FE192D6CED2A3BCA899,Error DDIC_TYPE_INCONSISTENCY occured. P1=ABAP-generation exit error,00,341,DDIC_TYPE_INCONSISTENCY,,,
00505684390C1FE192D6CED8E9D1C899,Error DDIC_TYPE_INCONSISTENCY occured. P1=ABAP-generation exit error,00,341,DDIC_TYPE_INCONSISTENCY,,,
00505684390C1FE192D6CED8EABEA899,Error DDIC_TYPE_INCONSISTENCY occured. P1=ABAP-generation exit error,00,341,DDIC_TYPE_INCONSISTENCY,,,
00505684390C1FE192D6CEE5C77B8899,Error DDIC_TYPE_INCONSISTENCY occured. P1=ABAP-generation exit error,00,341,DDIC_TYPE_INCONSISTENCY,,,
00505684390C1FE192D6CFDFCB4AE899,Error DDIC_TYPE_INCONSISTENCY occured. P1=ABAP-generation exit error,00,341,DDIC_TYPE_INCONSISTENCY,,,
00505684390C1FE192D6CFE33CEE4899,Error DDIC_TYPE_INCONSISTENCY occured. P1=ABAP-generation exit error,00,341,DDIC_TYPE_INCONSISTENCY,,,
00505684390C1FE192D6CFE33D192899,Error DDIC_TYPE_INCONSISTENCY occured. P1=ABAP-generation exit error,00,341,DDIC_TYPE_INCONSISTENCY,,,
00505684390C1FE192D6CFE9D47AA899,Error DDIC_TYPE_INCONSISTENCY occured. P1=ABAP-generation exit error,00,341,DDIC_TYPE_INCONSISTENCY,,,
00505684390C1FE192D6CFE9D4DB0899,Error DDIC_TYPE_INCONSISTENCY occured. P1=ABAP-generation exit error,00,341,DDIC_TYPE_INCONSISTENCY,,,
00505684390C1FE192D6CFE9D56EA899,Error DDIC_TYPE_INCONSISTENCY occured. P1=ABAP-generation exit error,00,341,DDIC_TYPE_INCONSISTENCY,,,
00505684390C1FE192D6CFF713410899,Error DDIC_TYPE_INCONSISTENCY occured. P1=ABAP-generation exit error,00,341,DDIC_TYPE_INCONSISTENCY,,,
00505684390C1FE192D6CFF713530899,Error DDIC_TYPE_INCONSISTENCY occured. P1=ABAP-generation exit error,00,341,DDIC_TYPE_INCONSISTENCY,,,
00505684390C1FE192D6D0E18C5C6899,Error DDIC_TYPE_INCONSISTENCY occured. P1=ABAP-generation exit error,00,341,DDIC_TYPE_INCONSISTENCY,,,
00505684390C1FE192D6D0E7BBDD4899,Error DDIC_TYPE_INCONSISTENCY occured. P1=ABAP-generation exit error,00,341,DDIC_TYPE_INCONSISTENCY,,,
00505684390C1FE192D6D0EE29BE2899,Error DDIC_TYPE_INCONSISTENCY occured. P1=ABAP-generation exit error,00,341,DDIC_TYPE_INCONSISTENCY,,,
00505684390C1FE192D6D0FB214F4899,Error DDIC_TYPE_INCONSISTENCY occured. P1=ABAP-generation exit error,00,341,DDIC_TYPE_INCONSISTENCY,,,
00505684390C1FE192D6D0FB21AC0899,Error DDIC_TYPE_INCONSISTENCY occured. P1=ABAP-generation exit error,00,341,DDIC_TYPE_INCONSISTENCY,,,
00505684390C1FE192D6D21576ED4899,Error DDIC_TYPE_INCONSISTENCY occured. P1=ABAP-generation exit error,00,341,DDIC_TYPE_INCONSISTENCY,,,
00505684390C1FE192D7CC5E8E124899,Price determination: MtM condition ZCMI is not active for item 000010,CMM_VLOGP,045,ZCMI,000010,,
00505684390C1FE192D9317F51458899,Pricing error 52004083/000010 RDP start date 04/06/2026: pricing failed,CMM_VLOGP,029,52004083,000010,04/06/2026,
00505684390C1FE192D956492E16C899,Pricing error 52004084/000010 RDP start date 04/06/2026: pricing failed,CMM_VLOGP,029,52004084,000010,04/06/2026,
00505684390C1FE192F2357C2D614899,Root Document 52004086 is locked,CMM_VLOGP,040,52004086,000010,01.04.2026,
00505684390C1FE192F235A19FBA4899,Error in getting price for material AKE0100 and plant,CMM_VLOGP,022,AKE0100,,,
00505684390C1FE192F297E910F58899,Root Document 52004087 is locked,CMM_VLOGP,040,52004087,000010,01.04.2026,
00505684390C1FE192F298144C3A8899,Error in getting price for material AKE0100 and plant,CMM_VLOGP,022,AKE0100,,,
00505684390C1FE192F2A77DF64C2899,Root Document 52004088 is locked,CMM_VLOGP,040,52004088,000010,01.04.2026,
00505684390C1FE192F2A79318F64899,Error in getting price for material AKE0100 and plant,CMM_VLOGP,022,AKE0100,,,
00505684390C1FE1938697B81A656899,Sales document 52003499 is currently being processed by EOD_BATCH_US.,V1,042,52003499,EOD_BATCH_US,,
00505684390C1FE19386FC9C4F7AE899,Price determination: MtM condition ZCMI is not active for item 000010,CMM_VLOGP,045,ZCMI,000010,,
00505684390C1FE19389A84C88F56899,Root Document 330002546 is locked,CMM_VLOGP,040,330002546,00010,01.04.2026,
00505684390C1FE1938AAD0F1FD6C899,Root Document 330002554 is locked,CMM_VLOGP,040,330002554,00010,01.04.2026,
00505684390C1FE1938AAD1F3C61E899,Pricing error 52004093/000010 RDP start date 01.04.2026: pricing failed,CMM_VLOGP,029,52004093,000010,01.04.2026,
00505684390C1FE1938BB0D780084899,Price determination: MtM condition ZGEX is not active for item 000010,CMM_VLOGP,045,ZGEX,000010,,
00505684390C1FE1938F5A5E9F332899,Pricing error 52004099/000010 RDP start date 01.04.2026: pricing failed,CMM_VLOGP,029,52004099,000010,01.04.2026,
00505684390C1FE1938F711160E48899,Price determination: MtM condition ZPDQ is not active for item 000010,CMM_VLOGP,045,ZPDQ,000010,,
00505684390C1FE193A983B2D7746899,Price determination: MtM condition ZMP1 is not active for item 000030,CMM_VLOGP,045,ZMP1,000030,,
00505684390C1FE193AC52A5A3A02899,Error in getting price for material AKE0100 and plant,CMM_VLOGP,022,AKE0100,,,
00505684390C1FE193ADA83F45F14899,Pricing error 52004106/000010 RDP start date 04/06/2026: pricing failed,CMM_VLOGP,029,52004106,000010,04/06/2026,
00505684390C1FE193AE379E4D7E0899,Price determination: MtM condition ZSP1 is not active for item 000010,CMM_VLOGP,045,ZSP1,000010,,
00505684390C1FE193AFE8C83CDA4899,Root Document 52004108 is locked,CMM_VLOGP,040,52004108,000010,05/26/2026,
00505684390C1FE193BAA76E24BE8899,Error in getting price for material JKR0200 and plant,CMM_VLOGP,022,JKR0200,,,
00505684390C1FE193BF68ABBEB1C899,Root Document 1600001674 is locked,CMM_VLOGP,040,1600001674,,,
00505684390C1FE193D7215A953F4899,Price determination: MtM condition ZMPI is not active for item 000010,CMM_VLOGP,045,ZMPI,000010,,
00505684390C1FE193D983FBBCF30899,connection closed (no data),,000,,,,
00505684390C1FE193D99EA808ACC899,connection closed (no data),,000,,,,
00505684390C1FE193D99F8D1320E899,connection closed (no data),,000,,,,
00505684390C1FE193D9A86B54BBA899,connection closed (no data),,000,,,,
00505684390C1FE193D9A890AC1FC899,connection closed (no data),,000,,,,
00505684390C1FE193D9AD1CEBF42899,connection closed (no data),,000,,,,
00505684390C1FE193D9B575BD9BA899,connection closed (no data),,000,,,,
00505684390C1FE193D9B89698AA6899,connection closed (no data),,000,,,,
00505684390C1FE193D9BDCCEBD0A899,connection closed (no data),,000,,,,
00505684390C1FE193D9BEFE10E6C899,connection closed (no data),,000,,,,
00505684390C1FE193D9C0682176A899,connection closed (no data),,000,,,,
00505684390C1FE193D9C0DB6A0DE899,connection closed (no data),,000,,,,
00505684390C1FE193D9C2B7D5A0A899,connection closed (no data),,000,,,,
00505684390C1FE193D9C2DE321D6899,connection closed (no data),,000,,,,
00505684390C1FE193D9C3636ED6E899,connection closed (no data),,000,,,,
00505684390C1FE193D9C38A0B712899,connection closed (no data),,000,,,,
00505684390C1FE193D9C62509584899,connection closed (no data),,000,,,,
00505684390C1FE193D9C696BFF38899,connection closed (no data),,000,,,,
00505684390C1FE193D9C7902902E899,connection closed (no data),,000,,,,
00505684390C1FE193DBAE0E80DE8899,Error in getting price for material NAP0110 and plant,CMM_VLOGP,022,NAP0110,,,
00505684390C1FE193DEDA45C7314899,User Anand Mohan Singh already processing Contract 330002568,ME,006,Anand Mohan Singh,Contract,330002568,
00505684390C1FE193DEE3366B84C899,Pricing error 64002232/000010 RDP start date 01.06.2026: pricing failed,CMM_VLOGP,029,64002232,000010,01.06.2026,
00505684390C1FE193DF7C1C07810899,User Anand Mohan Singh already processing Contract 330002572,ME,006,Anand Mohan Singh,Contract,330002572,
00505684390C1FE193E17FF9F798E899,Price determination: MtM condition ZSP1 is not active for item 000010,CMM_VLOGP,045,ZSP1,000010,,
00505684390C1FE193EBCBB1A1992899,Pricing error 64002238/000010 RDP start date 03/01/2026: pricing failed,CMM_VLOGP,029,64002238,000010,03/01/2026,
00505684390C1FE193EBCC4907952899,Error in getting price for material JKR0200 and plant,CMM_VLOGP,022,JKR0200,,,
00505684390C1FE193EE36DBBEC38899,Price determination: MtM condition ZMPI is not active for item 000010,CMM_VLOGP,045,ZMPI,000010,,
00505684390C1FE193EE529EDFFD0899,Price determination: MtM condition ZMPI is not active for item 000010,CMM_VLOGP,045,ZMPI,000010,,
00505684390C1FE193EFB71647A5E899,Price determination: MtM condition ZGEX is not active for item 000010,CMM_VLOGP,045,ZGEX,000010,,
00505684390C1FE193F0E46594E70899,Error in getting price for material JKR0200 and plant,CMM_VLOGP,022,JKR0200,,,
00505684390C1FE193F0F92B550BC899,Pricing error 52004116/000010 RDP start date 04/06/2026: pricing failed,CMM_VLOGP,029,52004116,000010,04/06/2026,
00505684390C1FE193F3F4D9408AC899,Price determination: MtM condition ZGEX is not active for item 000010,CMM_VLOGP,045,ZGEX,000010,,
00505684390C1FE193F7316F9A660899,Price determination: MtM condition ZLAP is not active for item 000010,CMM_VLOGP,045,ZLAP,000010,,
00505684390C1FE193F75A9271FE8899,Price determination: MtM condition ZLAP is not active for item 000010,CMM_VLOGP,045,ZLAP,000010,,
00505684390C1FE193F7A6E99FDF6899,Price determination: MtM condition ZLAP is not active for item 000010,CMM_VLOGP,045,ZLAP,000010,,
00505684390C1FE193FB3A006AF9E899,Price determination: MtM condition ZLAP is not active for item 000010,CMM_VLOGP,045,ZLAP,000010,,
00505684390C1FE193FB9B223B47C899,Price determination: MtM condition ZLAP is not active for item 000010,CMM_VLOGP,045,ZLAP,000010,,
00505684390C1FE194851FE1E3E16899,Error in getting price for material JKR0200 and plant,CMM_VLOGP,022,JKR0200,,,
00505684390C1FE194864B79BE95C899,Price determination: MtM condition ZMP1 is not active for item 000010,CMM_VLOGP,045,ZMP1,000010,,
00505684390C1FE1949C9EB717F70899,Pricing error 58000083/000010 RDP start date 01.05.2026: pricing failed,CMM_VLOGP,029,58000083,000010,01.05.2026,
00505684390C1FE1949C9F1FCC15C899,Pricing error 58000085/000010 RDP start date 01.05.2026: pricing failed,CMM_VLOGP,029,58000085,000010,01.05.2026,
00505684390C1FE1949C9FAEE1A6E899,Pricing error 58000086/000010 RDP start date 01.05.2026: pricing failed,CMM_VLOGP,029,58000086,000010,01.05.2026,
00505684390C1FE1949E079FBD11A899,Price determination: MtM condition ZCMI is not active for item 000010,CMM_VLOGP,045,ZCMI,000010,,
00505684390C1FE1949F05AFEF02C899,Price determination: MtM condition ZCMI is not active for item 000010,CMM_VLOGP,045,ZCMI,000010,,
00505684390C1FE194C00AC045A68899,Price determination: MtM condition ZCMI is not active for item 000010,CMM_VLOGP,045,ZCMI,000010,,
00505684390C1FE194C1FB2B7BBD2899,Price determination: MtM condition ZMP1 is not active for item 000010,CMM_VLOGP,045,ZMP1,000010,,
00505684390C1FE194CCCA8040F8E899,Root Document 620000159 is locked,CMM_VLOGP,040,620000159,00010,04/01/2026,
00505684390C1FE194CCD48D04EA6899,Root Document 620000160 is locked,CMM_VLOGP,040,620000160,00010,04/01/2026,
00505684390C1FE194EC59FF2BDCA899,Error in getting price for material JKR0200 and plant,CMM_VLOGP,022,JKR0200,,,
00505684390C1FE194F5F4ACAFFEC899,Price determination: MtM condition ZMPI is not active for item 000010,CMM_VLOGP,045,ZMPI,000010,,
00505684390C1FE194F90C97FF9CC899,Price determination: MtM condition ZMP1 is not active for item 000010,CMM_VLOGP,045,ZMP1,000010,,
00505684390C1FE195843FB2CEE0A899,Error in getting price for material DSL0200 and plant,CMM_VLOGP,022,DSL0200,,,
00505684390C1FE1958A67307BCA2899,Price determination: MtM condition ZMPI is not active for item 000010,CMM_VLOGP,045,ZMPI,000010,,
00505684390C1FE1958B9EB6B9ABC899,Pricing error 64002242/000010 RDP start date 10.05.2026: pricing failed,CMM_VLOGP,029,64002242,000010,10.05.2026,
00505684390C1FE1958CAFB987AB4899,Root Document 52004126 is locked,CMM_VLOGP,040,52004126,000010,05/26/2026,
00505684390C1FE1958FE6A2A9448899,Price determination: MtM condition ZCMI is not active for item 000010,CMM_VLOGP,045,ZCMI,000010,,
00505684390C1FE1959D2EFC51ABA899,Pricing error 52004128/000010 RDP start date 04/01/2026: pricing failed,CMM_VLOGP,029,52004128,000010,04/01/2026,
00505684390C1FE1959D4FFE4B00C899,Root Document 58000090 is locked,CMM_VLOGP,040,58000090,000010,04/01/2026,
00505684390C1FE195A0634ACF31289A,Error in getting price for material CRDSA0100 and plant,CMM_VLOGP,022,CRDSA0100,,,
00505684390C1FE195A06455AF88089A,Pricing error 64002244/000010 RDP start date 01.06.2026: pricing failed,CMM_VLOGP,029,64002244,000010,01.06.2026,
00505684390C1FE195A897C39595889A,Price determination: MtM condition ZMP1 is not active for item 000010,CMM_VLOGP,045,ZMP1,000010,,
00505684390C1FE195A8AC8D35B4C89A,Price determination: MtM condition ZSP1 is not active for item 000010,CMM_VLOGP,045,ZSP1,000010,,
00505684390C1FE195B79AB263CBE89A,Root Document 52004135 is locked,CMM_VLOGP,040,52004135,000010,05/01/2026,
00505684390C1FE195B878641BB0689A,Pricing error 64002246/000010 RDP start date 10.05.2026: pricing failed,CMM_VLOGP,029,64002246,000010,10.05.2026,
00505684390C1FE195BDD8A097A7A89A,Root Document 52004137 is locked,CMM_VLOGP,040,52004137,000010,05/26/2026,
00505684390C1FE195BF6DCDAA07889A,Pricing error 58000077/000010 RDP start date 01/01/2026: pricing failed,CMM_VLOGP,029,58000077,000010,01/01/2026,
00505684390C1FE195C9DFA9EF1A289A,Root Document 340003950 is locked,CMM_VLOGP,040,340003950,00010,03/01/2026,
00505684390C1FE195CA1FA68923C89A,Price determination: MtM condition ZMP1 is not active for item 000010,CMM_VLOGP,045,ZMP1,000010,,
00505684390C1FE195CC9B3C7C26289A,Pricing error 58000078/000010 RDP start date 01.01.2026: pricing failed,CMM_VLOGP,029,58000078,000010,01.01.2026,
00505684390C1FE195CC9B41D83BC89A,Pricing error 58000079/000010 RDP start date 01.01.2026: pricing failed,CMM_VLOGP,029,58000079,000010,01.01.2026,
00505684390C1FE195CC9F5CF5E9489A,Pricing error 52004068/000010 RDP start date 01.05.2026: pricing failed,CMM_VLOGP,029,52004068,000010,01.05.2026,
00505684390C1FE195CCB6690BF4C89A,Price determination: MtM condition ZMP1 is not active for item 000010,CMM_VLOGP,045,ZMP1,000010,,
00505684390C1FE195CCB6890B25C89A,Price determination: MtM condition ZMP1 is not active for item 000010,CMM_VLOGP,045,ZMP1,000010,,
00505684390C1FE195CCF091A3D7889A,Pricing error 52004073/000010 RDP start date 01.05.2026: pricing failed,CMM_VLOGP,029,52004073,000010,01.05.2026,
00505684390C1FE195CCF0ACA417689A,Pricing error 52004074/000010 RDP start date 01.05.2026: pricing failed,CMM_VLOGP,029,52004074,000010,01.05.2026,
00505684390C1FE195CCF0DF691FC89A,Pricing error 52004078/000010 RDP start date 01.05.2026: pricing failed,CMM_VLOGP,029,52004078,000010,01.05.2026,
00505684390C1FE195CD31E9B23B289A,Pricing error 52004076/000010 RDP start date 01.05.2026: pricing failed,CMM_VLOGP,029,52004076,000010,01.05.2026,
00505684390C1FE195CD83EFCF29C89A,Price determination: MtM condition ZCMI is not active for item 000010,CMM_VLOGP,045,ZCMI,000010,,
00505684390C1FE195CDDA6F2A1C289A,Price determination: MtM condition ZMP1 is not active for item 000010,CMM_VLOGP,045,ZMP1,000010,,
00505684390C1FE195CDDA96D679C89A,Price determination: MtM condition ZMP1 is not active for item 000010,CMM_VLOGP,045,ZMP1,000010,,
00505684390C1FE195CDDABD87FA889A,Price determination: MtM condition ZMP1 is not active for item 000010,CMM_VLOGP,045,ZMP1,000010,,
00505684390C1FE195CDDAE47D89C89A,Price determination: MtM condition ZMP1 is not active for item 000010,CMM_VLOGP,045,ZMP1,000010,,
00505684390C1FE195CDDB152FA9A89A,Price determination: MtM condition ZMP1 is not active for item 000010,CMM_VLOGP,045,ZMP1,000010,,
00505684390C1FE195CE2C46D51FE89A,Price determination: MtM condition ZMP1 is not active for item 000010,CMM_VLOGP,045,ZMP1,000010,,
