DEST_NAME,CLIENT,QUEUE_NAME,UNIT_ID
CMM_MTM_PUR,083,CMM_VLOGP_BGRFC_0052004113,00505684390C1FE194E9BD2F2821C899
CMM_MTM_SLS,083,CMM_VLOGP_BGRFC_0051000395,00505684390C1FE097B3B1F7C289A832
CMM_MTM_SLS,083,CMM_VLOGP_BGRFC_0051000396,00505684390C1FE097B4BD0125588832
CMM_MTM_SLS,083,CMM_VLOGP_BGRFC_0051000397,00505684390C1FE097B3B248505CE832
CMM_MTM_SLS,083,CMM_VLOGP_BGRFC_0051000398,00505684390C1FE097B3B294FBB06832
CMM_MTM_SLS,083,CMM_VLOGP_BGRFC_0051000404,00505684390C1FE097B4C00ACBF72832
CMM_MTM_SLS,083,CMM_VLOGP_BGRFC_0051000405,00505684390C1FE097B4C05A07CC6832
CMM_MTM_SLS,083,CMM_VLOGP_BGRFC_0051000419,00505684390C1FE181FE53515A35E889
CMM_MTM_SLS,083,CMM_VLOGP_BGRFC_0051000401,00505684390C1FE181FE539B75270889
CMM_MTM_SLS,083,CMM_VLOGP_BGRFC_0051000420,00505684390C1FE181FE539B75270889
CMM_MTM_SLS,083,CMM_VLOGP_BGRFC_0051000421,00505684390C1FE181FE53C2EBEC2889
CMM_MTM_SLS,083,CMM_VLOGP_BGRFC_0051000422,00505684390C1FE097B4C2BB4D596832
CMM_MTM_SLS,083,CMM_VLOGP_BGRFC_0051000436,00505684390C1FE181FE5D73EE5BE889
CMM_MTM_SLS,083,CMM_VLOGP_BGRFC_0051000437,00505684390C1FE097B58C73A666A832
CMM_MTM_SLS,083,CMM_VLOGP_BGRFC_0051000438,00505684390C1FE18AE686529019C894
CMM_MTM_SLS,083,CMM_VLOGP_BGRFC_0051000441,00505684390C1FE097B454F5A21B6832
CMM_MTM_SLS,083,CMM_VLOGP_BGRFC_0051000443,00505684390C1FE18ACD4EAF011AC894
CMM_MTM_SLS,083,CMM_VLOGP_BGRFC_0051000452,00505684390C1FE0A6BFA3643E5AA852
CMM_MTM_SLS,083,CMM_VLOGP_BGRFC_0051000453,00505684390C1FE097B59A0FE650E832
CMM_MTM_SLS,083,CMM_VLOGP_BGRFC_0051000454,00505684390C1FE097B5A2641787A832
CMM_MTM_SLS,083,CMM_VLOGP_BGRFC_0051000471,00505684390C1FE0A6909A4CEA546851
CMM_MTM_SLS,083,CMM_VLOGP_BGRFC_0051000482,00505684390C1FE0A6BFBE7235188852
CMM_MTM_SLS,083,CMM_VLOGP_BGRFC_0051000483,00505684390C1FE0A8D58EC7BD364856
CMM_MTM_SLS,083,CMM_VLOGP_BGRFC_0051000484,00505684390C1FE181FE8008B30BC889
CMM_MTM_SLS,083,CMM_VLOGP_BGRFC_0051000491,00505684390C1FE182FD28F6275AE889
CMM_MTM_SLS,083,CMM_VLOGP_BGRFC_0051000492,00505684390C1FE0AECCD351586C4879
CMM_MTM_SLS,083,CMM_VLOGP_BGRFC_0051000494,00505684390C1FE0AFCB1A36920F8879
CMM_MTM_SLS,083,CMM_VLOGP_BGRFC_0051000505,00505684390C1FE0B4A99EADA303887B
CMM_MTM_SLS,083,CMM_VLOGP_BGRFC_0052000005,00505684390C1FE181FA0582B714C889
CMM_MTM_SLS,083,CMM_VLOGP_BGRFC_0052000031,00505684390C1FE181FA067487068889
CMM_MTM_SLS,083,CMM_VLOGP_BGRFC_0052000032,00505684390C1FE092EB37C844C48832
CMM_MTM_SLS,083,CMM_VLOGP_BGRFC_0052000038,00505684390C1FE181FA04815399E889
CMM_MTM_SLS,083,CMM_VLOGP_BGRFC_0052000039,00505684390C1FE18697B61C439CA88F
CMM_MTM_SLS,083,CMM_VLOGP_BGRFC_0052000054,00505684390C1FE092EB39C411C8E832
CMM_MTM_SLS,083,CMM_VLOGP_BGRFC_0052000055,00505684390C1FE092EB3AE276C68832
CMM_MTM_SLS,083,CMM_VLOGP_BGRFC_0052000073,00505684390C1FE092EB3E43A4528832
CMM_MTM_SLS,083,CMM_VLOGP_BGRFC_0052000112,00505684390C1FE092EB3F82B50A2832
CMM_MTM_SLS,083,CMM_VLOGP_BGRFC_0052000709,00505684390C1FE092EB236E7F7F6832
CMM_MTM_SLS,083,CMM_VLOGP_BGRFC_0052000788,00505684390C1FE092EB287B93E94832
CMM_MTM_SLS,083,CMM_VLOGP_BGRFC_0052000906,00505684390C1FE092EB3EFD225F8832
CMM_MTM_SLS,083,CMM_VLOGP_BGRFC_0052001092,00505684390C1FE092EB3F0D6548A832
CMM_MTM_SLS,083,CMM_VLOGP_BGRFC_0052001107,00505684390C1FE092EB34780BC8E832
CMM_MTM_SLS,083,CMM_VLOGP_BGRFC_0052001116,00505684390C1FE186FBBC1CF064C88F
CMM_MTM_SLS,083,CMM_VLOGP_BGRFC_0052001117,00505684390C1FE093C5C5DB88C60832
CMM_MTM_SLS,083,CMM_VLOGP_BGRFC_0052001139,00505684390C1FE092EB3DB5767B4832
CMM_MTM_SLS,083,CMM_VLOGP_BGRFC_0052001221,00505684390C1FE093937D6A501A8832
CMM_MTM_SLS,083,CMM_VLOGP_BGRFC_0052001227,00505684390C1FE092EB2E309C8F4832
CMM_MTM_SLS,083,CMM_VLOGP_BGRFC_0052001838,00505684390C1FE092EB78CABA088832
CMM_MTM_SLS,083,CMM_VLOGP_BGRFC_0052001905,00505684390C1FE092EB5F4FA5648832
CMM_MTM_SLS,083,CMM_VLOGP_BGRFC_0052001940,00505684390C1FE092EB68B50AB14832
CMM_MTM_SLS,083,CMM_VLOGP_BGRFC_0052002276,00505684390C1FE092EB9CCDEB348832
CMM_MTM_SLS,083,CMM_VLOGP_BGRFC_0052002290,00505684390C1FE093803177E70D4832
CMM_MTM_SLS,083,CMM_VLOGP_BGRFC_0052002295,00505684390C1FE092EAC2816D82C832
CMM_MTM_SLS,083,CMM_VLOGP_BGRFC_0052002304,00505684390C1FE0938015EC9197E832
CMM_MTM_SLS,083,CMM_VLOGP_BGRFC_0052002309,00505684390C1FE0938024A417C86832
CMM_MTM_SLS,083,CMM_VLOGP_BGRFC_0052002328,00505684390C1FE093802FD4A2958832
CMM_MTM_SLS,083,CMM_VLOGP_BGRFC_0052002344,00505684390C1FE09380405FF522E832
CMM_MTM_SLS,083,CMM_VLOGP_BGRFC_0052002352,00505684390C1FE09380628FD6314832
CMM_MTM_SLS,083,CMM_VLOGP_BGRFC_0052002353,00505684390C1FE09380528CBE4E2832
CMM_MTM_SLS,083,CMM_VLOGP_BGRFC_0052002365,00505684390C1FE092EB646207CE8832
CMM_MTM_SLS,083,CMM_VLOGP_BGRFC_0052002366,00505684390C1FE0938013876D62E832
CMM_MTM_SLS,083,CMM_VLOGP_BGRFC_0052002375,00505684390C1FE0938032CEDD7E8832
CMM_MTM_SLS,083,CMM_VLOGP_BGRFC_0052002399,00505684390C1FE092EB8BDE87E90832
CMM_MTM_SLS,083,CMM_VLOGP_BGRFC_0052002403,00505684390C1FE093806187277E6832
CMM_MTM_SLS,083,CMM_VLOGP_BGRFC_0052002404,00505684390C1FE09393CF1358824832
CMM_MTM_SLS,083,CMM_VLOGP_BGRFC_0052002485,00505684390C1FE093C61643BAB04832
CMM_MTM_SLS,083,CMM_VLOGP_BGRFC_0052002486,00505684390C1FE094AB9993B7CF0832
CMM_MTM_SLS,083,CMM_VLOGP_BGRFC_0052002488,00505684390C1FE093C617BDC9E54832
CMM_MTM_SLS,083,CMM_VLOGP_BGRFC_0052002490,00505684390C1FE093ACDB57201F0832
CMM_MTM_SLS,083,CMM_VLOGP_BGRFC_0052002496,00505684390C1FE093ACE541BD884832
CMM_MTM_SLS,083,CMM_VLOGP_BGRFC_0052002539,00505684390C1FE097B4EC98F5E26832
CMM_MTM_SLS,083,CMM_VLOGP_BGRFC_0052002545,00505684390C1FE0AAB0E5573DD68865
CMM_MTM_SLS,083,CMM_VLOGP_BGRFC_0052002548,00505684390C1FE097B4ECBDCE2AE832
CMM_MTM_SLS,083,CMM_VLOGP_BGRFC_0052002618,00505684390C1FE092EB8C9D1D08A832
CMM_MTM_SLS,083,CMM_VLOGP_BGRFC_0052002620,00505684390C1FE092EAC2D014356832
CMM_MTM_SLS,083,CMM_VLOGP_BGRFC_0052002631,00505684390C1FE097B4FBF2C027A832
CMM_MTM_SLS,083,CMM_VLOGP_BGRFC_0052002635,00505684390C1FE097B3B1BC24F86832
CMM_MTM_SLS,083,CMM_VLOGP_BGRFC_0052002648,00505684390C1FE097B4ECD2E661A832
CMM_MTM_SLS,083,CMM_VLOGP_BGRFC_0052002649,00505684390C1FE097B4ED1E97F82832
CMM_MTM_SLS,083,CMM_VLOGP_BGRFC_0052002651,00505684390C1FE097B4ED1E97FFA832
CMM_MTM_SLS,083,CMM_VLOGP_BGRFC_0052002652,00505684390C1FE097B4ED5B543DA832
CMM_MTM_SLS,083,CMM_VLOGP_BGRFC_0052002653,00505684390C1FE097B4ED8155462832
CMM_MTM_SLS,083,CMM_VLOGP_BGRFC_0052002655,00505684390C1FE097B4EDCC16E7A832
CMM_MTM_SLS,083,CMM_VLOGP_BGRFC_0052002663,00505684390C1FE097B4EEAF4B7BC832
CMM_MTM_SLS,083,CMM_VLOGP_BGRFC_0052002664,00505684390C1FE097B4EEF9CCB5E832
CMM_MTM_SLS,083,CMM_VLOGP_BGRFC_0052002666,00505684390C1FE097B4EF0F5CACA832
CMM_MTM_SLS,083,CMM_VLOGP_BGRFC_0052002667,00505684390C1FE097B4EF34A814A832
CMM_MTM_SLS,083,CMM_VLOGP_BGRFC_0052002668,00505684390C1FE097B4EF34A8194832
CMM_MTM_SLS,083,CMM_VLOGP_BGRFC_0052002669,00505684390C1FE097B4EF5A65806832
CMM_MTM_SLS,083,CMM_VLOGP_BGRFC_0052002670,00505684390C1FE097B4EF8133D08832
CMM_MTM_SLS,083,CMM_VLOGP_BGRFC_0052002671,00505684390C1FE097B4EFA776016832
CMM_MTM_SLS,083,CMM_VLOGP_BGRFC_0052002672,00505684390C1FE097B3B209D43CA832
CMM_MTM_SLS,083,CMM_VLOGP_BGRFC_0052002673,00505684390C1FE097B3B255FEFC6832
CMM_MTM_SLS,083,CMM_VLOGP_BGRFC_0052002674,00505684390C1FE097B3B186773E2832
CMM_MTM_SLS,083,CMM_VLOGP_BGRFC_0052002675,00505684390C1FE092EB925627F62832
CMM_MTM_SLS,083,CMM_VLOGP_BGRFC_0052002679,00505684390C1FE097B3D3FC3085A832
CMM_MTM_SLS,083,CMM_VLOGP_BGRFC_0052002701,00505684390C1FE097B4F0ED2778E832
CMM_MTM_SLS,083,CMM_VLOGP_BGRFC_0052002702,00505684390C1FE097B4F11515C78832
CMM_MTM_SLS,083,CMM_VLOGP_BGRFC_0052002704,00505684390C1FE097B3B1738980A832
CMM_MTM_SLS,083,CMM_VLOGP_BGRFC_0052002706,00505684390C1FE097B3B29BB0FA8832
CMM_MTM_SLS,083,CMM_VLOGP_BGRFC_0052002707,00505684390C1FE097B3D68E48AD8832
CMM_MTM_SLS,083,CMM_VLOGP_BGRFC_0052002708,00505684390C1FE097B3D6C38C3B2832
CMM_MTM_SLS,083,CMM_VLOGP_BGRFC_0052002709,00505684390C1FE097B4F2DC0A1E6832
CMM_MTM_SLS,083,CMM_VLOGP_BGRFC_0052002710,00505684390C1FE097B3D7121A554832
CMM_MTM_SLS,083,CMM_VLOGP_BGRFC_0052002711,00505684390C1FE097B3D73656DCE832
CMM_MTM_SLS,083,CMM_VLOGP_BGRFC_0052002716,00505684390C1FE097B3D791510CC832
CMM_MTM_SLS,083,CMM_VLOGP_BGRFC_0052002718,00505684390C1FE097B3D7A962476832
CMM_MTM_SLS,083,CMM_VLOGP_BGRFC_0052002719,00505684390C1FE097B3D7CF08CC4832
CMM_MTM_SLS,083,CMM_VLOGP_BGRFC_0052002720,00505684390C1FE097B4F3BCE1854832
CMM_MTM_SLS,083,CMM_VLOGP_BGRFC_0052002722,00505684390C1FE097B3B2DA922A6832
CMM_MTM_SLS,083,CMM_VLOGP_BGRFC_0052002723,00505684390C1FE097B3B339445C8832
CMM_MTM_SLS,083,CMM_VLOGP_BGRFC_0052002724,00505684390C1FE097B4F4212F48C832
CMM_MTM_SLS,083,CMM_VLOGP_BGRFC_0052002725,00505684390C1FE097B4F46C9CE6A832
CMM_MTM_SLS,083,CMM_VLOGP_BGRFC_0052002727,00505684390C1FE097B3B3818D34A832
CMM_MTM_SLS,083,CMM_VLOGP_BGRFC_0052002728,00505684390C1FE097B4F4B63158E832
CMM_MTM_SLS,083,CMM_VLOGP_BGRFC_0052002729,00505684390C1FE097B4F4F227106832
CMM_MTM_SLS,083,CMM_VLOGP_BGRFC_0052002730,00505684390C1FE097B4F51AAE174832
CMM_MTM_SLS,083,CMM_VLOGP_BGRFC_0052002731,00505684390C1FE097B3D832A9DBC832
CMM_MTM_SLS,083,CMM_VLOGP_BGRFC_0052002732,00505684390C1FE097B3D8B3C0652832
CMM_MTM_SLS,083,CMM_VLOGP_BGRFC_0052002736,00505684390C1FE18ACC887C13432894
CMM_MTM_SLS,083,CMM_VLOGP_BGRFC_0052002737,00505684390C1FE097B3DA0CE38CC832
CMM_MTM_SLS,083,CMM_VLOGP_BGRFC_0052002738,00505684390C1FE097B3DA44C5EB2832
CMM_MTM_SLS,083,CMM_VLOGP_BGRFC_0052002739,00505684390C1FE097B3DA6A9A6CE832
CMM_MTM_SLS,083,CMM_VLOGP_BGRFC_0052002740,00505684390C1FE097B3B2A40EDBC832
CMM_MTM_SLS,083,CMM_VLOGP_BGRFC_0052002741,00505684390C1FE097B3B2EDC8A32832
CMM_MTM_SLS,083,CMM_VLOGP_BGRFC_0052002742,00505684390C1FE097B4BCB17BFB4832
CMM_MTM_SLS,083,CMM_VLOGP_BGRFC_0052002743,00505684390C1FE097B4BCFDE6314832
CMM_MTM_SLS,083,CMM_VLOGP_BGRFC_0052002744,00505684390C1FE097B3DA90FEF12832
CMM_MTM_SLS,083,CMM_VLOGP_BGRFC_0052002745,00505684390C1FE097B4BE083B79E832
CMM_MTM_SLS,083,CMM_VLOGP_BGRFC_0052002750,00505684390C1FE097B3DBD5F378E832
CMM_MTM_SLS,083,CMM_VLOGP_BGRFC_0052002751,00505684390C1FE097B4BF2ED3D34832
CMM_MTM_SLS,083,CMM_VLOGP_BGRFC_0052002753,00505684390C1FE097B4BFC6C2C46832
CMM_MTM_SLS,083,CMM_VLOGP_BGRFC_0052002756,00505684390C1FE097B4C00B9E17A832
CMM_MTM_SLS,083,CMM_VLOGP_BGRFC_0052002759,00505684390C1FE097B3DCDFE3898832
CMM_MTM_SLS,083,CMM_VLOGP_BGRFC_0052002763,00505684390C1FE097B3DDFDCD1A6832
CMM_MTM_SLS,083,CMM_VLOGP_BGRFC_0052002764,00505684390C1FE097B3DE8340466832
CMM_MTM_SLS,083,CMM_VLOGP_BGRFC_0052002765,00505684390C1FE097B3DEAC74AB6832
CMM_MTM_SLS,083,CMM_VLOGP_BGRFC_0052002766,00505684390C1FE097B3DF6955736832
CMM_MTM_SLS,083,CMM_VLOGP_BGRFC_0052002767,00505684390C1FE097B3E0141354A832
CMM_MTM_SLS,083,CMM_VLOGP_BGRFC_0052002768,00505684390C1FE097B3E0E5D518E832
CMM_MTM_SLS,083,CMM_VLOGP_BGRFC_0052002770,00505684390C1FE097B3E10DE730A832
CMM_MTM_SLS,083,CMM_VLOGP_BGRFC_0052002773,00505684390C1FE097B3E217FB2A2832
CMM_MTM_SLS,083,CMM_VLOGP_BGRFC_0052002775,00505684390C1FE097B3E2FC957DA832
CMM_MTM_SLS,083,CMM_VLOGP_BGRFC_0052002777,00505684390C1FE097B4C0E0AC2AA832
CMM_MTM_SLS,083,CMM_VLOGP_BGRFC_0052002784,00505684390C1FE097B4C1293DD6E832
CMM_MTM_SLS,083,CMM_VLOGP_BGRFC_0052002786,00505684390C1FE097B4C28504E86832
CMM_MTM_SLS,083,CMM_VLOGP_BGRFC_0052002789,00505684390C1FE097B3E55F57452832
CMM_MTM_SLS,083,CMM_VLOGP_BGRFC_0052002790,00505684390C1FE097B3E7ADE61B2832
CMM_MTM_SLS,083,CMM_VLOGP_BGRFC_0052002791,00505684390C1FE097B3EA241047E832
CMM_MTM_SLS,083,CMM_VLOGP_BGRFC_0052002792,00505684390C1FE097B3EA4A835C0832
CMM_MTM_SLS,083,CMM_VLOGP_BGRFC_0052002797,00505684390C1FE097B3EB30CA036832
CMM_MTM_SLS,083,CMM_VLOGP_BGRFC_0052002799,00505684390C1FE097B3EB902A56E832
CMM_MTM_SLS,083,CMM_VLOGP_BGRFC_0052002801,00505684390C1FE097B3EBEBB2DA6832
CMM_MTM_SLS,083,CMM_VLOGP_BGRFC_0052002802,00505684390C1FE097B3EC582B09E832
CMM_MTM_SLS,083,CMM_VLOGP_BGRFC_0052002803,00505684390C1FE097B3ECD324F5A832
CMM_MTM_SLS,083,CMM_VLOGP_BGRFC_0052002805,00505684390C1FE097B3ECF9372BE832
CMM_MTM_SLS,083,CMM_VLOGP_BGRFC_0052002807,00505684390C1FE097B3B36198F80832
CMM_MTM_SLS,083,CMM_VLOGP_BGRFC_0052002809,00505684390C1FE097B3ED575380E832
CMM_MTM_SLS,083,CMM_VLOGP_BGRFC_0052002810,00505684390C1FE097B3B386BBE30832
CMM_MTM_SLS,083,CMM_VLOGP_BGRFC_0052002811,00505684390C1FE097B3ED80E4254832
CMM_MTM_SLS,083,CMM_VLOGP_BGRFC_0052002812,00505684390C1FE097B4C4C92ADD2832
CMM_MTM_SLS,083,CMM_VLOGP_BGRFC_0052002816,00505684390C1FE097B3EED46F63E832
CMM_MTM_SLS,083,CMM_VLOGP_BGRFC_0052002817,00505684390C1FE097B3EEFB11AC6832
CMM_MTM_SLS,083,CMM_VLOGP_BGRFC_0052002819,00505684390C1FE097B3EF21AE540832
CMM_MTM_SLS,083,CMM_VLOGP_BGRFC_0052002821,00505684390C1FE097B3EF72DBF26832
CMM_MTM_SLS,083,CMM_VLOGP_BGRFC_0052002822,00505684390C1FE097B3EF97BF660832
CMM_MTM_SLS,083,CMM_VLOGP_BGRFC_0052002824,00505684390C1FE097B3EFF2B030E832
CMM_MTM_SLS,083,CMM_VLOGP_BGRFC_0052002828,00505684390C1FE097B4C53716E26832
CMM_MTM_SLS,083,CMM_VLOGP_BGRFC_0052002829,00505684390C1FE097B4C59880CD0832
CMM_MTM_SLS,083,CMM_VLOGP_BGRFC_0052002830,00505684390C1FE097B4C63B540B6832
CMM_MTM_SLS,083,CMM_VLOGP_BGRFC_0052002832,00505684390C1FE097B4C667D5A06832
CMM_MTM_SLS,083,CMM_VLOGP_BGRFC_0052002833,00505684390C1FE097B4C6AD6699E832
CMM_MTM_SLS,083,CMM_VLOGP_BGRFC_0052002834,00505684390C1FE097B3F35FF3570832
CMM_MTM_SLS,083,CMM_VLOGP_BGRFC_0052002835,00505684390C1FE097B3F5FD07432832
CMM_MTM_SLS,083,CMM_VLOGP_BGRFC_0052002836,00505684390C1FE097B4C6FDEA812832
CMM_MTM_SLS,083,CMM_VLOGP_BGRFC_0052002838,00505684390C1FE097B4C722E7452832
CMM_MTM_SLS,083,CMM_VLOGP_BGRFC_0052002841,00505684390C1FE097B4C7CC8E3DA832
CMM_MTM_SLS,083,CMM_VLOGP_BGRFC_0052002842,00505684390C1FE097B4C86306DBA832
CMM_MTM_SLS,083,CMM_VLOGP_BGRFC_0052002843,00505684390C1FE097B4C8AF8D282832
CMM_MTM_SLS,083,CMM_VLOGP_BGRFC_0052002844,00505684390C1FE097B4C8D92B92A832
CMM_MTM_SLS,083,CMM_VLOGP_BGRFC_0052002845,00505684390C1FE097B4C9819B2BE832
CMM_MTM_SLS,083,CMM_VLOGP_BGRFC_0052002846,00505684390C1FE097B4C9A908274832
CMM_MTM_SLS,083,CMM_VLOGP_BGRFC_0052002848,00505684390C1FE097B4CA53B84FA832
CMM_MTM_SLS,083,CMM_VLOGP_BGRFC_0052002849,00505684390C1FE097B4CA7D883D6832
CMM_MTM_SLS,083,CMM_VLOGP_BGRFC_0052002850,00505684390C1FE097B4CB13C6556832
CMM_MTM_SLS,083,CMM_VLOGP_BGRFC_0052002851,00505684390C1FE097B4F70AF27C4832
CMM_MTM_SLS,083,CMM_VLOGP_BGRFC_0052002853,00505684390C1FE097B4CBAAC6D5E832
CMM_MTM_SLS,083,CMM_VLOGP_BGRFC_0052002854,00505684390C1FE097B3F6E039F4C832
CMM_MTM_SLS,083,CMM_VLOGP_BGRFC_0052002855,00505684390C1FE097B3F708726AE832
CMM_MTM_SLS,083,CMM_VLOGP_BGRFC_0052002856,00505684390C1FE097B3F73209678832
CMM_MTM_SLS,083,CMM_VLOGP_BGRFC_0052002857,00505684390C1FE097B3F7872899A832
CMM_MTM_SLS,083,CMM_VLOGP_BGRFC_0052002859,00505684390C1FE097B3F7C53A1B6832
CMM_MTM_SLS,083,CMM_VLOGP_BGRFC_0052002860,00505684390C1FE097B3F7EB7F222832
CMM_MTM_SLS,083,CMM_VLOGP_BGRFC_0052002861,00505684390C1FE097B3F814A90B4832
CMM_MTM_SLS,083,CMM_VLOGP_BGRFC_0052002862,00505684390C1FE097B3F83C3AA10832
CMM_MTM_SLS,083,CMM_VLOGP_BGRFC_0052002863,00505684390C1FE097B3F86522194832
CMM_MTM_SLS,083,CMM_VLOGP_BGRFC_0052002864,00505684390C1FE097B4CC161535A832
CMM_MTM_SLS,083,CMM_VLOGP_BGRFC_0052002865,00505684390C1FE097B4CC5B48B46832
CMM_MTM_SLS,083,CMM_VLOGP_BGRFC_0052002868,00505684390C1FE097B4CD15CA832832
CMM_MTM_SLS,083,CMM_VLOGP_BGRFC_0052002870,00505684390C1FE097B4CD9A7780C832
CMM_MTM_SLS,083,CMM_VLOGP_BGRFC_0052002880,00505684390C1FE097B3F8AA300A6832
CMM_MTM_SLS,083,CMM_VLOGP_BGRFC_0052002883,00505684390C1FE097B3F8E7AA076832
CMM_MTM_SLS,083,CMM_VLOGP_BGRFC_0052002890,00505684390C1FE097B4D05D19364832
CMM_MTM_SLS,083,CMM_VLOGP_BGRFC_0052002893,00505684390C1FE097B3F90D63D34832
CMM_MTM_SLS,083,CMM_VLOGP_BGRFC_0052002894,00505684390C1FE097B3F930B7D74832
CMM_MTM_SLS,083,CMM_VLOGP_BGRFC_0052002898,00505684390C1FE097B4D228B10F6832
CMM_MTM_SLS,083,CMM_VLOGP_BGRFC_0052002899,00505684390C1FE097B4D2729ACDA832
CMM_MTM_SLS,083,CMM_VLOGP_BGRFC_0052002900,00505684390C1FE097B4D2BEE8BDA832
CMM_MTM_SLS,083,CMM_VLOGP_BGRFC_0052002901,00505684390C1FE097B3F95786BD4832
CMM_MTM_SLS,083,CMM_VLOGP_BGRFC_0052002902,00505684390C1FE097B3F97CFF306832
CMM_MTM_SLS,083,CMM_VLOGP_BGRFC_0052002903,00505684390C1FE097B3F9A215776832
CMM_MTM_SLS,083,CMM_VLOGP_BGRFC_0052002904,00505684390C1FE097B3F9C555E0E832
CMM_MTM_SLS,083,CMM_VLOGP_BGRFC_0052002905,00505684390C1FE097B3F9DB99788832
CMM_MTM_SLS,083,CMM_VLOGP_BGRFC_0052002907,00505684390C1FE097B3FA14809FC832
CMM_MTM_SLS,083,CMM_VLOGP_BGRFC_0052002912,00505684390C1FE097B3FA3C67338832
CMM_MTM_SLS,083,CMM_VLOGP_BGRFC_0052002917,00505684390C1FE097B3FAAD5E692832
CMM_MTM_SLS,083,CMM_VLOGP_BGRFC_0052002921,00505684390C1FE097B3FAD5627BC832
CMM_MTM_SLS,083,CMM_VLOGP_BGRFC_0052002922,00505684390C1FE097B3FC003F47A832
CMM_MTM_SLS,083,CMM_VLOGP_BGRFC_0052002923,00505684390C1FE097B3FC3E367EE832
CMM_MTM_SLS,083,CMM_VLOGP_BGRFC_0052002924,00505684390C1FE097B3FC7E2DEB0832
CMM_MTM_SLS,083,CMM_VLOGP_BGRFC_0052002925,00505684390C1FE097B4D521C1BDC832
CMM_MTM_SLS,083,CMM_VLOGP_BGRFC_0052002926,00505684390C1FE097B4D56E62D56832
CMM_MTM_SLS,083,CMM_VLOGP_BGRFC_0052002936,00505684390C1FE097B3FCC45E3E0832
CMM_MTM_SLS,083,CMM_VLOGP_BGRFC_0052002937,00505684390C1FE097B3FDDD1FCE2832
CMM_MTM_SLS,083,CMM_VLOGP_BGRFC_0052002940,00505684390C1FE097B3FDF64D890832
CMM_MTM_SLS,083,CMM_VLOGP_BGRFC_0052002961,00505684390C1FE097B4FC63DDA3A832
CMM_MTM_SLS,083,CMM_VLOGP_BGRFC_0052002962,00505684390C1FE097B3B68158242832
CMM_MTM_SLS,083,CMM_VLOGP_BGRFC_0052002964,00505684390C1FE097B4F779CC340832
CMM_MTM_SLS,083,CMM_VLOGP_BGRFC_0052002969,00505684390C1FE097B4D741B0758832
CMM_MTM_SLS,083,CMM_VLOGP_BGRFC_0052002970,00505684390C1FE097B4D78BBA128832
CMM_MTM_SLS,083,CMM_VLOGP_BGRFC_0052002971,00505684390C1FE097B4763A50DC4832
CMM_MTM_SLS,083,CMM_VLOGP_BGRFC_0052002972,00505684390C1FE097B3FE699C51A832
CMM_MTM_SLS,083,CMM_VLOGP_BGRFC_0052002975,00505684390C1FE1908C7D4686572896
CMM_MTM_SLS,083,CMM_VLOGP_BGRFC_0052002978,00505684390C1FE098E0E926904DA832
CMM_MTM_SLS,083,CMM_VLOGP_BGRFC_0052002979,00505684390C1FE097B4D86C6CA54832
CMM_MTM_SLS,083,CMM_VLOGP_BGRFC_0052002981,00505684390C1FE097B3B2A3D373A832
CMM_MTM_SLS,083,CMM_VLOGP_BGRFC_0052002985,00505684390C1FE097B4D90FB2CA4832
CMM_MTM_SLS,083,CMM_VLOGP_BGRFC_0052002989,00505684390C1FE097B4D9581DB88832
CMM_MTM_SLS,083,CMM_VLOGP_BGRFC_0052002990,00505684390C1FE097B4D99A7FBE2832
CMM_MTM_SLS,083,CMM_VLOGP_BGRFC_0052002991,00505684390C1FE097B4D9E57F5B2832
CMM_MTM_SLS,083,CMM_VLOGP_BGRFC_0052002992,00505684390C1FE097B4DA35DF688832
CMM_MTM_SLS,083,CMM_VLOGP_BGRFC_0052002996,00505684390C1FE097B46BED89E68832
CMM_MTM_SLS,083,CMM_VLOGP_BGRFC_0052003000,00505684390C1FE097B40069F4C7A832
CMM_MTM_SLS,083,CMM_VLOGP_BGRFC_0052003001,00505684390C1FE097B4DAF3C5776832
CMM_MTM_SLS,083,CMM_VLOGP_BGRFC_0052003002,00505684390C1FE1908CCE934F404896
CMM_MTM_SLS,083,CMM_VLOGP_BGRFC_0052003007,00505684390C1FE0A690A39A319BC851
CMM_MTM_SLS,083,CMM_VLOGP_BGRFC_0052003011,00505684390C1FE0A690A446C5B8E851
CMM_MTM_SLS,083,CMM_VLOGP_BGRFC_0052003014,00505684390C1FE097B401059BB5C832
CMM_MTM_SLS,083,CMM_VLOGP_BGRFC_0052003015,00505684390C1FE097B40158441D2832
CMM_MTM_SLS,083,CMM_VLOGP_BGRFC_0052003016,00505684390C1FE097B40177F886C832
CMM_MTM_SLS,083,CMM_VLOGP_BGRFC_0052003017,00505684390C1FE097B4019C41100832
CMM_MTM_SLS,083,CMM_VLOGP_BGRFC_0052003018,00505684390C1FE097B401E7F840A832
CMM_MTM_SLS,083,CMM_VLOGP_BGRFC_0052003019,00505684390C1FE097B40233E6696832
CMM_MTM_SLS,083,CMM_VLOGP_BGRFC_0052003020,00505684390C1FE097B4025A4324E832
CMM_MTM_SLS,083,CMM_VLOGP_BGRFC_0052003021,00505684390C1FE097B402B910654832
CMM_MTM_SLS,083,CMM_VLOGP_BGRFC_0052003022,00505684390C1FE097B40306A1178832
CMM_MTM_SLS,083,CMM_VLOGP_BGRFC_0052003023,00505684390C1FE097B40364CD30C832
CMM_MTM_SLS,083,CMM_VLOGP_BGRFC_0052003024,00505684390C1FE097B403B1C4A06832
CMM_MTM_SLS,083,CMM_VLOGP_BGRFC_0052003027,00505684390C1FE1908CD19D7CF8E896
CMM_MTM_SLS,083,CMM_VLOGP_BGRFC_0052003029,00505684390C1FE097B40487098E4832
CMM_MTM_SLS,083,CMM_VLOGP_BGRFC_0052003032,00505684390C1FE097B4DC9EE2570832
CMM_MTM_SLS,083,CMM_VLOGP_BGRFC_0052003036,00505684390C1FE097B404E225108832
CMM_MTM_SLS,083,CMM_VLOGP_BGRFC_0052003037,00505684390C1FE097B40532A7476832
CMM_MTM_SLS,083,CMM_VLOGP_BGRFC_0052003038,00505684390C1FE1908CD2377A068896
CMM_MTM_SLS,083,CMM_VLOGP_BGRFC_0052003039,00505684390C1FE0A6BFB8F5F5244852
CMM_MTM_SLS,083,CMM_VLOGP_BGRFC_0052003040,00505684390C1FE1908CD260D175E896
CMM_MTM_SLS,083,CMM_VLOGP_BGRFC_0052003043,00505684390C1FE181FE534F958EA889
CMM_MTM_SLS,083,CMM_VLOGP_BGRFC_0052003044,00505684390C1FE181FE53C449642889
CMM_MTM_SLS,083,CMM_VLOGP_BGRFC_0052003045,00505684390C1FE097B4DD8D120FE832
CMM_MTM_SLS,083,CMM_VLOGP_BGRFC_0052003046,00505684390C1FE097B405EEE78A2832
CMM_MTM_SLS,083,CMM_VLOGP_BGRFC_0052003047,00505684390C1FE097B40640D75D4832
CMM_MTM_SLS,083,CMM_VLOGP_BGRFC_0052003051,00505684390C1FE097B3B78E74F6A832
CMM_MTM_SLS,083,CMM_VLOGP_BGRFC_0052003052,00505684390C1FE097B3B7B349A6C832
CMM_MTM_SLS,083,CMM_VLOGP_BGRFC_0052003053,00505684390C1FE097B3B7DD58C8C832
CMM_MTM_SLS,083,CMM_VLOGP_BGRFC_0052003054,00505684390C1FE097B3B824B7AB6832
CMM_MTM_SLS,083,CMM_VLOGP_BGRFC_0052003058,00505684390C1FE097B4DE70F39A2832
CMM_MTM_SLS,083,CMM_VLOGP_BGRFC_0052003061,00505684390C1FE097B406B61B654832
CMM_MTM_SLS,083,CMM_VLOGP_BGRFC_0052003062,00505684390C1FE097B406DAF4BAA832
CMM_MTM_SLS,083,CMM_VLOGP_BGRFC_0052003063,00505684390C1FE097B406F9FE2CE832
CMM_MTM_SLS,083,CMM_VLOGP_BGRFC_0052003064,00505684390C1FE097B4071E75346832
CMM_MTM_SLS,083,CMM_VLOGP_BGRFC_0052003065,00505684390C1FE097B3B89C455BA832
CMM_MTM_SLS,083,CMM_VLOGP_BGRFC_0052003066,00505684390C1FE097B3B46ACFDBA832
CMM_MTM_SLS,083,CMM_VLOGP_BGRFC_0052003068,00505684390C1FE097B3B9097B600832
CMM_MTM_SLS,083,CMM_VLOGP_BGRFC_0052003069,00505684390C1FE097B3B96A14480832
CMM_MTM_SLS,083,CMM_VLOGP_BGRFC_0052003071,00505684390C1FE097B4075392176832
CMM_MTM_SLS,083,CMM_VLOGP_BGRFC_0052003072,00505684390C1FE097B4FE08F77A0832
CMM_MTM_SLS,083,CMM_VLOGP_BGRFC_0052003075,00505684390C1FE097B3BA046597A832
CMM_MTM_SLS,083,CMM_VLOGP_BGRFC_0052003076,00505684390C1FE097B3BA9C784BA832
CMM_MTM_SLS,083,CMM_VLOGP_BGRFC_0052003080,00505684390C1FE097B3BE1E84CD4832
CMM_MTM_SLS,083,CMM_VLOGP_BGRFC_0052003083,00505684390C1FE097B4079181F12832
CMM_MTM_SLS,083,CMM_VLOGP_BGRFC_0052003085,00505684390C1FE1908C7FBD087EA896
CMM_MTM_SLS,083,CMM_VLOGP_BGRFC_0052003089,00505684390C1FE097B407CA36BE0832
CMM_MTM_SLS,083,CMM_VLOGP_BGRFC_0052003090,00505684390C1FE097B4DFCCA1242832
CMM_MTM_SLS,083,CMM_VLOGP_BGRFC_0052003091,00505684390C1FE097B408034E05A832
CMM_MTM_SLS,083,CMM_VLOGP_BGRFC_0052003092,00505684390C1FE097B4E01A5E2CC832
CMM_MTM_SLS,083,CMM_VLOGP_BGRFC_0052003093,00505684390C1FE097B4E063B68BC832
CMM_MTM_SLS,083,CMM_VLOGP_BGRFC_0052003096,00505684390C1FE1908CD5BAD97A4896
CMM_MTM_SLS,083,CMM_VLOGP_BGRFC_0052003097,00505684390C1FE097B4087594518832
CMM_MTM_SLS,083,CMM_VLOGP_BGRFC_0052003099,00505684390C1FE097B408C236C06832
CMM_MTM_SLS,083,CMM_VLOGP_BGRFC_0052003100,00505684390C1FE097B408EB1FA1A832
CMM_MTM_SLS,083,CMM_VLOGP_BGRFC_0052003116,00505684390C1FE097B47EFFBD510832
CMM_MTM_SLS,083,CMM_VLOGP_BGRFC_0052003117,00505684390C1FE0A6BFC772DD1F8852
CMM_MTM_SLS,083,CMM_VLOGP_BGRFC_0052003119,00505684390C1FE1858FEF5EFE68688D
CMM_MTM_SLS,083,CMM_VLOGP_BGRFC_0052003120,00505684390C1FE0A6C15FE5D05FC852
CMM_MTM_SLS,083,CMM_VLOGP_BGRFC_0052003127,00505684390C1FE0A690B0CD33930851
CMM_MTM_SLS,083,CMM_VLOGP_BGRFC_0052003130,00505684390C1FE0A6BFD4108CDDE852
CMM_MTM_SLS,083,CMM_VLOGP_BGRFC_0052003131,00505684390C1FE0A690B1B0EEE18851
CMM_MTM_SLS,083,CMM_VLOGP_BGRFC_0052003134,00505684390C1FE097B3B3E55B73C832
CMM_MTM_SLS,083,CMM_VLOGP_BGRFC_0052003139,00505684390C1FE097B3B46AB7066832
CMM_MTM_SLS,083,CMM_VLOGP_BGRFC_0052003140,00505684390C1FE097B3B529A7A62832
CMM_MTM_SLS,083,CMM_VLOGP_BGRFC_0052003143,00505684390C1FE097B3B58AC6D6A832
CMM_MTM_SLS,083,CMM_VLOGP_BGRFC_0052003147,00505684390C1FE0A690B3EC0DFB6851
CMM_MTM_SLS,083,CMM_VLOGP_BGRFC_0052003148,00505684390C1FE18DE1F28B2EB36896
CMM_MTM_SLS,083,CMM_VLOGP_BGRFC_0052003156,00505684390C1FE1908C7DE8F34B4896
CMM_MTM_SLS,083,CMM_VLOGP_BGRFC_0052003172,00505684390C1FE1908CDB3A2839E896
CMM_MTM_SLS,083,CMM_VLOGP_BGRFC_0052003173,00505684390C1FE1908CDB56DF92C896
CMM_MTM_SLS,083,CMM_VLOGP_BGRFC_0052003176,00505684390C1FE1908C7E061AF6E896
CMM_MTM_SLS,083,CMM_VLOGP_BGRFC_0052003179,00505684390C1FE097B3B5D6F1852832
CMM_MTM_SLS,083,CMM_VLOGP_BGRFC_0052003187,00505684390C1FE097B47D5BEF438832
CMM_MTM_SLS,083,CMM_VLOGP_BGRFC_0052003189,00505684390C1FE097B50DFE3C046832
CMM_MTM_SLS,083,CMM_VLOGP_BGRFC_0052003191,00505684390C1FE097B47F00F17BE832
CMM_MTM_SLS,083,CMM_VLOGP_BGRFC_0052003194,00505684390C1FE1908C7DCCA2542896
CMM_MTM_SLS,083,CMM_VLOGP_BGRFC_0052003197,00505684390C1FE1908C7EC3AED82896
CMM_MTM_SLS,083,CMM_VLOGP_BGRFC_0052003200,00505684390C1FE097B4EE0FAF8F6832
CMM_MTM_SLS,083,CMM_VLOGP_BGRFC_0052003201,00505684390C1FE097B4929FE6D42832
CMM_MTM_SLS,083,CMM_VLOGP_BGRFC_0052003209,00505684390C1FE097B44B161D1A0832
CMM_MTM_SLS,083,CMM_VLOGP_BGRFC_0052003211,00505684390C1FE097B510A911072832
CMM_MTM_SLS,083,CMM_VLOGP_BGRFC_0052003213,00505684390C1FE1908C7B5F8B7A8896
CMM_MTM_SLS,083,CMM_VLOGP_BGRFC_0052003217,00505684390C1FE097B4EEFB0F90A832
CMM_MTM_SLS,083,CMM_VLOGP_BGRFC_0052003227,00505684390C1FE097B51214BA1B0832
CMM_MTM_SLS,083,CMM_VLOGP_BGRFC_0052003232,00505684390C1FE097B51286E2E30832
CMM_MTM_SLS,083,CMM_VLOGP_BGRFC_0052003233,00505684390C1FE097B512AE9618E832
CMM_MTM_SLS,083,CMM_VLOGP_BGRFC_0052003235,00505684390C1FE097B512FA0E63A832
CMM_MTM_SLS,083,CMM_VLOGP_BGRFC_0052003236,00505684390C1FE097B607B8231A8832
CMM_MTM_SLS,083,CMM_VLOGP_BGRFC_0052003237,00505684390C1FE097B5131E1FA48832
CMM_MTM_SLS,083,CMM_VLOGP_BGRFC_0052003245,00505684390C1FE097B49B8C57516832
CMM_MTM_SLS,083,CMM_VLOGP_BGRFC_0052003252,00505684390C1FE097B49AA5BF372832
CMM_MTM_SLS,083,CMM_VLOGP_BGRFC_0052003253,00505684390C1FE181FE5F4D8EA14889
CMM_MTM_SLS,083,CMM_VLOGP_BGRFC_0052003254,00505684390C1FE097B514FABE334832
CMM_MTM_SLS,083,CMM_VLOGP_BGRFC_0052003257,00505684390C1FE184E597AD4352888D
CMM_MTM_SLS,083,CMM_VLOGP_BGRFC_0052003264,00505684390C1FE1908CDD43944C0896
CMM_MTM_SLS,083,CMM_VLOGP_BGRFC_0052003267,00505684390C1FE1908CDD6C5140C896
CMM_MTM_SLS,083,CMM_VLOGP_BGRFC_0052003268,00505684390C1FE1908C80EAE69D0896
CMM_MTM_SLS,083,CMM_VLOGP_BGRFC_0052003273,00505684390C1FE1908CDD89E9FCE896
CMM_MTM_SLS,083,CMM_VLOGP_BGRFC_0052003274,00505684390C1FE1908CDD9CEC872896
CMM_MTM_SLS,083,CMM_VLOGP_BGRFC_0052003275,00505684390C1FE1908CDD9CEC8AE896
CMM_MTM_SLS,083,CMM_VLOGP_BGRFC_0052003278,00505684390C1FE1908CDDB385968896
CMM_MTM_SLS,083,CMM_VLOGP_BGRFC_0052003279,00505684390C1FE1908CDDC2E1106896
CMM_MTM_SLS,083,CMM_VLOGP_BGRFC_0052003284,00505684390C1FE0A6BFDB7541B20852
CMM_MTM_SLS,083,CMM_VLOGP_BGRFC_0052003294,00505684390C1FE1908C83C16428E896
CMM_MTM_SLS,083,CMM_VLOGP_BGRFC_0052003295,00505684390C1FE1908C83E83C4F0896
CMM_MTM_SLS,083,CMM_VLOGP_BGRFC_0052003301,00505684390C1FE181FE60258D8F8889
CMM_MTM_SLS,083,CMM_VLOGP_BGRFC_0052003303,00505684390C1FE1908C85D96206C896
CMM_MTM_SLS,083,CMM_VLOGP_BGRFC_0052003305,00505684390C1FE0A690C5F70CC94851
CMM_MTM_SLS,083,CMM_VLOGP_BGRFC_0052003309,00505684390C1FE1908C864FB1D80896
CMM_MTM_SLS,083,CMM_VLOGP_BGRFC_0052003314,00505684390C1FE1908CDE3ED84CC896
CMM_MTM_SLS,083,CMM_VLOGP_BGRFC_0052003318,00505684390C1FE1908C9065D755C896
CMM_MTM_SLS,083,CMM_VLOGP_BGRFC_0052003324,00505684390C1FE0A690CA5953AE4851
CMM_MTM_SLS,083,CMM_VLOGP_BGRFC_0052003327,00505684390C1FE097B51F3E2B608832
CMM_MTM_SLS,083,CMM_VLOGP_BGRFC_0052003329,00505684390C1FE0A690CB1321880851
CMM_MTM_SLS,083,CMM_VLOGP_BGRFC_0052003330,00505684390C1FE0A690CB45DA55C851
CMM_MTM_SLS,083,CMM_VLOGP_BGRFC_0052003331,00505684390C1FE097B4640BE54B8832
CMM_MTM_SLS,083,CMM_VLOGP_BGRFC_0052003332,00505684390C1FE1908C809118046896
CMM_MTM_SLS,083,CMM_VLOGP_BGRFC_0052003333,00505684390C1FE1908C87B79C3C2896
CMM_MTM_SLS,083,CMM_VLOGP_BGRFC_0052003334,00505684390C1FE0A690CC8335858851
CMM_MTM_SLS,083,CMM_VLOGP_BGRFC_0052003335,00505684390C1FE0A6C00644EF7A0852
CMM_MTM_SLS,083,CMM_VLOGP_BGRFC_0052003336,00505684390C1FE097B3B7D81EC34832
CMM_MTM_SLS,083,CMM_VLOGP_BGRFC_0052003337,00505684390C1FE097B51DB6520E6832
CMM_MTM_SLS,083,CMM_VLOGP_BGRFC_0052003338,00505684390C1FE097B51E003E0D6832
CMM_MTM_SLS,083,CMM_VLOGP_BGRFC_0052003340,00505684390C1FE0A690CEDE769E0851
CMM_MTM_SLS,083,CMM_VLOGP_BGRFC_0052003341,00505684390C1FE0A690CF199A480851
CMM_MTM_SLS,083,CMM_VLOGP_BGRFC_0052003344,00505684390C1FE097B3BEB46AAF6832
CMM_MTM_SLS,083,CMM_VLOGP_BGRFC_0052003346,00505684390C1FE097B3BFBCF52A4832
CMM_MTM_SLS,083,CMM_VLOGP_BGRFC_0052003347,00505684390C1FE097B52276B9C0A832
CMM_MTM_SLS,083,CMM_VLOGP_BGRFC_0052003348,00505684390C1FE097B3BFF884C8E832
CMM_MTM_SLS,083,CMM_VLOGP_BGRFC_0052003349,00505684390C1FE097B3C046BDCE0832
CMM_MTM_SLS,083,CMM_VLOGP_BGRFC_0052003350,00505684390C1FE0A690D0FF535F2851
CMM_MTM_SLS,083,CMM_VLOGP_BGRFC_0052003351,00505684390C1FE0A690D12043C6C851
CMM_MTM_SLS,083,CMM_VLOGP_BGRFC_0052003352,00505684390C1FE0A690D164C89EC851
CMM_MTM_SLS,083,CMM_VLOGP_BGRFC_0052003353,00505684390C1FE0A690D183804D4851
CMM_MTM_SLS,083,CMM_VLOGP_BGRFC_0052003354,00505684390C1FE097B52310ECBD2832
CMM_MTM_SLS,083,CMM_VLOGP_BGRFC_0052003355,00505684390C1FE1908C80FDBB20A896
CMM_MTM_SLS,083,CMM_VLOGP_BGRFC_0052003356,00505684390C1FE1908C89B753EA0896
CMM_MTM_SLS,083,CMM_VLOGP_BGRFC_0052003357,00505684390C1FE1908C9326A8412896
CMM_MTM_SLS,083,CMM_VLOGP_BGRFC_0052003359,00505684390C1FE1908C9364C11FC896
CMM_MTM_SLS,083,CMM_VLOGP_BGRFC_0052003360,00505684390C1FE181FE676CDF7F4889
CMM_MTM_SLS,083,CMM_VLOGP_BGRFC_0052003362,00505684390C1FE0A690D5CDAA02A851
CMM_MTM_SLS,083,CMM_VLOGP_BGRFC_0052003363,00505684390C1FE097B3B8E356876832
CMM_MTM_SLS,083,CMM_VLOGP_BGRFC_0052003364,00505684390C1FE0A690D6204CCA8851
CMM_MTM_SLS,083,CMM_VLOGP_BGRFC_0052003365,00505684390C1FE0A690D66BCF6CE851
CMM_MTM_SLS,083,CMM_VLOGP_BGRFC_0052003367,00505684390C1FE181FE68EA9A7A8889
CMM_MTM_SLS,083,CMM_VLOGP_BGRFC_0052003368,00505684390C1FE0A690D9282DCF8851
CMM_MTM_SLS,083,CMM_VLOGP_BGRFC_0052003369,00505684390C1FE0A690D97B70F64851
CMM_MTM_SLS,083,CMM_VLOGP_BGRFC_0052003370,00505684390C1FE0A690D9C046628851
CMM_MTM_SLS,083,CMM_VLOGP_BGRFC_0052003372,00505684390C1FE1908C813D004FC896
CMM_MTM_SLS,083,CMM_VLOGP_BGRFC_0052003373,00505684390C1FE1908C8BA73A1DC896
CMM_MTM_SLS,083,CMM_VLOGP_BGRFC_0052003374,00505684390C1FE1908C93C7EDBC6896
CMM_MTM_SLS,083,CMM_VLOGP_BGRFC_0052003375,00505684390C1FE0A690DB221781C851
CMM_MTM_SLS,083,CMM_VLOGP_BGRFC_0052003376,00505684390C1FE0A690DB692B796851
CMM_MTM_SLS,083,CMM_VLOGP_BGRFC_0052003378,00505684390C1FE0A690DBD31A5A8851
CMM_MTM_SLS,083,CMM_VLOGP_BGRFC_0052003379,00505684390C1FE0A690DC23E3A00851
CMM_MTM_SLS,083,CMM_VLOGP_BGRFC_0052003380,00505684390C1FE181FE6B4D4FADC889
CMM_MTM_SLS,083,CMM_VLOGP_BGRFC_0052003381,00505684390C1FE097B3C32DF58A4832
CMM_MTM_SLS,083,CMM_VLOGP_BGRFC_0052003382,00505684390C1FE0A690DE5008924851
CMM_MTM_SLS,083,CMM_VLOGP_BGRFC_0052003384,00505684390C1FE0A690DEBB87076851
CMM_MTM_SLS,083,CMM_VLOGP_BGRFC_0052003385,00505684390C1FE0A690DEF0E4250851
CMM_MTM_SLS,083,CMM_VLOGP_BGRFC_0052003386,00505684390C1FE0A690DF255278C851
CMM_MTM_SLS,083,CMM_VLOGP_BGRFC_0052003387,00505684390C1FE0A690DF704E8A6851
CMM_MTM_SLS,083,CMM_VLOGP_BGRFC_0052003388,00505684390C1FE0A690DFA4F4C18851
CMM_MTM_SLS,083,CMM_VLOGP_BGRFC_0052003389,00505684390C1FE097B3B96B3EFD2832
CMM_MTM_SLS,083,CMM_VLOGP_BGRFC_0052003390,00505684390C1FE0A690DFF3E50B0851
CMM_MTM_SLS,083,CMM_VLOGP_BGRFC_0052003393,00505684390C1FE0A6C01B42337D8852
CMM_MTM_SLS,083,CMM_VLOGP_BGRFC_0052003395,00505684390C1FE0A690E11CE6998851
CMM_MTM_SLS,083,CMM_VLOGP_BGRFC_0052003396,00505684390C1FE0A690E13872B28851
CMM_MTM_SLS,083,CMM_VLOGP_BGRFC_0052003397,00505684390C1FE0A690E184545F0851
CMM_MTM_SLS,083,CMM_VLOGP_BGRFC_0052003398,00505684390C1FE0A690E1B0606E4851
CMM_MTM_SLS,083,CMM_VLOGP_BGRFC_0052003399,00505684390C1FE1908C8D9136406896
CMM_MTM_SLS,083,CMM_VLOGP_BGRFC_0052003400,00505684390C1FE1908C81BFED3A2896
CMM_MTM_SLS,083,CMM_VLOGP_BGRFC_0052003401,00505684390C1FE0A690E2D851A66851
CMM_MTM_SLS,083,CMM_VLOGP_BGRFC_0052003402,00505684390C1FE0A690E30C6F554851
CMM_MTM_SLS,083,CMM_VLOGP_BGRFC_0052003403,00505684390C1FE097B3BAD590392832
CMM_MTM_SLS,083,CMM_VLOGP_BGRFC_0052003404,00505684390C1FE0A690E368CA0B8851
CMM_MTM_SLS,083,CMM_VLOGP_BGRFC_0052003405,00505684390C1FE181FE6FB1BD306889
CMM_MTM_SLS,083,CMM_VLOGP_BGRFC_0052003410,00505684390C1FE097B529842D680832
CMM_MTM_SLS,083,CMM_VLOGP_BGRFC_0052003411,00505684390C1FE097B4AC172B22C832
CMM_MTM_SLS,083,CMM_VLOGP_BGRFC_0052003414,00505684390C1FE1908C8E06D4720896
CMM_MTM_SLS,083,CMM_VLOGP_BGRFC_0052003415,00505684390C1FE097B52A38671A6832
CMM_MTM_SLS,083,CMM_VLOGP_BGRFC_0052003417,00505684390C1FE09A8C34DE06C96832
CMM_MTM_SLS,083,CMM_VLOGP_BGRFC_0052003418,00505684390C1FE0A690E9A9FA9C2851
CMM_MTM_SLS,083,CMM_VLOGP_BGRFC_0052003421,00505684390C1FE0A690EA5F03E18851
CMM_MTM_SLS,083,CMM_VLOGP_BGRFC_0052003422,00505684390C1FE181FE716863B64889
CMM_MTM_SLS,083,CMM_VLOGP_BGRFC_0052003423,00505684390C1FE1908C8EDB35354896
CMM_MTM_SLS,083,CMM_VLOGP_BGRFC_0052003424,00505684390C1FE097B3D39E4E75C832
CMM_MTM_SLS,083,CMM_VLOGP_BGRFC_0052003425,00505684390C1FE093868599EE6C6832
CMM_MTM_SLS,083,CMM_VLOGP_BGRFC_0052003427,00505684390C1FE1908C8F3412C3C896
CMM_MTM_SLS,083,CMM_VLOGP_BGRFC_0052003428,00505684390C1FE1908C989DB6F8C896
CMM_MTM_SLS,083,CMM_VLOGP_BGRFC_0052003433,00505684390C1FE1908CDF8FC836E896
CMM_MTM_SLS,083,CMM_VLOGP_BGRFC_0052003434,00505684390C1FE0A690F0EDFFADE851
CMM_MTM_SLS,083,CMM_VLOGP_BGRFC_0052003435,00505684390C1FE1908C8FDA662D0896
CMM_MTM_SLS,083,CMM_VLOGP_BGRFC_0052003436,00505684390C1FE0A690F14E3E014851
CMM_MTM_SLS,083,CMM_VLOGP_BGRFC_0052003440,00505684390C1FE097B52C50507E0832
CMM_MTM_SLS,083,CMM_VLOGP_BGRFC_0052003442,00505684390C1FE0A690F25FF2400851
CMM_MTM_SLS,083,CMM_VLOGP_BGRFC_0052003443,00505684390C1FE0A690F29559B44851
CMM_MTM_SLS,083,CMM_VLOGP_BGRFC_0052003444,00505684390C1FE0A690F2DFA8198851
CMM_MTM_SLS,083,CMM_VLOGP_BGRFC_0052003446,00505684390C1FE181FE7641EC722889
CMM_MTM_SLS,083,CMM_VLOGP_BGRFC_0052003447,00505684390C1FE0A690F3979B966851
CMM_MTM_SLS,083,CMM_VLOGP_BGRFC_0052003448,00505684390C1FE0A690F3D870F58851
CMM_MTM_SLS,083,CMM_VLOGP_BGRFC_0052003449,00505684390C1FE0A690F3FFE1834851
CMM_MTM_SLS,083,CMM_VLOGP_BGRFC_0052003450,00505684390C1FE097B3D791F2134832
CMM_MTM_SLS,083,CMM_VLOGP_BGRFC_0052003453,00505684390C1FE181FE77BF74D14889
CMM_MTM_SLS,083,CMM_VLOGP_BGRFC_0052003456,00505684390C1FE0A690F69DB4CE6851
CMM_MTM_SLS,083,CMM_VLOGP_BGRFC_0052003457,00505684390C1FE0A690F6FA23B5A851
CMM_MTM_SLS,083,CMM_VLOGP_BGRFC_0052003459,00505684390C1FE0A690F75BAEA66851
CMM_MTM_SLS,083,CMM_VLOGP_BGRFC_0052003460,00505684390C1FE0A690F79E4CDCC851
CMM_MTM_SLS,083,CMM_VLOGP_BGRFC_0052003461,00505684390C1FE0A690F7D35CA9C851
CMM_MTM_SLS,083,CMM_VLOGP_BGRFC_0052003462,00505684390C1FE0A690F814AD8C0851
CMM_MTM_SLS,083,CMM_VLOGP_BGRFC_0052003463,00505684390C1FE1908C821E4C656896
CMM_MTM_SLS,083,CMM_VLOGP_BGRFC_0052003464,00505684390C1FE0A690F8C3FD398851
CMM_MTM_SLS,083,CMM_VLOGP_BGRFC_0052003465,00505684390C1FE097B5327B3BF56832
CMM_MTM_SLS,083,CMM_VLOGP_BGRFC_0052003466,00505684390C1FE097B5328FC6744832
CMM_MTM_SLS,083,CMM_VLOGP_BGRFC_0052003467,00505684390C1FE097B532E0C005A832
CMM_MTM_SLS,083,CMM_VLOGP_BGRFC_0052003475,00505684390C1FE097B3CB8E51DE4832
CMM_MTM_SLS,083,CMM_VLOGP_BGRFC_0052003476,00505684390C1FE097B3D8C6EC9DA832
CMM_MTM_SLS,083,CMM_VLOGP_BGRFC_0052003477,00505684390C1FE097B51391DA732832
CMM_MTM_SLS,083,CMM_VLOGP_BGRFC_0052003486,00505684390C1FE190A5B7238201A896
CMM_MTM_SLS,083,CMM_VLOGP_BGRFC_0052003487,00505684390C1FE1908C9E290CAD6896
CMM_MTM_SLS,083,CMM_VLOGP_BGRFC_0052003488,00505684390C1FE190A5B74F99436896
CMM_MTM_SLS,083,CMM_VLOGP_BGRFC_0052003489,00505684390C1FE181FE7DD9235D0889
CMM_MTM_SLS,083,CMM_VLOGP_BGRFC_0052003491,00505684390C1FE1908CDFF769836896
CMM_MTM_SLS,083,CMM_VLOGP_BGRFC_0052003492,00505684390C1FE181FE7E59FFC96889
CMM_MTM_SLS,083,CMM_VLOGP_BGRFC_0052003493,00505684390C1FE0A690FEDEFF67E851
CMM_MTM_SLS,083,CMM_VLOGP_BGRFC_0052003495,00505684390C1FE097B417BC11E9A832
CMM_MTM_SLS,083,CMM_VLOGP_BGRFC_0052003496,00505684390C1FE0A690FFDAE198A851
CMM_MTM_SLS,083,CMM_VLOGP_BGRFC_0052003497,00505684390C1FE1908CE051A6D14896
CMM_MTM_SLS,083,CMM_VLOGP_BGRFC_0052003498,00505684390C1FE097B3CCC806802832
CMM_MTM_SLS,083,CMM_VLOGP_BGRFC_0052003499,00505684390C1FE1938697B81A656899
CMM_MTM_SLS,083,CMM_VLOGP_BGRFC_0052003500,00505684390C1FE1908C91D89CC52896
CMM_MTM_SLS,083,CMM_VLOGP_BGRFC_0052003503,00505684390C1FE1908C91F8503F6896
CMM_MTM_SLS,083,CMM_VLOGP_BGRFC_0052003504,00505684390C1FE095FE76B77CAD6832
CMM_MTM_SLS,083,CMM_VLOGP_BGRFC_0052003511,00505684390C1FE181FE810DD3D9E889
CMM_MTM_SLS,083,CMM_VLOGP_BGRFC_0052003516,00505684390C1FE0A6910453F4F2A851
CMM_MTM_SLS,083,CMM_VLOGP_BGRFC_0052003517,00505684390C1FE0A691047801CF0851
CMM_MTM_SLS,083,CMM_VLOGP_BGRFC_0052003518,00505684390C1FE0A69104C2A2074851
CMM_MTM_SLS,083,CMM_VLOGP_BGRFC_0052003524,00505684390C1FE09A93E46CA97C4832
CMM_MTM_SLS,083,CMM_VLOGP_BGRFC_0052003526,00505684390C1FE09BC433948100A832
CMM_MTM_SLS,083,CMM_VLOGP_BGRFC_0052003531,00505684390C1FE0A69109275DC06851
CMM_MTM_SLS,083,CMM_VLOGP_BGRFC_0052003533,00505684390C1FE0A69109EB06854851
CMM_MTM_SLS,083,CMM_VLOGP_BGRFC_0052003542,00505684390C1FE09E8BB579ABDFA834
CMM_MTM_SLS,083,CMM_VLOGP_BGRFC_0052003543,00505684390C1FE09A81AB5B63E28832
CMM_MTM_SLS,083,CMM_VLOGP_BGRFC_0052003544,00505684390C1FE09AA996DD9C5AE832
CMM_MTM_SLS,083,CMM_VLOGP_BGRFC_0052003545,00505684390C1FE09A92B995381F2832
CMM_MTM_SLS,083,CMM_VLOGP_BGRFC_0052003546,00505684390C1FE1908C9593F11BA896
CMM_MTM_SLS,083,CMM_VLOGP_BGRFC_0052003547,00505684390C1FE09A97AA8A0E32E832
CMM_MTM_SLS,083,CMM_VLOGP_BGRFC_0052003550,00505684390C1FE0A7EBFAC3E994E856
CMM_MTM_SLS,083,CMM_VLOGP_BGRFC_0052003551,00505684390C1FE0A6910E001674A851
CMM_MTM_SLS,083,CMM_VLOGP_BGRFC_0052003552,00505684390C1FE0A7EBFB339ECCC856
CMM_MTM_SLS,083,CMM_VLOGP_BGRFC_0052003553,00505684390C1FE0A6910EAB7CCB2851
CMM_MTM_SLS,083,CMM_VLOGP_BGRFC_0052003554,00505684390C1FE1908C95F1D414A896
CMM_MTM_SLS,083,CMM_VLOGP_BGRFC_0052003555,00505684390C1FE18DE148D75D4EE896
CMM_MTM_SLS,083,CMM_VLOGP_BGRFC_0052003558,00505684390C1FE1908C961A134CE896
CMM_MTM_SLS,083,CMM_VLOGP_BGRFC_0052003560,00505684390C1FE0A69110AEF82A0851
CMM_MTM_SLS,083,CMM_VLOGP_BGRFC_0052003561,00505684390C1FE190A5BC49D0DE8896
CMM_MTM_SLS,083,CMM_VLOGP_BGRFC_0052003563,00505684390C1FE1908C96F5899AE896
CMM_MTM_SLS,083,CMM_VLOGP_BGRFC_0052003564,00505684390C1FE1908C97114AFFA896
CMM_MTM_SLS,083,CMM_VLOGP_BGRFC_0052003567,00505684390C1FE1908C97576B80A896
CMM_MTM_SLS,083,CMM_VLOGP_BGRFC_0052003568,00505684390C1FE0A6911322B36C0851
CMM_MTM_SLS,083,CMM_VLOGP_BGRFC_0052003570,00505684390C1FE0A6C0B20799430852
CMM_MTM_SLS,083,CMM_VLOGP_BGRFC_0052003571,00505684390C1FE09BC42285BEDDA832
CMM_MTM_SLS,083,CMM_VLOGP_BGRFC_0052003574,00505684390C1FE09BDC416B2AD20832
CMM_MTM_SLS,083,CMM_VLOGP_BGRFC_0052003575,00505684390C1FE1908CE23B0C3EA896
CMM_MTM_SLS,083,CMM_VLOGP_BGRFC_0052003577,00505684390C1FE18DE1490265C18896
CMM_MTM_SLS,083,CMM_VLOGP_BGRFC_0052003578,00505684390C1FE18DE14923F7ADA896
CMM_MTM_SLS,083,CMM_VLOGP_BGRFC_0052003580,00505684390C1FE0A69118559EDE6851
CMM_MTM_SLS,083,CMM_VLOGP_BGRFC_0052003581,00505684390C1FE1908C98C5272FE896
CMM_MTM_SLS,083,CMM_VLOGP_BGRFC_0052003586,00505684390C1FE0A6911AE4415BC851
CMM_MTM_SLS,083,CMM_VLOGP_BGRFC_0052003588,00505684390C1FE0A7EBFBA88E2F8856
CMM_MTM_SLS,083,CMM_VLOGP_BGRFC_0052003593,00505684390C1FE1908CA646B81B6896
CMM_MTM_SLS,083,CMM_VLOGP_BGRFC_0052003595,00505684390C1FE0A6911CAC94CA8851
CMM_MTM_SLS,083,CMM_VLOGP_BGRFC_0052003596,00505684390C1FE0A6911CFA45490851
CMM_MTM_SLS,083,CMM_VLOGP_BGRFC_0052003599,00505684390C1FE0A6911EBDFC242851
CMM_MTM_SLS,083,CMM_VLOGP_BGRFC_0052003600,00505684390C1FE0A7EBFC1CD4676856
CMM_MTM_SLS,083,CMM_VLOGP_BGRFC_0052003602,00505684390C1FE0A6C0C6F102C7E852
CMM_MTM_SLS,083,CMM_VLOGP_BGRFC_0052003604,00505684390C1FE09F83B1D7133D2842
CMM_MTM_SLS,083,CMM_VLOGP_BGRFC_0052003605,00505684390C1FE09F834A5CF8E9A83B
CMM_MTM_SLS,083,CMM_VLOGP_BGRFC_0052003606,00505684390C1FE09F860C8779818844
CMM_MTM_SLS,083,CMM_VLOGP_BGRFC_0052003607,00505684390C1FE0A691221D72090851
CMM_MTM_SLS,083,CMM_VLOGP_BGRFC_0052003611,00505684390C1FE0A1C5E04C30152849
CMM_MTM_SLS,083,CMM_VLOGP_BGRFC_0052003612,00505684390C1FE09FE9BAFDE9176849
CMM_MTM_SLS,083,CMM_VLOGP_BGRFC_0052003613,00505684390C1FE1908CE4B014E2A896
CMM_MTM_SLS,083,CMM_VLOGP_BGRFC_0052003615,00505684390C1FE0A3B4B14DC986A849
CMM_MTM_SLS,083,CMM_VLOGP_BGRFC_0052003617,00505684390C1FE181FE834CD40B8889
CMM_MTM_SLS,083,CMM_VLOGP_BGRFC_0052003618,00505684390C1FE181FE83737E14C889
CMM_MTM_SLS,083,CMM_VLOGP_BGRFC_0052003619,00505684390C1FE09FA4E3E900E06846
CMM_MTM_SLS,083,CMM_VLOGP_BGRFC_0052003620,00505684390C1FE09FB3F7E4CECEE846
CMM_MTM_SLS,083,CMM_VLOGP_BGRFC_0052003621,00505684390C1FE1908CA9B03CCD6896
CMM_MTM_SLS,083,CMM_VLOGP_BGRFC_0052003624,00505684390C1FE09FC8E625E7C1A849
CMM_MTM_SLS,083,CMM_VLOGP_BGRFC_0052003626,00505684390C1FE09FCA3B7D641DA849
CMM_MTM_SLS,083,CMM_VLOGP_BGRFC_0052003627,00505684390C1FE09FD14EE76E2DC849
CMM_MTM_SLS,083,CMM_VLOGP_BGRFC_0052003628,00505684390C1FE0A7EBFC8C81FA2856
CMM_MTM_SLS,083,CMM_VLOGP_BGRFC_0052003633,00505684390C1FE0A6912C2CF0A28851
CMM_MTM_SLS,083,CMM_VLOGP_BGRFC_0052003637,00505684390C1FE0A6912E1D09A7C851
CMM_MTM_SLS,083,CMM_VLOGP_BGRFC_0052003639,00505684390C1FE1908C9D2994D5A896
CMM_MTM_SLS,083,CMM_VLOGP_BGRFC_0052003641,00505684390C1FE1908C9D8B1B6EE896
CMM_MTM_SLS,083,CMM_VLOGP_BGRFC_0052003642,00505684390C1FE0A69131C386D38851
CMM_MTM_SLS,083,CMM_VLOGP_BGRFC_0052003649,00505684390C1FE1908CAD8D5C86E896
CMM_MTM_SLS,083,CMM_VLOGP_BGRFC_0052003650,00505684390C1FE1908CADB611E7C896
CMM_MTM_SLS,083,CMM_VLOGP_BGRFC_0052003651,00505684390C1FE0A1C51A1CE9340849
CMM_MTM_SLS,083,CMM_VLOGP_BGRFC_0052003652,00505684390C1FE0A1C530FD583F0849
CMM_MTM_SLS,083,CMM_VLOGP_BGRFC_0052003653,00505684390C1FE0A1C5B4A3532D0849
CMM_MTM_SLS,083,CMM_VLOGP_BGRFC_0052003655,00505684390C1FE0A1E649048F868849
CMM_MTM_SLS,083,CMM_VLOGP_BGRFC_0052003656,00505684390C1FE0AEB8F1AE08AB8878
CMM_MTM_SLS,083,CMM_VLOGP_BGRFC_0052003657,00505684390C1FE0A6913B3BDC8F2851
CMM_MTM_SLS,083,CMM_VLOGP_BGRFC_0052003658,00505684390C1FE0AEB8F27E5F892878
CMM_MTM_SLS,083,CMM_VLOGP_BGRFC_0052003659,00505684390C1FE0A6913BAED8074851
CMM_MTM_SLS,083,CMM_VLOGP_BGRFC_0052003660,00505684390C1FE0A7EBFA9BD454A856
CMM_MTM_SLS,083,CMM_VLOGP_BGRFC_0052003669,00505684390C1FE0A39344ECC100E849
CMM_MTM_SLS,083,CMM_VLOGP_BGRFC_0052003672,00505684390C1FE0A6913E7FF2B22851
CMM_MTM_SLS,083,CMM_VLOGP_BGRFC_0052003673,00505684390C1FE188D9D2BD2C65E891
CMM_MTM_SLS,083,CMM_VLOGP_BGRFC_0052003674,00505684390C1FE1908CEBED5733C896
CMM_MTM_SLS,083,CMM_VLOGP_BGRFC_0052003675,00505684390C1FE1908CEC18869AE896
CMM_MTM_SLS,083,CMM_VLOGP_BGRFC_0052003676,00505684390C1FE0A4C20CBD5FE1E851
CMM_MTM_SLS,083,CMM_VLOGP_BGRFC_0052003677,00505684390C1FE1908C9DD554248896
CMM_MTM_SLS,083,CMM_VLOGP_BGRFC_0052003678,00505684390C1FE1908C9DFBCF280896
CMM_MTM_SLS,083,CMM_VLOGP_BGRFC_0052003679,00505684390C1FE0A4C2BEC607228851
CMM_MTM_SLS,083,CMM_VLOGP_BGRFC_0052003680,00505684390C1FE1908C9E2FCF806896
CMM_MTM_SLS,083,CMM_VLOGP_BGRFC_0052003681,00505684390C1FE1908C9E4A851E0896
CMM_MTM_SLS,083,CMM_VLOGP_BGRFC_0052003683,00505684390C1FE0A6914211B1482851
CMM_MTM_SLS,083,CMM_VLOGP_BGRFC_0052003684,00505684390C1FE1908CEC52B86BA896
CMM_MTM_SLS,083,CMM_VLOGP_BGRFC_0052003688,00505684390C1FE0A58CEC7C8F436851
CMM_MTM_SLS,083,CMM_VLOGP_BGRFC_0052003690,00505684390C1FE0A691443D3E1CA851
CMM_MTM_SLS,083,CMM_VLOGP_BGRFC_0052003692,00505684390C1FE0A5FEA97605D46851
CMM_MTM_SLS,083,CMM_VLOGP_BGRFC_0052003695,00505684390C1FE0A681E52ED3486851
CMM_MTM_SLS,083,CMM_VLOGP_BGRFC_0052003697,00505684390C1FE0A6835A5D09212851
CMM_MTM_SLS,083,CMM_VLOGP_BGRFC_0052003703,00505684390C1FE181FE8BA3D65C0889
CMM_MTM_SLS,083,CMM_VLOGP_BGRFC_0052003716,00505684390C1FE1908CECFF07A1A896
CMM_MTM_SLS,083,CMM_VLOGP_BGRFC_0052003717,00505684390C1FE0ACE47CB2E9828865
CMM_MTM_SLS,083,CMM_VLOGP_BGRFC_0052003718,00505684390C1FE0ABE01DE142DC6865
CMM_MTM_SLS,083,CMM_VLOGP_BGRFC_0052003719,00505684390C1FE0ABB65BA147252865
CMM_MTM_SLS,083,CMM_VLOGP_BGRFC_0052003721,00505684390C1FE0AAB55DD213C2C865
CMM_MTM_SLS,083,CMM_VLOGP_BGRFC_0052003722,00505684390C1FE0AAC026420B608865
CMM_MTM_SLS,083,CMM_VLOGP_BGRFC_0052003726,00505684390C1FE0AC8156450B092865
CMM_MTM_SLS,083,CMM_VLOGP_BGRFC_0052003728,00505684390C1FE0AC894146150AA865
CMM_MTM_SLS,083,CMM_VLOGP_BGRFC_0052003731,00505684390C1FE1869726AF6965088F
CMM_MTM_SLS,083,CMM_VLOGP_BGRFC_0052003741,00505684390C1FE0AEAE113E5E3DA876
CMM_MTM_SLS,083,CMM_VLOGP_BGRFC_0052003746,00505684390C1FE0AFE6FF34E5A92879
CMM_MTM_SLS,083,CMM_VLOGP_BGRFC_0052003747,00505684390C1FE18DE14A67B4554896
CMM_MTM_SLS,083,CMM_VLOGP_BGRFC_0052003748,00505684390C1FE0AEDC2181FF014879
CMM_MTM_SLS,083,CMM_VLOGP_BGRFC_0052003752,00505684390C1FE18DE14A8E7F526896
CMM_MTM_SLS,083,CMM_VLOGP_BGRFC_0052003753,00505684390C1FE0AEE27DAE50708879
CMM_MTM_SLS,083,CMM_VLOGP_BGRFC_0052003754,00505684390C1FE18DE14AD88A46E896
CMM_MTM_SLS,083,CMM_VLOGP_BGRFC_0052003755,00505684390C1FE18DE14AD88A514896
CMM_MTM_SLS,083,CMM_VLOGP_BGRFC_0052003756,00505684390C1FE18DE14B00BF544896
CMM_MTM_SLS,083,CMM_VLOGP_BGRFC_0052003757,00505684390C1FE18DE14B24BA14A896
CMM_MTM_SLS,083,CMM_VLOGP_BGRFC_0052003758,00505684390C1FE0AEFD9BAEA0BCA879
CMM_MTM_SLS,083,CMM_VLOGP_BGRFC_0052003759,00505684390C1FE0AF989AC4952D6879
CMM_MTM_SLS,083,CMM_VLOGP_BGRFC_0052003760,00505684390C1FE0AF98D4AD048AA879
CMM_MTM_SLS,083,CMM_VLOGP_BGRFC_0052003761,00505684390C1FE181FE8F277D2EE889
CMM_MTM_SLS,083,CMM_VLOGP_BGRFC_0052003764,00505684390C1FE181FE8F97F16FE889
CMM_MTM_SLS,083,CMM_VLOGP_BGRFC_0052003768,00505684390C1FE18DE14B7267F92896
CMM_MTM_SLS,083,CMM_VLOGP_BGRFC_0052003769,00505684390C1FE1908CA5829C176896
CMM_MTM_SLS,083,CMM_VLOGP_BGRFC_0052003770,00505684390C1FE1869727A9AB4CC88F
CMM_MTM_SLS,083,CMM_VLOGP_BGRFC_0052003771,00505684390C1FE0B5EB629C2E3B487B
CMM_MTM_SLS,083,CMM_VLOGP_BGRFC_0052003772,00505684390C1FE0B3F4E16FD63B887A
CMM_MTM_SLS,083,CMM_VLOGP_BGRFC_0052003781,00505684390C1FE0BDCAACAC82E2A887
CMM_MTM_SLS,083,CMM_VLOGP_BGRFC_0052003786,00505684390C1FE0B8C72C6AD159687E
CMM_MTM_SLS,083,CMM_VLOGP_BGRFC_0052003787,00505684390C1FE0B1C1A6CE9A7B687A
CMM_MTM_SLS,083,CMM_VLOGP_BGRFC_0052003788,00505684390C1FE1869728071DC6288F
CMM_MTM_SLS,083,CMM_VLOGP_BGRFC_0052003789,00505684390C1FE1869728071DD1288F
CMM_MTM_SLS,083,CMM_VLOGP_BGRFC_0052003793,00505684390C1FE0B2BAC2731D54687A
CMM_MTM_SLS,083,CMM_VLOGP_BGRFC_0052003794,00505684390C1FE186972854672BE88F
CMM_MTM_SLS,083,CMM_VLOGP_BGRFC_0052003795,00505684390C1FE18697287945CFC88F
CMM_MTM_SLS,083,CMM_VLOGP_BGRFC_0052003799,00505684390C1FE0B2EC8CA2F81CA87A
CMM_MTM_SLS,083,CMM_VLOGP_BGRFC_0052003800,00505684390C1FE1869728C3AC72E88F
CMM_MTM_SLS,083,CMM_VLOGP_BGRFC_0052003801,00505684390C1FE1908CAB8388556896
CMM_MTM_SLS,083,CMM_VLOGP_BGRFC_0052003802,00505684390C1FE0B3898C15BE08487A
CMM_MTM_SLS,083,CMM_VLOGP_BGRFC_0052003803,00505684390C1FE0B389CA8584E3687A
CMM_MTM_SLS,083,CMM_VLOGP_BGRFC_0052003805,00505684390C1FE0B3DA1043C929C87A
CMM_MTM_SLS,083,CMM_VLOGP_BGRFC_0052003807,00505684390C1FE1869728D83D2A688F
CMM_MTM_SLS,083,CMM_VLOGP_BGRFC_0052003808,00505684390C1FE0B3F26BFA267D087A
CMM_MTM_SLS,083,CMM_VLOGP_BGRFC_0052003809,00505684390C1FE0B3F4C7D5FCE9087A
CMM_MTM_SLS,083,CMM_VLOGP_BGRFC_0052003810,00505684390C1FE0B3F4D271E2E0487A
CMM_MTM_SLS,083,CMM_VLOGP_BGRFC_0052003811,00505684390C1FE0B3F4EC0D1C9EC87A
CMM_MTM_SLS,083,CMM_VLOGP_BGRFC_0052003812,00505684390C1FE0B3F5940617D9C87A
CMM_MTM_SLS,083,CMM_VLOGP_BGRFC_0052003813,00505684390C1FE0B3F5A7D53B8F487A
CMM_MTM_SLS,083,CMM_VLOGP_BGRFC_0052003814,00505684390C1FE0B3F5B79784A8C87A
CMM_MTM_SLS,083,CMM_VLOGP_BGRFC_0052003815,00505684390C1FE0B3F5C6A23658A87A
CMM_MTM_SLS,083,CMM_VLOGP_BGRFC_0052003820,00505684390C1FE0B49D94B7BB89E87B
CMM_MTM_SLS,083,CMM_VLOGP_BGRFC_0052003821,00505684390C1FE0B4869AB58FCCE87B
CMM_MTM_SLS,083,CMM_VLOGP_BGRFC_0052003825,00505684390C1FE0B4888A9FA49E487B
CMM_MTM_SLS,083,CMM_VLOGP_BGRFC_0052003835,00505684390C1FE0B4A2847C33A0287B
CMM_MTM_SLS,083,CMM_VLOGP_BGRFC_0052003836,00505684390C1FE0B4A4952DD3E3C87B
CMM_MTM_SLS,083,CMM_VLOGP_BGRFC_0052003837,00505684390C1FE181FE95654D310889
CMM_MTM_SLS,083,CMM_VLOGP_BGRFC_0052003844,00505684390C1FE1869729AA6584C88F
CMM_MTM_SLS,083,CMM_VLOGP_BGRFC_0052003848,00505684390C1FE0B5EB123DEF92A87B
CMM_MTM_SLS,083,CMM_VLOGP_BGRFC_0052003849,00505684390C1FE0B5EB77396B30487B
CMM_MTM_SLS,083,CMM_VLOGP_BGRFC_0052003850,00505684390C1FE0B5EBA21B9A95C87B
CMM_MTM_SLS,083,CMM_VLOGP_BGRFC_0052003861,00505684390C1FE0B7846AD0D2D6687B
CMM_MTM_SLS,083,CMM_VLOGP_BGRFC_0052003862,00505684390C1FE0B7A58E1B6596C87B
CMM_MTM_SLS,083,CMM_VLOGP_BGRFC_0052003865,00505684390C1FE0B88007369395687B
CMM_MTM_SLS,083,CMM_VLOGP_BGRFC_0052003866,00505684390C1FE186972AB13E61488F
CMM_MTM_SLS,083,CMM_VLOGP_BGRFC_0052003867,00505684390C1FE0B8B17DE9AF63A87C
CMM_MTM_SLS,083,CMM_VLOGP_BGRFC_0052003868,00505684390C1FE186972BC7F768A88F
CMM_MTM_SLS,083,CMM_VLOGP_BGRFC_0052003877,00505684390C1FE0BAE759BF289B8880
CMM_MTM_SLS,083,CMM_VLOGP_BGRFC_0052003878,00505684390C1FE0BAE85CC1F8A1E880
CMM_MTM_SLS,083,CMM_VLOGP_BGRFC_0052003880,00505684390C1FE0BB9A5629B4CDA881
CMM_MTM_SLS,083,CMM_VLOGP_BGRFC_0052003892,00505684390C1FE0BBF32D6E8DC04881
CMM_MTM_SLS,083,CMM_VLOGP_BGRFC_0052003894,00505684390C1FE0BC8B1E5A9FDD2881
CMM_MTM_SLS,083,CMM_VLOGP_BGRFC_0052003895,00505684390C1FE0BC8B4B228FF22881
CMM_MTM_SLS,083,CMM_VLOGP_BGRFC_0052003896,00505684390C1FE0BC8EBAEB1D008881
CMM_MTM_SLS,083,CMM_VLOGP_BGRFC_0052003898,00505684390C1FE0BC90F4918DB02881
CMM_MTM_SLS,083,CMM_VLOGP_BGRFC_0052003899,00505684390C1FE0BC910AEC787A0881
CMM_MTM_SLS,083,CMM_VLOGP_BGRFC_0052003900,00505684390C1FE0BC912669012FC881
CMM_MTM_SLS,083,CMM_VLOGP_BGRFC_0052003902,00505684390C1FE0BDF68D4ECDF36887
CMM_MTM_SLS,083,CMM_VLOGP_BGRFC_0052003903,00505684390C1FE18DE158B640958896
CMM_MTM_SLS,083,CMM_VLOGP_BGRFC_0052003904,00505684390C1FE0BED4C6C831DCE887
CMM_MTM_SLS,083,CMM_VLOGP_BGRFC_0052003905,00505684390C1FE0BED4E14F156C2887
CMM_MTM_SLS,083,CMM_VLOGP_BGRFC_0052003907,00505684390C1FE0BED755C3E41CE887
CMM_MTM_SLS,083,CMM_VLOGP_BGRFC_0052003910,00505684390C1FE186972E23CAA5E88F
CMM_MTM_SLS,083,CMM_VLOGP_BGRFC_0052003912,00505684390C1FE180AA327BD595C889
CMM_MTM_SLS,083,CMM_VLOGP_BGRFC_0052003916,00505684390C1FE181CED701A2FB2889
CMM_MTM_SLS,083,CMM_VLOGP_BGRFC_0052003922,00505684390C1FE18287A4633046A889
CMM_MTM_SLS,083,CMM_VLOGP_BGRFC_0052003926,00505684390C1FE182FACDF6E7EFC889
CMM_MTM_SLS,083,CMM_VLOGP_BGRFC_0052003928,00505684390C1FE183831DB85D590889
CMM_MTM_SLS,083,CMM_VLOGP_BGRFC_0052003929,00505684390C1FE18383272615D44889
CMM_MTM_SLS,083,CMM_VLOGP_BGRFC_0052003930,00505684390C1FE186973146B8E7288F
CMM_MTM_SLS,083,CMM_VLOGP_BGRFC_0052003931,00505684390C1FE186973194F2D0888F
CMM_MTM_SLS,083,CMM_VLOGP_BGRFC_0052003951,00505684390C1FE183C82CE275170889
CMM_MTM_SLS,083,CMM_VLOGP_BGRFC_0052003952,00505684390C1FE183C84423772F2889
CMM_MTM_SLS,083,CMM_VLOGP_BGRFC_0052003963,00505684390C1FE1908CBA12555B2896
CMM_MTM_SLS,083,CMM_VLOGP_BGRFC_0052003970,00505684390C1FE184E143C1B864288D
CMM_MTM_SLS,083,CMM_VLOGP_BGRFC_0052003971,00505684390C1FE1908C7E09123E6896
CMM_MTM_SLS,083,CMM_VLOGP_BGRFC_0052003972,00505684390C1FE1908CBA5EBE7A6896
CMM_MTM_SLS,083,CMM_VLOGP_BGRFC_0052003977,00505684390C1FE18BFCFF740D7BE895
CMM_MTM_SLS,083,CMM_VLOGP_BGRFC_0052003979,00505684390C1FE1908CBA88376AA896
CMM_MTM_SLS,083,CMM_VLOGP_BGRFC_0052003987,00505684390C1FE187A5C1E06FC6C88F
CMM_MTM_SLS,083,CMM_VLOGP_BGRFC_0052003989,00505684390C1FE187AD3695581DE88F
CMM_MTM_SLS,083,CMM_VLOGP_BGRFC_0052003995,00505684390C1FE18DE1562BF5614896
CMM_MTM_SLS,083,CMM_VLOGP_BGRFC_0052004004,00505684390C1FE18CE398AEEE556896
CMM_MTM_SLS,083,CMM_VLOGP_BGRFC_0052004005,00505684390C1FE188EC9A3D04142891
CMM_MTM_SLS,083,CMM_VLOGP_BGRFC_0052004006,00505684390C1FE188EEEDF3D49E6891
CMM_MTM_SLS,083,CMM_VLOGP_BGRFC_0052004009,00505684390C1FE188F2737543810891
CMM_MTM_SLS,083,CMM_VLOGP_BGRFC_0052004010,00505684390C1FE18DE1569FD1AA0896
CMM_MTM_SLS,083,CMM_VLOGP_BGRFC_0052004011,00505684390C1FE1899A0BBA50BC0891
CMM_MTM_SLS,083,CMM_VLOGP_BGRFC_0052004016,00505684390C1FE18DE156D73BFC4896
CMM_MTM_SLS,083,CMM_VLOGP_BGRFC_0052004017,00505684390C1FE18DE1571087F14896
CMM_MTM_SLS,083,CMM_VLOGP_BGRFC_0052004019,00505684390C1FE18BCD457B8EB92894
CMM_MTM_SLS,083,CMM_VLOGP_BGRFC_0052004021,00505684390C1FE18BE53C7CC3C16895
CMM_MTM_SLS,083,CMM_VLOGP_BGRFC_0052004023,00505684390C1FE18DE15853ECBA8896
CMM_MTM_SLS,083,CMM_VLOGP_BGRFC_0052004024,00505684390C1FE18DE15868947FC896
CMM_MTM_SLS,083,CMM_VLOGP_BGRFC_0052004025,00505684390C1FE18DE158A367B1A896
CMM_MTM_SLS,083,CMM_VLOGP_BGRFC_0052004028,00505684390C1FE18DE158ED78F46896
CMM_MTM_SLS,083,CMM_VLOGP_BGRFC_0052004029,00505684390C1FE18DE1591434852896
CMM_MTM_SLS,083,CMM_VLOGP_BGRFC_0052004030,00505684390C1FE18DE1593A340B2896
CMM_MTM_SLS,083,CMM_VLOGP_BGRFC_0052004031,00505684390C1FE18DE1595FE8418896
CMM_MTM_SLS,083,CMM_VLOGP_BGRFC_0052004032,00505684390C1FE18DE159996252E896
CMM_MTM_SLS,083,CMM_VLOGP_BGRFC_0052004033,00505684390C1FE18DE159BF66036896
CMM_MTM_SLS,083,CMM_VLOGP_BGRFC_0052004034,00505684390C1FE18DE15A0AE34D0896
CMM_MTM_SLS,083,CMM_VLOGP_BGRFC_0052004036,00505684390C1FE18DEA01DA08522896
CMM_MTM_SLS,083,CMM_VLOGP_BGRFC_0052004037,00505684390C1FE18DEB4EAA7C362896
CMM_MTM_SLS,083,CMM_VLOGP_BGRFC_0052004038,00505684390C1FE18DEBAF6D27F9E896
CMM_MTM_SLS,083,CMM_VLOGP_BGRFC_0052004048,00505684390C1FE18FDBEFF2059E4896
CMM_MTM_SLS,083,CMM_VLOGP_BGRFC_0052004052,00505684390C1FE18FF84A6C46FC4896
CMM_MTM_SLS,083,CMM_VLOGP_BGRFC_0052004060,00505684390C1FE190F5ADFB3CB14896
CMM_MTM_SLS,083,CMM_VLOGP_BGRFC_0052004061,00505684390C1FE190FC93D81EACA896
CMM_MTM_SLS,083,CMM_VLOGP_BGRFC_0052004069,00505684390C1FE191DCA47F19044899
CMM_MTM_SLS,083,CMM_VLOGP_BGRFC_0052004070,00505684390C1FE191DCB983732F6899
CMM_MTM_SLS,083,CMM_VLOGP_BGRFC_0052004079,00505684390C1FE192C1AF5BC07A4899
CMM_MTM_SLS,083,CMM_VLOGP_BGRFC_0052004082,00505684390C1FE192D432E424406899
CMM_MTM_SLS,083,CMM_VLOGP_BGRFC_0052004083,00505684390C1FE192D9317F51458899
CMM_MTM_SLS,083,CMM_VLOGP_BGRFC_0052004084,00505684390C1FE192D956492E16C899
CMM_MTM_SLS,083,CMM_VLOGP_BGRFC_0052004086,00505684390C1FE192F2357C2D614899
CMM_MTM_SLS,083,CMM_VLOGP_BGRFC_0052004087,00505684390C1FE192F297E910F58899
CMM_MTM_SLS,083,CMM_VLOGP_BGRFC_0052004088,00505684390C1FE192F2A77DF64C2899
CMM_MTM_SLS,083,CMM_VLOGP_BGRFC_0052004093,00505684390C1FE1938AAD1F3C61E899
CMM_MTM_SLS,083,CMM_VLOGP_BGRFC_0052004099,00505684390C1FE1938F5A5E9F332899
CMM_MTM_SLS,083,CMM_VLOGP_BGRFC_0052004106,00505684390C1FE193ADA83F45F14899
CMM_MTM_SLS,083,CMM_VLOGP_BGRFC_0052004108,00505684390C1FE193AFE8C83CDA4899
CMM_MTM_SLS,083,CMM_VLOGP_BGRFC_0052004113,00505684390C1FE194EB7261C3D66899
CMM_MTM_SLS,083,CMM_VLOGP_BGRFC_0052004116,00505684390C1FE193F0F92B550BC899
CMM_MTM_SLS,083,CMM_VLOGP_BGRFC_0055000085,00505684390C1FE092EB5BC271B46832
CMM_MTM_SLS,083,CMM_VLOGP_BGRFC_0055000096,00505684390C1FE0A1C6665CD7448849
CMM_MTM_SLS,083,CMM_VLOGP_BGRFC_0055000097,00505684390C1FE0A1C6664B67E24849
CMM_MTM_SLS,083,CMM_VLOGP_BGRFC_0055000098,00505684390C1FE0A1C6661EF6686849
CMM_MTM_SLS,083,CMM_VLOGP_BGRFC_0055000099,00505684390C1FE0A1C666C7F56D0849
CMM_MTM_SLS,083,CMM_VLOGP_BGRFC_0055000100,00505684390C1FE0A1C67EFA4AC30849
CMM_MTM_SLS,083,CMM_VLOGP_BGRFC_0055000101,00505684390C1FE0A1C67F242EFC4849
CMM_MTM_SLS,083,CMM_VLOGP_BGRFC_0055000102,00505684390C1FE0A1C68103DDCEC849
CMM_MTM_SLS,083,CMM_VLOGP_BGRFC_0055000103,00505684390C1FE0A1C6815E1AC68849
CMM_MTM_SLS,083,CMM_VLOGP_BGRFC_0055000104,00505684390C1FE1869747F427E9A88F
CMM_MTM_SLS,083,CMM_VLOGP_BGRFC_0055000105,00505684390C1FE1869720ACBC52488F
CMM_MTM_SLS,083,CMM_VLOGP_BGRFC_0058000006,00505684390C1FE097B54333C7238832
CMM_MTM_SLS,083,CMM_VLOGP_BGRFC_0058000014,00505684390C1FE0A6CB9B7803EC2853
CMM_MTM_SLS,083,CMM_VLOGP_BGRFC_0058000015,00505684390C1FE1908C7BD41766E896
CMM_MTM_SLS,083,CMM_VLOGP_BGRFC_0058000016,00505684390C1FE1908C7BED05EFA896
CMM_MTM_SLS,083,CMM_VLOGP_BGRFC_0058000017,00505684390C1FE0A6CB9C81E108A853
CMM_MTM_SLS,083,CMM_VLOGP_BGRFC_0058000018,00505684390C1FE0B6B86F3DA5E0487B
CMM_MTM_SLS,083,CMM_VLOGP_BGRFC_0058000021,00505684390C1FE0A6CB9CDE5EB40853
CMM_MTM_SLS,083,CMM_VLOGP_BGRFC_0058000022,00505684390C1FE097B3B82AFFFB4832
CMM_MTM_SLS,083,CMM_VLOGP_BGRFC_0058000023,00505684390C1FE18ACC680D40820894
CMM_MTM_SLS,083,CMM_VLOGP_BGRFC_0058000024,00505684390C1FE18ACC683495978894
CMM_MTM_SLS,083,CMM_VLOGP_BGRFC_0058000026,00505684390C1FE18AA2C31F9144C891
CMM_MTM_SLS,083,CMM_VLOGP_BGRFC_0058000027,00505684390C1FE097B3B87207634832
CMM_MTM_SLS,083,CMM_VLOGP_BGRFC_0058000032,00505684390C1FE097B3B8C60E18C832
CMM_MTM_SLS,083,CMM_VLOGP_BGRFC_0058000033,00505684390C1FE1908C7C06264FE896
CMM_MTM_SLS,083,CMM_VLOGP_BGRFC_0058000034,00505684390C1FE1908C7C157F52C896
CMM_MTM_SLS,083,CMM_VLOGP_BGRFC_0058000035,00505684390C1FE097B3B90A09FD6832
CMM_MTM_SLS,083,CMM_VLOGP_BGRFC_0058000036,00505684390C1FE097B3B9596ED32832
CMM_MTM_SLS,083,CMM_VLOGP_BGRFC_0058000037,00505684390C1FE097B3B9909180A832
CMM_MTM_SLS,083,CMM_VLOGP_BGRFC_0058000038,00505684390C1FE097B3B9E08E3D0832
CMM_MTM_SLS,083,CMM_VLOGP_BGRFC_0058000039,00505684390C1FE18ACC6B5CA2218894
CMM_MTM_SLS,083,CMM_VLOGP_BGRFC_0058000041,00505684390C1FE097B3BA1143568832
CMM_MTM_SLS,083,CMM_VLOGP_BGRFC_0058000042,00505684390C1FE097B3BA5328B40832
CMM_MTM_SLS,083,CMM_VLOGP_BGRFC_0058000045,00505684390C1FE097B3BA9DD0DBA832
CMM_MTM_SLS,083,CMM_VLOGP_BGRFC_0058000046,00505684390C1FE097B3BAC3F3DAC832
CMM_MTM_SLS,083,CMM_VLOGP_BGRFC_0058000047,00505684390C1FE097B3BB0E0883A832
CMM_MTM_SLS,083,CMM_VLOGP_BGRFC_0058000048,00505684390C1FE097B3BB3A42080832
CMM_MTM_SLS,083,CMM_VLOGP_BGRFC_0058000049,00505684390C1FE097B3BB85F7B10832
CMM_MTM_SLS,083,CMM_VLOGP_BGRFC_0058000050,00505684390C1FE097B3BBCDE0B26832
CMM_MTM_SLS,083,CMM_VLOGP_BGRFC_0058000053,00505684390C1FE097B3BBF8F8A38832
CMM_MTM_SLS,083,CMM_VLOGP_BGRFC_0058000056,00505684390C1FE097B3BC84F8380832
CMM_MTM_SLS,083,CMM_VLOGP_BGRFC_0058000057,00505684390C1FE097B3BD00B0360832
CMM_MTM_SLS,083,CMM_VLOGP_BGRFC_0058000060,00505684390C1FE0A2CAE99A5F0A0849
CMM_MTM_SLS,083,CMM_VLOGP_BGRFC_0058000062,00505684390C1FE0A2B8781D535E4849
CMM_MTM_SLS,083,CMM_VLOGP_BGRFC_0058000065,00505684390C1FE0A5FE6F7CECF40851
CMM_MTM_SLS,083,CMM_VLOGP_BGRFC_0058000073,00505684390C1FE0AECCD355D519A879
CMM_MTM_SLS,083,CMM_VLOGP_BGRFC_0058000074,00505684390C1FE0AFCB302B794F2879
CMM_MTM_SLS,083,CMM_VLOGP_BGRFC_0058000076,00505684390C1FE186C01674396D088F
CMM_MTM_SLS,083,CMM_VLOGP_BGRFC_0058000080,00505684390C1FE183E7BEDE4FFD0889
CMM_MTM_SLS,083,CMM_VLOGP_BGRFC_0058000081,00505684390C1FE188F07CDB694F0891
CMM_MTM_SLS,083,CMM_VLOGP_BGRFC_0058000082,00505684390C1FE191F98F43C1010899
CMM_MTM_SLS,083,CMM_VLOGP_BGRFC_0058000083,00505684390C1FE1949C9EB717F70899
CMM_MTM_SLS,083,CMM_VLOGP_BGRFC_0058000084,00505684390C1FE1928ABDAC6CBB8899
CMM_MTM_SLS,083,CMM_VLOGP_BGRFC_0058000085,00505684390C1FE1949C9F1FCC15C899
CMM_MTM_SLS,083,CMM_VLOGP_BGRFC_0058000086,00505684390C1FE1949C9FAEE1A6E899
WS_BGRFC_INBOUND000,082,SRTQC_00505684390C1EDB9DEDD97181581FF6,00505684390C1EDB9DEDD97181587FF6
WS_BGRFC_INBOUND000,082,SRTQC_00505684390C1EDB9DEDD97181591FF6,00505684390C1EDB9DEDD97181597FF6
WS_BGRFC_INBOUND000,082,SRTQC_00505684390C1EDB9DEE0B22DC0CBFF6,00505684390C1EDB9DEE0B22DC0D1FF6
WS_BGRFC_INBOUND000,082,SRTQC_00505684390C1EDB9DEE0B22DC0DBFF6,00505684390C1EDB9DEE0B22DC0E1FF6
WS_BGRFC_INBOUND000,082,SRTQC_00505684390C1EDBB2D0FDFEB3C3F15F,00505684390C1EDBB2D0FE3A46F1D15F
WS_BGRFC_INBOUND000,082,SRTQC_00505684390C1EDBB2D0FE3A46F1715F,00505684390C1EDBB2D0FE3A46F2115F
WS_BGRFC_INBOUND000,082,SRTQC_00505684390C1EDBB2D103AC7981515F,00505684390C1EDBB2D103AC7982D15F
WS_BGRFC_INBOUND000,082,SRTQC_00505684390C1EDBB2D103AC7982515F,00505684390C1EDBB2D103AC7983115F
WS_BGRFC_INBOUND000,082,SRTQC_00505684390C1EDBB2D11C69458A715F,00505684390C1EDBB2D11C69458BF15F
WS_BGRFC_INBOUND000,082,SRTQC_00505684390C1EDBB2D11C69458B715F,00505684390C1EDBB2D11C69458C315F
WS_BGRFC_INBOUND000,082,SRTQC_00505684390C1EDBB2D17384C3C6B15F,00505684390C1EDBB2D17384C3C8315F
WS_BGRFC_INBOUND000,082,SRTQC_00505684390C1EDBB2D17384C3C7B15F,00505684390C1EDBB2D17384C3C8715F
WS_BGRFC_INBOUND000,082,SRTQC_00505684390C1EDBB2D1B24CF9791160,00505684390C1EDBB2D1B24CF97A9160
WS_BGRFC_INBOUND000,082,SRTQC_00505684390C1EDBB2D1B24CF97A1160,00505684390C1EDBB2D1B24CF97AD160
WS_BGRFC_INBOUND000,082,SRTQC_00505684390C1EDBB3D2CC0AA56D7201,00505684390C1EDBB3D2CC0AA56DD201
WS_BGRFC_INBOUND000,082,SRTQC_00505684390C1EDBB695CB3CBB4555B5,00505684390C1EDBB695CB3CBB45B5B5
WS_BGRFC_INBOUND000,082,SRTQC_00505684390C1EDBB6963C3725E4F5B6,00505684390C1EDBB6963C3725E555B6
WS_BGRFC_INBOUND000,082,SRTQC_00505684390C1EDBBECE1B855BEC39E4,00505684390C1EDBBECE1BA8D76F99E4
WS_BGRFC_INBOUND000,082,SRTQC_00505684390C1EDBBECE38CEB77619E4,00505684390C1EDBBECE38CEB77679E4
WS_BGRFC_INBOUND000,082,SRTQC_00505684390C1EDC84931F9D64D6FC17,00505684390C1EDC84931F9D64D81C17
WS_BGRFC_INBOUND000,082,SRTQC_00505684390C1EDC84931F9D64D7BC17,00505684390C1EDC84931F9D64D85C17
WS_BGRFC_INBOUND000,082,SRTQC_00505684390C1EDC8B95F5B968115D84,00505684390C1EDC8B95F5B96811BD84
WS_BGRFC_INBOUND000,082,SRTQC_00505684390C1EDC8B98143BFE541D84,00505684390C1EDC8B98143BFE547D84
WS_BGRFC_INBOUND000,082,SRTQC_00505684390C1EDC8B98159EC25ABD84,00505684390C1EDC8B98159EC25B1D84
WS_BGRFC_INBOUND000,082,SRTQC_00505684390C1EDC8B998169304B5D84,00505684390C1EDC8B998169304C7D84
WS_BGRFC_INBOUND000,082,SRTQC_00505684390C1EDC8B998169304C1D84,00505684390C1EDC8B998169304CBD84
WS_BGRFC_INBOUND000,082,SRTQC_00505684390C1EEB9DFF9932DDD74032,00505684390C1EEB9DFF9932DDD7A032
WS_BGRFC_INBOUND000,082,SRTQC_00505684390C1EEB9DFF9932DDD84032,00505684390C1EEB9DFF9932DDD8A032
WS_BGRFC_INBOUND000,082,SRTQC_00505684390C1EECA0FE77D00F5C65B9,00505684390C1EECA0FE77D00F5CC5B9
WS_BGRFC_INBOUND000,082,SRTQC_00505684390C1EECA0FE77D00F5D65B9,00505684390C1EECA0FE77D00F5DC5B9
WS_BGRFC_INBOUND000,082,SRTQC_00505684390C1EECA0FE96AC5003E5B9,00505684390C1EECA0FE96AC500445B9
WS_BGRFC_INBOUND000,082,SRTQC_00505684390C1EECA0FE96AC5004E5B9,00505684390C1EECA0FE96AC500545B9
WS_BGRFC_INBOUND000,082,SRTQC_00505684390C1EECA0FED76BF09D05B9,00505684390C1EECA0FED76BF09D65B9
WS_BGRFC_INBOUND000,082,SRTQC_00505684390C1EECA0FED76BF09E05B9,00505684390C1EECA0FED76BF09E65B9
WS_BGRFC_INBOUND000,082,SRTQC_00505684390C1EECA0FF10BA6B5E65B9,00505684390C1EECA0FF10BA6B5EC5B9
WS_BGRFC_INBOUND000,082,SRTQC_00505684390C1EECA0FF10BA6B5F65B9,00505684390C1EECA0FF10BA6B5FC5B9
WS_BGRFC_INBOUND000,082,SRTQC_00505684390C1EECA0FF19D7852C25B9,00505684390C1EECA0FF19D7852C85B9
WS_BGRFC_INBOUND000,082,SRTQC_00505684390C1EED83C92FEA7A6CA81D,00505684390C1EED83C92FEA7A6D081D
WS_BGRFC_INBOUND000,082,SRTQC_00505684390C1EED83C932143A61281D,00505684390C1EED83C932143A61881D
WS_BGRFC_INBOUND000,082,SRTQC_00505684390C1EED93DBFFCC8752681D,00505684390C1EED93DBFFCC8752C81D
WS_BGRFC_INBOUND000,082,SRTQC_00505684390C1EED99CA40980729281D,00505684390C1EED99CA40980729881D
WS_BGRFC_INBOUND000,082,SRTQC_00505684390C1EED99CADC131485E81D,00505684390C1EED99CADC131486481D
WS_BGRFC_INBOUND000,082,SRTQC_00505684390C1EED99CAE2DD85D8081D,00505684390C1EED99CAE2DD85D8681D
WS_BGRFC_INBOUND000,082,SRTQC_00505684390C1EED99CAEA266340681D,00505684390C1EED99CAEA266340C81D
WS_BGRFC_INBOUND000,082,SRTQC_00505684390C1EED99CB1AF1084D081D,00505684390C1EED99CB1AF1084D681D
WS_BGRFC_INBOUND000,082,SRTQC_00505684390C1EED99CB83631FAD081D,00505684390C1EED99CB83631FAD681D
WS_BGRFC_INBOUND000,082,SRTQC_00505684390C1EED99CB85505601A81D,00505684390C1EED99CB85505602081D
WS_BGRFC_INBOUND000,082,SRTQC_00505684390C1EED99CB85756B7D081D,00505684390C1EED99CB85756B7D681D
WS_BGRFC_INBOUND000,082,SRTQC_00505684390C1EED99CB8594EA0BC81D,00505684390C1EED99CB8594EA0C281D
WS_BGRFC_INBOUND000,082,SRTQC_00505684390C1EED99CB8594EA0CC81D,00505684390C1EED99CB8594EA0D281D
WS_BGRFC_INBOUND000,082,SRTQC_00505684390C1EED99CB85C56464A81D,00505684390C1EED99CB85C56465081D
WS_BGRFC_INBOUND000,082,SRTQC_00505684390C1EED99CB85E1D666681D,00505684390C1EED99CB85E1D666C81D
WS_BGRFC_INBOUND000,082,SRTQC_00505684390C1EED99CB85E1D667681D,00505684390C1EED99CB860ABCBC481D
WS_BGRFC_INBOUND000,082,SRTQC_00505684390C1EED99CBC6EF9CF1281D,00505684390C1EED99CBC736E403481D
WS_BGRFC_INBOUND000,082,SRTQC_00505684390C1EED9AF7E29EE2E5A81D,00505684390C1EED9AF7E29EE2E6081D
WS_BGRFC_INBOUND000,082,SRTQC_00505684390C1EED9AF835DBC083081D,00505684390C1EED9AF83DFABA45481D
WS_BGRFC_INBOUND000,082,SRTQC_00505684390C1EED9AF85DAC4F08881D,00505684390C1EED9AF85DAC4F08E81D
WS_BGRFC_INBOUND000,082,SRTQC_00505684390C1EED9AF8F0099F46C81D,00505684390C1EED9AF8F0099F47281D
WS_BGRFC_INBOUND000,082,SRTQC_00505684390C1EED9AF90B272F1EC81D,00505684390C1EED9AF90B272F1F281D
WS_BGRFC_INBOUND000,082,SRTQC_00505684390C1EED9AFB9FAE2E7B081D,00505684390C1EED9AFB9FAE2E7B681D
WS_BGRFC_INBOUND000,082,SRTQC_00505684390C1EED9AFBB16CA703C81D,00505684390C1EED9AFBB16CA704281D
WS_BGRFC_INBOUND000,082,SRTQC_00505684390C1EED9AFD4D6F2C46881D,00505684390C1EED9AFD4D6F2C46E81D
WS_BGRFC_INBOUND000,082,SRTQC_00505684390C1EED9AFFC495116C881D,00505684390C1EED9AFFC495116CE81D
WS_BGRFC_INBOUND000,082,SRTQC_00505684390C1EED9AFFDBF0628BC81D,00505684390C1EED9AFFDBF0628C281D
WS_BGRFC_INBOUND000,082,SRTQC_00505684390C1EED9AFFF4303064A81D,00505684390C1EED9AFFF4303065081D
WS_BGRFC_INBOUND000,082,SRTQC_00505684390C1EED9DD8C04BD1B5E81D,00505684390C1EED9DD8C073BB16881D
WS_BGRFC_INBOUND000,082,SRTQC_00505684390C1EED9F8C8A198D98A81D,00505684390C1EED9F8C8A552D1A081D
WS_BGRFC_INBOUND000,082,SRTQC_00505684390C1EED9F8C8A552D1AC81D,00505684390C1EED9F8C8A746155881D
WS_BGRFC_INBOUND000,082,SRTQC_00505684390C1EED9F8C8A746156281D,00505684390C1EED9F8C8A746156881D
WS_BGRFC_INBOUND000,082,SRTQC_00505684390C1EED9F8C8A9D8DCDC81D,00505684390C1EED9F8C8A9D8DCE281D
WS_BGRFC_INBOUND000,082,SRTQC_00505684390C1EED9F8C8A9D8DCEC81D,00505684390C1EED9F8C8A9D8DCF281D
WS_BGRFC_INBOUND000,082,SRTQC_00505684390C1EED9F8C8AC32986281D,00505684390C1EED9F8C8AC32986881D
WS_BGRFC_INBOUND000,082,SRTQC_00505684390C1EEEA7CA36161DC1881D,00505684390C1EEEA7CA36161DC1E81D
WS_BGRFC_INBOUND000,082,SRTQC_00505684390C1EEEADBFBDCBF835481D,00505684390C1EEEADBFBDCBF835A81D
WS_BGRFC_INBOUND000,082,SRTQC_00505684390C1EEF83BB3366CB7D481F,00505684390C1EEF83BB3384230F681F
WS_BGRFC_INBOUND000,082,SRTQC_00505684390C1EEF83BB33842310281F,00505684390C1EEF83BB33842310881F
WS_BGRFC_INBOUND000,082,SRTQC_00505684390C1EEF83BB33842311281F,00505684390C1EEF83BB33842311881F
WS_BGRFC_INBOUND000,082,SRTQC_00505684390C1EEF83BB33842312281F,00505684390C1EEF83BB33842312881F
WS_BGRFC_INBOUND000,082,SRTQC_00505684390C1EEF83BB33842313281F,00505684390C1EEF83BB33842313881F
WS_BGRFC_INBOUND000,082,SRTQC_00505684390C1EEF83BB33842314281F,00505684390C1EEF83BB33842314881F
WS_BGRFC_INBOUND000,082,SRTQC_00505684390C1EEF83BB33842315281F,00505684390C1EEF83BB33842315881F
WS_BGRFC_INBOUND000,082,SRTQC_00505684390C1EEF859CF4514CDB081F,00505684390C1EEF859CF4514CDB681F
WS_BGRFC_INBOUND000,082,SRTQC_00505684390C1EEF859F2F3D7DD7481F,00505684390C1EEF859F2F3D7DD7A81F
WS_BGRFC_INBOUND000,082,SRTQC_00505684390C1EEF89FBF1E2AD848825,00505684390C1EEF89FBF1E2AD84E825
WS_BGRFC_INBOUND000,082,SRTQC_00505684390C1EEF89FBF2E9C1DD4825,00505684390C1EEF89FBF2E9C1DDA825
WS_BGRFC_INBOUND000,082,SRTQC_00505684390C1EEF89FC48C02C78A825,00505684390C1EEF89FC48C02C790825
WS_BGRFC_INBOUND000,082,SRTQC_00505684390C1EEF89FC491C5ED84825,00505684390C1EEF89FC491C5ED8A825
WS_BGRFC_INBOUND000,082,SRTQC_00505684390C1EEF89FC4969AF990825,00505684390C1EEF89FC4969AF996825
WS_BGRFC_INBOUND000,082,SRTQC_00505684390C1EEF89FC49C1A1A84825,00505684390C1EEF89FC49C1A1A8A825
WS_BGRFC_INBOUND000,082,SRTQC_00505684390C1EEF89FC49DEBF7A6825,00505684390C1EEF89FC49DEBF7AC825
WS_BGRFC_INBOUND000,082,SRTQC_00505684390C1EEF89FC4AFAFA2D8825,00505684390C1EEF89FC4AFAFA2DE825
WS_BGRFC_INBOUND000,082,SRTQC_00505684390C1EEF8F9FDA6A37908825,00505684390C1EEF8F9FDA6A3790E825
WS_BGRFC_INBOUND000,082,SRTQC_00505684390C1EEF98EEDAB23A8A482A,00505684390C1EEF98EEDAB23A8AA82A
WS_BGRFC_INBOUND000,082,SRTQC_00505684390C1EEF98EEE989C013082A,00505684390C1EEF98EEE989C013682A
WS_BGRFC_INBOUND000,082,SRTQC_00505684390C1EEF98EEE9D3DBDF082A,00505684390C1EEF98EEE9D3DBDF682A
WS_BGRFC_INBOUND000,082,SRTQC_00505684390C1EEFA9B46010D8AB482A,00505684390C1EEFA9B46010D8ABA82A
WS_BGRFC_INBOUND000,082,SRTQC_00505684390C1EEFA9B461A1F3FFC82A,00505684390C1EEFA9B461A1F400282A
WS_BGRFC_INBOUND000,082,SRTQC_00505684390C1EEFA9C8B9D2139B682A,00505684390C1EEFA9C8B9D2139BC82A
WS_BGRFC_INBOUND000,082,SRTQC_00505684390C1EEFB5FB6CD3240EE831,00505684390C1EEFB5FB6CFA94764831
WS_BGRFC_INBOUND000,082,SRTQC_00505684390C1EEFB5FB7EC2B0C82831,00505684390C1EEFB5FB7EC2B0C88831
WS_BGRFC_INBOUND000,082,SRTQC_00505684390C1EEFB5FB8535EB986831,00505684390C1EEFB5FB8535EB98C831
WS_BGRFC_INBOUND000,082,SRTQC_00505684390C1EEFB5FB9355F9962831,00505684390C1EEFB5FB9355F9968831
WS_BGRFC_INBOUND000,082,SRTQC_00505684390C1EEFB5FB9633B768E831,00505684390C1EEFB5FB9633B7694831
WS_BGRFC_INBOUND000,082,SRTQC_00505684390C1EEFB5FBA6FA5071E831,00505684390C1EEFB5FBA6FA50724831
WS_BGRFC_INBOUND000,082,SRTQC_00505684390C1EEFBAC17044A1412832,00505684390C1EEFBAC17044A141A832
WS_BGRFC_INBOUND000,082,SRTQC_00505684390C1EEFBBA72D5787AC8832,00505684390C1EEFBBA72D5787AD0832
WS_BGRFC_INBOUND000,082,SRTQC_00505684390C1EEFBBBEB1F027992832,00505684390C1EEFBBBEB1F02799A832
WS_BGRFC_INBOUND000,082,SRTQC_00505684390C1EEFBBBF386B758F0832,00505684390C1EEFBBBF386B758F8832
WS_BGRFC_INBOUND000,082,SRTQC_00505684390C1EEFBBD306013F848832,00505684390C1EEFBBD30644FA27E832
WS_BGRFC_INBOUND000,082,SRTQC_00505684390C1EEFBBD4187D3A43E832,00505684390C1EEFBBD4187D3A446832
WS_BGRFC_INBOUND000,082,SRTQC_00505684390C1EEFBBD423D07F71E832,00505684390C1EEFBBD423D07F726832
WS_BGRFC_INBOUND000,082,SRTQC_00505684390C1FE08194C0FDFBB58832,00505684390C1FE08194C0FDFBB5E832
WS_BGRFC_INBOUND000,082,SRTQC_00505684390C1FE08194E4F1EBF40832,00505684390C1FE08194E4F1EBF46832
WS_BGRFC_INBOUND000,082,SRTQC_00505684390C1FE08194EDC89D734832,00505684390C1FE08194EDC89D73A832
WS_BGRFC_INBOUND000,082,SRTQC_00505684390C1FE08194F87BC49AE832,00505684390C1FE08194F87BC49B4832
WS_BGRFC_INBOUND000,082,SRTQC_00505684390C1FE08194FB193C6C4832,00505684390C1FE08194FB193C6CA832
WS_BGRFC_INBOUND000,082,SRTQC_00505684390C1FE0819511BBB5318832,00505684390C1FE0819511BBB531E832
WS_BGRFC_INBOUND000,082,SRTQC_00505684390C1FE081951CCCBE950832,00505684390C1FE081951CCCBE956832
WS_BGRFC_INBOUND000,082,SRTQC_00505684390C1FE081953E3F8FAF4832,00505684390C1FE081953E3F8FAFA832
WS_BGRFC_INBOUND000,082,SRTQC_00505684390C1FE08195480799090832,00505684390C1FE08195480799096832
WS_BGRFC_INBOUND000,082,SRTQC_00505684390C1FE081955366AA9F8832,00505684390C1FE081955366AA9FE832
WS_BGRFC_INBOUND000,082,SRTQC_00505684390C1FE081955844B28DC832,00505684390C1FE081955844B28E2832
WS_BGRFC_INBOUND000,082,SRTQC_00505684390C1FE081955D6153DD8832,00505684390C1FE081955D6153DDE832
WS_BGRFC_INBOUND000,082,SRTQC_00505684390C1FE081957394BDD84832,00505684390C1FE081957394BDD8A832
WS_BGRFC_INBOUND000,082,SRTQC_00505684390C1FE08195830FA266C832,00505684390C1FE08195830FA2672832
WS_BGRFC_INBOUND000,082,SRTQC_00505684390C1FE08195D2E4602C4832,00505684390C1FE08195D2E4602CA832
WS_BGRFC_INBOUND000,082,SRTQC_00505684390C1FE08195D6E3A7C22832,00505684390C1FE08195D6E3A7C28832
WS_BGRFC_INBOUND000,082,SRTQC_00505684390C1FE082927230BBABE832,00505684390C1FE082927230BBAC4832
WS_BGRFC_INBOUND000,082,SRTQC_00505684390C1FE08292B948D744C832,00505684390C1FE08292B948D7452832
WS_BGRFC_INBOUND000,082,SRTQC_00505684390C1FE08292D918581E8832,00505684390C1FE08292D918581EE832
WS_BGRFC_INBOUND000,082,SRTQC_00505684390C1FE082932BEC913F4832,00505684390C1FE082932BEC913FA832
WS_BGRFC_INBOUND000,082,SRTQC_00505684390C1FE082C5F203B7048832,00505684390C1FE082C5F203B704E832
WS_BGRFC_INBOUND000,082,SRTQC_00505684390C1FE082C65AF4B20E8832,00505684390C1FE082C65AF4B20EE832
WS_BGRFC_INBOUND000,082,SRTQC_00505684390C1FE082C6690D42834832,00505684390C1FE082C6690D4283A832
WS_BGRFC_INBOUND000,082,SRTQC_00505684390C1FE082C678892B9C8832,00505684390C1FE082C678892B9CE832
WS_BGRFC_INBOUND000,082,SRTQC_00505684390C1FE082C6C34634AFA832,00505684390C1FE082C6C34634B00832
WS_BGRFC_INBOUND000,082,SRTQC_00505684390C1FE082C6D1A32950C832,00505684390C1FE082C6D1A329512832
WS_BGRFC_INBOUND000,082,SRTQC_00505684390C1FE082C6E29FD0B38832,00505684390C1FE082C6E29FD0B3E832
WS_BGRFC_INBOUND000,082,SRTQC_00505684390C1FE082C6EFFCBAEF6832,00505684390C1FE082C6F025F599C832
WS_BGRFC_INBOUND000,082,SRTQC_00505684390C1FE086D63657D2BA0832,00505684390C1FE086D63657D2BA6832
WS_BGRFC_INBOUND000,082,SRTQC_00505684390C1FE086EE05917AFC6832,00505684390C1FE086EE05917AFCC832
WS_BGRFC_INBOUND000,082,SRTQC_00505684390C1FE086EE16987BBDC832,00505684390C1FE086EE16987BBE2832
WS_BGRFC_INBOUND000,082,SRTQC_00505684390C1FE086EE3AADD210A832,00505684390C1FE086EE3AADD2110832
WS_BGRFC_INBOUND000,082,SRTQC_00505684390C1FE086EFD2810358A832,00505684390C1FE086EFD28103590832
WS_BGRFC_INBOUND000,082,SRTQC_00505684390C1FE086EFE8FE58CD6832,00505684390C1FE086EFE8FE58CDC832
WS_BGRFC_INBOUND000,082,SRTQC_00505684390C1FE086EFF92A612C0832,00505684390C1FE086EFF92A612C6832
WS_BGRFC_INBOUND000,082,SRTQC_00505684390C1FE086F0105E998DE832,00505684390C1FE086F0105E998E4832
WS_BGRFC_INBOUND000,082,SRTQC_00505684390C1FE086F031E5A2754832,00505684390C1FE086F031E5A275A832
WS_BGRFC_INBOUND000,082,SRTQC_00505684390C1FE086F038E4E4F18832,00505684390C1FE086F038E4E4F1E832
WS_BGRFC_INBOUND000,082,SRTQC_00505684390C1FE086F050CAEC124832,00505684390C1FE086F050CAEC12A832
WS_BGRFC_INBOUND000,082,SRTQC_00505684390C1FE086F0FCD3F7D7E832,00505684390C1FE086F0FCD3F7D84832
WS_BGRFC_INBOUND000,082,SRTQC_00505684390C1FE086F12A58CBA0A832,00505684390C1FE086F12A58CBA10832
WS_BGRFC_INBOUND000,082,SRTQC_00505684390C1FE086F1C4F476D1A832,00505684390C1FE086F1C4F476D20832
WS_BGRFC_INBOUND000,082,SRTQC_00505684390C1FE086F1D8B140B5A832,00505684390C1FE086F1D8B140B60832
WS_BGRFC_INBOUND000,082,SRTQC_00505684390C1FE08D9121445C946832,00505684390C1FE08D9121445C94C832
WS_BGRFC_INBOUND000,082,SRTQC_00505684390C1FE08D931F3079EA6832,00505684390C1FE08D931F3079EAC832
WS_BGRFC_INBOUND000,082,SRTQC_00505684390C1FE096FEAF01C9200832,00505684390C1FE096FEAF01C9206832
WS_BGRFC_INBOUND000,082,SRTQC_00505684390C1FE0A2C4788983F32849,00505684390C1FE0A2C4788983F3A849
WS_BGRFC_INBOUND000,082,SRTQC_00505684390C1FE0A2C53E6D503E4849,00505684390C1FE0A2C53E6D503EC849
WS_BGRFC_INBOUND000,082,SRTQC_00505684390C1FE0A2C658E07718E849,00505684390C1FE0A2C658E077196849
WS_BGRFC_INBOUND000,082,SRTQC_00505684390C1FE0A2C65E7829434849,00505684390C1FE0A2C65E782943C849
WS_BGRFC_INBOUND000,082,SRTQC_00505684390C1FE0A2E38D227D692849,00505684390C1FE0A2E38D227D69A849
WS_BGRFC_INBOUND000,082,SRTQC_00505684390C1FE0A2E3901DDB7D0849,00505684390C1FE0A2E3901DDB7D8849
WS_BGRFC_INBOUND000,082,SRTQC_00505684390C1FE0A2FCC4B08EE5E849,00505684390C1FE0A2FCC4B08EE66849
WS_BGRFC_INBOUND000,082,SRTQC_00505684390C1FE0A2FCC92C0DF92849,00505684390C1FE0A2FCC92C0DF9A849
WS_BGRFC_INBOUND000,082,SRTQC_00505684390C1FE0A2FCD28F9C4F0849,00505684390C1FE0A2FCD28F9C4F8849
WS_BGRFC_INBOUND000,082,SRTQC_00505684390C1FE0A2FD05341AFF6849,00505684390C1FE0A2FD05341AFFE849
WS_BGRFC_INBOUND000,082,SRTQC_00505684390C1FE0A2FD07EB672A2849,00505684390C1FE0A2FD07EB672AA849
WS_BGRFC_INBOUND000,082,SRTQC_00505684390C1FE0A2FD12677FFE0849,00505684390C1FE0A2FD12677FFE8849
WS_BGRFC_INBOUND000,082,SRTQC_00505684390C1FE0A2FD24564E362849,00505684390C1FE0A2FD24564E36A849
WS_BGRFC_INBOUND000,082,SRTQC_00505684390C1FE0A2FD274C105A6849,00505684390C1FE0A2FD274C105AE849
WS_BGRFC_INBOUND000,082,SRTQC_00505684390C1FE0A2FD2B9CF2F62849,00505684390C1FE0A2FD2B9CF2F6A849
WS_BGRFC_INBOUND000,082,SRTQC_00505684390C1FE0A2FD7BD9B5BCC849,00505684390C1FE0A2FD7BD9B5BD4849
WS_BGRFC_INBOUND000,082,SRTQC_00505684390C1FE0A2FD7BEE7ACA6849,00505684390C1FE0A2FD7BEE7ACAE849
WS_BGRFC_INBOUND000,082,SRTQC_00505684390C1FE0A2FD7CFC60A5E849,00505684390C1FE0A2FD7CFC60A66849
WS_BGRFC_INBOUND000,082,SRTQC_00505684390C1FE0A2FD7D57B2E00849,00505684390C1FE0A2FD7D57B2E08849
WS_BGRFC_INBOUND000,082,SRTQC_00505684390C1FE0A2FD9E9382AE2849,00505684390C1FE0A2FD9E9382AEA849
WS_BGRFC_INBOUND000,082,SRTQC_00505684390C1FE0A2FDAA82D271E849,00505684390C1FE0A2FDAA82D2726849
WS_BGRFC_INBOUND000,082,SRTQC_00505684390C1FE0A2FDB41BB2286849,00505684390C1FE0A2FDB41BB228E849
WS_BGRFC_INBOUND000,082,SRTQC_00505684390C1FE0A2FDEC7489610849,00505684390C1FE0A2FDEC7489618849
WS_BGRFC_INBOUND000,082,SRTQC_00505684390C1FE0A2FDEFBB66558849,00505684390C1FE0A2FDEFBB66560849
WS_BGRFC_INBOUND000,082,SRTQC_00505684390C1FE0A2FDFAA384A4A849,00505684390C1FE0A2FDFAA384A52849
WS_BGRFC_INBOUND000,082,SRTQC_00505684390C1FE0A2FE48A2A00FE849,00505684390C1FE0A2FE48A2A0106849
WS_BGRFC_INBOUND000,082,SRTQC_00505684390C1FE0A2FE4B7100A52849,00505684390C1FE0A2FE4B7100A5A849
WS_BGRFC_INBOUND000,082,SRTQC_00505684390C1FE0A2FE5676E1EEE849,00505684390C1FE0A2FE5676E1EF6849
WS_BGRFC_INBOUND000,082,SRTQC_00505684390C1FE0A2FE91C4E58C0849,00505684390C1FE0A2FE91C4E58C8849
WS_BGRFC_INBOUND000,082,SRTQC_00505684390C1FE0A2FE920FB3B2E849,00505684390C1FE0A2FE920FB3B36849
WS_BGRFC_INBOUND000,082,SRTQC_00505684390C1FE0A2FE92AE31178849,00505684390C1FE0A2FE92AE31180849
WS_BGRFC_INBOUND000,082,SRTQC_00505684390C1FE0A2FE93031F7C0849,00505684390C1FE0A2FE93031F7C8849
WS_BGRFC_INBOUND000,082,SRTQC_00505684390C1FE0A2FEAC6060A10849,00505684390C1FE0A2FEAC6060A18849
WS_BGRFC_INBOUND000,082,SRTQC_00505684390C1FE0A2FEB0758A23A849,00505684390C1FE0A2FEB0758A242849
WS_BGRFC_INBOUND000,082,SRTQC_00505684390C1FE0A391D0B298D2E849,00505684390C1FE0A391D0B298D36849
WS_BGRFC_INBOUND000,082,SRTQC_00505684390C1FE0A3923A3A22F14849,00505684390C1FE0A3923A3A22F1C849
WS_BGRFC_INBOUND000,082,SRTQC_00505684390C1FE0A3923D884C14C849,00505684390C1FE0A3923D884C154849
WS_BGRFC_INBOUND000,082,SRTQC_00505684390C1FE0A3924F5E18942849,00505684390C1FE0A3924F5E1894A849
WS_BGRFC_INBOUND000,082,SRTQC_00505684390C1FE0A4C0F8E9C71F6851,00505684390C1FE0A4C0F8E9C71FE851
WS_BGRFC_INBOUND000,082,SRTQC_00505684390C1FE0ADAB11E251998867,00505684390C1FE0ADAB1207994FA867
WS_BGRFC_INBOUND000,082,SRTQC_00505684390C1FE0B598AC0FE510E87B,00505684390C1FE0B598AC0FE511687B
WS_BGRFC_INBOUND000,082,SRTQC_00505684390C1FE0B6B5A74B0B0FA87B,00505684390C1FE0B6B5A74B0B10287B
WS_BGRFC_INBOUND000,082,SRTQC_00505684390C1FE0B6B5AE863C5CC87B,00505684390C1FE0B6B5AE863C5D487B
WS_BGRFC_INBOUND000,082,SRTQC_00505684390C1FE0B6B5B7E74D0E687B,00505684390C1FE0B6B5B7E74D0EE87B
WS_BGRFC_INBOUND000,082,SRTQC_00505684390C1FE0B9967AB11A83E87E,00505684390C1FE0B9967AB11A84687E
WS_BGRFC_INBOUND000,082,SRTQC_00505684390C1FE0BD854D8BC586E886,00505684390C1FE0BD854D8BC5876886
WS_BGRFC_INBOUND000,082,SRTQC_00505684390C1FE0BD855411FED84886,00505684390C1FE0BD855411FED8C886
WS_BGRFC_INBOUND000,082,SRTQC_00505684390C1FE0BD855B75E2ED4886,00505684390C1FE0BD855B75E2EDC886
WS_BGRFC_INBOUND000,082,SRTQC_00505684390C1FE0BD9E0DD448EF4886,00505684390C1FE0BD9E0DD448EFC886
WS_BGRFC_INBOUND000,082,SRTQC_00505684390C1FE0BEEE69F1531E8887,00505684390C1FE0BEEE69F1531F0887
WS_BGRFC_INBOUND000,082,SRTQC_00505684390C1FE0BEEE89FB5DBF8887,00505684390C1FE0BEEE89FB5DC00887
WS_BGRFC_INBOUND000,082,SRTQC_00505684390C1FE0BFB6080414876889,00505684390C1FE0BFB608041487E889
WS_BGRFC_INBOUND000,082,SRTQC_00505684390C1FE0BFB60A3D935E6889,00505684390C1FE0BFB60A3D935EE889
WS_BGRFC_INBOUND000,082,SRTQC_00505684390C1FE1809FA334FAD20889,00505684390C1FE1809FA334FAD28889
WS_BGRFC_INBOUND000,082,SRTQC_00505684390C1FE180B4DBCAB93D2889,00505684390C1FE180B4DBCAB93DA889
WS_BGRFC_INBOUND000,082,SRTQC_00505684390C1FE180B719DE5E27C889,00505684390C1FE180B719DE5E284889
WS_BGRFC_INBOUND000,082,SRTQC_00505684390C1FE180B71F2B180BA889,00505684390C1FE180B71F2B180C2889
WS_BGRFC_INBOUND000,082,SRTQC_00505684390C1FE180B7202EAFF42889,00505684390C1FE180B7202EAFF4A889
WS_BGRFC_INBOUND000,082,SRTQC_00505684390C1FE180B7212D00B32889,00505684390C1FE180B7212D00B3A889
WS_BGRFC_INBOUND000,082,SRTQC_00505684390C1FE180B728E827A56889,00505684390C1FE180B728E827A5E889
WS_BGRFC_INBOUND000,082,SRTQC_00505684390C1FE180D1C41288730889,00505684390C1FE180D1C41288738889
WS_BGRFC_INBOUND000,082,SRTQC_00505684390C1FE181B32DEB8BB0C889,00505684390C1FE181B32DEB8BB14889
WS_BGRFC_INBOUND000,082,SRTQC_00505684390C1FE181B3B857EE2B4889,00505684390C1FE181B3B87D3B644889
WS_BGRFC_INBOUND000,082,SRTQC_00505684390C1FE181B3BB7CF6AE6889,00505684390C1FE181B3BB7CF6AEE889
WS_BGRFC_INBOUND000,082,SRTQC_00505684390C1FE181B3DC5449FB4889,00505684390C1FE181B3DC5449FBC889
WS_BGRFC_INBOUND000,082,SRTQC_00505684390C1FE181C71C4D67BFE889,00505684390C1FE181C71C4D67C06889
WS_BGRFC_INBOUND000,082,SRTQC_00505684390C1FE181C71CC0250BA889,00505684390C1FE181C71CC0250C2889
WS_BGRFC_INBOUND000,082,SRTQC_00505684390C1FE181C73058F97FA889,00505684390C1FE181C73058F9802889
WS_BGRFC_INBOUND000,082,SRTQC_00505684390C1FE181C7A40003F8C889,00505684390C1FE181C7A40003F94889
WS_BGRFC_INBOUND000,082,SRTQC_00505684390C1FE181CE52194BE78889,00505684390C1FE181CE52194BE80889
WS_BGRFC_INBOUND000,082,SRTQC_00505684390C1FE181CE86900A142889,00505684390C1FE181CE86900A14A889
WS_BGRFC_INBOUND000,082,SRTQC_00505684390C1FE181CE8D49EEDFE889,00505684390C1FE181CE8D49EEE06889
WS_BGRFC_INBOUND000,082,SRTQC_00505684390C1FE181CE90AF3B54A889,00505684390C1FE181CE90AF3B554889
WS_BGRFC_INBOUND000,082,SRTQC_00505684390C1FE181CEB497CE732889,00505684390C1FE181CEB497CE73C889
WS_BGRFC_INBOUND000,082,SRTQC_00505684390C1FE181E44576038D2889,00505684390C1FE181E4458C3FD30889
WS_BGRFC_INBOUND000,082,SRTQC_00505684390C1FE181E7157AE715E889,00505684390C1FE181E7157AE7166889
WS_BGRFC_INBOUND000,082,SRTQC_00505684390C1FE181E74CB667436889,00505684390C1FE181E74CB66743E889
WS_BGRFC_INBOUND000,082,SRTQC_00505684390C1FE181E76916A873C889,00505684390C1FE181E76916A8746889
WS_BGRFC_INBOUND000,082,SRTQC_00505684390C1FE181E790D704C3E889,00505684390C1FE181E790F3F2F8E889
WS_BGRFC_INBOUND000,082,SRTQC_00505684390C1FE181E84883F2382889,00505684390C1FE181E84883F238A889
WS_BGRFC_INBOUND000,082,SRTQC_00505684390C1FE181E857E0B5032889,00505684390C1FE181E857F543B90889
WS_BGRFC_INBOUND000,082,SRTQC_00505684390C1FE181E8598CC6E1A889,00505684390C1FE181E8598CC6E24889
WS_BGRFC_INBOUND000,082,SRTQC_00505684390C1FE181E88C8425A9E889,00505684390C1FE181E88C8425AA8889
WS_BGRFC_INBOUND000,082,SRTQC_00505684390C1FE181E8DE889DEAA889,00505684390C1FE181E8DE889DEB4889
WS_BGRFC_INBOUND000,082,SRTQC_00505684390C1FE181E91AD6C285E889,00505684390C1FE181E91AD6C2868889
WS_BGRFC_INBOUND000,082,SRTQC_00505684390C1FE181E974F6C9206889,00505684390C1FE181E974F6C9210889
WS_BGRFC_INBOUND000,082,SRTQC_00505684390C1FE181E99C9264E96889,00505684390C1FE181E99C9264EA0889
WS_BGRFC_INBOUND000,082,SRTQC_00505684390C1FE181EACD0017346889,00505684390C1FE181EACD001734E889
WS_BGRFC_INBOUND000,082,SRTQC_00505684390C1FE181EE0EB402CDA889,00505684390C1FE181EE0EB402CE4889
WS_BGRFC_INBOUND000,082,SRTQC_00505684390C1FE18CCD92541DE2A896,00505684390C1FE18CCD92541DE30896
WS_BGRFC_INBOUND000,082,SRTQC_00505684390C1FE18EAD4229D2038896,00505684390C1FE18EAD4229D203E896
WS_BGRFC_INBOUND000,082,SRTQC_00505684390C1FE18EADC8DC04E14896,00505684390C1FE18EADC8DC04E1A896
WS_BGRFC_INBOUND000,082,SRTQC_00505684390C1FE18EADDA8F45F30896,00505684390C1FE18EADDA8F45F36896
WS_BGRFC_INBOUND000,082,SRTQC_00505684390C1FE18EADDB14987B6896,00505684390C1FE18EADDB14987BC896
WS_BGRFC_INBOUND000,082,SRTQC_00505684390C1FE18EAE0FD257EC4896,00505684390C1FE18EAE0FD257ECA896
WS_BGRFC_INBOUND000,082,SRTQC_00505684390C1FE192BC6B2A1F2E6899,00505684390C1FE192BC6B2A1F2EC899
WS_BGRFC_INBOUND000,082,SRTQC_00505684390C1FE192BC6FA978EE8899,00505684390C1FE192BC6FA978EEE899
WS_BGRFC_INBOUND000,082,SRTQC_00505684390C1FE192C313BB398F8899,00505684390C1FE192C313BB398FE899
WS_BGRFC_INBOUND000,082,SRTQP_00505684390C1EEFB8C61F2201C6C832,00505684390C1EEFB8C61F2201C70832
WS_BGRFC_INBOUND000,082,SRTQP_00505684390C1EEFB8C6EE2FB7134832,00505684390C1EEFB8C6EE2FB7138832
WS_BGRFC_INBOUND000,082,SRTQP_00505684390C1EEFB8C7FEE6A792A832,00505684390C1EEFB8C7FEE6A792E832
WS_BGRFC_INBOUND000,082,SRTQP_00505684390C1EEFB8C7FEF805134832,00505684390C1EEFB8C7FEF805138832
WS_BGRFC_INBOUND000,082,SRTQP_00505684390C1EEFB9F0920F04600832,00505684390C1EEFB9F0920F04604832
WS_BGRFC_INBOUND000,082,SRTQP_00505684390C1EEFBAC0408E45830832,00505684390C1EEFBAC0408E45834832
WS_BGRFC_INBOUND000,082,SRTQP_00505684390C1EEFBAC07A873D904832,00505684390C1EEFBAC07A873D908832
WS_BGRFC_INBOUND000,082,SRTQP_00505684390C1EEFBAC0C6D4F7388832,00505684390C1EEFBAC0C6D4F738C832
WS_BGRFC_INBOUND000,082,SRTQP_00505684390C1EEFBAC1511D19B2C832,00505684390C1EEFBAC1511D19B30832
WS_BGRFC_INBOUND000,082,SRTQP_00505684390C1EEFBBBF6067C29EA832,00505684390C1EEFBBBF6067C29EE832
WS_BGRFC_INBOUND000,082,SRTQP_00505684390C1EEFBBD2AC4F636A4832,00505684390C1EEFBBD2AC4F636A8832
WS_BGRFC_INBOUND000,082,SRTQP_00505684390C1EEFBBD83572E2664832,00505684390C1EEFBBD83572E2668832
WS_BGRFC_INBOUND000,082,SRTQP_00505684390C1EEFBBEC579CF63FC832,00505684390C1EEFBBEC579CF6400832
WS_BGRFC_INBOUND000,082,SRTQP_00505684390C1EEFBCD5CC348256C832,00505684390C1EEFBCD5CC3482570832
WS_BGRFC_INBOUND000,082,SRTQP_00505684390C1EEFBCE79BE1A4520832,00505684390C1EEFBCE79BE1A4524832
WS_BGRFC_INBOUND000,082,SRTQP_00505684390C1EEFBCE876575DE08832,00505684390C1EEFBCE876575DE0C832
WS_BGRFC_INBOUND000,082,SRTQP_00505684390C1FE080E218EA08864832,00505684390C1FE080E218EA08868832
WS_BGRFC_INBOUND000,082,SRTQP_00505684390C1FE080E23DF23D12C832,00505684390C1FE080E23DF23D130832
WS_BGRFC_INBOUND000,082,SRTQP_00505684390C1FE080FE67DEFDF08832,00505684390C1FE080FE67DEFDF0C832
WS_BGRFC_INBOUND000,082,SRTQP_00505684390C1FE080FEF990AFBAC832,00505684390C1FE080FEF990AFBB0832
WS_BGRFC_INBOUND000,082,SRTQP_00505684390C1FE080FF161BEF660832,00505684390C1FE080FF161BEF664832
WS_BGRFC_INBOUND000,082,SRTQP_00505684390C1FE080FF18950AD04832,00505684390C1FE080FF18950AD08832
WS_BGRFC_INBOUND000,082,SRTQP_00505684390C1FE080FF1AA15B174832,00505684390C1FE080FF1AA15B178832
WS_BGRFC_INBOUND000,082,SRTQP_00505684390C1FE0819296BD09648832,00505684390C1FE0819296BD0964C832
WS_BGRFC_INBOUND000,082,SRTQP_00505684390C1FE08192B446F39EA832,00505684390C1FE08192B446F39EE832
WS_BGRFC_INBOUND000,082,SRTQP_00505684390C1FE08193A7B798F08832,00505684390C1FE08193A7B798F0C832
WS_BGRFC_INBOUND000,082,SRTQP_00505684390C1FE08193A807DE198832,00505684390C1FE08193A807DE19C832
WS_BGRFC_INBOUND000,082,SRTQP_00505684390C1FE08194A11D31DD4832,00505684390C1FE08194A11D31DD8832
WS_BGRFC_INBOUND000,082,SRTQP_00505684390C1FE08195DF316A30C832,00505684390C1FE08195DF316A310832
WS_BGRFC_INBOUND000,082,SRTQP_00505684390C1FE08291708EFDE80832,00505684390C1FE08291708EFDE84832
WS_BGRFC_INBOUND000,082,SRTQP_00505684390C1FE082930724D1794832,00505684390C1FE082930724D1798832
WS_BGRFC_INBOUND000,082,SRTQP_00505684390C1FE082942EA1AEAB4832,00505684390C1FE082942EA1AEAB8832
WS_BGRFC_INBOUND000,082,SRTQP_00505684390C1FE08294430222212832,00505684390C1FE08294430222216832
WS_BGRFC_INBOUND000,082,SRTQP_00505684390C1FE082A7E04B2C6F8832,00505684390C1FE082A7E04B2C6FC832
WS_BGRFC_INBOUND000,082,SRTQP_00505684390C1FE082A83592244AC832,00505684390C1FE082A83592244B0832
WS_BGRFC_INBOUND000,082,SRTQP_00505684390C1FE082C5BECA916E4832,00505684390C1FE082C5BECA916E8832
WS_BGRFC_INBOUND000,082,SRTQP_00505684390C1FE082C6425CD9E98832,00505684390C1FE082C6425CD9E9C832
WS_BGRFC_INBOUND000,082,SRTQP_00505684390C1FE082C6AF8D26CA4832,00505684390C1FE082C6AF8D26CA8832
WS_BGRFC_INBOUND000,082,SRTQP_00505684390C1FE085D4BD1B68148832,00505684390C1FE085D4BD1B6814C832
WS_BGRFC_INBOUND000,082,SRTQP_00505684390C1FE086A46369C76CE832,00505684390C1FE086A46369C76D2832
WS_BGRFC_INBOUND000,082,SRTQP_00505684390C1FE086BE4181A489C832,00505684390C1FE086BE4181A48A0832
WS_BGRFC_INBOUND000,082,SRTQP_00505684390C1FE086D63620BA858832,00505684390C1FE086D63620BA85C832
WS_BGRFC_INBOUND000,082,SRTQP_00505684390C1FE086EE0581F8FE8832,00505684390C1FE086EE0581F8FEC832
WS_BGRFC_INBOUND000,082,SRTQP_00505684390C1FE086EE16914A2EC832,00505684390C1FE086EE16914A2F0832
WS_BGRFC_INBOUND000,082,SRTQP_00505684390C1FE086EFF9174D3C4832,00505684390C1FE086EFF9174D3C8832
WS_BGRFC_INBOUND000,082,SRTQP_00505684390C1FE086F0105F90B10832,00505684390C1FE086F0105F90B14832
WS_BGRFC_INBOUND000,082,SRTQP_00505684390C1FE086F031DA8C370832,00505684390C1FE086F031DA8C374832
WS_BGRFC_INBOUND000,082,SRTQP_00505684390C1FE087849FCCA4AC8832,00505684390C1FE087849FCCA4ACC832
WS_BGRFC_INBOUND000,082,SRTQP_00505684390C1FE087D0BAA503DCC832,00505684390C1FE087D0BAA503DD0832
WS_BGRFC_INBOUND000,082,SRTQP_00505684390C1FE087D0DB708DACC832,00505684390C1FE087D0DB708DAD0832
WS_BGRFC_INBOUND000,082,SRTQP_00505684390C1FE087EF0C46D3200832,00505684390C1FE087EF0C46D3204832
WS_BGRFC_INBOUND000,082,SRTQP_00505684390C1FE087EF38B1F1256832,00505684390C1FE087EF38B1F125A832
WS_BGRFC_INBOUND000,082,SRTQP_00505684390C1FE08BE36A1482CE8832,00505684390C1FE08BE36A1482CEC832
WS_BGRFC_INBOUND000,082,SRTQP_00505684390C1FE08BFCEC4E81B74832,00505684390C1FE08BFCEC4E81B78832
WS_BGRFC_INBOUND000,082,SRTQP_00505684390C1FE08BFD1C636AD1C832,00505684390C1FE08BFD1C636AD20832
WS_BGRFC_INBOUND000,082,SRTQP_00505684390C1FE08BFD574E52480832,00505684390C1FE08BFD574E52484832
WS_BGRFC_INBOUND000,082,SRTQP_00505684390C1FE08BFD660373860832,00505684390C1FE08BFD660373864832
WS_BGRFC_INBOUND000,082,SRTQP_00505684390C1FE08BFD8EC67E698832,00505684390C1FE08BFD8EC67E69C832
WS_BGRFC_INBOUND000,082,SRTQP_00505684390C1FE08BFE66CDCFE00832,00505684390C1FE08BFE66CDCFE04832
WS_BGRFC_INBOUND000,082,SRTQP_00505684390C1FE08C95ED6AEFDB4832,00505684390C1FE08C95ED6AEFDB8832
WS_BGRFC_INBOUND000,082,SRTQP_00505684390C1FE08C95F5B638994832,00505684390C1FE08C95F5B638998832
WS_BGRFC_INBOUND000,082,SRTQP_00505684390C1FE08C9625BB01B80832,00505684390C1FE08C9625BB01B84832
WS_BGRFC_INBOUND000,082,SRTQP_00505684390C1FE08CB198C8E14C2832,00505684390C1FE08CB198C8E14C6832
WS_BGRFC_INBOUND000,082,SRTQP_00505684390C1FE08CB1A714468C0832,00505684390C1FE08CB1A714468C4832
WS_BGRFC_INBOUND000,082,SRTQP_00505684390C1FE08D93A063007AC832,00505684390C1FE08D93A063007B0832
WS_BGRFC_INBOUND000,082,SRTQP_00505684390C1FE08D93F7A4C928C832,00505684390C1FE08D93F7A4C9290832
WS_BGRFC_INBOUND000,082,SRTQP_00505684390C1FE08D944EB6CAF76832,00505684390C1FE08D944EB6CAF7A832
WS_BGRFC_INBOUND000,082,SRTQP_00505684390C1FE08D9460B04E4E0832,00505684390C1FE08D9460B04E4E4832
WS_BGRFC_INBOUND000,082,SRTQP_00505684390C1FE08D946B983D918832,00505684390C1FE08D946B983D91C832
WS_BGRFC_INBOUND000,082,SRTQP_00505684390C1FE08D948A4900A98832,00505684390C1FE08D948A4900A9C832
WS_BGRFC_INBOUND000,082,SRTQP_00505684390C1FE08D94E92B6A3F8832,00505684390C1FE08D94E92B6A3FC832
WS_BGRFC_INBOUND000,082,SRTQP_00505684390C1FE08D94F48BC1A98832,00505684390C1FE08D94F48BC1A9C832
WS_BGRFC_INBOUND000,082,SRTQP_00505684390C1FE08D9507C70B5DC832,00505684390C1FE08D9507C70B5E0832
WS_BGRFC_INBOUND000,082,SRTQP_00505684390C1FE08D95827CDD2E8832,00505684390C1FE08D95827CDD2EC832
WS_BGRFC_INBOUND000,082,SRTQP_00505684390C1FE08D95C99BEA3F4832,00505684390C1FE08D95C99BEA3F8832
WS_BGRFC_INBOUND000,082,SRTQP_00505684390C1FE08DA7D8F909FB4832,00505684390C1FE08DA7D8F909FB8832
WS_BGRFC_INBOUND000,082,SRTQP_00505684390C1FE08DAC9B7170428832,00505684390C1FE08DAC9B717042C832
WS_BGRFC_INBOUND000,082,SRTQP_00505684390C1FE08DAD189B53C68832,00505684390C1FE08DAD189B53C6C832
WS_BGRFC_INBOUND000,082,SRTQP_00505684390C1FE08DD7D14BA357C832,00505684390C1FE08DD7D14BA3580832
WS_BGRFC_INBOUND000,082,SRTQP_00505684390C1FE08DD7D5368E318832,00505684390C1FE08DD7D5368E31C832
WS_BGRFC_INBOUND000,082,SRTQP_00505684390C1FE08DDD089FBF110832,00505684390C1FE08DDD089FBF114832
WS_BGRFC_INBOUND000,082,SRTQP_00505684390C1FE08DDDF6CC757D8832,00505684390C1FE08DDDF6CC757DC832
WS_BGRFC_INBOUND000,082,SRTQP_00505684390C1FE08DF7935DBB480832,00505684390C1FE08DF7935DBB484832
WS_BGRFC_INBOUND000,082,SRTQP_00505684390C1FE08EC62647A8FD0832,00505684390C1FE08EC62647A8FD4832
WS_BGRFC_INBOUND000,082,SRTQP_00505684390C1FE08EC664B7C28B4832,00505684390C1FE08EC664B7C28B8832
WS_BGRFC_INBOUND000,082,SRTQP_00505684390C1FE08EC7A83CCDD58832,00505684390C1FE08EC7A83CCDD5C832
WS_BGRFC_INBOUND000,082,SRTQP_00505684390C1FE08ED6B2694B790832,00505684390C1FE08ED6B2694B794832
WS_BGRFC_INBOUND000,082,SRTQP_00505684390C1FE08ED6C695B6208832,00505684390C1FE08ED6C695B620C832
WS_BGRFC_INBOUND000,082,SRTQP_00505684390C1FE08F8FA59F82314832,00505684390C1FE08F8FA59F82318832
WS_BGRFC_INBOUND000,082,SRTQP_00505684390C1FE092D06D59E49A8832,00505684390C1FE092D06D59E49AC832
WS_BGRFC_INBOUND000,082,SRTQP_00505684390C1FE093E8F30ECEBE8832,00505684390C1FE093E8F30ECEBEC832
WS_BGRFC_INBOUND000,082,SRTQP_00505684390C1FE093E8FEE10DF40832,00505684390C1FE093E8FEE10DF44832
WS_BGRFC_INBOUND000,082,SRTQP_00505684390C1FE093E90792197B4832,00505684390C1FE093E90792197B8832
WS_BGRFC_INBOUND000,082,SRTQP_00505684390C1FE093E90A833DB84832,00505684390C1FE093E90A833DB88832
WS_BGRFC_INBOUND000,082,SRTQP_00505684390C1FE093E911821203C832,00505684390C1FE093E9118212040832
WS_BGRFC_INBOUND000,082,SRTQP_00505684390C1FE096E31C012121C832,00505684390C1FE096E31C0121220832
WS_BGRFC_INBOUND000,082,SRTQP_00505684390C1FE09792411370298832,00505684390C1FE0979241137029C832
WS_BGRFC_INBOUND000,082,SRTQP_00505684390C1FE099C2FDC54753C832,00505684390C1FE099C2FDC547540832
WS_BGRFC_INBOUND000,082,SRTQP_00505684390C1FE0A0E74AA778D92849,00505684390C1FE0A0E74AA778D96849
WS_BGRFC_INBOUND000,082,SRTQP_00505684390C1FE0ABE825E215C1C865,00505684390C1FE0ABE825E215C20865
WS_BGRFC_INBOUND000,082,SRTQP_00505684390C1FE18B81F75B3A2BC894,00505684390C1FE18B81F75B3A2C0894
WS_BGRFC_INBOUND000,082,SRTQP_00505684390C1FE18B85096BF7BD0894,00505684390C1FE18B85096BF7BD4894
WS_BGRFC_INBOUND000,082,SRTQP_00505684390C1FE18B853F4DA0200894,00505684390C1FE18B853F4DA0204894
WS_BGRFC_INBOUND000,082,SRTQP_00505684390C1FE18B85CFCAE77A0894,00505684390C1FE18B85CFCAE77A4894
WS_BGRFC_INBOUND000,082,SRTQP_00505684390C1FE18B872F416A662894,00505684390C1FE18B872F416A666894
WS_BGRFC_INBOUND000,082,SRTQP_00505684390C1FE18B994CFA0FAB0894,00505684390C1FE18B994CFA0FAB4894
WS_BGRFC_INBOUND000,082,SRTQP_00505684390C1FE18B9CDFD7F28C4894,00505684390C1FE18B9CDFD7F28C8894
WS_BGRFC_INBOUND000,083,SRTQS_00505684390C1ED9BD99ED3EBBDDC0B3,00505684390C1ED9BD99ED5C23B4A0B3
WS_BGRFC_INBOUND000,083,SRTQS_00505684390C1ED9BD99ED3EBBDE60B3,00505684390C1ED9BD99ED5C23B4E0B3
WS_BGRFC_INBOUND000,083,SRTQS_00505684390C1ED9BD99ED5C23ADE0B3,00505684390C1ED9BD99ED5C23B520B3
WS_BGRFC_INBOUND000,083,SRTQS_00505684390C1ED9BD99ED5C23AE80B3,00505684390C1ED9BD99ED5C23B560B3
WS_BGRFC_INBOUND000,083,SRTQS_00505684390C1ED9BD99ED5C23AF20B3,00505684390C1ED9BD99ED5C23B5A0B3
WS_BGRFC_INBOUND000,083,SRTQS_00505684390C1ED9BD99ED5C23AFC0B3,00505684390C1ED9BD99ED5C23B5E0B3
WS_BGRFC_INBOUND000,083,SRTQS_00505684390C1ED9BD99ED5C23B060B3,00505684390C1ED9BD99ED5C23B620B3
WS_BGRFC_INBOUND000,083,SRTQS_00505684390C1ED9BD99ED5C23B100B3,00505684390C1ED9BD99ED5C23B660B3
WS_BGRFC_INBOUND000,083,SRTQS_00505684390C1ED9BD99ED5C23B1A0B3,00505684390C1ED9BD99ED5C23B6A0B3
WS_BGRFC_INBOUND000,083,SRTQS_00505684390C1ED9BD99ED5C23B240B3,00505684390C1ED9BD99ED5C23B6E0B3
WS_BGRFC_INBOUND000,083,SRTQS_00505684390C1ED9BD99ED5C23B2E0B3,00505684390C1ED9BD99ED5C23B720B3
WS_BGRFC_INBOUND000,083,SRTQS_00505684390C1ED9BD99ED5C23B380B3,00505684390C1ED9BD99ED5C23B760B3
WS_BGRFC_INBOUND000,083,SRTQS_00505684390C1ED9BD99ED5C23B420B3,00505684390C1ED9BD99ED5C23B7A0B3
WS_BGRFC_INBOUND000,083,SRTQS_00505684390C1ED9BD99ED76E1C9A0B3,00505684390C1ED9BD99ED76E1CA20B3
WS_BGRFC_INBOUND000,083,SRTQS_00505684390C1ED9BD99ED7B7B7060B3,00505684390C1ED9BD99ED7B7B7220B3
WS_BGRFC_INBOUND000,083,SRTQS_00505684390C1ED9BD99ED7B7B7100B3,00505684390C1ED9BD99ED7B7B7260B3
WS_BGRFC_INBOUND000,083,SRTQS_00505684390C1ED9BD99ED7B7B71A0B3,00505684390C1ED9BD99ED7B7B72A0B3
WS_BGRFC_INBOUND000,083,SRTQS_00505684390C1EDAB1FEA48F4F925595,00505684390C1EDAB1FEA48F4F92B595
WS_BGRFC_INBOUND000,083,SRTQS_00505684390C1EDAB38110211AE61990,00505684390C1EDAB38110211AE67990
WS_BGRFC_INBOUND000,083,SRTQS_00505684390C1EDB80E4273DCC0A3D0F,00505684390C1EDB80E4275C2F58DD0F
WS_BGRFC_INBOUND000,083,SRTQS_00505684390C1EDB80E42F1EE3A17D0F,00505684390C1EDB80E42F1EE3A1DD0F
WS_BGRFC_INBOUND000,083,SRTQS_00505684390C1EDB80E43202B179DD0F,00505684390C1EDB80E43202B17A3D0F
WS_BGRFC_INBOUND000,083,SRTQS_00505684390C1EDB80E43483286A3D0F,00505684390C1EDB80E43483286B5D0F
WS_BGRFC_INBOUND000,083,SRTQS_00505684390C1EDB89800165533F71C6,00505684390C1EDB89800165533FD1C6
WS_BGRFC_INBOUND000,083,SRTQS_00505684390C1EDB8AADC72FC3FAD7FA,00505684390C1EDB8AADC72FC3FC77FA
WS_BGRFC_INBOUND000,083,SRTQS_00505684390C1EDB98ADC8E23F3A44A4,00505684390C1EDB98ADC90E065A04A4
WS_BGRFC_INBOUND000,083,SRTQS_00505684390C1EDB98AF7E0BD32A24BA,00505684390C1EDB98AF7E0BD32B44BA
WS_BGRFC_INBOUND000,083,SRTQS_00505684390C1EDB98AFA7F2BE3D24BB,00505684390C1EDB98AFA7F2BE3D84BB
WS_BGRFC_INBOUND000,083,SRTQS_00505684390C1EDB98AFAA7025E224BB,00505684390C1EDB98AFAA7025E284BB
WS_BGRFC_INBOUND000,083,SRTQS_00505684390C1EDB98FA9E858A09E725,00505684390C1EDB98FA9E858A0A4725
WS_BGRFC_INBOUND000,083,SRTQS_00505684390C1EDB98FAAF23E0616727,00505684390C1EDB98FAAF23E061C727
WS_BGRFC_INBOUND000,083,SRTQS_00505684390C1EDB98FABC72F1B76727,00505684390C1EDB98FABC72F1B88727
WS_BGRFC_INBOUND000,083,SRTQS_00505684390C1EDB98FB02743161272A,00505684390C1EDB98FB02743161872A
WS_BGRFC_INBOUND000,083,SRTQS_00505684390C1EDB98FB0BFE6341272A,00505684390C1EDB98FB0BFE6341872A
WS_BGRFC_INBOUND000,083,SRTQS_00505684390C1EDB98FB11F48E5EE72A,00505684390C1EDB98FB11F48E60072A
WS_BGRFC_INBOUND000,083,SRTQS_00505684390C1EDB98FB240A3812672A,00505684390C1EDB98FB240A3812C72A
WS_BGRFC_INBOUND000,083,SRTQS_00505684390C1EDB98FB703E928DA72D,00505684390C1EDB98FB703E928EC72D
WS_BGRFC_INBOUND000,083,SRTQS_00505684390C1EDB98FCED5165E9E73A,00505684390C1EDB98FCED5165EB073A
WS_BGRFC_INBOUND000,083,SRTQS_00505684390C1EDB998B0CD2E708E7BC,00505684390C1EDB998B0CEDB49F07BC
WS_BGRFC_INBOUND000,083,SRTQS_00505684390C1EDB998B299C5BF827BD,00505684390C1EDB998B29B09351E7BD
WS_BGRFC_INBOUND000,083,SRTQS_00505684390C1EDB998B9FB0181D27BF,00505684390C1EDB998B9FB0181D87BF
WS_BGRFC_INBOUND000,083,SRTQS_00505684390C1EDB998BA3C5FA0DA7BF,00505684390C1EDB998BA3C5FA0E07BF
WS_BGRFC_INBOUND000,083,SRTQS_00505684390C1EDB998BA9BC59C7A7C0,00505684390C1EDB998BA9BC59C807C0
WS_BGRFC_INBOUND000,083,SRTQS_00505684390C1EDB998BB06EB7E927C0,00505684390C1EDB998BB06EB7E9A7C0
WS_BGRFC_INBOUND000,083,SRTQS_00505684390C1EDB99F8FAF12A8F0C2B,00505684390C1EDB99F8FAF12A8FAC2B
WS_BGRFC_INBOUND000,083,SRTQS_00505684390C1EDB99F90836012C8C2C,00505684390C1EDB99F90836012D2C2C
WS_BGRFC_INBOUND000,083,SRTQS_00505684390C1EDB99F9154FE4D2CC2E,00505684390C1EDB99F9154FE4D36C2E
WS_BGRFC_INBOUND000,083,SRTQS_00505684390C1EDB99F921E0F608EC2F,00505684390C1EDB99F921E0F6094C2F
WS_BGRFC_INBOUND000,083,SRTQS_00505684390C1EDB99FF85FD090D6C50,00505684390C1EDB99FF85FD090DCC50
WS_BGRFC_INBOUND000,083,SRTQS_00505684390C1EDBAAA4CB707CD9E066,00505684390C1EDBAAA4CB707CDA6066
WS_BGRFC_INBOUND000,083,SRTQS_00505684390C1EDBABF9DA0E9D7B81DE,00505684390C1EDBABF9DA0E9D7C01DE
WS_BGRFC_INBOUND000,083,SRTQS_00505684390C1EDBABF9DA34421D21DE,00505684390C1EDBABF9DA34421DA1DE
WS_BGRFC_INBOUND000,083,SRTQS_00505684390C1EDBABF9DA5BCBB341DE,00505684390C1EDBABF9DA5BCBB3C1DE
WS_BGRFC_INBOUND000,083,SRTQS_00505684390C1EDBABF9DA8DEFC501DE,00505684390C1EDBABF9DAA6824541DE
WS_BGRFC_INBOUND000,083,SRTQS_00505684390C1EDBABF9DACDFC4CA1DE,00505684390C1EDBABF9DACDFC4D21DE
WS_BGRFC_INBOUND000,083,SRTQS_00505684390C1EDBABF9DAF6AACB41DE,00505684390C1EDBABF9DAF6AACBC1DE
WS_BGRFC_INBOUND000,083,SRTQS_00505684390C1EDBABF9DB20CBE341DE,00505684390C1EDBABF9DB20CBE3C1DE
WS_BGRFC_INBOUND000,083,SRTQS_00505684390C1EDBABF9DB4225C401DE,00505684390C1EDBABF9DB4225C481DE
WS_BGRFC_INBOUND000,083,SRTQS_00505684390C1EDBABF9DB8B9255A1DE,00505684390C1EDBABF9DB8B925621DE
WS_BGRFC_INBOUND000,083,SRTQS_00505684390C1EDBABF9DBB2EFF5A1DE,00505684390C1EDBABF9DBB2EFF621DE
WS_BGRFC_INBOUND000,083,SRTQS_00505684390C1EDBABF9DC30C52021DE,00505684390C1EDBABF9DC30C520A1DE
WS_BGRFC_INBOUND000,083,SRTQS_00505684390C1EDBABF9DC504849E1DE,00505684390C1EDBABF9DC50484A61DE
WS_BGRFC_INBOUND000,083,SRTQS_00505684390C1EDBABF9DE13EB9581DE,00505684390C1EDBABF9DE13EB9601DE
WS_BGRFC_INBOUND000,083,SRTQS_00505684390C1EDBABF9DF931018C1DE,00505684390C1EDBABF9DF93101941DE
WS_BGRFC_INBOUND000,083,SRTQS_00505684390C1EDBAC9E5F984940A2F7,00505684390C1EDBAC9E5FB6A61DA2F7
WS_BGRFC_INBOUND000,083,SRTQS_00505684390C1EDBAC9E6021B7FF02F7,00505684390C1EDBAC9E603DBF3282F7
WS_BGRFC_INBOUND000,083,SRTQS_00505684390C1EDBAD927E6BB6CBA71E,00505684390C1EDBAD927EAA7CCE471E
WS_BGRFC_INBOUND000,083,SRTQS_00505684390C1EDBAD927F3E3845271E,00505684390C1EDBAD927F3E3845A71E
WS_BGRFC_INBOUND000,083,SRTQS_00505684390C1EDBAD927F89C6D6471E,00505684390C1EDBAD927F89C6D6C71E
WS_BGRFC_INBOUND000,083,SRTQS_00505684390C1EDBAD927FB012EDA71E,00505684390C1EDBAD927FB012EE271E
WS_BGRFC_INBOUND000,083,SRTQS_00505684390C1EDBAD927FD64969071E,00505684390C1EDBAD927FD64969871E
WS_BGRFC_INBOUND000,083,SRTQS_00505684390C1EDBAD927FFC651BC71E,00505684390C1EDBAD927FFC651C471E
WS_BGRFC_INBOUND000,083,SRTQS_00505684390C1EDBAD928022F958071E,00505684390C1EDBAD928022F958871E
WS_BGRFC_INBOUND000,083,SRTQS_00505684390C1EDBAD9280467142871E,00505684390C1EDBAD9280467143071E
WS_BGRFC_INBOUND000,083,SRTQS_00505684390C1EDBAD928047204FA71E,00505684390C1EDBAD9280472050071E
WS_BGRFC_INBOUND000,083,SRTQS_00505684390C1EDBAD92806CF7D9E71E,00505684390C1EDBAD92806CF7DA471E
WS_BGRFC_INBOUND000,083,SRTQS_00505684390C1EDBAD92806CF7E0271E,00505684390C1EDBAD92806CF7E0871E
WS_BGRFC_INBOUND000,083,SRTQS_00505684390C1EDBAD92806D8EBFA71E,00505684390C1EDBAD92806D8EC0271E
WS_BGRFC_INBOUND000,083,SRTQS_00505684390C1EDBAD928092BB21A71E,00505684390C1EDBAD928092BB22271E
WS_BGRFC_INBOUND000,083,SRTQS_00505684390C1EDBAD928093E899271E,00505684390C1EDBAD928093E899871E
WS_BGRFC_INBOUND000,083,SRTQS_00505684390C1EDBAD9280B9060C871E,00505684390C1EDBAD9280B9060D071E
WS_BGRFC_INBOUND000,083,SRTQS_00505684390C1EDBAD9280BA37DE471E,00505684390C1EDBAD9280BA37DEA71E
WS_BGRFC_INBOUND000,083,SRTQS_00505684390C1EDBAD9280DF07DE871E,00505684390C1EDBAD9280DF07DF071E
WS_BGRFC_INBOUND000,083,SRTQS_00505684390C1EDBAD9280DFF573E71E,00505684390C1EDBAD9280DFF574471E
WS_BGRFC_INBOUND000,083,SRTQS_00505684390C1EDBAD9281055C73E71E,00505684390C1EDBAD9281055C74671E
WS_BGRFC_INBOUND000,083,SRTQS_00505684390C1EDBAD928106DECBA71E,00505684390C1EDBAD928106DECC071E
WS_BGRFC_INBOUND000,083,SRTQS_00505684390C1EDBAD92812B52A4E71E,00505684390C1EDBAD92812B52A5671E
WS_BGRFC_INBOUND000,083,SRTQS_00505684390C1EDBAD92812B9200271E,00505684390C1EDBAD92812B9200871E
WS_BGRFC_INBOUND000,083,SRTQS_00505684390C1EDBAD928151AF61471E,00505684390C1EDBAD928151AF61A71E
WS_BGRFC_INBOUND000,083,SRTQS_00505684390C1EDBAD928151AF67671E,00505684390C1EDBAD9281793C12C71E
WS_BGRFC_INBOUND000,083,SRTQS_00505684390C1EDBAD9281526A88E71E,00505684390C1EDBAD9281526A89671E
WS_BGRFC_INBOUND000,083,SRTQS_00505684390C1EDBAD9281649491E71E,00505684390C1EDBAD9281649492471E
WS_BGRFC_INBOUND000,083,SRTQS_00505684390C1EDBAD9281649496671E,00505684390C1EDBAD9281649496C71E
WS_BGRFC_INBOUND000,083,SRTQS_00505684390C1EDBAD928177F0DF871E,00505684390C1EDBAD928177F0E0071E
WS_BGRFC_INBOUND000,083,SRTQS_00505684390C1EDBAD9281793C18871E,00505684390C1EDBAD9281793C18E71E
WS_BGRFC_INBOUND000,083,SRTQS_00505684390C1EDBAD92819EA2D1E71E,00505684390C1EDBAD92819EA2D2671E
WS_BGRFC_INBOUND000,083,SRTQS_00505684390C1EDBAD9281C41B5B071E,00505684390C1EDBAD9281C41B5B871E
WS_BGRFC_INBOUND000,083,SRTQS_00505684390C1EDBAD9281EA615D671E,00505684390C1EDBAD9281EA615DE71E
WS_BGRFC_INBOUND000,083,SRTQS_00505684390C1EDBAD928236E95A671E,00505684390C1EDBAD928236E95AE71E
WS_BGRFC_INBOUND000,083,SRTQS_00505684390C1EDBAD92825DA201271E,00505684390C1EDBAD92825DA201A71E
WS_BGRFC_INBOUND000,083,SRTQS_00505684390C1EDBAD928282DE2AA71E,00505684390C1EDBAD928282DE2B271E
WS_BGRFC_INBOUND000,083,SRTQS_00505684390C1EDBAD9282CF879B071E,00505684390C1EDBAD9282CF879B871E
WS_BGRFC_INBOUND000,083,SRTQS_00505684390C1EDBAD9282F62CA4A71E,00505684390C1EDBAD9282F62CA5271E
WS_BGRFC_INBOUND000,083,SRTQS_00505684390C1EDBAD92831BB7A5671E,00505684390C1EDBAD92831BB7A5E71E
WS_BGRFC_INBOUND000,083,SRTQS_00505684390C1EDBAD928367A9C4671F,00505684390C1EDBAD928367A9C4E71F
WS_BGRFC_INBOUND000,083,SRTQS_00505684390C1EDBAD928391419D671F,00505684390C1EDBAD928391419DE71F
WS_BGRFC_INBOUND000,083,SRTQS_00505684390C1EDBAD9283B435F9471F,00505684390C1EDBAD9283B435F9C71F
WS_BGRFC_INBOUND000,083,SRTQS_00505684390C1EDBAD9283DD167EE71F,00505684390C1EDBAD9283DD167F671F
WS_BGRFC_INBOUND000,083,SRTQS_00505684390C1EDBAD928401A628871F,00505684390C1EDBAD928401A629071F
WS_BGRFC_INBOUND000,083,SRTQS_00505684390C1EDBAD928401A62F471F,00505684390C1EDBAD928401A62FC71F
WS_BGRFC_INBOUND000,083,SRTQS_00505684390C1EDBAD928426D58E071F,00505684390C1EDBAD928426D58E871F
WS_BGRFC_INBOUND000,083,SRTQS_00505684390C1EDBAD92844CE56BE71F,00505684390C1EDBAD92844CE56C671F
WS_BGRFC_INBOUND000,083,SRTQS_00505684390C1EDBAD92844CE572A71F,00505684390C1EDBAD92844CE573271F
WS_BGRFC_INBOUND000,083,SRTQS_00505684390C1EDBAD9284731EF6671F,00505684390C1EDBAD9284731EF6E71F
WS_BGRFC_INBOUND000,083,SRTQS_00505684390C1EDBAD9284731EFD271F,00505684390C1EDBAD9284731EFDA71F
WS_BGRFC_INBOUND000,083,SRTQS_00505684390C1EDBAD92849A0A40A71F,00505684390C1EDBAD92849A0A41271F
WS_BGRFC_INBOUND000,083,SRTQS_00505684390C1EDBAD9284BFB22B071F,00505684390C1EDBAD9284BFB22B871F
WS_BGRFC_INBOUND000,083,SRTQS_00505684390C1EDBAD9284E5323FA71F,00505684390C1EDBAD9284E53240271F
WS_BGRFC_INBOUND000,083,SRTQS_00505684390C1EDBAD9284E53247471F,00505684390C1EDBAD9284E53247C71F
WS_BGRFC_INBOUND000,083,SRTQS_00505684390C1EDBAD92850E2985C71F,00505684390C1EDBAD92850E2986471F
WS_BGRFC_INBOUND000,083,SRTQS_00505684390C1EDBAD9285317CA6471F,00505684390C1EDBAD9285317CA6C71F
WS_BGRFC_INBOUND000,083,SRTQS_00505684390C1EDBAD928562714FC71F,00505684390C1EDBAD9285627150471F
WS_BGRFC_INBOUND000,083,SRTQS_00505684390C1EDBAD9285811A0BA71F,00505684390C1EDBAD9285A4003F071F
WS_BGRFC_INBOUND000,083,SRTQS_00505684390C1EDBAD9285CC8F0F271F,00505684390C1EDBAD9285CC8F0FA71F
WS_BGRFC_INBOUND000,083,SRTQS_00505684390C1EDBAD9285F00B48A71F,00505684390C1EDBAD9285F00B49271F
WS_BGRFC_INBOUND000,083,SRTQS_00505684390C1EDBAD9285F00B4FE71F,00505684390C1EDBAD9285F00B50671F
WS_BGRFC_INBOUND000,083,SRTQS_00505684390C1EDBAD92863CA74CA71F,00505684390C1EDBAD92863CA74D271F
WS_BGRFC_INBOUND000,083,SRTQS_00505684390C1EDBAD9286632D3E271F,00505684390C1EDBAD9286632D3EA71F
WS_BGRFC_INBOUND000,083,SRTQS_00505684390C1EDBAD928688A457471F,00505684390C1EDBAD928688A457C71F
WS_BGRFC_INBOUND000,083,SRTQS_00505684390C1EDBAD9286AF7550671F,00505684390C1EDBAD9286AF7550E71F
WS_BGRFC_INBOUND000,083,SRTQS_00505684390C1EDBAD9286D70847E71F,00505684390C1EDBAD9286D70848671F
WS_BGRFC_INBOUND000,083,SRTQS_00505684390C1EDBAD9286FB1263C71F,00505684390C1EDBAD9286FB1264471F
WS_BGRFC_INBOUND000,083,SRTQS_00505684390C1EDBAD9287212E72E71F,00505684390C1EDBAD9287212E73671F
WS_BGRFC_INBOUND000,083,SRTQS_00505684390C1EDBAD928747AADFA71F,00505684390C1EDBAD928747AAE0271F
WS_BGRFC_INBOUND000,083,SRTQS_00505684390C1EDBAD9299AE9D44071F,00505684390C1EDBAD9299AE9D44871F
WS_BGRFC_INBOUND000,083,SRTQS_00505684390C1EDBAD9299D6F3D8671F,00505684390C1EDBAD9299D6F3D8E71F
WS_BGRFC_INBOUND000,083,SRTQS_00505684390C1EDBAD9299FD855C671F,00505684390C1EDBAD9299FD855CE71F
WS_BGRFC_INBOUND000,083,SRTQS_00505684390C1EDBAD929A21B822471F,00505684390C1EDBAD929A21B822C71F
WS_BGRFC_INBOUND000,083,SRTQS_00505684390C1EDBAD929A485B9CA71F,00505684390C1EDBAD929A485B9D271F
WS_BGRFC_INBOUND000,083,SRTQS_00505684390C1EDBAD929A6DF2F3C71F,00505684390C1EDBAD929A6DF2F4471F
WS_BGRFC_INBOUND000,083,SRTQS_00505684390C1EDBAD929A949205671F,00505684390C1EDBAD929A949205E71F
WS_BGRFC_INBOUND000,083,SRTQS_00505684390C1EDBAD929ABA6BA8E71F,00505684390C1EDBAD929ABA6BA9671F
WS_BGRFC_INBOUND000,083,SRTQS_00505684390C1EDBAD929AE44587271F,00505684390C1EDBAD929AE44587A71F
WS_BGRFC_INBOUND000,083,SRTQS_00505684390C1EDBAD929B0D273EA71F,00505684390C1EDBAD929B0D273F271F
WS_BGRFC_INBOUND000,083,SRTQS_00505684390C1EDBAD929B35D03E671F,00505684390C1EDBAD929B35D03EE71F
WS_BGRFC_INBOUND000,083,SRTQS_00505684390C1EDBAD929B790B46271F,00505684390C1EDBAD929B790B46A71F
WS_BGRFC_INBOUND000,083,SRTQS_00505684390C1EDBAD929BC857FA871F,00505684390C1EDBAD929BC857FB071F
WS_BGRFC_INBOUND000,083,SRTQS_00505684390C1EDBAD929BF3BF29E71F,00505684390C1EDBAD929BF3BF2A671F
WS_BGRFC_INBOUND000,083,SRTQS_00505684390C1EDBAD929C3CD07DA71F,00505684390C1EDBAD929C3CD07E271F
WS_BGRFC_INBOUND000,083,SRTQS_00505684390C1EDBAD929C83D405E71F,00505684390C1EDBAD929C83D406671F
WS_BGRFC_INBOUND000,083,SRTQS_00505684390C1EDBAD929CAA7351271F,00505684390C1EDBAD929CAA7351A71F
WS_BGRFC_INBOUND000,083,SRTQS_00505684390C1EDBAD929CDEBF27A71F,00505684390C1EDBAD929CDEBF28271F
WS_BGRFC_INBOUND000,083,SRTQS_00505684390C1EDBAD929D423071C71F,00505684390C1EDBAD929D423072471F
WS_BGRFC_INBOUND000,083,SRTQS_00505684390C1EDBAD929D697D01271F,00505684390C1EDBAD929D697D01A71F
WS_BGRFC_INBOUND000,083,SRTQS_00505684390C1EDBAD929D9C159FC71F,00505684390C1EDBAD929D9C15A0471F
WS_BGRFC_INBOUND000,083,SRTQS_00505684390C1EDBAD929DDC7DF8671F,00505684390C1EDBAD929E01146F071F
WS_BGRFC_INBOUND000,083,SRTQS_00505684390C1EDBAD929E011474271F,00505684390C1EDBAD929E011474A71F
WS_BGRFC_INBOUND000,083,SRTQS_00505684390C1EDBAD929E280CF1A71F,00505684390C1EDBAD929E280CF2271F
WS_BGRFC_INBOUND000,083,SRTQS_00505684390C1EDBAD929E4D1D06671F,00505684390C1EDBAD929E4D1D06E71F
WS_BGRFC_INBOUND000,083,SRTQS_00505684390C1EDBAD929E4D1D0CC71F,00505684390C1EDBAD929E4D1D0D471F
WS_BGRFC_INBOUND000,083,SRTQS_00505684390C1EDBAD929E73438AE71F,00505684390C1EDBAD929E73438B671F
WS_BGRFC_INBOUND000,083,SRTQS_00505684390C1EDBAD929E734391471F,00505684390C1EDBAD929E734391C71F
WS_BGRFC_INBOUND000,083,SRTQS_00505684390C1EDBAD929E99E57D871F,00505684390C1EDBAD929E99E57E071F
WS_BGRFC_INBOUND000,083,SRTQS_00505684390C1EDBAD929E99E583E71F,00505684390C1EDBAD929E99E584671F
WS_BGRFC_INBOUND000,083,SRTQS_00505684390C1EDBAD929EBFF555471F,00505684390C1EDBAD929EBFF555C71F
WS_BGRFC_INBOUND000,083,SRTQS_00505684390C1EDBAD929EBFF55BA71F,00505684390C1EDBAD929EBFF55C271F
WS_BGRFC_INBOUND000,083,SRTQS_00505684390C1EDBAD929EE5CC75271F,00505684390C1EDBAD929EE5CC75A71F
WS_BGRFC_INBOUND000,083,SRTQS_00505684390C1EDBAD929F0C8149A71F,00505684390C1EDBAD929F0C814A271F
WS_BGRFC_INBOUND000,083,SRTQS_00505684390C1EDBAD929F0C8152271F,00505684390C1EDBAD929F0C8152A71F
WS_BGRFC_INBOUND000,083,SRTQS_00505684390C1EDBAD929F32170BE71F,00505684390C1EDBAD929F32170C671F
WS_BGRFC_INBOUND000,083,SRTQS_00505684390C1EDBAD929F321713471F,00505684390C1EDBAD929F321713C71F
WS_BGRFC_INBOUND000,083,SRTQS_00505684390C1EDBAD929F586D53271F,00505684390C1EDBAD929F586D53A71F
WS_BGRFC_INBOUND000,083,SRTQS_00505684390C1EDBAD929F7E5006871F,00505684390C1EDBAD929F7E5007071F
WS_BGRFC_INBOUND000,083,SRTQS_00505684390C1EDBAD929FCB1C3CE71F,00505684390C1EDBAD929FCB1C3D671F
WS_BGRFC_INBOUND000,083,SRTQS_00505684390C1EDBAD92A08990A1A71F,00505684390C1EDBAD92A08990A2271F
WS_BGRFC_INBOUND000,083,SRTQS_00505684390C1EDBAD92A1489CEA471F,00505684390C1EDBAD92A1489CEAC71F
WS_BGRFC_INBOUND000,083,SRTQS_00505684390C1EDBAD92A1489CF1C71F,00505684390C1EDBAD92A1489CF2471F
WS_BGRFC_INBOUND000,083,SRTQS_00505684390C1EDBAD92A1707F29271F,00505684390C1EDBAD92A1707F29A71F
WS_BGRFC_INBOUND000,083,SRTQS_00505684390C1EDBAD92A1947116C71F,00505684390C1EDBAD92A1947117471F
WS_BGRFC_INBOUND000,083,SRTQS_00505684390C1EDBAD92A197034B271F,00505684390C1EDBAD92A197034BA71F
WS_BGRFC_INBOUND000,083,SRTQS_00505684390C1EDBAD92A1C0C022A71F,00505684390C1EDBAD92A1C0C023271F
WS_BGRFC_INBOUND000,083,SRTQS_00505684390C1EDBAD92A27BCE72071F,00505684390C1EDBAD92A27BCE72871F
WS_BGRFC_INBOUND000,083,SRTQS_00505684390C1EDBAD92A3FE0CA3E71F,00505684390C1EDBAD92A3FE0CA4671F
WS_BGRFC_INBOUND000,083,SRTQS_00505684390C1EDBAD92A490023EE71F,00505684390C1EDBAD92A490023F671F
WS_BGRFC_INBOUND000,083,SRTQS_00505684390C1EDBAD92A4DB91CBC71F,00505684390C1EDBAD92A4DB91CC471F
WS_BGRFC_INBOUND000,083,SRTQS_00505684390C1EDBAD92A621AFB8871F,00505684390C1EDBAD92A621AFB9071F
WS_BGRFC_INBOUND000,083,SRTQS_00505684390C1EDBAD92A659BDAE071F,00505684390C1EDBAD92A659BDAE871F
WS_BGRFC_INBOUND000,083,SRTQS_00505684390C1EDBAD92A6CDE54E071F,00505684390C1EDBAD92A6CDE54E871F
WS_BGRFC_INBOUND000,083,SRTQS_00505684390C1EDBAD92A73FF546C71F,00505684390C1EDBAD92A73FF547471F
WS_BGRFC_INBOUND000,083,SRTQS_00505684390C1EDBAD92A7664981471F,00505684390C1EDBAD92A7664981C71F
WS_BGRFC_INBOUND000,083,SRTQS_00505684390C1EDBAD92A78BD83EE71F,00505684390C1EDBAD92A78BD83F671F
WS_BGRFC_INBOUND000,083,SRTQS_00505684390C1EDBAD92A78BD844871F,00505684390C1EDBAD92A78BD845071F
WS_BGRFC_INBOUND000,083,SRTQS_00505684390C1EDBAD92A7B16EA4871F,00505684390C1EDBAD92A7B16EA5071F
WS_BGRFC_INBOUND000,083,SRTQS_00505684390C1EDBAD92A7D6829EC71F,00505684390C1EDBAD92A7D6829F471F
WS_BGRFC_INBOUND000,083,SRTQS_00505684390C1EDBAD92A7FDC6E9671F,00505684390C1EDBAD92A7FDC6E9E71F
WS_BGRFC_INBOUND000,083,SRTQS_00505684390C1EDBAD92A7FDC6EE071F,00505684390C1EDBAD92A7FDC6EE871F
WS_BGRFC_INBOUND000,083,SRTQS_00505684390C1EDBAD92A87141C1E71F,00505684390C1EDBAD92A87141C2671F
WS_BGRFC_INBOUND000,083,SRTQS_00505684390C1EDBAD92CC47C14CE71F,00505684390C1EDBAD92CC47C14D471F
WS_BGRFC_INBOUND000,083,SRTQS_00505684390C1EDBAD92CE108C82671F,00505684390C1EDBAD92CE108C82C71F
WS_BGRFC_INBOUND000,083,SRTQS_00505684390C1EDBAD92CE108C86C71F,00505684390C1EDBAD92CE108C87271F
WS_BGRFC_INBOUND000,083,SRTQS_00505684390C1EDBAD92CE37A31AE71F,00505684390C1EDBAD92CE37A31B471F
WS_BGRFC_INBOUND000,083,SRTQS_00505684390C1EDBAD92CE5C9FDA871F,00505684390C1EDBAD92CE5C9FDAE71F
WS_BGRFC_INBOUND000,083,SRTQS_00505684390C1EDBAD92CE81C1FAA71F,00505684390C1EDBAD92CE81C1FB071F
WS_BGRFC_INBOUND000,083,SRTQS_00505684390C1EDBAD92CEAACE3FE71F,00505684390C1EDBAD92CEAACE40471F
WS_BGRFC_INBOUND000,083,SRTQS_00505684390C1EDBAD92CEBF892E471F,00505684390C1EDBAD92CEBF892EA71F
WS_BGRFC_INBOUND000,083,SRTQS_00505684390C1EDBAD92CEBF8933071F,00505684390C1EDBAD92CEBF8933671F
WS_BGRFC_INBOUND000,083,SRTQS_00505684390C1EDBAD92CECEE0AEE71F,00505684390C1EDBAD92CECEE0AF471F
WS_BGRFC_INBOUND000,083,SRTQS_00505684390C1EDBAD92CEF494BAA71F,00505684390C1EDBAD92CEF494BB071F
WS_BGRFC_INBOUND000,083,SRTQS_00505684390C1EDBAD92CF1A44B2271F,00505684390C1EDBAD92CF1A44B2871F
WS_BGRFC_INBOUND000,083,SRTQS_00505684390C1EDBAD92CF43AAFE671F,00505684390C1EDBAD92CF43AAFEC71F
WS_BGRFC_INBOUND000,083,SRTQS_00505684390C1EDBAD92CF667D36A71F,00505684390C1EDBAD92CF667D37071F
WS_BGRFC_INBOUND000,083,SRTQS_00505684390C1EDBAD92D5F99961671F,00505684390C1EDBAD92D5F99961E71F
WS_BGRFC_INBOUND000,083,SRTQS_00505684390C1EDBAD92D61BDC80E71F,00505684390C1EDBAD92D61BDC81671F
WS_BGRFC_INBOUND000,083,SRTQS_00505684390C1EDBAD92D6418F02E71F,00505684390C1EDBAD92D6418F03671F
WS_BGRFC_INBOUND000,083,SRTQS_00505684390C1EDBAD92D668F3ABC71F,00505684390C1EDBAD92D668F3AC471F
WS_BGRFC_INBOUND000,083,SRTQS_00505684390C1EDBAD92D690D19F871F,00505684390C1EDBAD92D690D1A0071F
WS_BGRFC_INBOUND000,083,SRTQS_00505684390C1EDBAD92D6B78FD1071F,00505684390C1EDBAD92D6B78FD1871F
WS_BGRFC_INBOUND000,083,SRTQS_00505684390C1EDBAD92D6DDC5C6471F,00505684390C1EDBAD92D6DDC5C6C71F
WS_BGRFC_INBOUND000,083,SRTQS_00505684390C1EDBAD92D7047559471F,00505684390C1EDBAD92D7047559C71F
WS_BGRFC_INBOUND000,083,SRTQS_00505684390C1EDBAD92D72B66C2071F,00505684390C1EDBAD92D72B66C2871F
WS_BGRFC_INBOUND000,083,SRTQS_00505684390C1EDBAD92D7519825471F,00505684390C1EDBAD92D7519825C71F
WS_BGRFC_INBOUND000,083,SRTQS_00505684390C1EDBAD92D7779D1E871F,00505684390C1EDBAD92D7779D1F071F
WS_BGRFC_INBOUND000,083,SRTQS_00505684390C1EDBAD92D79D0B86C71F,00505684390C1EDBAD92D79D0B87471F
WS_BGRFC_INBOUND000,083,SRTQS_00505684390C1EDBAD92D7C23E5A871F,00505684390C1EDBAD92D7C23E5B071F
WS_BGRFC_INBOUND000,083,SRTQS_00505684390C1EDBAD92D7E82CBE871F,00505684390C1EDBAD92D7E82CBF071F
WS_BGRFC_INBOUND000,083,SRTQS_00505684390C1EDBAD92D80EBE2C071F,00505684390C1EDBAD92D80EBE2C871F
WS_BGRFC_INBOUND000,083,SRTQS_00505684390C1EDBAD92D834E11F071F,00505684390C1EDBAD92D834E11F871F
WS_BGRFC_INBOUND000,083,SRTQS_00505684390C1EDBAD92D85A4446071F,00505684390C1EDBAD92D85A4446871F
WS_BGRFC_INBOUND000,083,SRTQS_00505684390C1EDBAD92D87EAC0E871F,00505684390C1EDBAD92D8A395D5471F
WS_BGRFC_INBOUND000,083,SRTQS_00505684390C1EDBAD92D8CAB3FE671F,00505684390C1EDBAD92D8CAB3FEE71F
WS_BGRFC_INBOUND000,083,SRTQS_00505684390C1EDBAD92D8F5AF03A71F,00505684390C1EDBAD92D8F5AF04271F
WS_BGRFC_INBOUND000,083,SRTQS_00505684390C1EDBAD92D93C367CE71F,00505684390C1EDBAD92D93C367D671F
WS_BGRFC_INBOUND000,083,SRTQS_00505684390C1EDBAD92EF36E750A71F,00505684390C1EDBAD92EF36E751071F
WS_BGRFC_INBOUND000,083,SRTQS_00505684390C1EDBAD92EF5E78FC271F,00505684390C1EDBAD92EF5E78FC871F
WS_BGRFC_INBOUND000,083,SRTQS_00505684390C1EDBAD944A8F9D3F0724,00505684390C1EDBAD944A8F9D3F8724
WS_BGRFC_INBOUND000,083,SRTQS_00505684390C1EDBAD944BE6CF868724,00505684390C1EDBAD944BE6CF870724
WS_BGRFC_INBOUND000,083,SRTQS_00505684390C1EDBADA734C54308E74D,00505684390C1EDBADA734C54309674D
WS_BGRFC_INBOUND000,083,SRTQS_00505684390C1EDBADA7366A8D5A274D,00505684390C1EDBADA7366A8D5AA74D
WS_BGRFC_INBOUND000,083,SRTQS_00505684390C1EDBADAC366228422785,00505684390C1EDBADAC36622842C785
WS_BGRFC_INBOUND000,083,SRTQS_00505684390C1EDBADAC36B9AC682785,00505684390C1EDBADAC36B9AC68A785
WS_BGRFC_INBOUND000,083,SRTQS_00505684390C1EDBADACE9E68D8D278A,00505684390C1EDBADACEA133069078A
WS_BGRFC_INBOUND000,083,SRTQS_00505684390C1EDBADAD074F7066278B,00505684390C1EDBADAD074F7066E78B
WS_BGRFC_INBOUND000,083,SRTQS_00505684390C1EDBADC4534EEEF627CD,00505684390C1EDBADC4534EEEF6C7CD
WS_BGRFC_INBOUND000,083,SRTQS_00505684390C1EDBADC4538B1D8B47CD,00505684390C1EDBADC4538B1D8BC7CD
WS_BGRFC_INBOUND000,083,SRTQS_00505684390C1EDBADFC66DAC87AC9EC,00505684390C1EDBADFC66DAC87B49EC
WS_BGRFC_INBOUND000,083,SRTQS_00505684390C1EDBADFC6BCF9E81E9EC,00505684390C1EDBADFC6BCF9E8269EC
WS_BGRFC_INBOUND000,083,SRTQS_00505684390C1EDBADFC6E99B5E109EC,00505684390C1EDBADFC6E99B5E189EC
WS_BGRFC_INBOUND000,083,SRTQS_00505684390C1EDBAEC2E169C6BEEAE9,00505684390C1EDBAEC2E169C6BF8AE9
WS_BGRFC_INBOUND000,083,SRTQS_00505684390C1EDBAEC2E1B59A802AE9,00505684390C1EDBAEC2E1B59A80AAE9
WS_BGRFC_INBOUND000,083,SRTQS_00505684390C1EDBB18BB66380FAEFAB,00505684390C1EDBB18BB66380FB6FAB
WS_BGRFC_INBOUND000,083,SRTQS_00505684390C1EDBB18BB666655FEFAB,00505684390C1EDBB18BB66665606FAB
WS_BGRFC_INBOUND000,083,SRTQS_00505684390C1EDBB18BB865DA674FAB,00505684390C1EDBB18BB865DA67CFAB
WS_BGRFC_INBOUND000,083,SRTQS_00505684390C1EDBB18BBC330A0B6FAB,00505684390C1EDBB18BBC330A0BEFAB
WS_BGRFC_INBOUND000,083,SRTQS_00505684390C1EDBB18BBD3F5A8EAFAB,00505684390C1EDBB18BBD3F5A8F2FAB
WS_BGRFC_INBOUND000,083,SRTQS_00505684390C1EDBB18BC87E5CC9EFAB,00505684390C1EDBB18BC87E5CCA6FAB
WS_BGRFC_INBOUND000,083,SRTQS_00505684390C1EDBB18BCFF0D990AFAB,00505684390C1EDBB18BCFF0D9912FAB
WS_BGRFC_INBOUND000,083,SRTQS_00505684390C1EDBB18BD508FFB66FAB,00505684390C1EDBB18BD508FFB6EFAB
WS_BGRFC_INBOUND000,083,SRTQS_00505684390C1EDBB18C3D2A9830EFAF,00505684390C1EDBB18C3D2A98316FAF
WS_BGRFC_INBOUND000,083,SRTQS_00505684390C1EDBB2C79C99798C5158,00505684390C1EDBB2C79CC097509158
WS_BGRFC_INBOUND000,083,SRTQS_00505684390C1EDBB2C79CC09754F158,00505684390C1EDBB2C79CC097555158
WS_BGRFC_INBOUND000,083,SRTQS_00505684390C1EDBB2C7DA2653559158,00505684390C1EDBB2C7DA2653561158
WS_BGRFC_INBOUND000,083,SRTQS_00505684390C1EDBB2C7DA49EF25F158,00505684390C1EDBB2C7DA49EF267158
WS_BGRFC_INBOUND000,083,SRTQS_00505684390C1EDBB2C7DA71747CD158,00505684390C1EDBB2C7DA71747D5158
WS_BGRFC_INBOUND000,083,SRTQS_00505684390C1EDBB2C7DABC2ADD9158,00505684390C1EDBB2C7DABC2ADE1158
WS_BGRFC_INBOUND000,083,SRTQS_00505684390C1EDBB2C7DB0B545B3158,00505684390C1EDBB2C7DB0B545BB158
WS_BGRFC_INBOUND000,083,SRTQS_00505684390C1EDBB2C7DB352BC4D158,00505684390C1EDBB2C7DB352BC55158
WS_BGRFC_INBOUND000,083,SRTQS_00505684390C1EDBB2C7DB592DE65158,00505684390C1EDBB2C7DB592DE6D158
WS_BGRFC_INBOUND000,083,SRTQS_00505684390C1EDBB2C7DBA10D033158,00505684390C1EDBB2C7DBA10D03B158
WS_BGRFC_INBOUND000,083,SRTQS_00505684390C1EDBB2C7DBC756149158,00505684390C1EDBB2C7DBC756151158
WS_BGRFC_INBOUND000,083,SRTQS_00505684390C1EDBB2C7DBEDCFF1D158,00505684390C1EDBB2C7DBEDCFF25158
WS_BGRFC_INBOUND000,083,SRTQS_00505684390C1EDBB2C7DC3C8F883158,00505684390C1EDBB2C7DC3C8F88B158
WS_BGRFC_INBOUND000,083,SRTQS_00505684390C1EDBB2C7DC61CA535158,00505684390C1EDBB2C7DC61CA53D158
WS_BGRFC_INBOUND000,083,SRTQS_00505684390C1EDBB2C7DCB1B1BCF158,00505684390C1EDBB2C7DCB1B1BD7158
WS_BGRFC_INBOUND000,083,SRTQS_00505684390C1EDBB2C7DCD676B1D158,00505684390C1EDBB2C7DCD676B25158
WS_BGRFC_INBOUND000,083,SRTQS_00505684390C1EDBB2C7DD09CB8E7158,00505684390C1EDBB2C7DD09CB8EF158
WS_BGRFC_INBOUND000,083,SRTQS_00505684390C1EDBB2C7DD47CB38F158,00505684390C1EDBB2C7DD47CB397158
WS_BGRFC_INBOUND000,083,SRTQS_00505684390C1EDBB2C7DD6CEF6B3158,00505684390C1EDBB2C7DD6CEF6BB158
WS_BGRFC_INBOUND000,083,SRTQS_00505684390C1EDBB2C7DD93E153B158,00505684390C1EDBB2C7DD93E1543158
WS_BGRFC_INBOUND000,083,SRTQS_00505684390C1EDBB2C7DE2A71D57158,00505684390C1EDBB2C7DE2A71D5F158
WS_BGRFC_INBOUND000,083,SRTQS_00505684390C1EDBB2C7DE4FB2F95158,00505684390C1EDBB2C7DE4FB2F9D158
WS_BGRFC_INBOUND000,083,SRTQS_00505684390C1EDBB2C7DE768897B158,00505684390C1EDBB2C7DE7688983158
WS_BGRFC_INBOUND000,083,SRTQS_00505684390C1EDBB2C7DEC40E539158,00505684390C1EDBB2C7DEC40E541158
WS_BGRFC_INBOUND000,083,SRTQS_00505684390C1EDBB2C7DF11ABB8B158,00505684390C1EDBB2C7DF11ABB93158
WS_BGRFC_INBOUND000,083,SRTQS_00505684390C1EDBB2C7DF34BA567158,00505684390C1EDBB2C7DF34BA56F158
WS_BGRFC_INBOUND000,083,SRTQS_00505684390C1EDBB2C7DF5BBFD4B158,00505684390C1EDBB2C7DF5BBFD53158
WS_BGRFC_INBOUND000,083,SRTQS_00505684390C1EDBB2C7DF84EE6FF158,00505684390C1EDBB2C7DF84EE707158
WS_BGRFC_INBOUND000,083,SRTQS_00505684390C1EDBB2C7DFAA1BF21158,00505684390C1EDBB2C7DFAA1BF29158
WS_BGRFC_INBOUND000,083,SRTQS_00505684390C1EDBB2C7DFCDC5F4D158,00505684390C1EDBB2C7DFCDC5F55158
WS_BGRFC_INBOUND000,083,SRTQS_00505684390C1EDBB2C7DFF6A1ED5158,00505684390C1EDBB2C7DFF6A1EDD158
WS_BGRFC_INBOUND000,083,SRTQS_00505684390C1EDBB2C7E01CCA689158,00505684390C1EDBB2C7E01CCA691158
WS_BGRFC_INBOUND000,083,SRTQS_00505684390C1EDBB2C7E044899A9158,00505684390C1EDBB2C7E044899B1158
WS_BGRFC_INBOUND000,083,SRTQS_00505684390C1EDBB2C7E06AC7175158,00505684390C1EDBB2C7E06AC717D158
WS_BGRFC_INBOUND000,083,SRTQS_00505684390C1EDBB2C7E091D27B5158,00505684390C1EDBB2C7E091D27BD158
WS_BGRFC_INBOUND000,083,SRTQS_00505684390C1EDBB2C7E0B297CAD158,00505684390C1EDBB2C7E0B297CB5158
WS_BGRFC_INBOUND000,083,SRTQS_00505684390C1EDBB2C7E0DA1E67B158,00505684390C1EDBB2C7E0DA1E683158
WS_BGRFC_INBOUND000,083,SRTQS_00505684390C1EDBB2C7E0DA1E6FF158,00505684390C1EDBB2C7E0DA1E707158
WS_BGRFC_INBOUND000,083,SRTQS_00505684390C1EDBB2C7E1011C653158,00505684390C1EDBB2C7E1011C65B158
WS_BGRFC_INBOUND000,083,SRTQS_00505684390C1EDBB2C7E124A306D158,00505684390C1EDBB2C7E124A3075158
WS_BGRFC_INBOUND000,083,SRTQS_00505684390C1EDBB2C7E14B2E671158,00505684390C1EDBB2C7E14B2E679158
WS_BGRFC_INBOUND000,083,SRTQS_00505684390C1EDBB2C7E17358887158,00505684390C1EDBB2C7E1735888F158
WS_BGRFC_INBOUND000,083,SRTQS_00505684390C1EDBB2C7E1CC9B57F158,00505684390C1EDBB2C7E1CC9B587158
WS_BGRFC_INBOUND000,083,SRTQS_00505684390C1EDBB2C7E1E598035158,00505684390C1EDBB2C7E1E59803D158
WS_BGRFC_INBOUND000,083,SRTQS_00505684390C1EDBB2C7E2A58989D158,00505684390C1EDBB2C7E2A5898A5158
WS_BGRFC_INBOUND000,083,SRTQS_00505684390C1EDBB2C7E4700C3EF158,00505684390C1EDBB2C7E4700C3F7158
WS_BGRFC_INBOUND000,083,SRTQS_00505684390C1EDBB2C7E492038AD158,00505684390C1EDBB2C7E492038B5158
WS_BGRFC_INBOUND000,083,SRTQS_00505684390C1EDBB2C7E4DEDCDBF158,00505684390C1EDBB2C7E4DEDCDC7158
WS_BGRFC_INBOUND000,083,SRTQS_00505684390C1EDBB2C7E4DEDCE0B158,00505684390C1EDBB2C7E4DEDCE13158
WS_BGRFC_INBOUND000,083,SRTQS_00505684390C1EDBB2C7E610DA413158,00505684390C1EDBB2C7E610DA41B158
WS_BGRFC_INBOUND000,083,SRTQS_00505684390C1EDBB2C7E7365B3B7158,00505684390C1EDBB2C7E7365B3BF158
WS_BGRFC_INBOUND000,083,SRTQS_00505684390C1EDBB2C7E815492D3158,00505684390C1EDBB2C7E815492DB158
WS_BGRFC_INBOUND000,083,SRTQS_00505684390C1EDBB2C7E8D839245158,00505684390C1EDBB2C7E8D83924D158
WS_BGRFC_INBOUND000,083,SRTQS_00505684390C1EDBB2C7EA9BF1667158,00505684390C1EDBB2C7EA9BF166F158
WS_BGRFC_INBOUND000,083,SRTQS_00505684390C1EDBB2C7EC42BD3F3158,00505684390C1EDBB2C7EC42BD3FB158
WS_BGRFC_INBOUND000,083,SRTQS_00505684390C1EDBB2C7EC64CA127158,00505684390C1EDBB2C7EC64CA12F158
WS_BGRFC_INBOUND000,083,SRTQS_00505684390C1EDBB2C7EC8B0ED77158,00505684390C1EDBB2C7EC8B0ED7F158
WS_BGRFC_INBOUND000,083,SRTQS_00505684390C1EDBB2C7ECB161F27158,00505684390C1EDBB2C7ECB161F2F158
WS_BGRFC_INBOUND000,083,SRTQS_00505684390C1EDBB2C7ECD8C824F158,00505684390C1EDBB2C7ECD8C8257158
WS_BGRFC_INBOUND000,083,SRTQS_00505684390C1EDBB2C7ED2482BB5158,00505684390C1EDBB2C7ED2482BBD158
WS_BGRFC_INBOUND000,083,SRTQS_00505684390C1EDBB2C7ED71BD6AB158,00505684390C1EDBB2C7ED71BD6B3158
WS_BGRFC_INBOUND000,083,SRTQS_00505684390C1EDBB2C7ED9A5EBC7158,00505684390C1EDBB2C7ED9A5EBCF158
WS_BGRFC_INBOUND000,083,SRTQS_00505684390C1EDBB2C7EE7B820BF158,00505684390C1EDBB2C7EE7B820C7158
WS_BGRFC_INBOUND000,083,SRTQS_00505684390C1EDBB2C7EEC6EF261158,00505684390C1EDBB2C7EEC6EF269158
WS_BGRFC_INBOUND000,083,SRTQS_00505684390C1EDBB3A0D14D8414119C,00505684390C1EDBB3A0D14D8414719C
WS_BGRFC_INBOUND000,083,SRTQS_00505684390C1EDBB3A0D172E696F19C,00505684390C1EDBB3A0D172E697519C
WS_BGRFC_INBOUND000,083,SRTQS_00505684390C1EDBB3A1035F55E1919C,00505684390C1EDBB3A1035F55E2119C
WS_BGRFC_INBOUND000,083,SRTQS_00505684390C1EDBB3A10384122F919C,00505684390C1EDBB3A103841230119C
WS_BGRFC_INBOUND000,083,SRTQS_00505684390C1EDBB3A103F639CBB19C,00505684390C1EDBB3A103F639CC319C
WS_BGRFC_INBOUND000,083,SRTQS_00505684390C1EDBB3A104267C2C719C,00505684390C1EDBB3A104267C2CF19C
WS_BGRFC_INBOUND000,083,SRTQS_00505684390C1EDBB3A10443597C919C,00505684390C1EDBB3A10443597D119C
WS_BGRFC_INBOUND000,083,SRTQS_00505684390C1EDBB3A1046A2544B19C,00505684390C1EDBB3A1046A2545319C
WS_BGRFC_INBOUND000,083,SRTQS_00505684390C1EDBB3A104939113B19C,00505684390C1EDBB3A104939114319C
WS_BGRFC_INBOUND000,083,SRTQS_00505684390C1EDBB3A104B5EB05719C,00505684390C1EDBB3A104B5EB05F19C
WS_BGRFC_INBOUND000,083,SRTQS_00505684390C1EDBB3A104DB4C0AD19C,00505684390C1EDBB3A104DB4C0B519C
WS_BGRFC_INBOUND000,083,SRTQS_00505684390C1EDBB3A10505DF35B19C,00505684390C1EDBB3A10505DF36319C
WS_BGRFC_INBOUND000,083,SRTQS_00505684390C1EDBB3A10530E573F19C,00505684390C1EDBB3A10530E574719C
WS_BGRFC_INBOUND000,083,SRTQS_00505684390C1EDBB3A1054DB001719C,00505684390C1EDBB3A1054DB001F19C
WS_BGRFC_INBOUND000,083,SRTQS_00505684390C1EDBB3A105742B6BD19C,00505684390C1EDBB3A105742B6C519C
WS_BGRFC_INBOUND000,083,SRTQS_00505684390C1EDBB3A1059BE953F19C,00505684390C1EDBB3A1059BE954719C
WS_BGRFC_INBOUND000,083,SRTQS_00505684390C1EDBB3A105C009B0119C,00505684390C1EDBB3A105C009B0919C
WS_BGRFC_INBOUND000,083,SRTQS_00505684390C1EDBB3A105E99C90319C,00505684390C1EDBB3A105E99C90B19C
WS_BGRFC_INBOUND000,083,SRTQS_00505684390C1EDBB3A105E99C97F19C,00505684390C1EDBB3A105E99C98719C
WS_BGRFC_INBOUND000,083,SRTQS_00505684390C1EDBB3A1060C8476719C,00505684390C1EDBB3A1060C8476F19C
WS_BGRFC_INBOUND000,083,SRTQS_00505684390C1EDBB3A106A8AAF9719C,00505684390C1EDBB3A106A8AAF9F19C
WS_BGRFC_INBOUND000,083,SRTQS_00505684390C1EDBB3A106F166FC319C,00505684390C1EDBB3A106F166FCB19C
WS_BGRFC_INBOUND000,083,SRTQS_00505684390C1EDBB3A106F16705B19C,00505684390C1EDBB3A106F16706319C
WS_BGRFC_INBOUND000,083,SRTQS_00505684390C1EDBB3A1073E3A2B519C,00505684390C1EDBB3A1073E3A2BD19C
WS_BGRFC_INBOUND000,083,SRTQS_00505684390C1EDBB3A107D66E4B519C,00505684390C1EDBB3A107D66E4BD19C
WS_BGRFC_INBOUND000,083,SRTQS_00505684390C1EDBB3A1092D4FCAB19C,00505684390C1EDBB3A1092D4FCB319C
WS_BGRFC_INBOUND000,083,SRTQS_00505684390C1EDBB3A10A3B0313319C,00505684390C1EDBB3A10A3B0313B19C
WS_BGRFC_INBOUND000,083,SRTQS_00505684390C1EDBB3A10A62B127B19C,00505684390C1EDBB3A10A62B128319C
WS_BGRFC_INBOUND000,083,SRTQS_00505684390C1EDBB3A10AD0E737519C,00505684390C1EDBB3A10AD0E737D19C
WS_BGRFC_INBOUND000,083,SRTQS_00505684390C1EDBB3A10AF82C63D19C,00505684390C1EDBB3A10AF82C64519C
WS_BGRFC_INBOUND000,083,SRTQS_00505684390C1EDBB3A10C027CED319C,00505684390C1EDBB3A10C027CEDB19C
WS_BGRFC_INBOUND000,083,SRTQS_00505684390C1EDBB3A10C28A9CA519C,00505684390C1EDBB3A10C28A9CAD19C
WS_BGRFC_INBOUND000,083,SRTQS_00505684390C1EDBB3A10C778877D19C,00505684390C1EDBB3A10C778878519C
WS_BGRFC_INBOUND000,083,SRTQS_00505684390C1EDBB3A10C77887EB19C,00505684390C1EDBB3A10C77887F319C
WS_BGRFC_INBOUND000,083,SRTQS_00505684390C1EDBB3A10C9CDFB8F19C,00505684390C1EDBB3A10C9CDFB9719C
WS_BGRFC_INBOUND000,083,SRTQS_00505684390C1EDBB3A10DF20AED719C,00505684390C1EDBB3A10DF20AEDF19C
WS_BGRFC_INBOUND000,083,SRTQS_00505684390C1EDBB3A10DF20AF4919C,00505684390C1EDBB3A10DF20AF5119C
WS_BGRFC_INBOUND000,083,SRTQS_00505684390C1EDBB3A10E8FDFB2F19C,00505684390C1EDBB3A10E8FDFB3719C
WS_BGRFC_INBOUND000,083,SRTQS_00505684390C1EDBB3A10EB2A013119C,00505684390C1EDBB3A10EB2A013919C
WS_BGRFC_INBOUND000,083,SRTQS_00505684390C1EDBB3A110F0BCE5519C,00505684390C1EDBB3A110F0BCE5D19C
WS_BGRFC_INBOUND000,083,SRTQS_00505684390C1EDBB3A111148C27F19C,00505684390C1EDBB3A111148C28719C
WS_BGRFC_INBOUND000,083,SRTQS_00505684390C1EDBB3A111148C2F119C,00505684390C1EDBB3A111148C2F919C
WS_BGRFC_INBOUND000,083,SRTQS_00505684390C1EDBB3A111670B61519C,00505684390C1EDBB3A111670B61D19C
WS_BGRFC_INBOUND000,083,SRTQS_00505684390C1EDBB3A111858013319C,00505684390C1EDBB3A111858013B19C
WS_BGRFC_INBOUND000,083,SRTQS_00505684390C1EDBB3A1126A805C319C,00505684390C1EDBB3A1126A805CB19C
WS_BGRFC_INBOUND000,083,SRTQS_00505684390C1EDBB3A113E98131719C,00505684390C1EDBB3A113E98131F19C
WS_BGRFC_INBOUND000,083,SRTQS_00505684390C1EDBB3A11412ECA7F19C,00505684390C1EDBB3A11412ECA8719C
WS_BGRFC_INBOUND000,083,SRTQS_00505684390C1EDBB3A114346B34D19C,00505684390C1EDBB3A114346B35519C
WS_BGRFC_INBOUND000,083,SRTQS_00505684390C1EDBB3A114346B39919C,00505684390C1EDBB3A114346B3A119C
WS_BGRFC_INBOUND000,083,SRTQS_00505684390C1EDBB3A1153F2F4C119C,00505684390C1EDBB3A1153F2F4C919C
WS_BGRFC_INBOUND000,083,SRTQS_00505684390C1EDBB3A1164A79F3919C,00505684390C1EDBB3A1164A79F4119C
WS_BGRFC_INBOUND000,083,SRTQS_00505684390C1EDBB3A1170C0917F19C,00505684390C1EDBB3A1170C0918719C
WS_BGRFC_INBOUND000,083,SRTQS_00505684390C1EDBB3A117A576CBB19C,00505684390C1EDBB3A117A576CC319C
WS_BGRFC_INBOUND000,083,SRTQS_00505684390C1EDBB3A1194C1815319C,00505684390C1EDBB3A1194C1815B19C
WS_BGRFC_INBOUND000,083,SRTQS_00505684390C1EDBB3A11AA1E0DC319C,00505684390C1EDBB3A11AA1E0DCB19C
WS_BGRFC_INBOUND000,083,SRTQS_00505684390C1EDBB3A11AC38FC2D19C,00505684390C1EDBB3A11AC38FC3519C
WS_BGRFC_INBOUND000,083,SRTQS_00505684390C1EDBB3A11AE9E750719C,00505684390C1EDBB3A11AE9E750F19C
WS_BGRFC_INBOUND000,083,SRTQS_00505684390C1EDBB3A11B101158B19C,00505684390C1EDBB3A11B101159319C
WS_BGRFC_INBOUND000,083,SRTQS_00505684390C1EDBB3A11B388E31319C,00505684390C1EDBB3A11B388E31B19C
WS_BGRFC_INBOUND000,083,SRTQS_00505684390C1EDBB3A11B5C3266519C,00505684390C1EDBB3A11B5C3266D19C
WS_BGRFC_INBOUND000,083,SRTQS_00505684390C1EDBB3A11BA87859719C,00505684390C1EDBB3A11BA87859F19C
WS_BGRFC_INBOUND000,083,SRTQS_00505684390C1EDBB3A11BCDE18FB19C,00505684390C1EDBB3A11BCDE190319C
WS_BGRFC_INBOUND000,083,SRTQS_00505684390C1EDBB3A11C9BE6E7319C,00505684390C1EDBB3A11C9BE6E7B19C
WS_BGRFC_INBOUND000,083,SRTQS_00505684390C1EDBB3A11CD9566E319C,00505684390C1EDBB3A11CD9566EB19C
WS_BGRFC_INBOUND000,083,SRTQS_00505684390C1EDBB3AC12B14711D1AA,00505684390C1EDBB3AC12DDC201D1AA
WS_BGRFC_INBOUND000,083,SRTQS_00505684390C1EDBB3AC12DDC206D1AA,00505684390C1EDBB3AC12F7231651AA
WS_BGRFC_INBOUND000,083,SRTQS_00505684390C1EDBB3AC40A2699271AB,00505684390C1EDBB3AC40A26992F1AB
WS_BGRFC_INBOUND000,083,SRTQS_00505684390C1EDBB3AC40C7E54BD1AB,00505684390C1EDBB3AC40C7E54C51AB
WS_BGRFC_INBOUND000,083,SRTQS_00505684390C1EDBB3AC413AED7131AB,00505684390C1EDBB3AC413AED71B1AB
WS_BGRFC_INBOUND000,083,SRTQS_00505684390C1EDBB3AC4164DC5471AB,00505684390C1EDBB3AC4164DC54F1AB
WS_BGRFC_INBOUND000,083,SRTQS_00505684390C1EDBB3AC418715B8D1AB,00505684390C1EDBB3AC418715B951AB
WS_BGRFC_INBOUND000,083,SRTQS_00505684390C1EDBB3AC41AD5C0091AB,00505684390C1EDBB3AC41AD5C0111AB
WS_BGRFC_INBOUND000,083,SRTQS_00505684390C1EDBB3AC41D362FBD1AB,00505684390C1EDBB3AC41D362FC51AB
WS_BGRFC_INBOUND000,083,SRTQS_00505684390C1EDBB3AC41F9B07731AB,00505684390C1EDBB3AC41F9B077B1AB
WS_BGRFC_INBOUND000,083,SRTQS_00505684390C1EDBB3AC421FF388F1AB,00505684390C1EDBB3AC421FF38971AB
WS_BGRFC_INBOUND000,083,SRTQS_00505684390C1EDBB3AC424581B831AB,00505684390C1EDBB3AC424581B8B1AB
WS_BGRFC_INBOUND000,083,SRTQS_00505684390C1EDBB3AC426BE13AF1AB,00505684390C1EDBB3AC426BE13B71AB
WS_BGRFC_INBOUND000,083,SRTQS_00505684390C1EDBB3AC429151D0B1AB,00505684390C1EDBB3AC429151D131AB
WS_BGRFC_INBOUND000,083,SRTQS_00505684390C1EDBB3AC42B82AE431AB,00505684390C1EDBB3AC42B82AE4B1AB
WS_BGRFC_INBOUND000,083,SRTQS_00505684390C1EDBB3AC42B82AEBB1AB,00505684390C1EDBB3AC42DD9E94B1AB
WS_BGRFC_INBOUND000,083,SRTQS_00505684390C1EDBB3AC42DD9E9C11AB,00505684390C1EDBB3AC42DD9E9C91AB
WS_BGRFC_INBOUND000,083,SRTQS_00505684390C1EDBB3AC4305110811AB,00505684390C1EDBB3AC4305110891AB
WS_BGRFC_INBOUND000,083,SRTQS_00505684390C1EDBB3AC432A2BEF91AB,00505684390C1EDBB3AC432A2BF011AB
WS_BGRFC_INBOUND000,083,SRTQS_00505684390C1EDBB3AC432A2BF771AB,00505684390C1EDBB3AC435007E351AB
WS_BGRFC_INBOUND000,083,SRTQS_00505684390C1EDBB3AC43C391FE51AB,00505684390C1EDBB3AC43C391FED1AB
WS_BGRFC_INBOUND000,083,SRTQS_00505684390C1EDBB3AC43E8E76591AB,00505684390C1EDBB3AC43E8E76611AB
WS_BGRFC_INBOUND000,083,SRTQS_00505684390C1EDBB3AC4435B99591AB,00505684390C1EDBB3AC4435B99611AB
WS_BGRFC_INBOUND000,083,SRTQS_00505684390C1EDBB3AC448248F971AB,00505684390C1EDBB3AC448248F9F1AB
WS_BGRFC_INBOUND000,083,SRTQS_00505684390C1EDBB3AC4567117AF1AB,00505684390C1EDBB3AC4567117B71AB
WS_BGRFC_INBOUND000,083,SRTQS_00505684390C1EDBB3AC46BED87CD1AB,00505684390C1EDBB3AC46BED87D51AB
WS_BGRFC_INBOUND000,083,SRTQS_00505684390C1EDBB3AC47CADD0671AB,00505684390C1EDBB3AC47CADD06F1AB
WS_BGRFC_INBOUND000,083,SRTQS_00505684390C1EDBB3AC47FFD611D1AB,00505684390C1EDBB3AC47FFD61251AB
WS_BGRFC_INBOUND000,083,SRTQS_00505684390C1EDBB3AC488A109491AB,00505684390C1EDBB3AC488A109511AB
WS_BGRFC_INBOUND000,083,SRTQS_00505684390C1EDBB3AC488A109B91AB,00505684390C1EDBB3AC488A109C11AB
WS_BGRFC_INBOUND000,083,SRTQS_00505684390C1EDBB3AC49E13C5CD1AB,00505684390C1EDBB3AC49E13C5D51AB
WS_BGRFC_INBOUND000,083,SRTQS_00505684390C1EDBB3AC49E13C63D1AB,00505684390C1EDBB3AC4A049F0E11AB
WS_BGRFC_INBOUND000,083,SRTQS_00505684390C1EDBB3AC4A52633931AB,00505684390C1EDBB3AC4A526339B1AB
WS_BGRFC_INBOUND000,083,SRTQS_00505684390C1EDBB3AC4A52634031AB,00505684390C1EDBB3AC4A526340B1AB
WS_BGRFC_INBOUND000,083,SRTQS_00505684390C1EDBB3AC4A7733B631AB,00505684390C1EDBB3AC4A7733B6B1AB
WS_BGRFC_INBOUND000,083,SRTQS_00505684390C1EDBB3AC4BF4D967B1AB,00505684390C1EDBB3AC4BF4D96831AB
WS_BGRFC_INBOUND000,083,SRTQS_00505684390C1EDBB3AC4BF4D96EF1AB,00505684390C1EDBB3AC4BF4D96F71AB
WS_BGRFC_INBOUND000,083,SRTQS_00505684390C1EDBB3AC4C8DE63071AB,00505684390C1EDBB3AC4C8DE630F1AB
WS_BGRFC_INBOUND000,083,SRTQS_00505684390C1EDBB3AC4CB5D021F1AB,00505684390C1EDBB3AC4CB5D02271AB
WS_BGRFC_INBOUND000,083,SRTQS_00505684390C1EDBB3AC4EEFB74711AB,00505684390C1EDBB3AC4EEFB74791AB
WS_BGRFC_INBOUND000,083,SRTQS_00505684390C1EDBB3AC4F15AE40D1AB,00505684390C1EDBB3AC4F15AE4151AB
WS_BGRFC_INBOUND000,083,SRTQS_00505684390C1EDBB3AC4F3DDC9831AB,00505684390C1EDBB3AC4F3DDC98B1AB
WS_BGRFC_INBOUND000,083,SRTQS_00505684390C1EDBB3AC4F883A0451AB,00505684390C1EDBB3AC4F883A04D1AB
WS_BGRFC_INBOUND000,083,SRTQS_00505684390C1EDBB3AC4FAE404271AB,00505684390C1EDBB3AC4FAE4042F1AB
WS_BGRFC_INBOUND000,083,SRTQS_00505684390C1EDBB3AC5094650911AB,00505684390C1EDBB3AC5094650991AB
WS_BGRFC_INBOUND000,083,SRTQS_00505684390C1EDBB3AC52113BC991AB,00505684390C1EDBB3AC52113BCA11AB
WS_BGRFC_INBOUND000,083,SRTQS_00505684390C1EDBB3AC5236BB94D1AB,00505684390C1EDBB3AC5236BB9551AB
WS_BGRFC_INBOUND000,083,SRTQS_00505684390C1EDBB3AC525D1C5171AB,00505684390C1EDBB3AC525D1C51F1AB
WS_BGRFC_INBOUND000,083,SRTQS_00505684390C1EDBB3AC52832D50B1AB,00505684390C1EDBB3AC52832D5131AB
WS_BGRFC_INBOUND000,083,SRTQS_00505684390C1EDBB3AC538FC5F4B1AB,00505684390C1EDBB3AC538FC5F531AB
WS_BGRFC_INBOUND000,083,SRTQS_00505684390C1EDBB3AC547A497391AB,00505684390C1EDBB3AC547A497411AB
WS_BGRFC_INBOUND000,083,SRTQS_00505684390C1EDBB3AC5531C7B711AB,00505684390C1EDBB3AC5531C7B791AB
WS_BGRFC_INBOUND000,083,SRTQS_00505684390C1EDBB3AC55F2B071D1AB,00505684390C1EDBB3AC55F2B07251AB
WS_BGRFC_INBOUND000,083,SRTQS_00505684390C1EDBB3AC576F246591AB,00505684390C1EDBB3AC57941FA8D1AB
WS_BGRFC_INBOUND000,083,SRTQS_00505684390C1EDBB3AC58F536FFB1AB,00505684390C1EDBB3AC58F5370031AB
WS_BGRFC_INBOUND000,083,SRTQS_00505684390C1EDBB3AC59124532F1AB,00505684390C1EDBB3AC5912453371AB
WS_BGRFC_INBOUND000,083,SRTQS_00505684390C1EDBB3AC5912453991AB,00505684390C1EDBB3AC5912453A11AB
WS_BGRFC_INBOUND000,083,SRTQS_00505684390C1EDBB3AC593903ED51AB,00505684390C1EDBB3AC593903EDD1AB
WS_BGRFC_INBOUND000,083,SRTQS_00505684390C1EDBB3AC595FBDB4B1AB,00505684390C1EDBB3AC595FBDB531AB
WS_BGRFC_INBOUND000,083,SRTQS_00505684390C1EDBB3AC5984BE3E91AB,00505684390C1EDBB3AC5984BE3F11AB
WS_BGRFC_INBOUND000,083,SRTQS_00505684390C1EDBB3AC59D0B4CBF1AB,00505684390C1EDBB3AC59D0B4CC71AB
WS_BGRFC_INBOUND000,083,SRTQS_00505684390C1EDBB3AC59D0B4D0B1AB,00505684390C1EDBB3AC59D0B4D131AB
WS_BGRFC_INBOUND000,083,SRTQS_00505684390C1EDBB3AC5A6E080871AB,00505684390C1EDBB3AC5A6E0808F1AB
WS_BGRFC_INBOUND000,083,SRTQS_00505684390C1EDBB3AC5A91C8BDB1AB,00505684390C1EDBB3AC5A91C8BE31AB
WS_BGRFC_INBOUND000,083,SRTQS_00505684390C1EDBB3C53842EDF5D1DF,00505684390C1EDBB3C53868DBD911DF
WS_BGRFC_INBOUND000,083,SRTQS_00505684390C1EDBB3C53868DBDDF1DF,00505684390C1EDBB3C53868DBDE51DF
WS_BGRFC_INBOUND000,083,SRTQS_00505684390C1EDBB3C56689B397D1E0,00505684390C1EDBB3C56689B39851E0
WS_BGRFC_INBOUND000,083,SRTQS_00505684390C1EDBB3C566ADFF7711E0,00505684390C1EDBB3C566ADFF7791E0
WS_BGRFC_INBOUND000,083,SRTQS_00505684390C1EDBB3C566F9DFB3B1E0,00505684390C1EDBB3C566F9DFB431E0
WS_BGRFC_INBOUND000,083,SRTQS_00505684390C1EDBB3C56720676C11E0,00505684390C1EDBB3C56745EFA8D1E0
WS_BGRFC_INBOUND000,083,SRTQS_00505684390C1EDBB3C5676C150131E0,00505684390C1EDBB3C5676C1501B1E0
WS_BGRFC_INBOUND000,083,SRTQS_00505684390C1EDBB3C56793AFA691E0,00505684390C1EDBB3C56793AFA711E0
WS_BGRFC_INBOUND000,083,SRTQS_00505684390C1EDBB3C567B8628171E0,00505684390C1EDBB3C567B86281F1E0
WS_BGRFC_INBOUND000,083,SRTQS_00505684390C1EDBB3C567DF170831E0,00505684390C1EDBB3C567DF1708B1E0
WS_BGRFC_INBOUND000,083,SRTQS_00505684390C1EDBB3C567DF171011E0,00505684390C1EDBB3C567DF171091E0
WS_BGRFC_INBOUND000,083,SRTQS_00505684390C1EDBB3C56805342011E0,00505684390C1EDBB3C56805342091E0
WS_BGRFC_INBOUND000,083,SRTQS_00505684390C1EDBB3C5682C264F91E0,00505684390C1EDBB3C5682C265011E0
WS_BGRFC_INBOUND000,083,SRTQS_00505684390C1EDBB3C56853A15EF1E0,00505684390C1EDBB3C56853A15F71E0
WS_BGRFC_INBOUND000,083,SRTQS_00505684390C1EDBB3C5687C838831E0,00505684390C1EDBB3C5687C8388B1E0
WS_BGRFC_INBOUND000,083,SRTQS_00505684390C1EDBB3C5689E9B3A91E0,00505684390C1EDBB3C5689E9B3B11E0
WS_BGRFC_INBOUND000,083,SRTQS_00505684390C1EDBB3C568C5886051E0,00505684390C1EDBB3C568C58860D1E0
WS_BGRFC_INBOUND000,083,SRTQS_00505684390C1EDBB3C568E9EE5651E0,00505684390C1EDBB3C568E9EE56D1E0
WS_BGRFC_INBOUND000,083,SRTQS_00505684390C1EDBB3C568E9EE5E31E0,00505684390C1EDBB3C568E9EE5EB1E0
WS_BGRFC_INBOUND000,083,SRTQS_00505684390C1EDBB3C5690FB68651E0,00505684390C1EDBB3C5690FB686D1E0
WS_BGRFC_INBOUND000,083,SRTQS_00505684390C1EDBB3C569F5633CB1E0,00505684390C1EDBB3C569F5633D31E0
WS_BGRFC_INBOUND000,083,SRTQS_00505684390C1EDBB3C56A8F12CC11E0,00505684390C1EDBB3C56A8F12CC91E0
WS_BGRFC_INBOUND000,083,SRTQS_00505684390C1EDBB3C56AB5709FD1E0,00505684390C1EDBB3C56AB570A051E0
WS_BGRFC_INBOUND000,083,SRTQS_00505684390C1EDBB3C56B006ADD51E0,00505684390C1EDBB3C56B006ADDD1E0
WS_BGRFC_INBOUND000,083,SRTQS_00505684390C1EDBB3C56BBF0C8C51E0,00505684390C1EDBB3C56BBF0C8CD1E0
WS_BGRFC_INBOUND000,083,SRTQS_00505684390C1EDBB3C56D18192971E0,00505684390C1EDBB3C56D181929F1E0
WS_BGRFC_INBOUND000,083,SRTQS_00505684390C1EDBB3C56DFB23E4F1E0,00505684390C1EDBB3C56E20A53B11E0
WS_BGRFC_INBOUND000,083,SRTQS_00505684390C1EDBB3C56E20A53F71E0,00505684390C1EDBB3C56E20A53FF1E0
WS_BGRFC_INBOUND000,083,SRTQS_00505684390C1EDBB3C56EBBBF2151E0,00505684390C1EDBB3C56EBBBF21D1E0
WS_BGRFC_INBOUND000,083,SRTQS_00505684390C1EDBB3C56EE0494111E0,00505684390C1EDBB3C56EE0494191E0
WS_BGRFC_INBOUND000,083,SRTQS_00505684390C1EDBB3C56FEAE92371E1,00505684390C1EDBB3C56FEAE923F1E1
WS_BGRFC_INBOUND000,083,SRTQS_00505684390C1EDBB3C570109894F1E1,00505684390C1EDBB3C57010989571E1
WS_BGRFC_INBOUND000,083,SRTQS_00505684390C1EDBB3C5705CDDDEB1E1,00505684390C1EDBB3C5705CDDDF31E1
WS_BGRFC_INBOUND000,083,SRTQS_00505684390C1EDBB3C57084AA10F1E1,00505684390C1EDBB3C57084AA1171E1
WS_BGRFC_INBOUND000,083,SRTQS_00505684390C1EDBB3C57084AA17F1E1,00505684390C1EDBB3C57084AA1871E1
WS_BGRFC_INBOUND000,083,SRTQS_00505684390C1EDBB3C571DC9F55D1E1,00505684390C1EDBB3C571DC9F5651E1
WS_BGRFC_INBOUND000,083,SRTQS_00505684390C1EDBB3C57202451071E1,00505684390C1EDBB3C572024510F1E1
WS_BGRFC_INBOUND000,083,SRTQS_00505684390C1EDBB3C57299A49871E1,00505684390C1EDBB3C57299A498F1E1
WS_BGRFC_INBOUND000,083,SRTQS_00505684390C1EDBB3C57299A4A0D1E1,00505684390C1EDBB3C57299A4A151E1
WS_BGRFC_INBOUND000,083,SRTQS_00505684390C1EDBB3C574B3BDF5D1E1,00505684390C1EDBB3C574B3BDF651E1
WS_BGRFC_INBOUND000,083,SRTQS_00505684390C1EDBB3C574D6F88B31E1,00505684390C1EDBB3C574D6F88BB1E1
WS_BGRFC_INBOUND000,083,SRTQS_00505684390C1EDBB3C574D6F89271E1,00505684390C1EDBB3C574D6F892F1E1
WS_BGRFC_INBOUND000,083,SRTQS_00505684390C1EDBB3C5752CAEF391E1,00505684390C1EDBB3C5752CAEF411E1
WS_BGRFC_INBOUND000,083,SRTQS_00505684390C1EDBB3C5756E1462B1E1,00505684390C1EDBB3C5756E146331E1
WS_BGRFC_INBOUND000,083,SRTQS_00505684390C1EDBB3C576068C8EB1E1,00505684390C1EDBB3C576068C8F31E1
WS_BGRFC_INBOUND000,083,SRTQS_00505684390C1EDBB3C5775F10A291E1,00505684390C1EDBB3C5775F10A311E1
WS_BGRFC_INBOUND000,083,SRTQS_00505684390C1EDBB3C577888BDE11E1,00505684390C1EDBB3C577888BDE91E1
WS_BGRFC_INBOUND000,083,SRTQS_00505684390C1EDBB3C577AB3E80D1E1,00505684390C1EDBB3C577AB3E8151E1
WS_BGRFC_INBOUND000,083,SRTQS_00505684390C1EDBB3C577AB3E85B1E1,00505684390C1EDBB3C577AB3E8631E1
WS_BGRFC_INBOUND000,083,SRTQS_00505684390C1EDBB3C5788F7B4371E1,00505684390C1EDBB3C5788F7B43F1E1
WS_BGRFC_INBOUND000,083,SRTQS_00505684390C1EDBB3C579790B5191E1,00505684390C1EDBB3C579790B5211E1
WS_BGRFC_INBOUND000,083,SRTQS_00505684390C1EDBB3C57A329A5391E1,00505684390C1EDBB3C57A329A5411E1
WS_BGRFC_INBOUND000,083,SRTQS_00505684390C1EDBB3C57ACBF0ED51E1,00505684390C1EDBB3C57ACBF0EDD1E1
WS_BGRFC_INBOUND000,083,SRTQS_00505684390C1EDBB3C57C23890451E1,00505684390C1EDBB3C57C238904D1E1
WS_BGRFC_INBOUND000,083,SRTQS_00505684390C1EDBB3C57D7A7D7691E1,00505684390C1EDBB3C57D7A7D7711E1
WS_BGRFC_INBOUND000,083,SRTQS_00505684390C1EDBB3C57DA11C2A51E1,00505684390C1EDBB3C57DA11C2AD1E1
WS_BGRFC_INBOUND000,083,SRTQS_00505684390C1EDBB3C57DC658C971E1,00505684390C1EDBB3C57DC658C9F1E1
WS_BGRFC_INBOUND000,083,SRTQS_00505684390C1EDBB3C57DC658CF91E1,00505684390C1EDBB3C57DC658D011E1
WS_BGRFC_INBOUND000,083,SRTQS_00505684390C1EDBB3C57DED592071E1,00505684390C1EDBB3C57DED5920F1E1
WS_BGRFC_INBOUND000,083,SRTQS_00505684390C1EDBB3C57E14760351E1,00505684390C1EDBB3C57E147603D1E1
WS_BGRFC_INBOUND000,083,SRTQS_00505684390C1EDBB3C57E5FAC0931E1,00505684390C1EDBB3C57E5FAC09B1E1
WS_BGRFC_INBOUND000,083,SRTQS_00505684390C1EDBB3C57E5FAC0DF1E1,00505684390C1EDBB3C57E5FAC0E71E1
WS_BGRFC_INBOUND000,083,SRTQS_00505684390C1EDBB3C57EF9A9F1B1E1,00505684390C1EDBB3C57EF9A9F231E1
WS_BGRFC_INBOUND000,083,SRTQS_00505684390C1EDBB3C57F1E91EFF1E1,00505684390C1EDBB3C57F1E91F071E1
WS_BGRFC_INBOUND000,083,SRTQS_00505684390C1EDBB3DE5DB71174D214,00505684390C1EDBB3DE5DB711753214
WS_BGRFC_INBOUND000,083,SRTQS_00505684390C1EDBB3DE5DDCB9BF9214,00505684390C1EDBB3DE5DDCB9BFF214
WS_BGRFC_INBOUND000,083,SRTQS_00505684390C1EDBB3DE89756D1AD214,00505684390C1EDBB3DE89756D1B5214
WS_BGRFC_INBOUND000,083,SRTQS_00505684390C1EDBB3DE899ABC01B214,00505684390C1EDBB3DE899ABC023214
WS_BGRFC_INBOUND000,083,SRTQS_00505684390C1EDBB3DE89E49171B214,00505684390C1EDBB3DE89E491723214
WS_BGRFC_INBOUND000,083,SRTQS_00505684390C1EDBB3DE8A31B7BFF214,00505684390C1EDBB3DE8A31B7C07214
WS_BGRFC_INBOUND000,083,SRTQS_00505684390C1EDBB3DE8A5926525214,00505684390C1EDBB3DE8A592652D214
WS_BGRFC_INBOUND000,083,SRTQS_00505684390C1EDBB3DE8A7D728E5214,00505684390C1EDBB3DE8A7D728ED214
WS_BGRFC_INBOUND000,083,SRTQS_00505684390C1EDBB3DE8AA7ACBA3214,00505684390C1EDBB3DE8AA7ACBAB214
WS_BGRFC_INBOUND000,083,SRTQS_00505684390C1EDBB3DE8AC9B1829214,00505684390C1EDBB3DE8AC9B1831214
WS_BGRFC_INBOUND000,083,SRTQS_00505684390C1EDBB3DE8AEF83B13214,00505684390C1EDBB3DE8AEF83B1B214
WS_BGRFC_INBOUND000,083,SRTQS_00505684390C1EDBB3DE8B16BFEF7214,00505684390C1EDBB3DE8B16BFEFF214
WS_BGRFC_INBOUND000,083,SRTQS_00505684390C1EDBB3DE8B16BFF6F214,00505684390C1EDBB3DE8B3BEF417214
WS_BGRFC_INBOUND000,083,SRTQS_00505684390C1EDBB3DE8B3BEF487214,00505684390C1EDBB3DE8B3BEF48F214
WS_BGRFC_INBOUND000,083,SRTQS_00505684390C1EDBB3DE8B642A973214,00505684390C1EDBB3DE8B642A97B214
WS_BGRFC_INBOUND000,083,SRTQS_00505684390C1EDBB3DE8B887DA73214,00505684390C1EDBB3DE8B887DA7B214
WS_BGRFC_INBOUND000,083,SRTQS_00505684390C1EDBB3DE8BAE41EF5214,00505684390C1EDBB3DE8BAE41EFD214
WS_BGRFC_INBOUND000,083,SRTQS_00505684390C1EDBB3DE8BD7790A7214,00505684390C1EDBB3DE8BD7790AF214
WS_BGRFC_INBOUND000,083,SRTQS_00505684390C1EDBB3DE8BFB3D923214,00505684390C1EDBB3DE8BFB3D92B214
WS_BGRFC_INBOUND000,083,SRTQS_00505684390C1EDBB3DE8BFB3D9A1214,00505684390C1EDBB3DE8BFB3D9A9214
WS_BGRFC_INBOUND000,083,SRTQS_00505684390C1EDBB3DE8C7841495214,00505684390C1EDBB3DE8C9410931214
WS_BGRFC_INBOUND000,083,SRTQS_00505684390C1EDBB3DE8D5215119214,00505684390C1EDBB3DE8D5215121214
WS_BGRFC_INBOUND000,083,SRTQS_00505684390C1EDBB3DE8D7B1D98D214,00505684390C1EDBB3DE8D7B1D995214
WS_BGRFC_INBOUND000,083,SRTQS_00505684390C1EDBB3DE8D9E98107214,00505684390C1EDBB3DE8D9E9810F214
WS_BGRFC_INBOUND000,083,SRTQS_00505684390C1EDBB3DE8DEAC3DEB214,00505684390C1EDBB3DE8DEAC3DF3214
WS_BGRFC_INBOUND000,083,SRTQS_00505684390C1EDBB3DE8E842DE07214,00505684390C1EDBB3DE8E842DE0F214
WS_BGRFC_INBOUND000,083,SRTQS_00505684390C1EDBB3DE8FDDE320B214,00505684390C1EDBB3DE8FDDE3213214
WS_BGRFC_INBOUND000,083,SRTQS_00505684390C1EDBB3DE90E710D75214,00505684390C1EDBB3DE90E710D7D214
WS_BGRFC_INBOUND000,083,SRTQS_00505684390C1EDBB3DE910DA4ECB214,00505684390C1EDBB3DE910DA4ED3214
WS_BGRFC_INBOUND000,083,SRTQS_00505684390C1EDBB3DE917F67789214,00505684390C1EDBB3DE917F67791214
WS_BGRFC_INBOUND000,083,SRTQS_00505684390C1EDBB3DE91A4E4D37214,00505684390C1EDBB3DE91A4E4D3F214
WS_BGRFC_INBOUND000,083,SRTQS_00505684390C1EDBB3DE92D704E35214,00505684390C1EDBB3DE92D704E3D214
WS_BGRFC_INBOUND000,083,SRTQS_00505684390C1EDBB3DE92D704EA5214,00505684390C1EDBB3DE92D704EAD214
WS_BGRFC_INBOUND000,083,SRTQS_00505684390C1EDBB3DE93246E6CD214,00505684390C1EDBB3DE93246E6D5214
WS_BGRFC_INBOUND000,083,SRTQS_00505684390C1EDBB3DE93494B9D7214,00505684390C1EDBB3DE93494B9DF214
WS_BGRFC_INBOUND000,083,SRTQS_00505684390C1EDBB3DE936F6AE43214,00505684390C1EDBB3DE936F6AE4B214
WS_BGRFC_INBOUND000,083,SRTQS_00505684390C1EDBB3DE949F115EF215,00505684390C1EDBB3DE94C55117D215
WS_BGRFC_INBOUND000,083,SRTQS_00505684390C1EDBB3DE94C5511E9215,00505684390C1EDBB3DE94C5511F1215
WS_BGRFC_INBOUND000,083,SRTQS_00505684390C1EDBB3DE955E26DB9215,00505684390C1EDBB3DE955E26DC1215
WS_BGRFC_INBOUND000,083,SRTQS_00505684390C1EDBB3DE95842FB8F215,00505684390C1EDBB3DE95842FB97215
WS_BGRFC_INBOUND000,083,SRTQS_00505684390C1EDBB3DE97773EE77215,00505684390C1EDBB3DE97773EE7F215
WS_BGRFC_INBOUND000,083,SRTQS_00505684390C1EDBB3DE97773EEEB215,00505684390C1EDBB3DE97773EEF3215
WS_BGRFC_INBOUND000,083,SRTQS_00505684390C1EDBB3DE979A146BF215,00505684390C1EDBB3DE979A146C7215
WS_BGRFC_INBOUND000,083,SRTQS_00505684390C1EDBB3DE97E7768A9215,00505684390C1EDBB3DE97E7768B1215
WS_BGRFC_INBOUND000,083,SRTQS_00505684390C1EDBB3DE980D802D5215,00505684390C1EDBB3DE980D802DD215
WS_BGRFC_INBOUND000,083,SRTQS_00505684390C1EDBB3DE98CC12B31215,00505684390C1EDBB3DE98CC12B39215
WS_BGRFC_INBOUND000,083,SRTQS_00505684390C1EDBB3DE9A489F9FD215,00505684390C1EDBB3DE9A489FA05215
WS_BGRFC_INBOUND000,083,SRTQS_00505684390C1EDBB3DE9A489FA71215,00505684390C1EDBB3DE9A6F3457D215
WS_BGRFC_INBOUND000,083,SRTQS_00505684390C1EDBB3DE9A6F345E5215,00505684390C1EDBB3DE9A6F345ED215
WS_BGRFC_INBOUND000,083,SRTQS_00505684390C1EDBB3DE9A9737049215,00505684390C1EDBB3DE9A9737051215
WS_BGRFC_INBOUND000,083,SRTQS_00505684390C1EDBB3DE9B7A32443215,00505684390C1EDBB3DE9B7A3244B215
WS_BGRFC_INBOUND000,083,SRTQS_00505684390C1EDBB3DE9C86EF4B7215,00505684390C1EDBB3DE9C86EF4BF215
WS_BGRFC_INBOUND000,083,SRTQS_00505684390C1EDBB3DE9D4405A7B215,00505684390C1EDBB3DE9D4405A83215
WS_BGRFC_INBOUND000,083,SRTQS_00505684390C1EDBB3DE9DDC8776D215,00505684390C1EDBB3DE9DDC87775215
WS_BGRFC_INBOUND000,083,SRTQS_00505684390C1EDBB3DE9F5CC6153215,00505684390C1EDBB3DE9F5CC615B215
WS_BGRFC_INBOUND000,083,SRTQS_00505684390C1EDBB3DEA08AD078D215,00505684390C1EDBB3DEA08AD0795215
WS_BGRFC_INBOUND000,083,SRTQS_00505684390C1EDBB3DEA0B1D6F9F215,00505684390C1EDBB3DEA0B1D6FA7215
WS_BGRFC_INBOUND000,083,SRTQS_00505684390C1EDBB3DEA0D75F36D215,00505684390C1EDBB3DEA0D75F375215
WS_BGRFC_INBOUND000,083,SRTQS_00505684390C1EDBB3DEA0D75F3CF215,00505684390C1EDBB3DEA0FD78225215
WS_BGRFC_INBOUND000,083,SRTQS_00505684390C1EDBB3DEA0FD78281215,00505684390C1EDBB3DEA0FD78289215
WS_BGRFC_INBOUND000,083,SRTQS_00505684390C1EDBB3DEA12426B6B215,00505684390C1EDBB3DEA12426B73215
WS_BGRFC_INBOUND000,083,SRTQS_00505684390C1EDBB3DEA17092683215,00505684390C1EDBB3DEA1709268B215
WS_BGRFC_INBOUND000,083,SRTQS_00505684390C1EDBB3DEA170926CF215,00505684390C1EDBB3DEA170926D7215
WS_BGRFC_INBOUND000,083,SRTQS_00505684390C1EDBB3DEA20868EEB215,00505684390C1EDBB3DEA20868EF3215
WS_BGRFC_INBOUND000,083,SRTQS_00505684390C1EDBB3DEA231A477D215,00505684390C1EDBB3DEA231A4785215
WS_BGRFC_INBOUND000,083,SRTQS_00505684390C1EDBB3E59C0A1C133224,00505684390C1EDBB3E59C0A1C139224
WS_BGRFC_INBOUND000,083,SRTQS_00505684390C1EDBB3E59C2B002FF224,00505684390C1EDBB3E59C2B00305224
WS_BGRFC_INBOUND000,083,SRTQS_00505684390C1EDBB3E5C9C221203225,00505684390C1EDBB3E5C9C22120B225
WS_BGRFC_INBOUND000,083,SRTQS_00505684390C1EDBB3E5C9EA5A5CD225,00505684390C1EDBB3E5C9EA5A5D5225
WS_BGRFC_INBOUND000,083,SRTQS_00505684390C1EDBB3E5CA346DA0B225,00505684390C1EDBB3E5CA346DA13225
WS_BGRFC_INBOUND000,083,SRTQS_00505684390C1EDBB3E5CA8B41E8B225,00505684390C1EDBB3E5CA8B41E93225
WS_BGRFC_INBOUND000,083,SRTQS_00505684390C1EDBB3E5CAA792C77225,00505684390C1EDBB3E5CAA792C7F225
WS_BGRFC_INBOUND000,083,SRTQS_00505684390C1EDBB3E5CACDBE391225,00505684390C1EDBB3E5CACDBE399225
WS_BGRFC_INBOUND000,083,SRTQS_00505684390C1EDBB3E5CAF426D31225,00505684390C1EDBB3E5CAF426D39225
WS_BGRFC_INBOUND000,083,SRTQS_00505684390C1EDBB3E5CB1A206B1225,00505684390C1EDBB3E5CB1A206B9225
WS_BGRFC_INBOUND000,083,SRTQS_00505684390C1EDBB3E5CB1A2072F225,00505684390C1EDBB3E5CB1A20737225
WS_BGRFC_INBOUND000,083,SRTQS_00505684390C1EDBB3E5CB4020A9F225,00505684390C1EDBB3E5CB4020AA7225
WS_BGRFC_INBOUND000,083,SRTQS_00505684390C1EDBB3E5CB917DC9F225,00505684390C1EDBB3E5CB917DCA7225
WS_BGRFC_INBOUND000,083,SRTQS_00505684390C1EDBB3E5CBB577BAF225,00505684390C1EDBB3E5CBB577BB7225
WS_BGRFC_INBOUND000,083,SRTQS_00505684390C1EDBB3E5CBDA6F0F7225,00505684390C1EDBB3E5CBDA6F0FF225
WS_BGRFC_INBOUND000,083,SRTQS_00505684390C1EDBB3E5CC0099C4B225,00505684390C1EDBB3E5CC0099C53225
WS_BGRFC_INBOUND000,083,SRTQS_00505684390C1EDBB3E5CC0099CC9225,00505684390C1EDBB3E5CC0099CD1225
WS_BGRFC_INBOUND000,083,SRTQS_00505684390C1EDBB3E5CC26BABCD225,00505684390C1EDBB3E5CC26BABD5225
WS_BGRFC_INBOUND000,083,SRTQS_00505684390C1EDBB3E5CC4E4B61B225,00505684390C1EDBB3E5CC4E4B623225
WS_BGRFC_INBOUND000,083,SRTQS_00505684390C1EDBB3E5CC72F3A7F225,00505684390C1EDBB3E5CC72F3A87225
WS_BGRFC_INBOUND000,083,SRTQS_00505684390C1EDBB3E5CCBF43EC7225,00505684390C1EDBB3E5CCBF43ECF225
WS_BGRFC_INBOUND000,083,SRTQS_00505684390C1EDBB3E5CD7BB08BF225,00505684390C1EDBB3E5CD7BB08C7225
WS_BGRFC_INBOUND000,083,SRTQS_00505684390C1EDBB3E5CDA2D7F9F225,00505684390C1EDBB3E5CDA2D7FA7225
WS_BGRFC_INBOUND000,083,SRTQS_00505684390C1EDBB3E5CDC991F5F225,00505684390C1EDBB3E5CDC991F67225
WS_BGRFC_INBOUND000,083,SRTQS_00505684390C1EDBB3E5CE1628417225,00505684390C1EDBB3E5CE162841F225
WS_BGRFC_INBOUND000,083,SRTQS_00505684390C1EDBB3E5CEAE84D53225,00505684390C1EDBB3E5CEAE84D5B225
WS_BGRFC_INBOUND000,083,SRTQS_00505684390C1EDBB3E5D02F87E23225,00505684390C1EDBB3E5D02F87E2B225
WS_BGRFC_INBOUND000,083,SRTQS_00505684390C1EDBB3E5D10FC9AE3225,00505684390C1EDBB3E5D10FC9AEB225
WS_BGRFC_INBOUND000,083,SRTQS_00505684390C1EDBB3E5D10FC9B31225,00505684390C1EDBB3E5D10FC9B39225
WS_BGRFC_INBOUND000,083,SRTQS_00505684390C1EDBB3E5D1A88904B225,00505684390C1EDBB3E5D1A889053225
WS_BGRFC_INBOUND000,083,SRTQS_00505684390C1EDBB3E5D1A8890BB225,00505684390C1EDBB3E5D1A8890C3225
WS_BGRFC_INBOUND000,083,SRTQS_00505684390C1EDBB3E5D3035AD77225,00505684390C1EDBB3E5D3035AD7F225
WS_BGRFC_INBOUND000,083,SRTQS_00505684390C1EDBB3E5D3035ADE7225,00505684390C1EDBB3E5D3035ADEF225
WS_BGRFC_INBOUND000,083,SRTQS_00505684390C1EDBB3E5D374CBDD5225,00505684390C1EDBB3E5D374CBDDD225
WS_BGRFC_INBOUND000,083,SRTQS_00505684390C1EDBB3E5D397E4977225,00505684390C1EDBB3E5D397E497F225
WS_BGRFC_INBOUND000,083,SRTQS_00505684390C1EDBB3E5D397E49E7225,00505684390C1EDBB3E5D397E49EF225
WS_BGRFC_INBOUND000,083,SRTQS_00505684390C1EDBB3E5D4F0A9FF3225,00505684390C1EDBB3E5D4F0A9FFB225
WS_BGRFC_INBOUND000,083,SRTQS_00505684390C1EDBB3E5D517119FD225,00505684390C1EDBB3E5D51711A05225
WS_BGRFC_INBOUND000,083,SRTQS_00505684390C1EDBB3E5D58984441225,00505684390C1EDBB3E5D58984449225
WS_BGRFC_INBOUND000,083,SRTQS_00505684390C1EDBB3E5D5AE4004B225,00505684390C1EDBB3E5D5AE40053225
WS_BGRFC_INBOUND000,083,SRTQS_00505684390C1EDBB3E5D7A09BAEF225,00505684390C1EDBB3E5D7A09BAF7225
WS_BGRFC_INBOUND000,083,SRTQS_00505684390C1EDBB3E5D7C6D68B3225,00505684390C1EDBB3E5D7C6D68BB225
WS_BGRFC_INBOUND000,083,SRTQS_00505684390C1EDBB3E5D7EB747B9225,00505684390C1EDBB3E5D7EB747C1225
WS_BGRFC_INBOUND000,083,SRTQS_00505684390C1EDBB3E5D85C67B77225,00505684390C1EDBB3E5D85C67B7F225
WS_BGRFC_INBOUND000,083,SRTQS_00505684390C1EDBB3E5D8839D9AF225,00505684390C1EDBB3E5D8839D9B7225
WS_BGRFC_INBOUND000,083,SRTQS_00505684390C1EDBB3E5D9426E8DD225,00505684390C1EDBB3E5D9426E8E5225
WS_BGRFC_INBOUND000,083,SRTQS_00505684390C1EDBB3E5DABEF895B225,00505684390C1EDBB3E5DABEF8963225
WS_BGRFC_INBOUND000,083,SRTQS_00505684390C1EDBB3E5DAE9CFEF1225,00505684390C1EDBB3E5DAE9CFEF9225
WS_BGRFC_INBOUND000,083,SRTQS_00505684390C1EDBB3E5DB879236F225,00505684390C1EDBB3E5DB8792377225
WS_BGRFC_INBOUND000,083,SRTQS_00505684390C1EDBB3E5DB87923BD225,00505684390C1EDBB3E5DB87923C5225
WS_BGRFC_INBOUND000,083,SRTQS_00505684390C1EDBB3E5DCAF4CF23225,00505684390C1EDBB3E5DCAF4CF2B225
WS_BGRFC_INBOUND000,083,SRTQS_00505684390C1EDBB3E5DD93D2B9B225,00505684390C1EDBB3E5DD93D2BA3225
WS_BGRFC_INBOUND000,083,SRTQS_00505684390C1EDBB3E5DE2EC2A55225,00505684390C1EDBB3E5DE2EC2A5D225
WS_BGRFC_INBOUND000,083,SRTQS_00505684390C1EDBB3E5DEEC3E7D3225,00505684390C1EDBB3E5DEEC3E7DB225
WS_BGRFC_INBOUND000,083,SRTQS_00505684390C1EDBB3E5E044213D7225,00505684390C1EDBB3E5E044213DF225
WS_BGRFC_INBOUND000,083,SRTQS_00505684390C1EDBB3E5E1752D965225,00505684390C1EDBB3E5E1752D96D225
WS_BGRFC_INBOUND000,083,SRTQS_00505684390C1EDBB3E5E19AA00C3225,00505684390C1EDBB3E5E19AA00CB225
WS_BGRFC_INBOUND000,083,SRTQS_00505684390C1EDBB3E5E1C0BC95D225,00505684390C1EDBB3E5E1C0BC965225
WS_BGRFC_INBOUND000,083,SRTQS_00505684390C1EDBB3E5E1E5E53C1225,00505684390C1EDBB3E5E1E5E53C9225
WS_BGRFC_INBOUND000,083,SRTQS_00505684390C1EDBB3E5E212E38FF225,00505684390C1EDBB3E5E212E3907225
WS_BGRFC_INBOUND000,083,SRTQS_00505684390C1EDBB3E5E232C8805225,00505684390C1EDBB3E5E232C880D225
WS_BGRFC_INBOUND000,083,SRTQS_00505684390C1EDBB3E5E25929443225,00505684390C1EDBB3E5E2592944B225
WS_BGRFC_INBOUND000,083,SRTQS_00505684390C1EDBB3E5E27E5D1FB225,00505684390C1EDBB3E5E27E5D203225
WS_BGRFC_INBOUND000,083,SRTQS_00505684390C1EDBB3E5E318EBEDB225,00505684390C1EDBB3E5E318EBEE3225
WS_BGRFC_INBOUND000,083,SRTQS_00505684390C1EDBB3E5E33F22997225,00505684390C1EDBB3E5E33F2299F225
WS_BGRFC_INBOUND000,083,SRTQS_00505684390C1EDBB3F79CB979EC72BA,00505684390C1EDBB3F79CB979ECF2BA
WS_BGRFC_INBOUND000,083,SRTQS_00505684390C1EDBB3F79D51B1F572BA,00505684390C1EDBB3F79D51B1F5F2BA
WS_BGRFC_INBOUND000,083,SRTQS_00505684390C1EDBB3F79E8499BDD2BA,00505684390C1EDBB3F79E8499BE52BA
WS_BGRFC_INBOUND000,083,SRTQS_00505684390C1EDBB3F79EAB3B6C32BA,00505684390C1EDBB3F79EAB3B6CB2BA
WS_BGRFC_INBOUND000,083,SRTQS_00505684390C1EDBB3F79F66848C52BA,00505684390C1EDBB3F79F66848CD2BA
WS_BGRFC_INBOUND000,083,SRTQS_00505684390C1EDBB3F7A024EB8CF2BA,00505684390C1EDBB3F7A024EB8D72BA
WS_BGRFC_INBOUND000,083,SRTQS_00505684390C1EDBB3F7A0C505EA72BA,00505684390C1EDBB3F7A0C505EAF2BA
WS_BGRFC_INBOUND000,083,SRTQS_00505684390C1EDBB3F7A1307F8452BA,00505684390C1EDBB3F7A1307F84D2BA
WS_BGRFC_INBOUND000,083,SRTQS_00505684390C1EDBB3F7A263544572BA,00505684390C1EDBB3F7A2635445F2BA
WS_BGRFC_INBOUND000,083,SRTQS_00505684390C1EDBB3F7A397D49DF2BA,00505684390C1EDBB3F7A397D49E72BA
WS_BGRFC_INBOUND000,083,SRTQS_00505684390C1EDBB490C59F826973F0,00505684390C1EDBB490C59F8269F3F0
WS_BGRFC_INBOUND000,083,SRTQS_00505684390C1EDBB490C6570B5413F0,00505684390C1EDBB490C6570B5493F0
WS_BGRFC_INBOUND000,083,SRTQS_00505684390C1EDBB490C7D4C92A73F0,00505684390C1EDBB490C7D4C92AF3F0
WS_BGRFC_INBOUND000,083,SRTQS_00505684390C1EDBB490C7D4C92F93F0,00505684390C1EDBB490C7D4C93013F0
WS_BGRFC_INBOUND000,083,SRTQS_00505684390C1EDBB490C8E0FC7CD3F0,00505684390C1EDBB490C8E0FC7D53F0
WS_BGRFC_INBOUND000,083,SRTQS_00505684390C1EDBB490C9EB7C3173F0,00505684390C1EDBB490C9EB7C31F3F0
WS_BGRFC_INBOUND000,083,SRTQS_00505684390C1EDBB490CAA9A3E7F3F0,00505684390C1EDBB490CAA9A3E873F0
WS_BGRFC_INBOUND000,083,SRTQS_00505684390C1EDBB490CB4228F213F0,00505684390C1EDBB490CB4228F293F0
WS_BGRFC_INBOUND000,083,SRTQS_00505684390C1EDBB490CC9A074013F0,00505684390C1EDBB490CC9A074093F0
WS_BGRFC_INBOUND000,083,SRTQS_00505684390C1EDBB490CDF23C1573F0,00505684390C1EDBB490CDF23C15F3F0
WS_BGRFC_INBOUND000,083,SRTQS_00505684390C1EDBB4DC3BCB205AB503,00505684390C1EDBB4DC3BCB205B3503
WS_BGRFC_INBOUND000,083,SRTQS_00505684390C1EDBB4DC3DD94A89B503,00505684390C1EDBB4DC3DD94A8A3503
WS_BGRFC_INBOUND000,083,SRTQS_00505684390C1EDBB4DC3E001261B503,00505684390C1EDBB4DC3E0012623503
WS_BGRFC_INBOUND000,083,SRTQS_00505684390C1EDBB4DC3E262A7AD503,00505684390C1EDBB4DC3E262A7B5503
WS_BGRFC_INBOUND000,083,SRTQS_00505684390C1EDBB4DC3E4CD2D9B503,00505684390C1EDBB4DC3E4CD2DA3503
WS_BGRFC_INBOUND000,083,SRTQS_00505684390C1EDBB4DC3F2FC270B503,00505684390C1EDBB4DC3F2FC2713503
WS_BGRFC_INBOUND000,083,SRTQS_00505684390C1EDBB4DC404F16EC3503,00505684390C1EDBB4DC404F16ECB503
WS_BGRFC_INBOUND000,083,SRTQS_00505684390C1EDBB4DC410CA9717503,00505684390C1EDBB4DC410CA971F503
WS_BGRFC_INBOUND000,083,SRTQS_00505684390C1EDBB4DC41FAA0633503,00505684390C1EDBB4DC41FAA063B503
WS_BGRFC_INBOUND000,083,SRTQS_00505684390C1EDBB4DC4372FFE43503,00505684390C1EDBB4DC4372FFE4B503
WS_BGRFC_INBOUND000,083,SRTQS_00505684390C1EDBB4DC44F47C1FF503,00505684390C1EDBB4DC44F47C207503
WS_BGRFC_INBOUND000,083,SRTQS_00505684390C1EDBB4DC5E7F217A1503,00505684390C1EDBB4DC5E7F217A9503
WS_BGRFC_INBOUND000,083,SRTQS_00505684390C1EDBB4DC5F39B079B503,00505684390C1EDBB4DC5F39B07A3503
WS_BGRFC_INBOUND000,083,SRTQS_00505684390C1EDBB4DC5F87BF36D503,00505684390C1EDBB4DC5F87BF375503
WS_BGRFC_INBOUND000,083,SRTQS_00505684390C1EDBB4DC5FF870395503,00505684390C1EDBB4DC5FF87039D503
WS_BGRFC_INBOUND000,083,SRTQS_00505684390C1EDBB4DC60CA1C8A5505,00505684390C1EDBB4DC60CA1C8AD505
WS_BGRFC_INBOUND000,083,SRTQS_00505684390C1EDBB4F57CDE6C59F51E,00505684390C1EDBB4F57CDE6C5A751E
WS_BGRFC_INBOUND000,083,SRTQS_00505684390C1EDBB4F57ECB11C2751E,00505684390C1EDBB4F57ECB11C2F51E
WS_BGRFC_INBOUND000,083,SRTQS_00505684390C1EDBB4F57EF094D4151E,00505684390C1EDBB4F57EF094D4951E
WS_BGRFC_INBOUND000,083,SRTQS_00505684390C1EDBB4F57F24A3E1D51E,00505684390C1EDBB4F57F24A3E2551E
WS_BGRFC_INBOUND000,083,SRTQS_00505684390C1EDBB4F57F46223E151E,00505684390C1EDBB4F57F46223E951E
WS_BGRFC_INBOUND000,083,SRTQS_00505684390C1EDBB4F57FFC0990351E,00505684390C1EDBB4F57FFC0990B51E
WS_BGRFC_INBOUND000,083,SRTQS_00505684390C1EDBB4F580E1CE08351E,00505684390C1EDBB4F580E1CE08B51E
WS_BGRFC_INBOUND000,083,SRTQS_00505684390C1EDBB4F581A33488F51E,00505684390C1EDBB4F581A33489751E
WS_BGRFC_INBOUND000,083,SRTQS_00505684390C1EDBB4F58236F831551E,00505684390C1EDBB4F58236F831D51E
WS_BGRFC_INBOUND000,083,SRTQS_00505684390C1EDBB4F5838EE8B1351E,00505684390C1EDBB4F5838EE8B1B51E
WS_BGRFC_INBOUND000,083,SRTQS_00505684390C1EDBB4F584BF77FDF51E,00505684390C1EDBB4F584BF77FE751E
WS_BGRFC_INBOUND000,083,SRTQS_00505684390C1EDBB58E5F6BBC25D531,00505684390C1EDBB58E5F9C97ECD531
WS_BGRFC_INBOUND000,083,SRTQS_00505684390C1EDBB58E5FB1EBF4B531,00505684390C1EDBB58E5FB1EBF51531
WS_BGRFC_INBOUND000,083,SRTQS_00505684390C1EDBB58E5FB47380B531,00505684390C1EDBB58E5FB473813531
WS_BGRFC_INBOUND000,083,SRTQS_00505684390C1EDBB58E9308B8C45531,00505684390C1EDBB58E9308B8C4D531
WS_BGRFC_INBOUND000,083,SRTQS_00505684390C1EDBB58E935443457531,00505684390C1EDBB58E93544345F531
WS_BGRFC_INBOUND000,083,SRTQS_00505684390C1EDBB58E93A0531B7531,00505684390C1EDBB58E93C5E98DD531
WS_BGRFC_INBOUND000,083,SRTQS_00505684390C1EDBB58E93ED07653531,00505684390C1EDBB58E93ED0765B531
WS_BGRFC_INBOUND000,083,SRTQS_00505684390C1EDBB58E94127398B531,00505684390C1EDBB58E941273993531
WS_BGRFC_INBOUND000,083,SRTQS_00505684390C1EDBB58E943B23961531,00505684390C1EDBB58E943B23969531
WS_BGRFC_INBOUND000,083,SRTQS_00505684390C1EDBB58E94639568F531,00505684390C1EDBB58E946395697531
WS_BGRFC_INBOUND000,083,SRTQS_00505684390C1EDBB58E94FA25865531,00505684390C1EDBB58E94FA2586D531
WS_BGRFC_INBOUND000,083,SRTQS_00505684390C1EDBB58E9522EFF61531,00505684390C1EDBB58E9522EFF69531
WS_BGRFC_INBOUND000,083,SRTQS_00505684390C1EDBB58E9545835FD531,00505684390C1EDBB58E954583605531
WS_BGRFC_INBOUND000,083,SRTQS_00505684390C1EDBB58E956E0B04D531,00505684390C1EDBB58E956E0B055531
WS_BGRFC_INBOUND000,083,SRTQS_00505684390C1EDBB58E9592FFBB5531,00505684390C1EDBB58E9592FFBBD531
WS_BGRFC_INBOUND000,083,SRTQS_00505684390C1EDBB58E95B6CD283531,00505684390C1EDBB58E95B6CD28B531
WS_BGRFC_INBOUND000,083,SRTQS_00505684390C1EDBB58E95DDEC10B531,00505684390C1EDBB58E95DDEC113531
WS_BGRFC_INBOUND000,083,SRTQS_00505684390C1EDBB58E96048615B531,00505684390C1EDBB58E960486163531
WS_BGRFC_INBOUND000,083,SRTQS_00505684390C1EDBB58E9629561CB531,00505684390C1EDBB58E9629561D3531
WS_BGRFC_INBOUND000,083,SRTQS_00505684390C1EDBB58E964E40B8D531,00505684390C1EDBB58E964E40B95531
WS_BGRFC_INBOUND000,083,SRTQS_00505684390C1EDBB58E967464907531,00505684390C1EDBB58E96746490F531
WS_BGRFC_INBOUND000,083,SRTQS_00505684390C1EDBB58E96E89706D531,00505684390C1EDBB58E96E897075531
WS_BGRFC_INBOUND000,083,SRTQS_00505684390C1EDBB58E97A67F221531,00505684390C1EDBB58E97A67F229531
WS_BGRFC_INBOUND000,083,SRTQS_00505684390C1EDBB58E97CBC0289531,00505684390C1EDBB58E97CBC0291531
WS_BGRFC_INBOUND000,083,SRTQS_00505684390C1EDBB58E97F49B427531,00505684390C1EDBB58E97F49B42F531
WS_BGRFC_INBOUND000,083,SRTQS_00505684390C1EDBB58E983FB33D3531,00505684390C1EDBB58E983FB33DB531
WS_BGRFC_INBOUND000,083,SRTQS_00505684390C1EDBB58E9900957F7531,00505684390C1EDBB58E9900957FF531
WS_BGRFC_INBOUND000,083,SRTQS_00505684390C1EDBB58E9AA0E3F8D531,00505684390C1EDBB58E9AA0E3F95531
WS_BGRFC_INBOUND000,083,SRTQS_00505684390C1EDBB58E9BABE55A9531,00505684390C1EDBB58E9BABE55B1531
WS_BGRFC_INBOUND000,083,SRTQS_00505684390C1EDBB58E9BD20EFF3531,00505684390C1EDBB58E9BD20EFFB531
WS_BGRFC_INBOUND000,083,SRTQS_00505684390C1EDBB58E9C5A700A9531,00505684390C1EDBB58E9C5A700B1531
WS_BGRFC_INBOUND000,083,SRTQS_00505684390C1EDBB58E9C7E2F2B7531,00505684390C1EDBB58E9C7E2F2BF531
WS_BGRFC_INBOUND000,083,SRTQS_00505684390C1EDBB58E9DAE981F3531,00505684390C1EDBB58E9DAE981FB531
WS_BGRFC_INBOUND000,083,SRTQS_00505684390C1EDBB58E9DAE98263531,00505684390C1EDBB58E9DAE9826B531
WS_BGRFC_INBOUND000,083,SRTQS_00505684390C1EDBB58E9E217012B531,00505684390C1EDBB58E9E2170133531
WS_BGRFC_INBOUND000,083,SRTQS_00505684390C1EDBB58E9E217019B531,00505684390C1EDBB58E9E21701A3531
WS_BGRFC_INBOUND000,083,SRTQS_00505684390C1EDBB58E9E4B57BC9531,00505684390C1EDBB58E9E4B57BD1531
WS_BGRFC_INBOUND000,083,SRTQS_00505684390C1EDBB58E9F9E89053531,00505684390C1EDBB58E9F9E8905B531
WS_BGRFC_INBOUND000,083,SRTQS_00505684390C1EDBB58E9F9E890C5531,00505684390C1EDBB58E9F9E890CD531
WS_BGRFC_INBOUND000,083,SRTQS_00505684390C1EDBB58EA0373038F531,00505684390C1EDBB58EA03730397531
WS_BGRFC_INBOUND000,083,SRTQS_00505684390C1EDBB58EA05E4E237531,00505684390C1EDBB58EA05E4E23F531
WS_BGRFC_INBOUND000,083,SRTQS_00505684390C1EDBB58EA2278EB17531,00505684390C1EDBB58EA2278EB1F531
WS_BGRFC_INBOUND000,083,SRTQS_00505684390C1EDBB58EA2278EB89531,00505684390C1EDBB58EA2278EB91531
WS_BGRFC_INBOUND000,083,SRTQS_00505684390C1EDBB58EA24DCC9B5531,00505684390C1EDBB58EA24DCC9BD531
WS_BGRFC_INBOUND000,083,SRTQS_00505684390C1EDBB58EA29DC8A23531,00505684390C1EDBB58EA29DC8A2B531
WS_BGRFC_INBOUND000,083,SRTQS_00505684390C1EDBB58EA2BFFC31F531,00505684390C1EDBB58EA2BFFC327531
WS_BGRFC_INBOUND000,083,SRTQS_00505684390C1EDBB58EA37F6C803531,00505684390C1EDBB58EA37F6C80B531
WS_BGRFC_INBOUND000,083,SRTQS_00505684390C1EDBB58EA489A1837531,00505684390C1EDBB58EA489A183F531
WS_BGRFC_INBOUND000,083,SRTQS_00505684390C1EDBB58EA4B046D91531,00505684390C1EDBB58EA4B046D99531
WS_BGRFC_INBOUND000,083,SRTQS_00505684390C1EDBB58EA4D5EED37531,00505684390C1EDBB58EA4D5EED3F531
WS_BGRFC_INBOUND000,083,SRTQS_00505684390C1EDBB58EA4FC678BF531,00505684390C1EDBB58EA4FC678C7531
WS_BGRFC_INBOUND000,083,SRTQS_00505684390C1EDBB58EA5BA78CF9531,00505684390C1EDBB58EA5BA78D01531
WS_BGRFC_INBOUND000,083,SRTQS_00505684390C1EDBB58EA67AF838F531,00505684390C1EDBB58EA67AF8397531
WS_BGRFC_INBOUND000,083,SRTQS_00505684390C1EDBB58EA738022AF531,00505684390C1EDBB58EA738022B7531
WS_BGRFC_INBOUND000,083,SRTQS_00505684390C1EDBB58EA7D32842B531,00505684390C1EDBB58EA7D328433531
WS_BGRFC_INBOUND000,083,SRTQS_00505684390C1EDBB58EA904C375F531,00505684390C1EDBB58EA904C3767531
WS_BGRFC_INBOUND000,083,SRTQS_00505684390C1EDBB58EAA0ECFBF9531,00505684390C1EDBB58EAA0ECFC01531
WS_BGRFC_INBOUND000,083,SRTQS_00505684390C1EDBB58EAA35D4615531,00505684390C1EDBB58EAA35D461D531
WS_BGRFC_INBOUND000,083,SRTQS_00505684390C1EDBB58EAA5941665531,00505684390C1EDBB58EAA594166D531
WS_BGRFC_INBOUND000,083,SRTQS_00505684390C1EDBB58EAA59416C7531,00505684390C1EDBB58EAA59416CF531
WS_BGRFC_INBOUND000,083,SRTQS_00505684390C1EDBB58EAA7F476F5531,00505684390C1EDBB58EAA7F476FD531
WS_BGRFC_INBOUND000,083,SRTQS_00505684390C1EDBB58EAACB6C549531,00505684390C1EDBB58EAACB6C551531
WS_BGRFC_INBOUND000,083,SRTQS_00505684390C1EDBB58EAAF213BAF531,00505684390C1EDBB58EAAF213BB7531
WS_BGRFC_INBOUND000,083,SRTQS_00505684390C1EDBB58EAB180B52D531,00505684390C1EDBB58EAB180B535531
WS_BGRFC_INBOUND000,083,SRTQS_00505684390C1EDBB58EAB8BD51BB531,00505684390C1EDBB58EAB8BD51C3531
WS_BGRFC_INBOUND000,083,SRTQS_00505684390C1EDBB58EABB04DF9B531,00505684390C1EDBB58EABD756D65531
WS_BGRFC_INBOUND000,083,SRTQS_00505684390C1EDBB58EABD756DBF531,00505684390C1EDBB58EABD756DC7531
WS_BGRFC_INBOUND000,083,SRTQS_00505684390C1EDBB5979E14B10CB545,00505684390C1EDBB5979E14B10D1545
WS_BGRFC_INBOUND000,083,SRTQS_00505684390C1EDBB5979E87B0D33545,00505684390C1EDBB5979E87B0D3B545
WS_BGRFC_INBOUND000,083,SRTQS_00505684390C1EDBB597EA73BE091545,00505684390C1EDBB597EA73BE099545
WS_BGRFC_INBOUND000,083,SRTQS_00505684390C1EDBB597EAC34BA71545,00505684390C1EDBB597EAE31DB43545
WS_BGRFC_INBOUND000,083,SRTQS_00505684390C1EDBB597EB560150F545,00505684390C1EDBB597EB5601517545
WS_BGRFC_INBOUND000,083,SRTQS_00505684390C1EDBB597EB7BFA30F545,00505684390C1EDBB597EB7BFA317545
WS_BGRFC_INBOUND000,083,SRTQS_00505684390C1EDBB597EBCBAC087545,00505684390C1EDBB597EBCBAC08F545
WS_BGRFC_INBOUND000,083,SRTQS_00505684390C1EDBB597EC1481EF7545,00505684390C1EDBB597EC1481EFF545
WS_BGRFC_INBOUND000,083,SRTQS_00505684390C1EDBB597EC631AF63545,00505684390C1EDBB597EC631AF6B545
WS_BGRFC_INBOUND000,083,SRTQS_00505684390C1EDBB597EC87B80D9545,00505684390C1EDBB597EC87B80E1545
WS_BGRFC_INBOUND000,083,SRTQS_00505684390C1EDBB597ECB044F97545,00505684390C1EDBB597ECB044F9F545
WS_BGRFC_INBOUND000,083,SRTQS_00505684390C1EDBB597ECD3004B9545,00505684390C1EDBB597ECD3004C1545
WS_BGRFC_INBOUND000,083,SRTQS_00505684390C1EDBB597ECFD39A5B545,00505684390C1EDBB597ECFD39A63545
WS_BGRFC_INBOUND000,083,SRTQS_00505684390C1EDBB597ED4ACEE87545,00505684390C1EDBB597ED4ACEE8F545
WS_BGRFC_INBOUND000,083,SRTQS_00505684390C1EDBB597ED6D65BAF545,00505684390C1EDBB597ED6D65BB7545
WS_BGRFC_INBOUND000,083,SRTQS_00505684390C1EDBB597ED928B06F545,00505684390C1EDBB597ED928B077545
WS_BGRFC_INBOUND000,083,SRTQS_00505684390C1EDBB597EDB9368C7545,00505684390C1EDBB597EDB9368CF545
WS_BGRFC_INBOUND000,083,SRTQS_00505684390C1EDBB597EDDE24795545,00505684390C1EDBB597EDDE2479D545
WS_BGRFC_INBOUND000,083,SRTQS_00505684390C1EDBB597EE0500573545,00505684390C1EDBB597EE050057B545
WS_BGRFC_INBOUND000,083,SRTQS_00505684390C1EDBB597EE2AC2521545,00505684390C1EDBB597EE2AC2529545
WS_BGRFC_INBOUND000,083,SRTQS_00505684390C1EDBB597EEC7BF2CD545,00505684390C1EDBB597EEC7BF2D5545
WS_BGRFC_INBOUND000,083,SRTQS_00505684390C1EDBB597EFAA9AF21545,00505684390C1EDBB597EFAA9AF29545
WS_BGRFC_INBOUND000,083,SRTQS_00505684390C1EDBB597EFF539DF7545,00505684390C1EDBB597EFF539DFF545
WS_BGRFC_INBOUND000,083,SRTQS_00505684390C1EDBB597F01A75375545,00505684390C1EDBB597F01A7537D545
WS_BGRFC_INBOUND000,083,SRTQS_00505684390C1EDBB597F08CBCECD545,00505684390C1EDBB597F08CBCED5545
WS_BGRFC_INBOUND000,083,SRTQS_00505684390C1EDBB597F17282A87545,00505684390C1EDBB597F17282A8F545
WS_BGRFC_INBOUND000,083,SRTQS_00505684390C1EDBB597F315301E1545,00505684390C1EDBB597F315301E9545
WS_BGRFC_INBOUND000,083,SRTQS_00505684390C1EDBB597F42431D95545,00505684390C1EDBB597F42431D9D545
WS_BGRFC_INBOUND000,083,SRTQS_00505684390C1EDBB597F4466A0C9545,00505684390C1EDBB597F4466A0D1545
WS_BGRFC_INBOUND000,083,SRTQS_00505684390C1EDBB597F4E07A313545,00505684390C1EDBB597F4E07A31B545
WS_BGRFC_INBOUND000,083,SRTQS_00505684390C1EDBB597F5054B13B545,00505684390C1EDBB597F5054B143545
WS_BGRFC_INBOUND000,083,SRTQS_00505684390C1EDBB597F684ECE21545,00505684390C1EDBB597F684ECE29545
WS_BGRFC_INBOUND000,083,SRTQS_00505684390C1EDBB597F6AADCCE9545,00505684390C1EDBB597F6AADCCF1545
WS_BGRFC_INBOUND000,083,SRTQS_00505684390C1EDBB597F71B7A8DD545,00505684390C1EDBB597F71B7A8E5545
WS_BGRFC_INBOUND000,083,SRTQS_00505684390C1EDBB597F74367F47545,00505684390C1EDBB597F74367F4F545
WS_BGRFC_INBOUND000,083,SRTQS_00505684390C1EDBB597F76838A0B545,00505684390C1EDBB597F76838A13545
WS_BGRFC_INBOUND000,083,SRTQS_00505684390C1EDBB597F8E826B9F545,00505684390C1EDBB597F8E826BA7545
WS_BGRFC_INBOUND000,083,SRTQS_00505684390C1EDBB597F90CD73DB545,00505684390C1EDBB597F90CD73E3545
WS_BGRFC_INBOUND000,083,SRTQS_00505684390C1EDBB597F9F2B54C7545,00505684390C1EDBB597F9F2B54CF545
WS_BGRFC_INBOUND000,083,SRTQS_00505684390C1EDBB597FA16A1813545,00505684390C1EDBB597FA16A181B545
WS_BGRFC_INBOUND000,083,SRTQS_00505684390C1EDBB597FC52D9E59545,00505684390C1EDBB597FC52D9E61545
WS_BGRFC_INBOUND000,083,SRTQS_00505684390C1EDBB597FC7882195545,00505684390C1EDBB597FC788219D545
WS_BGRFC_INBOUND000,083,SRTQS_00505684390C1EDBB597FCA3F8CB7545,00505684390C1EDBB597FCA3F8CBF545
WS_BGRFC_INBOUND000,083,SRTQS_00505684390C1EDBB597FD124C92F545,00505684390C1EDBB597FD124C937545
WS_BGRFC_INBOUND000,083,SRTQS_00505684390C1EDBB597FD5EA814F545,00505684390C1EDBB597FD5EA8157545
WS_BGRFC_INBOUND000,083,SRTQS_00505684390C1EDBB597FE42DE70B545,00505684390C1EDBB597FE42DE713545
WS_BGRFC_INBOUND000,083,SRTQS_00505684390C1EDBB597FFE6C1537545,00505684390C1EDBB597FFE6C153F545
WS_BGRFC_INBOUND000,083,SRTQS_00505684390C1EDBB59800349DCB3545,00505684390C1EDBB59800349DCBB545
WS_BGRFC_INBOUND000,083,SRTQS_00505684390C1EDBB598005AFDF1B545,00505684390C1EDBB598005AFDF23545
WS_BGRFC_INBOUND000,083,SRTQS_00505684390C1EDBB598005AFDF69545,00505684390C1EDBB598005AFDF71545
WS_BGRFC_INBOUND000,083,SRTQS_00505684390C1EDBB598016B221EF545,00505684390C1EDBB598016B221F7545
WS_BGRFC_INBOUND000,083,SRTQS_00505684390C1EDBB598024996C3B545,00505684390C1EDBB598024996C43545
WS_BGRFC_INBOUND000,083,SRTQS_00505684390C1EDBB59803543E107545,00505684390C1EDBB59803543E10F545
WS_BGRFC_INBOUND000,083,SRTQS_00505684390C1EDBB598043F0879B545,00505684390C1EDBB598043F087A3545
WS_BGRFC_INBOUND000,083,SRTQS_00505684390C1EDBB59805DCF4323545,00505684390C1EDBB59805DCF432B545
WS_BGRFC_INBOUND000,083,SRTQS_00505684390C1EDBB598075C4CE67545,00505684390C1EDBB598077FFCD4D545
WS_BGRFC_INBOUND000,083,SRTQS_00505684390C1EDBB598077FFCDAD545,00505684390C1EDBB598077FFCDB5545
WS_BGRFC_INBOUND000,083,SRTQS_00505684390C1EDBB59807A71C9A7545,00505684390C1EDBB59807A71C9AF545
WS_BGRFC_INBOUND000,083,SRTQS_00505684390C1EDBB59807CDA6B41545,00505684390C1EDBB59807CDA6B49545
WS_BGRFC_INBOUND000,083,SRTQS_00505684390C1EDBB59807F1DB6F1545,00505684390C1EDBB59807F1DB6F9545
WS_BGRFC_INBOUND000,083,SRTQS_00505684390C1EDBB598083F2FF31545,00505684390C1EDBB598083F2FF39545
WS_BGRFC_INBOUND000,083,SRTQS_00505684390C1EDBB598088E14753545,00505684390C1EDBB598088E1475B545
WS_BGRFC_INBOUND000,083,SRTQS_00505684390C1EDBB598088E1479F545,00505684390C1EDBB598088E147A7545
WS_BGRFC_INBOUND000,083,SRTQS_00505684390C1EDBB598094A7BB7B545,00505684390C1EDBB598094A7BB83545
WS_BGRFC_INBOUND000,083,SRTQS_00505684390C1EDBB598096F6A169545,00505684390C1EDBB598096F6A171545
WS_BGRFC_INBOUND000,083,SRTQS_00505684390C1EDBB59809963316B545,00505684390C1EDBB598099633173545
WS_BGRFC_INBOUND000,083,SRTQS_00505684390C1EDBB5A784EDB992F559,00505684390C1EDBB5A78516F30FD559
WS_BGRFC_INBOUND000,083,SRTQS_00505684390C1EDBB5A78516F314D559,00505684390C1EDBB5A785394DBAD559
WS_BGRFC_INBOUND000,083,SRTQS_00505684390C1EDBB5A7853EE181F559,00505684390C1EDBB5A7853EE1827559
WS_BGRFC_INBOUND000,083,SRTQS_00505684390C1EDBB5A7855F8D04F559,00505684390C1EDBB5A7855F8D057559
WS_BGRFC_INBOUND000,083,SRTQS_00505684390C1EDBB5A7B92821B2355A,00505684390C1EDBB5A7B92821B2B55A
WS_BGRFC_INBOUND000,083,SRTQS_00505684390C1EDBB5A7B94D6799755A,00505684390C1EDBB5A7B94D6799F55A
WS_BGRFC_INBOUND000,083,SRTQS_00505684390C1EDBB5A7B9C1637A955A,00505684390C1EDBB5A7B9C1637B155A
WS_BGRFC_INBOUND000,083,SRTQS_00505684390C1EDBB5A7B9E50749155A,00505684390C1EDBB5A7B9E50749955A
WS_BGRFC_INBOUND000,083,SRTQS_00505684390C1EDBB5A7BA57760DF55A,00505684390C1EDBB5A7BA57760E755A
WS_BGRFC_INBOUND000,083,SRTQS_00505684390C1EDBB5A7BA7E9F92555A,00505684390C1EDBB5A7BA7E9F92D55A
WS_BGRFC_INBOUND000,083,SRTQS_00505684390C1EDBB5A7BAA97BFA155A,00505684390C1EDBB5A7BAA97BFA955A
WS_BGRFC_INBOUND000,083,SRTQS_00505684390C1EDBB5A7BACEABEC555A,00505684390C1EDBB5A7BACEABECD55A
WS_BGRFC_INBOUND000,083,SRTQS_00505684390C1EDBB5A7BADD9AED355A,00505684390C1EDBB5A7BB032439F55A
WS_BGRFC_INBOUND000,083,SRTQS_00505684390C1EDBB5A7BB2E2B9FF55A,00505684390C1EDBB5A7BB2E2BA0755A
WS_BGRFC_INBOUND000,083,SRTQS_00505684390C1EDBB5A7BB4F9598755A,00505684390C1EDBB5A7BB4F9598F55A
WS_BGRFC_INBOUND000,083,SRTQS_00505684390C1EDBB5A7BB755F6B355A,00505684390C1EDBB5A7BB755F6BB55A
WS_BGRFC_INBOUND000,083,SRTQS_00505684390C1EDBB5A7BB9BAA2FF55A,00505684390C1EDBB5A7BB9BAA30755A
WS_BGRFC_INBOUND000,083,SRTQS_00505684390C1EDBB5A7BBC2A498755A,00505684390C1EDBB5A7BBC2A498F55A
WS_BGRFC_INBOUND000,083,SRTQS_00505684390C1EDBB5A7BBEB2737B55A,00505684390C1EDBB5A7BBEB2738355A
WS_BGRFC_INBOUND000,083,SRTQS_00505684390C1EDBB5A7BC0EBF08B55A,00505684390C1EDBB5A7BC0EBF09355A
WS_BGRFC_INBOUND000,083,SRTQS_00505684390C1EDBB5A7BC369CDCB55A,00505684390C1EDBB5A7BC369CDD355A
WS_BGRFC_INBOUND000,083,SRTQS_00505684390C1EDBB5A7BC5B07B9355A,00505684390C1EDBB5A7BC5B07B9B55A
WS_BGRFC_INBOUND000,083,SRTQS_00505684390C1EDBB5A7BCCE0C9B155A,00505684390C1EDBB5A7BCCE0C9B955A
WS_BGRFC_INBOUND000,083,SRTQS_00505684390C1EDBB5A7BD8DE522B55A,00505684390C1EDBB5A7BD8DE523355A
WS_BGRFC_INBOUND000,083,SRTQS_00505684390C1EDBB5A7BDB2017EF55A,00505684390C1EDBB5A7BDB2017F755A
WS_BGRFC_INBOUND000,083,SRTQS_00505684390C1EDBB5A7BDFDDB83355A,00505684390C1EDBB5A7BDFDDB83B55A
WS_BGRFC_INBOUND000,083,SRTQS_00505684390C1EDBB5A7BE23F2CC755A,00505684390C1EDBB5A7BE23F2CCF55A
WS_BGRFC_INBOUND000,083,SRTQS_00505684390C1EDBB5A7BE4A964EB55A,00505684390C1EDBB5A7BE4A964F355A
WS_BGRFC_INBOUND000,083,SRTQS_00505684390C1EDBB5A7BE972F15B55A,00505684390C1EDBB5A7BE972F16355A
WS_BGRFC_INBOUND000,083,SRTQS_00505684390C1EDBB5A7BF558E59355A,00505684390C1EDBB5A7BF558E59B55A
WS_BGRFC_INBOUND000,083,SRTQS_00505684390C1EDBB5A7C0FC4D6F355A,00505684390C1EDBB5A7C0FC4D6FB55A
WS_BGRFC_INBOUND000,083,SRTQS_00505684390C1EDBB5A7C2047808955A,00505684390C1EDBB5A7C2047809155A
WS_BGRFC_INBOUND000,083,SRTQS_00505684390C1EDBB5A7C204780D755A,00505684390C1EDBB5A7C204780DF55A
WS_BGRFC_INBOUND000,083,SRTQS_00505684390C1EDBB5A7C29E5BE5555A,00505684390C1EDBB5A7C29E5BE5D55A
WS_BGRFC_INBOUND000,083,SRTQS_00505684390C1EDBB5A7C2C5D67EF55A,00505684390C1EDBB5A7C2C5D67F755A
WS_BGRFC_INBOUND000,083,SRTQS_00505684390C1EDBB5A7C4403833B55A,00505684390C1EDBB5A7C4403834355A
WS_BGRFC_INBOUND000,083,SRTQS_00505684390C1EDBB5A7C440383AB55A,00505684390C1EDBB5A7C440383B355A
WS_BGRFC_INBOUND000,083,SRTQS_00505684390C1EDBB5A7C4B4FAAE755A,00505684390C1EDBB5A7C4B4FAAEF55A
WS_BGRFC_INBOUND000,083,SRTQS_00505684390C1EDBB5A7C4B4FAB5755A,00505684390C1EDBB5A7C4D8E2F0D55A
WS_BGRFC_INBOUND000,083,SRTQS_00505684390C1EDBB5A7C4D8E2F7555A,00505684390C1EDBB5A7C4D8E2F7D55A
WS_BGRFC_INBOUND000,083,SRTQS_00505684390C1EDBB5A7C656D12BB55A,00505684390C1EDBB5A7C656D12C355A
WS_BGRFC_INBOUND000,083,SRTQS_00505684390C1EDBB5A7C67ED0E0355A,00505684390C1EDBB5A7C67ED0E0B55A
WS_BGRFC_INBOUND000,083,SRTQS_00505684390C1EDBB5A7C717BB9A355A,00505684390C1EDBB5A7C717BB9AB55A
WS_BGRFC_INBOUND000,083,SRTQS_00505684390C1EDBB5A7C73D084FB55A,00505684390C1EDBB5A7C73D0850355A
WS_BGRFC_INBOUND000,083,SRTQS_00505684390C1EDBB5A7C95708CD355A,00505684390C1EDBB5A7C95708CDB55A
WS_BGRFC_INBOUND000,083,SRTQS_00505684390C1EDBB5A7C977BA2F355A,00505684390C1EDBB5A7C977BA2FB55A
WS_BGRFC_INBOUND000,083,SRTQS_00505684390C1EDBB5A7C99E4FC9F55A,00505684390C1EDBB5A7C99E4FCA755A
WS_BGRFC_INBOUND000,083,SRTQS_00505684390C1EDBB5A7C9E98AC4955A,00505684390C1EDBB5A7C9E98AC5155A
WS_BGRFC_INBOUND000,083,SRTQS_00505684390C1EDBB5A7CA35D739B55A,00505684390C1EDBB5A7CA35D73A355A
WS_BGRFC_INBOUND000,083,SRTQS_00505684390C1EDBB5A7CAF571C8755A,00505684390C1EDBB5A7CAF571C8F55A
WS_BGRFC_INBOUND000,083,SRTQS_00505684390C1EDBB5A7CC73D38EF55A,00505684390C1EDBB5A7CC73D38F755A
WS_BGRFC_INBOUND000,083,SRTQS_00505684390C1EDBB5A7CC9C6F30B55A,00505684390C1EDBB5A7CC9C6F31355A
WS_BGRFC_INBOUND000,083,SRTQS_00505684390C1EDBB5A7CCC07ADB355A,00505684390C1EDBB5A7CCC07ADBB55A
WS_BGRFC_INBOUND000,083,SRTQS_00505684390C1EDBB5A7CCC07AE0155A,00505684390C1EDBB5A7CCC07AE0955A
WS_BGRFC_INBOUND000,083,SRTQS_00505684390C1EDBB5A7CDA57F5F355A,00505684390C1EDBB5A7CDA57F5FB55A
WS_BGRFC_INBOUND000,083,SRTQS_00505684390C1EDBB5A7CEB27F6EB55A,00505684390C1EDBB5A7CEB27F6F355A
WS_BGRFC_INBOUND000,083,SRTQS_00505684390C1EDBB5A7CF487F51955A,00505684390C1EDBB5A7CF487F52155A
WS_BGRFC_INBOUND000,083,SRTQS_00505684390C1EDBB5A7D0094BD2355A,00505684390C1EDBB5A7D0094BD2B55A
WS_BGRFC_INBOUND000,083,SRTQS_00505684390C1EDBB5A7D15F542EF55A,00505684390C1EDBB5A7D15F542F755A
WS_BGRFC_INBOUND000,083,SRTQS_00505684390C1EDBB5A7D2B45E00355A,00505684390C1EDBB5A7D2B45E00B55A
WS_BGRFC_INBOUND000,083,SRTQS_00505684390C1EDBB5A7D2B45E06B55A,00505684390C1EDBB5A7D2B45E07355A
WS_BGRFC_INBOUND000,083,SRTQS_00505684390C1EDBB5A7D2DD26DDF55A,00505684390C1EDBB5A7D2DD26DE755A
WS_BGRFC_INBOUND000,083,SRTQS_00505684390C1EDBB5A7D302DA91B55A,00505684390C1EDBB5A7D302DA92355A
WS_BGRFC_INBOUND000,083,SRTQS_00505684390C1EDBB5A7D32ABD93B55A,00505684390C1EDBB5A7D32ABD94355A
WS_BGRFC_INBOUND000,083,SRTQS_00505684390C1EDBB5A7D34F1063155A,00505684390C1EDBB5A7D34F1063955A
WS_BGRFC_INBOUND000,083,SRTQS_00505684390C1EDBB5A7D373F412F55A,00505684390C1EDBB5A7D373F413755A
WS_BGRFC_INBOUND000,083,SRTQS_00505684390C1EDBB5A7D3994FC5555A,00505684390C1EDBB5A7D3994FC5D55A
WS_BGRFC_INBOUND000,083,SRTQS_00505684390C1EDBB5A7D433C1D8355A,00505684390C1EDBB5A7D433C1D8B55A
WS_BGRFC_INBOUND000,083,SRTQS_00505684390C1EDBB5A7D45B1F1FF55A,00505684390C1EDBB5A7D45B1F20755A
WS_BGRFC_INBOUND000,083,SRTQS_00505684390C1EDBB5A7D45B1F26155A,00505684390C1EDBB5A7D45B1F26955A
WS_BGRFC_INBOUND000,083,SRTQS_00505684390C1EDBB5C0AE9E1071758E,00505684390C1EDBB5C0AE9E1071D58E
WS_BGRFC_INBOUND000,083,SRTQS_00505684390C1EDBB5C0AE9E1076D58E,00505684390C1EDBB5C0AE9E1077358E
WS_BGRFC_INBOUND000,083,SRTQS_00505684390C1EDBB5C0AEC452ED158E,00505684390C1EDBB5C0AEC452ED958E
WS_BGRFC_INBOUND000,083,SRTQS_00505684390C1EDBB5C0AEEF8666558E,00505684390C1EDBB5C0AEEF8666D58E
WS_BGRFC_INBOUND000,083,SRTQS_00505684390C1EDBB5C0E2FFB1D6D58E,00505684390C1EDBB5C0E2FFB1D7558E
WS_BGRFC_INBOUND000,083,SRTQS_00505684390C1EDBB5C0E34BC720558E,00505684390C1EDBB5C0E34BC720D58E
WS_BGRFC_INBOUND000,083,SRTQS_00505684390C1EDBB5C0E3BF0619758E,00505684390C1EDBB5C0E3BF0619F58E
WS_BGRFC_INBOUND000,083,SRTQS_00505684390C1EDBB5C0E3E4B82DF58E,00505684390C1EDBB5C0E3E4B82E758E
WS_BGRFC_INBOUND000,083,SRTQS_00505684390C1EDBB5C0E43225C3D58E,00505684390C1EDBB5C0E43225C4558E
WS_BGRFC_INBOUND000,083,SRTQS_00505684390C1EDBB5C0E458618EB58E,00505684390C1EDBB5C0E458618F358E
WS_BGRFC_INBOUND000,083,SRTQS_00505684390C1EDBB5C0E4806FCFB58E,00505684390C1EDBB5C0E4806FD0358E
WS_BGRFC_INBOUND000,083,SRTQS_00505684390C1EDBB5C0E4A3E3D3758E,00505684390C1EDBB5C0E4A3E3D3F58E
WS_BGRFC_INBOUND000,083,SRTQS_00505684390C1EDBB5C0E4C8F160958E,00505684390C1EDBB5C0E4C8F161158E
WS_BGRFC_INBOUND000,083,SRTQS_00505684390C1EDBB5C0E4F00A93758E,00505684390C1EDBB5C0E4F00A93F58E
WS_BGRFC_INBOUND000,083,SRTQS_00505684390C1EDBB5C0E514D83A158E,00505684390C1EDBB5C0E514D83A958E
WS_BGRFC_INBOUND000,083,SRTQS_00505684390C1EDBB5C0E53B9B49B58E,00505684390C1EDBB5C0E53B9B4A358E
WS_BGRFC_INBOUND000,083,SRTQS_00505684390C1EDBB5C0E5610AF4958E,00505684390C1EDBB5C0E5610AF5158E
WS_BGRFC_INBOUND000,083,SRTQS_00505684390C1EDBB5C0E588C388B58E,00505684390C1EDBB5C0E588C389358E
WS_BGRFC_INBOUND000,083,SRTQS_00505684390C1EDBB5C0E5AD7FDD358E,00505684390C1EDBB5C0E5AD7FDDB58E
WS_BGRFC_INBOUND000,083,SRTQS_00505684390C1EDBB5C0E5D45CAD758E,00505684390C1EDBB5C0E5D45CADF58E
WS_BGRFC_INBOUND000,083,SRTQS_00505684390C1EDBB5C0E5D45CB5358E,00505684390C1EDBB5C0E5F9CB3DB58E
WS_BGRFC_INBOUND000,083,SRTQS_00505684390C1EDBB5C0E5F9CB44F58E,00505684390C1EDBB5C0E5F9CB45758E
WS_BGRFC_INBOUND000,083,SRTQS_00505684390C1EDBB5C0E69B1751B58E,00505684390C1EDBB5C0E69B1752358E
WS_BGRFC_INBOUND000,083,SRTQS_00505684390C1EDBB5C0E72ACFC0758E,00505684390C1EDBB5C0E72ACFC0F58E
WS_BGRFC_INBOUND000,083,SRTQS_00505684390C1EDBB5C0E752770EB58E,00505684390C1EDBB5C0E752770F358E
WS_BGRFC_INBOUND000,083,SRTQS_00505684390C1EDBB5C0E79EFB85958E,00505684390C1EDBB5C0E79EFB86158E
WS_BGRFC_INBOUND000,083,SRTQS_00505684390C1EDBB5C0E7C48D90358E,00505684390C1EDBB5C0E7C48D90B58E
WS_BGRFC_INBOUND000,083,SRTQS_00505684390C1EDBB5C0E7EADE91B58E,00505684390C1EDBB5C0E7EADE92358E
WS_BGRFC_INBOUND000,083,SRTQS_00505684390C1EDBB5C0E85CE8AAB58E,00505684390C1EDBB5C0E85CE8AB358E
WS_BGRFC_INBOUND000,083,SRTQS_00505684390C1EDBB5C0E92247E4558E,00505684390C1EDBB5C0E92247E4D58E
WS_BGRFC_INBOUND000,083,SRTQS_00505684390C1EDBB5C0EABEC1DBB58E,00505684390C1EDBB5C0EABEC1DC358E
WS_BGRFC_INBOUND000,083,SRTQS_00505684390C1EDBB5C0EBF032C5358E,00505684390C1EDBB5C0EBF032C5B58E
WS_BGRFC_INBOUND000,083,SRTQS_00505684390C1EDBB5C0EC15EDA3358E,00505684390C1EDBB5C0EC15EDA3B58E
WS_BGRFC_INBOUND000,083,SRTQS_00505684390C1EDBB5C0EC894EEF558E,00505684390C1EDBB5C0EC894EEFD58E
WS_BGRFC_INBOUND000,083,SRTQS_00505684390C1EDBB5C0ECAE43ADB58E,00505684390C1EDBB5C0ECAE43AE358E
WS_BGRFC_INBOUND000,083,SRTQS_00505684390C1EDBB5C0EDB97BE9958E,00505684390C1EDBB5C0EDB97BEA158E
WS_BGRFC_INBOUND000,083,SRTQS_00505684390C1EDBB5C0EDE26700F58E,00505684390C1EDBB5C0EDE26701758E
WS_BGRFC_INBOUND000,083,SRTQS_00505684390C1EDBB5C0EE2E833B958E,00505684390C1EDBB5C0EE2E833C158E
WS_BGRFC_INBOUND000,083,SRTQS_00505684390C1EDBB5C0EE5375B8B58E,00505684390C1EDBB5C0EE5375B9358E
WS_BGRFC_INBOUND000,083,SRTQS_00505684390C1EDBB5C0EE7A083F358E,00505684390C1EDBB5C0EE7A083FB58E
WS_BGRFC_INBOUND000,083,SRTQS_00505684390C1EDBB5C0EFAB89D5158E,00505684390C1EDBB5C0EFCF7926358E
WS_BGRFC_INBOUND000,083,SRTQS_00505684390C1EDBB5C0EFCF792CD58E,00505684390C1EDBB5C0EFCF792D558E
WS_BGRFC_INBOUND000,083,SRTQS_00505684390C1EDBB5C0F0683C0B358E,00505684390C1EDBB5C0F0683C0BB58E
WS_BGRFC_INBOUND000,083,SRTQS_00505684390C1EDBB5C0F08E4F50758E,00505684390C1EDBB5C0F08E4F50F58E
WS_BGRFC_INBOUND000,083,SRTQS_00505684390C1EDBB5C0F2349A03158E,00505684390C1EDBB5C0F2349A03958E
WS_BGRFC_INBOUND000,083,SRTQS_00505684390C1EDBB5C0F25A9C6A958E,00505684390C1EDBB5C0F25A9C6B158E
WS_BGRFC_INBOUND000,083,SRTQS_00505684390C1EDBB5C0F2817EC3758E,00505684390C1EDBB5C0F2817EC3F58E
WS_BGRFC_INBOUND000,083,SRTQS_00505684390C1EDBB5C0F2CAD03E758E,00505684390C1EDBB5C0F2CAD03EF58E
WS_BGRFC_INBOUND000,083,SRTQS_00505684390C1EDBB5C0F2F253DED58E,00505684390C1EDBB5C0F2F253DF558E
WS_BGRFC_INBOUND000,083,SRTQS_00505684390C1EDBB5C0F3AFF255F58E,00505684390C1EDBB5C0F3AFF256758E
WS_BGRFC_INBOUND000,083,SRTQS_00505684390C1EDBB5C0F4E8B0C5358E,00505684390C1EDBB5C0F4E8B0C5B58E
WS_BGRFC_INBOUND000,083,SRTQS_00505684390C1EDBB5C0F50AA6C5758E,00505684390C1EDBB5C0F50AA6C5F58E
WS_BGRFC_INBOUND000,083,SRTQS_00505684390C1EDBB5C0F52D9BF4B58E,00505684390C1EDBB5C0F52D9BF5358E
WS_BGRFC_INBOUND000,083,SRTQS_00505684390C1EDBB5C0F52D9BF9958E,00505684390C1EDBB5C0F52D9BFA158E
WS_BGRFC_INBOUND000,083,SRTQS_00505684390C1EDBB5C0F61309D3F58E,00505684390C1EDBB5C0F61309D4758E
WS_BGRFC_INBOUND000,083,SRTQS_00505684390C1EDBB5C0F6D24F28F58E,00505684390C1EDBB5C0F6D24F29758E
WS_BGRFC_INBOUND000,083,SRTQS_00505684390C1EDBB5C0F7696A56358E,00505684390C1EDBB5C0F78F187CD58E
WS_BGRFC_INBOUND000,083,SRTQS_00505684390C1EDBB5C0F82AF52FF58E,00505684390C1EDBB5C0F82AF530758E
WS_BGRFC_INBOUND000,083,SRTQS_00505684390C1EDBB5C0F95CC134B58E,00505684390C1EDBB5C0F95CC135358E
WS_BGRFC_INBOUND000,083,SRTQS_00505684390C1EDBB5C0FA8FF4E8358E,00505684390C1EDBB5C0FA8FF4E8B58E
WS_BGRFC_INBOUND000,083,SRTQS_00505684390C1EDBB5C0FA8FF4EEB58E,00505684390C1EDBB5C0FA8FF4EF358E
WS_BGRFC_INBOUND000,083,SRTQS_00505684390C1EDBB5C0FAB2F331358E,00505684390C1EDBB5C0FAB2F331B58E
WS_BGRFC_INBOUND000,083,SRTQS_00505684390C1EDBB5C0FAD66E19158E,00505684390C1EDBB5C0FAD66E19958E
WS_BGRFC_INBOUND000,083,SRTQS_00505684390C1EDBB5C0FAFC6F8A158E,00505684390C1EDBB5C0FAFC6F8A958E
WS_BGRFC_INBOUND000,083,SRTQS_00505684390C1EDBB5C0FB235C74F58E,00505684390C1EDBB5C0FB235C75758E
WS_BGRFC_INBOUND000,083,SRTQS_00505684390C1EDBB5C0FB4A7673F58E,00505684390C1EDBB5C0FB4A7674758E
WS_BGRFC_INBOUND000,083,SRTQS_00505684390C1EDBB5C0FB706224358E,00505684390C1EDBB5C0FB706224B58E
WS_BGRFC_INBOUND000,083,SRTQS_00505684390C1EDBB5C0FBE1BC34F58E,00505684390C1EDBB5C0FBE1BC35758E
WS_BGRFC_INBOUND000,083,SRTQS_00505684390C1EDBB5C0FC079405758E,00505684390C1EDBB5C0FC079405F58E
WS_BGRFC_INBOUND000,083,SRTQS_00505684390C1EDBB5C0FC2F69F7158E,00505684390C1EDBB5C0FC2F69F7958E
WS_BGRFC_INBOUND000,083,SRTQS_00505684390C1EDBB5E03B58C0CDF59B,00505684390C1EDBB5E03B8FE8B3159B
WS_BGRFC_INBOUND000,083,SRTQS_00505684390C1EDBB5E03B8FE8B7F59B,00505684390C1EDBB5E03BA49510559B
WS_BGRFC_INBOUND000,083,SRTQS_00505684390C1EDBB5E03BBC2B69359B,00505684390C1EDBB5E03BBC2B69B59B
WS_BGRFC_INBOUND000,083,SRTQS_00505684390C1EDBB5E03BDFFBD4359B,00505684390C1EDBB5E03BDFFBD4B59B
WS_BGRFC_INBOUND000,083,SRTQS_00505684390C1EDBB5E071CFD411359B,00505684390C1EDBB5E071CFD411B59B
WS_BGRFC_INBOUND000,083,SRTQS_00505684390C1EDBB5E071F70E3AB59B,00505684390C1EDBB5E071F70E3B359B
WS_BGRFC_INBOUND000,083,SRTQS_00505684390C1EDBB5E072B5B730D59B,00505684390C1EDBB5E072B5B731559B
WS_BGRFC_INBOUND000,083,SRTQS_00505684390C1EDBB5E072DC8771359B,00505684390C1EDBB5E072DC8771B59B
WS_BGRFC_INBOUND000,083,SRTQS_00505684390C1EDBB5E073269E22B59B,00505684390C1EDBB5E073269E23359B
WS_BGRFC_INBOUND000,083,SRTQS_00505684390C1EDBB5E0734EE18AB59B,00505684390C1EDBB5E0734EE18B359B
WS_BGRFC_INBOUND000,083,SRTQS_00505684390C1EDBB5E073782327359B,00505684390C1EDBB5E073782327B59B
WS_BGRFC_INBOUND000,083,SRTQS_00505684390C1EDBB5E073994BD0759B,00505684390C1EDBB5E073994BD0F59B
WS_BGRFC_INBOUND000,083,SRTQS_00505684390C1EDBB5E073994BD8359B,00505684390C1EDBB5E073994BD8B59B
WS_BGRFC_INBOUND000,083,SRTQS_00505684390C1EDBB5E073C1F3C2D59B,00505684390C1EDBB5E073C1F3C3559B
WS_BGRFC_INBOUND000,083,SRTQS_00505684390C1EDBB5E073E53DCD759B,00505684390C1EDBB5E073E53DCDF59B
WS_BGRFC_INBOUND000,083,SRTQS_00505684390C1EDBB5E0740B5428D59B,00505684390C1EDBB5E0740B5429559B
WS_BGRFC_INBOUND000,083,SRTQS_00505684390C1EDBB5E07431C507559B,00505684390C1EDBB5E07431C507D59B
WS_BGRFC_INBOUND000,083,SRTQS_00505684390C1EDBB5E074579E0FB59B,00505684390C1EDBB5E074579E10359B
WS_BGRFC_INBOUND000,083,SRTQS_00505684390C1EDBB5E0747DA77DD59B,00505684390C1EDBB5E0747DA77E559B
WS_BGRFC_INBOUND000,083,SRTQS_00505684390C1EDBB5E074A51C65559B,00505684390C1EDBB5E074A51C65D59B
WS_BGRFC_INBOUND000,083,SRTQS_00505684390C1EDBB5E074CA8864F59B,00505684390C1EDBB5E074CA8865759B
WS_BGRFC_INBOUND000,083,SRTQS_00505684390C1EDBB5E074F2FBB9B59B,00505684390C1EDBB5E074F2FBBA359B
WS_BGRFC_INBOUND000,083,SRTQS_00505684390C1EDBB5E07565AE26959B,00505684390C1EDBB5E07565AE27159B
WS_BGRFC_INBOUND000,083,SRTQS_00505684390C1EDBB5E0762495D0759B,00505684390C1EDBB5E0762495D0F59B
WS_BGRFC_INBOUND000,083,SRTQS_00505684390C1EDBB5E07649B9AF759B,00505684390C1EDBB5E07649B9AFF59B
WS_BGRFC_INBOUND000,083,SRTQS_00505684390C1EDBB5E07649B9B4359B,00505684390C1EDBB5E07649B9B4B59B
WS_BGRFC_INBOUND000,083,SRTQS_00505684390C1EDBB5E07693F57B759B,00505684390C1EDBB5E07693F57BF59B
WS_BGRFC_INBOUND000,083,SRTQS_00505684390C1EDBB5E076BC1DC4F59B,00505684390C1EDBB5E076BC1DC5759B
WS_BGRFC_INBOUND000,083,SRTQS_00505684390C1EDBB5E076E3731EB59B,00505684390C1EDBB5E076E3731F359B
WS_BGRFC_INBOUND000,083,SRTQS_00505684390C1EDBB5E0772D4FF1F59B,00505684390C1EDBB5E0772D4FF2759B
WS_BGRFC_INBOUND000,083,SRTQS_00505684390C1EDBB5E077EB80DF559B,00505684390C1EDBB5E077EB80DFD59B
WS_BGRFC_INBOUND000,083,SRTQS_00505684390C1EDBB5E07969DA6CD59B,00505684390C1EDBB5E07969DA6D559B
WS_BGRFC_INBOUND000,083,SRTQS_00505684390C1EDBB5E07A74861F359B,00505684390C1EDBB5E07A74861FB59B
WS_BGRFC_INBOUND000,083,SRTQS_00505684390C1EDBB5E07A9C3C1D759B,00505684390C1EDBB5E07A9C3C1DF59B
WS_BGRFC_INBOUND000,083,SRTQS_00505684390C1EDBB5E07B351F74559B,00505684390C1EDBB5E07B351F74D59B
WS_BGRFC_INBOUND000,083,SRTQS_00505684390C1EDBB5E07B5906B3F59B,00505684390C1EDBB5E07B5906B4759B
WS_BGRFC_INBOUND000,083,SRTQS_00505684390C1EDBB5E07CB0A591759B,00505684390C1EDBB5E07CB0A591F59B
WS_BGRFC_INBOUND000,083,SRTQS_00505684390C1EDBB5E07CB0A598759B,00505684390C1EDBB5E07CB0A598F59B
WS_BGRFC_INBOUND000,083,SRTQS_00505684390C1EDBB5E07D24653A759B,00505684390C1EDBB5E07D24653AF59B
WS_BGRFC_INBOUND000,083,SRTQS_00505684390C1EDBB5E07D246541759B,00505684390C1EDBB5E07D246541F59B
WS_BGRFC_INBOUND000,083,SRTQS_00505684390C1EDBB5E07D4A0C57B59B,00505684390C1EDBB5E07D4A0C58359B
WS_BGRFC_INBOUND000,083,SRTQS_00505684390C1EDBB5E07EC696A0759B,00505684390C1EDBB5E07EC696A0F59B
WS_BGRFC_INBOUND000,083,SRTQS_00505684390C1EDBB5E07EC696A7959B,00505684390C1EDBB5E07EC696A8159B
WS_BGRFC_INBOUND000,083,SRTQS_00505684390C1EDBB5E07F8622AEB59B,00505684390C1EDBB5E07F8622AF359B
WS_BGRFC_INBOUND000,083,SRTQS_00505684390C1EDBB5E07F8622B6F59B,00505684390C1EDBB5E07F8622B7759B
WS_BGRFC_INBOUND000,083,SRTQS_00505684390C1EDBB5E0814E5796F59B,00505684390C1EDBB5E0814E5797759B
WS_BGRFC_INBOUND000,083,SRTQS_00505684390C1EDBB5E08174DBDC559B,00505684390C1EDBB5E08174DBDCD59B
WS_BGRFC_INBOUND000,083,SRTQS_00505684390C1EDBB5E0819DA23BF59B,00505684390C1EDBB5E0819DA23C759B
WS_BGRFC_INBOUND000,083,SRTQS_00505684390C1EDBB5E081F424C8359B,00505684390C1EDBB5E081F424C8B59B
WS_BGRFC_INBOUND000,083,SRTQS_00505684390C1EDBB5E0820D0B4DF59B,00505684390C1EDBB5E0820D0B4E759B
WS_BGRFC_INBOUND000,083,SRTQS_00505684390C1EDBB5E082A809AAB59B,00505684390C1EDBB5E082A809AB359B
WS_BGRFC_INBOUND000,083,SRTQS_00505684390C1EDBB5E083FF7E95B59B,00505684390C1EDBB5E083FF7E96359B
WS_BGRFC_INBOUND000,083,SRTQS_00505684390C1EDBB5E08426105E759B,00505684390C1EDBB5E08426105EF59B
WS_BGRFC_INBOUND000,083,SRTQS_00505684390C1EDBB5E0844A73EDF59B,00505684390C1EDBB5E0844A73EE759B
WS_BGRFC_INBOUND000,083,SRTQS_00505684390C1EDBB5E0846F666FD59B,00505684390C1EDBB5E0846F6670559B
WS_BGRFC_INBOUND000,083,SRTQS_00505684390C1EDBB5E0852F4A47F59B,00505684390C1EDBB5E0852F4A48759B
WS_BGRFC_INBOUND000,083,SRTQS_00505684390C1EDBB5E0861321D6359B,00505684390C1EDBB5E0861321D6B59B
WS_BGRFC_INBOUND000,083,SRTQS_00505684390C1EDBB5E086D87C72759B,00505684390C1EDBB5E086D87C72F59B
WS_BGRFC_INBOUND000,083,SRTQS_00505684390C1EDBB5E0876A72D4959B,00505684390C1EDBB5E0876A72D5159B
WS_BGRFC_INBOUND000,083,SRTQS_00505684390C1EDBB5E088C239CC159B,00505684390C1EDBB5E088C239CC959B
WS_BGRFC_INBOUND000,083,SRTQS_00505684390C1EDBB5E08A1D96AF559B,00505684390C1EDBB5E08A1D96AFD59B
WS_BGRFC_INBOUND000,083,SRTQS_00505684390C1EDBB5E08A43BD57959B,00505684390C1EDBB5E08A43BD58159B
WS_BGRFC_INBOUND000,083,SRTQS_00505684390C1EDBB5E08A658085359B,00505684390C1EDBB5E08A658085B59B
WS_BGRFC_INBOUND000,083,SRTQS_00505684390C1EDBB5E08A8DECAD759B,00505684390C1EDBB5E08A8DECADF59B
WS_BGRFC_INBOUND000,083,SRTQS_00505684390C1EDBB5E08AB2502F359B,00505684390C1EDBB5E08AB2502FB59B
WS_BGRFC_INBOUND000,083,SRTQS_00505684390C1EDBB5E08AD81EEBF59B,00505684390C1EDBB5E08AD81EEC759B
WS_BGRFC_INBOUND000,083,SRTQS_00505684390C1EDBB5E08B26339D759B,00505684390C1EDBB5E08B26339DF59B
WS_BGRFC_INBOUND000,083,SRTQS_00505684390C1EDBB5E08B2633A2359B,00505684390C1EDBB5E08B2633A2B59B
WS_BGRFC_INBOUND000,083,SRTQS_00505684390C1EDBB5E08BBD11F5B59B,00505684390C1EDBB5E08BBD11F6359B
WS_BGRFC_INBOUND000,083,SRTQS_00505684390C1EDBB5E08BE32729159B,00505684390C1EDBB5E08C09568A159B
WS_BGRFC_INBOUND000,083,SRTQS_00505684390C1EDBB5E08C09568FB59B,00505684390C1EDBB5E08C095690359B
WS_BGRFC_INBOUND000,083,SRTQS_00505684390C1EDBB5E7F4E4CB7315A2,00505684390C1EDBB5E7F515A50515A2
WS_BGRFC_INBOUND000,083,SRTQS_00505684390C1EDBB5E7F52E4EF7F5A2,00505684390C1EDBB5E7F52E4EF855A2
WS_BGRFC_INBOUND000,083,SRTQS_00505684390C1EDBB5E7F5472D8835A2,00505684390C1EDBB5E7F5472D88B5A2
WS_BGRFC_INBOUND000,083,SRTQS_00505684390C1EDBB5E7F5754D6DB5A2,00505684390C1EDBB5E7F5754D6E35A2
WS_BGRFC_INBOUND000,083,SRTQS_00505684390C1EDBB5E82A39601955A2,00505684390C1EDBB5E82A396019D5A2
WS_BGRFC_INBOUND000,083,SRTQS_00505684390C1EDBB5E82A88197FD5A2,00505684390C1EDBB5E82A88198055A2
WS_BGRFC_INBOUND000,083,SRTQS_00505684390C1EDBB5E82AFA037175A2,00505684390C1EDBB5E82AFA0371F5A2
WS_BGRFC_INBOUND000,083,SRTQS_00505684390C1EDBB5E82B447041D5A2,00505684390C1EDBB5E82B44704255A2
WS_BGRFC_INBOUND000,083,SRTQS_00505684390C1EDBB5E82B913E4875A2,00505684390C1EDBB5E82B913E48F5A2
WS_BGRFC_INBOUND000,083,SRTQS_00505684390C1EDBB5E82BB7650D75A2,00505684390C1EDBB5E82BB7650DF5A2
WS_BGRFC_INBOUND000,083,SRTQS_00505684390C1EDBB5E82BDD0E3555A2,00505684390C1EDBB5E82BDD0E35D5A2
WS_BGRFC_INBOUND000,083,SRTQS_00505684390C1EDBB5E82C03298E35A2,00505684390C1EDBB5E82C03298EB5A2
WS_BGRFC_INBOUND000,083,SRTQS_00505684390C1EDBB5E82C2B27DFF5A2,00505684390C1EDBB5E82C2B27E075A2
WS_BGRFC_INBOUND000,083,SRTQS_00505684390C1EDBB5E82C5382CD35A2,00505684390C1EDBB5E82C5382CDB5A2
WS_BGRFC_INBOUND000,083,SRTQS_00505684390C1EDBB5E82C78DCC135A2,00505684390C1EDBB5E82C78DCC1B5A2
WS_BGRFC_INBOUND000,083,SRTQS_00505684390C1EDBB5E82C9F055075A2,00505684390C1EDBB5E82C9F0550F5A2
WS_BGRFC_INBOUND000,083,SRTQS_00505684390C1EDBB5E82CC66FD3B5A2,00505684390C1EDBB5E82CC66FD435A2
WS_BGRFC_INBOUND000,083,SRTQS_00505684390C1EDBB5E82CE83F5735A2,00505684390C1EDBB5E82CE83F57B5A2
WS_BGRFC_INBOUND000,083,SRTQS_00505684390C1EDBB5E82D0F4B3D75A2,00505684390C1EDBB5E82D0F4B3DF5A2
WS_BGRFC_INBOUND000,083,SRTQS_00505684390C1EDBB5E82D37689D35A2,00505684390C1EDBB5E82D37689DB5A2
WS_BGRFC_INBOUND000,083,SRTQS_00505684390C1EDBB5E82D5AC9CE75A2,00505684390C1EDBB5E82D5AC9CEF5A2
WS_BGRFC_INBOUND000,083,SRTQS_00505684390C1EDBB5E82D5AC9D635A2,00505684390C1EDBB5E82D5AC9D6B5A2
WS_BGRFC_INBOUND000,083,SRTQS_00505684390C1EDBB5E82DF5B0FC15A2,00505684390C1EDBB5E82DF5B0FC95A2
WS_BGRFC_INBOUND000,083,SRTQS_00505684390C1EDBB5E82EFEAF5195A2,00505684390C1EDBB5E82EFEAF5215A2
WS_BGRFC_INBOUND000,083,SRTQS_00505684390C1EDBB5E82F24DA5515A2,00505684390C1EDBB5E82F24DA5595A2
WS_BGRFC_INBOUND000,083,SRTQS_00505684390C1EDBB5E82F4D51D8F5A2,00505684390C1EDBB5E82F4D51D975A2
WS_BGRFC_INBOUND000,083,SRTQS_00505684390C1EDBB5E82F98009B15A2,00505684390C1EDBB5E82F98009B95A2
WS_BGRFC_INBOUND000,083,SRTQS_00505684390C1EDBB5E82FE6A5A675A2,00505684390C1EDBB5E82FE6A5A6F5A2
WS_BGRFC_INBOUND000,083,SRTQS_00505684390C1EDBB5E830092C4115A2,00505684390C1EDBB5E830092C4195A2
WS_BGRFC_INBOUND000,083,SRTQS_00505684390C1EDBB5E830586F99D5A2,00505684390C1EDBB5E830586F9A55A2
WS_BGRFC_INBOUND000,083,SRTQS_00505684390C1EDBB5E8313D286CB5A2,00505684390C1EDBB5E8313D286D35A2
WS_BGRFC_INBOUND000,083,SRTQS_00505684390C1EDBB5E832DE630855A2,00505684390C1EDBB5E832DE6308D5A2
WS_BGRFC_INBOUND000,083,SRTQS_00505684390C1EDBB5E8340F404C95A2,00505684390C1EDBB5E8340F404D15A2
WS_BGRFC_INBOUND000,083,SRTQS_00505684390C1EDBB5E8343833D955A2,00505684390C1EDBB5E8345B895A35A2
WS_BGRFC_INBOUND000,083,SRTQS_00505684390C1EDBB5E834F41D5635A2,00505684390C1EDBB5E834F41D56B5A2
WS_BGRFC_INBOUND000,083,SRTQS_00505684390C1EDBB5E834F41D5D35A2,00505684390C1EDBB5E834F41D5DB5A2
WS_BGRFC_INBOUND000,083,SRTQS_00505684390C1EDBB5E8364BAF94D5A2,00505684390C1EDBB5E8364BAF9555A2
WS_BGRFC_INBOUND000,083,SRTQS_00505684390C1EDBB5E83672BF5235A2,00505684390C1EDBB5E83672BF52B5A2
WS_BGRFC_INBOUND000,083,SRTQS_00505684390C1EDBB5E836E4B699B5A2,00505684390C1EDBB5E836E4B69A35A2
WS_BGRFC_INBOUND000,083,SRTQS_00505684390C1EDBB5E8370B460435A2,00505684390C1EDBB5E8370B4604B5A2
WS_BGRFC_INBOUND000,083,SRTQS_00505684390C1EDBB5E837339BC1F5A2,00505684390C1EDBB5E837339BC275A2
WS_BGRFC_INBOUND000,083,SRTQS_00505684390C1EDBB5E838B0159855A2,00505684390C1EDBB5E838B01598D5A2
WS_BGRFC_INBOUND000,083,SRTQS_00505684390C1EDBB5E838D5EF97F5A2,00505684390C1EDBB5E838D5EF9875A2
WS_BGRFC_INBOUND000,083,SRTQS_00505684390C1EDBB5E8396D2490F5A2,00505684390C1EDBB5E8396D249175A2
WS_BGRFC_INBOUND000,083,SRTQS_00505684390C1EDBB5E839938AE6B5A2,00505684390C1EDBB5E839938AE735A2
WS_BGRFC_INBOUND000,083,SRTQS_00505684390C1EDBB5E83B85C90975A2,00505684390C1EDBB5E83B85C909F5A2
WS_BGRFC_INBOUND000,083,SRTQS_00505684390C1EDBB5E83BAA78DC35A2,00505684390C1EDBB5E83BAA78DCB5A2
WS_BGRFC_INBOUND000,083,SRTQS_00505684390C1EDBB5E83BCFD910F5A2,00505684390C1EDBB5E83BCFD91175A2
WS_BGRFC_INBOUND000,083,SRTQS_00505684390C1EDBB5E83C3E102135A2,00505684390C1EDBB5E83C3E1021B5A2
WS_BGRFC_INBOUND000,083,SRTQS_00505684390C1EDBB5E83C55539195A2,00505684390C1EDBB5E83C55539215A2
WS_BGRFC_INBOUND000,083,SRTQS_00505684390C1EDBB5E83D12EB3E15A2,00505684390C1EDBB5E83D12EB3E95A2
WS_BGRFC_INBOUND000,083,SRTQS_00505684390C1EDBB5E83E4699C575A2,00505684390C1EDBB5E83E4699C5F5A2
WS_BGRFC_INBOUND000,083,SRTQS_00505684390C1EDBB5E83E6E80A635A2,00505684390C1EDBB5E83E6E80A6B5A2
WS_BGRFC_INBOUND000,083,SRTQS_00505684390C1EDBB5E83E92DAE9B5A2,00505684390C1EDBB5E83E92DAEA35A2
WS_BGRFC_INBOUND000,083,SRTQS_00505684390C1EDBB5E83EB7797BB5A2,00505684390C1EDBB5E83EB7797C35A2
WS_BGRFC_INBOUND000,083,SRTQS_00505684390C1EDBB5E83F7552B115A2,00505684390C1EDBB5E83F9B6C0315A2
WS_BGRFC_INBOUND000,083,SRTQS_00505684390C1EDBB5E840AA2A62B5A2,00505684390C1EDBB5E840AA2A6335A2
WS_BGRFC_INBOUND000,083,SRTQS_00505684390C1EDBB5E8416727D1D5A2,00505684390C1EDBB5E8416727D255A2
WS_BGRFC_INBOUND000,083,SRTQS_00505684390C1EDBB5E84224F3D1D5A2,00505684390C1EDBB5E84224F3D255A2
WS_BGRFC_INBOUND000,083,SRTQS_00505684390C1EDBB5E843A918DB35A2,00505684390C1EDBB5E843A918DBB5A2
WS_BGRFC_INBOUND000,083,SRTQS_00505684390C1EDBB5E8452AC841B5A2,00505684390C1EDBB5E8452AC84235A2
WS_BGRFC_INBOUND000,083,SRTQS_00505684390C1EDBB5E845465A1075A2,00505684390C1EDBB5E845465A10F5A2
WS_BGRFC_INBOUND000,083,SRTQS_00505684390C1EDBB5E8456B2CBBF5A2,00505684390C1EDBB5E8456B2CBC75A2
WS_BGRFC_INBOUND000,083,SRTQS_00505684390C1EDBB5E8456B2CC215A2,00505684390C1EDBB5E8456B2CC295A2
WS_BGRFC_INBOUND000,083,SRTQS_00505684390C1EDBB5E845932524F5A2,00505684390C1EDBB5E84593252575A2
WS_BGRFC_INBOUND000,083,SRTQS_00505684390C1EDBB5E845E0FA6E75A2,00505684390C1EDBB5E845E0FA6EF5A2
WS_BGRFC_INBOUND000,083,SRTQS_00505684390C1EDBB5E84603C1E1B5A2,00505684390C1EDBB5E84603C1E235A2
WS_BGRFC_INBOUND000,083,SRTQS_00505684390C1EDBB5E8462A61E075A2,00505684390C1EDBB5E8462A61E0F5A2
WS_BGRFC_INBOUND000,083,SRTQS_00505684390C1EDBB5E846C3505B75A2,00505684390C1EDBB5E846C3505BF5A2
WS_BGRFC_INBOUND000,083,SRTQS_00505684390C1EDBB5E846EB3A3E95A2,00505684390C1EDBB5E846EB3A3F15A2
WS_BGRFC_INBOUND000,083,SRTQS_00505684390C1EDBB5E8470EFBA3D5A2,00505684390C1EDBB5E8470EFBA455A2
WS_BGRFC_INBOUND000,083,SRTQS_00505684390C1EDBB5E8A8E4D5AAB5A2,00505684390C1EDBB5E8A8E4D5AB35A2
WS_BGRFC_INBOUND000,083,SRTQS_00505684390C1EDBB5E8AA15FFA6B5A2,00505684390C1EDBB5E8AA15FFA735A2
WS_BGRFC_INBOUND000,083,SRTQS_00505684390C1EDBB5E8AA60E8A7F5A2,00505684390C1EDBB5E8AA60E8A875A2
WS_BGRFC_INBOUND000,083,SRTQS_00505684390C1EDBB5E8AA8704B595A2,00505684390C1EDBB5E8AA8704B615A2
WS_BGRFC_INBOUND000,083,SRTQS_00505684390C1EDBB5E8AAAF89D2B5A2,00505684390C1EDBB5E8AAAF89D335A2
WS_BGRFC_INBOUND000,083,SRTQS_00505684390C1EDBB5E8AB733BBAB5A2,00505684390C1EDBB5E8AB733BBB35A2
WS_BGRFC_INBOUND000,083,SRTQS_00505684390C1EDBB5E8AC2DE2A075A2,00505684390C1EDBB5E8AC2DE2A0F5A2
WS_BGRFC_INBOUND000,083,SRTQS_00505684390C1EDBB5E8ACC32521F5A2,00505684390C1EDBB5E8ACC3252275A2
WS_BGRFC_INBOUND000,083,SRTQS_00505684390C1EDBB5E8AD5E731015A2,00505684390C1EDBB5E8AD5E731095A2
WS_BGRFC_INBOUND000,083,SRTQS_00505684390C1EDBB5E8AE8DBB6A55A2,00505684390C1EDBB5E8AE8DBB6AD5A2
WS_BGRFC_INBOUND000,083,SRTQS_00505684390C1EDBB5E8AFE80CB4B5A2,00505684390C1EDBB5E8AFE80CB535A2
WS_BGRFC_INBOUND000,083,SRTQS_00505684390C1EDBB5E8B0C8B2F175A2,00505684390C1EDBB5E8B0C8B2F1F5A2
WS_BGRFC_INBOUND000,083,SRTQS_00505684390C1EDBB5E8B686211455A2,00505684390C1EDBB5E8B6862114D5A2
WS_BGRFC_INBOUND000,083,SRTQS_00505684390C1EDBB5E8B6B220C1D5A2,00505684390C1EDBB5E8B6B220C255A2
WS_BGRFC_INBOUND000,083,SRTQS_00505684390C1EDBB5E8B744B48935A2,00505684390C1EDBB5E8B76A716495A2
WS_BGRFC_INBOUND000,083,SRTQS_00505684390C1EDBB5E8BA402181D5A2,00505684390C1EDBB5E8BA40218255A2
WS_BGRFC_INBOUND000,083,SRTQS_00505684390C1EDBB5E8BB4A177A15A2,00505684390C1EDBB5E8BB4A177A95A2
WS_BGRFC_INBOUND000,083,SRTQS_00505684390C1EDBB5E8BBBC7F53B5A2,00505684390C1EDBB5E8BBE20550F5A2
WS_BGRFC_INBOUND000,083,SRTQS_00505684390C1EDBB5E8BE7E813B35A2,00505684390C1EDBB5E8BEA4B576D5A2
WS_BGRFC_INBOUND000,083,SRTQS_00505684390C1EDBB5E8C10630A7B5A2,00505684390C1EDBB5E8C10630A835A2
WS_BGRFC_INBOUND000,083,SRTQS_00505684390C1EDBB5E8C2D4238255A2,00505684390C1EDBB5E8C2D42382D5A2
WS_BGRFC_INBOUND000,083,SRTQS_00505684390C1EDBB5E8C43BF6A0B5A2,00505684390C1EDBB5E8C43BF6A135A2
WS_BGRFC_INBOUND000,083,SRTQS_00505684390C1EDBB5E8C5965BE795A2,00505684390C1EDBB5E8C5965BE815A2
WS_BGRFC_INBOUND000,083,SRTQS_00505684390C1EDBB5E8C6042005D5A2,00505684390C1EDBB5E8C604200655A2
WS_BGRFC_INBOUND000,083,SRTQS_00505684390C1EDBB5E8C652720A55A2,00505684390C1EDBB5E8C652720AD5A2
WS_BGRFC_INBOUND000,083,SRTQS_00505684390C1EDBB5E8C6C49AAC75A2,00505684390C1EDBB5E8C6C49AACF5A2
WS_BGRFC_INBOUND000,083,SRTQS_00505684390C1EDBB5E8C71495B335A2,00505684390C1EDBB5E8C71495B3B5A2
WS_BGRFC_INBOUND000,083,SRTQS_00505684390C1EDBB5E8C7A7D47655A2,00505684390C1EDBB5E8C7A7D476D5A2
WS_BGRFC_INBOUND000,083,SRTQS_00505684390C1EDBB5E8C7F4B1AB35A2,00505684390C1EDBB5E8C7F4B1ABB5A2
WS_BGRFC_INBOUND000,083,SRTQS_00505684390C1EDBB5E8C8404CF155A2,00505684390C1EDBB5E8C8404CF1D5A2
WS_BGRFC_INBOUND000,083,SRTQS_00505684390C1EDBB5E8C8B52822F5A2,00505684390C1EDBB5E8C8B5282375A2
WS_BGRFC_INBOUND000,083,SRTQS_00505684390C1EDBB5E8C9010283B5A2,00505684390C1EDBB5E8C901028435A2
WS_BGRFC_INBOUND000,083,SRTQS_00505684390C1EDBB5E8C94B6E4835A2,00505684390C1EDBB5E8C971693FF5A2
WS_BGRFC_INBOUND000,083,SRTQS_00505684390C1EDBB5E8C9BF8D7BB5A2,00505684390C1EDBB5E8C9BF8D7C35A2
WS_BGRFC_INBOUND000,083,SRTQS_00505684390C1EDBB5E8CA0D1CB2B5A2,00505684390C1EDBB5E8CA0D1CB335A2
WS_BGRFC_INBOUND000,083,SRTQS_00505684390C1EDBB5E8CA7D539735A2,00505684390C1EDBB5E8CA7D5397B5A2
WS_BGRFC_INBOUND000,083,SRTQS_00505684390C1EDBB5E8CACDFB1DF5A2,00505684390C1EDBB5E8CACDFB1E75A2
WS_BGRFC_INBOUND000,083,SRTQS_00505684390C1EDBB5E8CB3C7665F5A2,00505684390C1EDBB5E8CB3C766675A2
WS_BGRFC_INBOUND000,083,SRTQS_00505684390C1EDBB68C5EC0193A35AF,00505684390C1EDBB68C5EC0193AB5AF
WS_BGRFC_INBOUND000,083,SRTQS_00505684390C1EDBB68C75CA63A835AF,00505684390C1EDBB68C75CA63A8B5AF
WS_BGRFC_INBOUND000,083,SRTQS_00505684390C1EDBB68C7611D63375AF,00505684390C1EDBB68C7611D633F5AF
WS_BGRFC_INBOUND000,083,SRTQS_00505684390C1EDBB68CDFF2213D75AF,00505684390C1EDBB68CDFF2213DF5AF
WS_BGRFC_INBOUND000,083,SRTQS_00505684390C1EDBB68CE2C6120515AF,00505684390C1EDBB68CE2C6120595AF
WS_BGRFC_INBOUND000,083,SRTQS_00505684390C1EDBB6A579D7B27F35CA,00505684390C1EDBB6A579D7B27FB5CA
WS_BGRFC_INBOUND000,083,SRTQS_00505684390C1EDBB6A579FFAE0015CA,00505684390C1EDBB6A579FFAE0095CA
WS_BGRFC_INBOUND000,083,SRTQS_00505684390C1EDBB6A57A279214D5CA,00505684390C1EDBB6A57A27921555CA
WS_BGRFC_INBOUND000,083,SRTQS_00505684390C1EDBB6A57A968548B5CA,00505684390C1EDBB6A57A96854935CA
WS_BGRFC_INBOUND000,083,SRTQS_00505684390C1EDBB6A57ABC900295CA,00505684390C1EDBB6A57ABC900315CA
WS_BGRFC_INBOUND000,083,SRTQS_00505684390C1EDBB6A57AE35657D5CA,00505684390C1EDBB6A57AE3565855CA
WS_BGRFC_INBOUND000,083,SRTQS_00505684390C1EDBB6A57B08DBBA35CA,00505684390C1EDBB6A57B08DBBAB5CA
WS_BGRFC_INBOUND000,083,SRTQS_00505684390C1EDBB6A57B08DBC0D5CA,00505684390C1EDBB6A57B08DBC155CA
WS_BGRFC_INBOUND000,083,SRTQS_00505684390C1EDBB6A57B2FD89155CA,00505684390C1EDBB6A57B2FD891D5CA
WS_BGRFC_INBOUND000,083,SRTQS_00505684390C1EDBB6A57B55F83EF5CA,00505684390C1EDBB6A57B55F83F75CA
WS_BGRFC_INBOUND000,083,SRTQS_00505684390C1EDBB6A57B55F84595CA,00505684390C1EDBB6A57B55F84615CA
WS_BGRFC_INBOUND000,083,SRTQS_00505684390C1EDBB6A57B7C8A67D5CA,00505684390C1EDBB6A57B7C8A6855CA
WS_BGRFC_INBOUND000,083,SRTQS_00505684390C1EDBB6A57BA184C775CA,00505684390C1EDBB6A57BA184C7F5CA
WS_BGRFC_INBOUND000,083,SRTQS_00505684390C1EDBB6A57BA184CE15CA,00505684390C1EDBB6A57BA184CE95CA
WS_BGRFC_INBOUND000,083,SRTQS_00505684390C1EDBB6A57BC8F46895CA,00505684390C1EDBB6A57BC8F46915CA
WS_BGRFC_INBOUND000,083,SRTQS_00505684390C1EDBB6A57BEDAFAC35CA,00505684390C1EDBB6A57BEDAFACB5CA
WS_BGRFC_INBOUND000,083,SRTQS_00505684390C1EDBB6A57C1372B3B5CA,00505684390C1EDBB6A57C1372B435CA
WS_BGRFC_INBOUND000,083,SRTQS_00505684390C1EDBB6A57C1372BB95CA,00505684390C1EDBB6A57C1372BC15CA
WS_BGRFC_INBOUND000,083,SRTQS_00505684390C1EDBB6A57C39A5F2F5CA,00505684390C1EDBB6A57C39A5F375CA
WS_BGRFC_INBOUND000,083,SRTQS_00505684390C1EDBB6A57C62D945F5CA,00505684390C1EDBB6A57C62D94675CA
WS_BGRFC_INBOUND000,083,SRTQS_00505684390C1EDBB6A57C62D94CB5CA,00505684390C1EDBB6A57C62D94D35CA
WS_BGRFC_INBOUND000,083,SRTQS_00505684390C1EDBB6A57CBA800A95CA,00505684390C1EDBB6A57CD234D7B5CA
WS_BGRFC_INBOUND000,083,SRTQS_00505684390C1EDBB6A57D91355FF5CA,00505684390C1EDBB6A57D91356075CA
WS_BGRFC_INBOUND000,083,SRTQS_00505684390C1EDBB6A57EC4A40AD5CA,00505684390C1EDBB6A57EE8651415CA
WS_BGRFC_INBOUND000,083,SRTQS_00505684390C1EDBB6A57EE8651A55CA,00505684390C1EDBB6A57EE8651AD5CA
WS_BGRFC_INBOUND000,083,SRTQS_00505684390C1EDBB6A585E95A3755CA,00505684390C1EDBB6A585E95A37D5CA
WS_BGRFC_INBOUND000,083,SRTQS_00505684390C1EDBB6A58637AEDDB5CA,00505684390C1EDBB6A58637AEDE35CA
WS_BGRFC_INBOUND000,083,SRTQS_00505684390C1EDBB6A5FE06DDF1D5CA,00505684390C1EDBB6A5FE06DDF255CA
WS_BGRFC_INBOUND000,083,SRTQS_00505684390C1EDBB6BE6AB0D75095DD,00505684390C1EDBB6BE6AB0D750F5DD
WS_BGRFC_INBOUND000,083,SRTQS_00505684390C1EDBB6BEA2A4DAC0B5DD,00505684390C1EDBB6BEA2A4DAC135DD
WS_BGRFC_INBOUND000,083,SRTQS_00505684390C1EDBB6BEA4CF40FF95DD,00505684390C1EDBB6BEA4CF410015DD
WS_BGRFC_INBOUND000,083,SRTQS_00505684390C1EDBB6BEAA0C3D55B5DD,00505684390C1EDBB6BEAA0C3D5635DD
WS_BGRFC_INBOUND000,083,SRTQS_00505684390C1EDBB6BEB0E028F155DD,00505684390C1EDBB6BEB0E028F1D5DD
WS_BGRFC_INBOUND000,083,SRTQS_00505684390C1EDBB6BEB12C4AC9B5DD,00505684390C1EDBB6BEB12C4ACA35DD
WS_BGRFC_INBOUND000,083,SRTQS_00505684390C1EDBB6D78FA5579135EC,00505684390C1EDBB6D78FA5579195EC
WS_BGRFC_INBOUND000,083,SRTQS_00505684390C1EDBB6D7CC46A33555EC,00505684390C1EDBB6D7CC46A335D5EC
WS_BGRFC_INBOUND000,083,SRTQS_00505684390C1EDBB6D7CEB9CA24F5EC,00505684390C1EDBB6D7CEB9CA2575EC
WS_BGRFC_INBOUND000,083,SRTQS_00505684390C1EDBB6D7D48DB5C035EC,00505684390C1EDBB6D7D48DB5C0B5EC
WS_BGRFC_INBOUND000,083,SRTQS_00505684390C1EDBB6D7D596AA0115EC,00505684390C1EDBB6D7D596AA0195EC
WS_BGRFC_INBOUND000,083,SRTQS_00505684390C1EDBB6D7DC128DDCB5EC,00505684390C1EDBB6D7DC128DDD35EC
WS_BGRFC_INBOUND000,083,SRTQS_00505684390C1EDBB6D7DC5D27EAF5EC,00505684390C1EDBB6D7DC5D27EB75EC
WS_BGRFC_INBOUND000,083,SRTQS_00505684390C1EDBB6D83350EA7BB5ED,00505684390C1EDBB6D83350EA7C35ED
WS_BGRFC_INBOUND000,083,SRTQS_00505684390C1EDBB6F0F30F0CE035F9,00505684390C1EDBB6F0F30F0CE0B5F9
WS_BGRFC_INBOUND000,083,SRTQS_00505684390C1EDBB6F0F848C1B895F9,00505684390C1EDBB6F0F848C1B915F9
WS_BGRFC_INBOUND000,083,SRTQS_00505684390C1EDBB6F0FAD0FD2495F9,00505684390C1EDBB6F0FAD0FD2515F9
WS_BGRFC_INBOUND000,083,SRTQS_00505684390C1EDBB6F0FB8E3AB395F9,00505684390C1EDBB6F0FB8E3AB415F9
WS_BGRFC_INBOUND000,083,SRTQS_00505684390C1EDBB6F0FD31C2BB35F9,00505684390C1EDBB6F0FD31C2BBB5F9
WS_BGRFC_INBOUND000,083,SRTQS_00505684390C1EDBB6F0FEB4839435F9,00505684390C1EDBB6F0FEB48394B5F9
WS_BGRFC_INBOUND000,083,SRTQS_00505684390C1EDBB6F0FED7E4F675F9,00505684390C1EDBB6F0FED7E4F6F5F9
WS_BGRFC_INBOUND000,083,SRTQS_00505684390C1EDBB6F0FEFC020F15F9,00505684390C1EDBB6F0FEFC020F95F9
WS_BGRFC_INBOUND000,083,SRTQS_00505684390C1EDBB6F0FF21D519D5F9,00505684390C1EDBB6F0FF21D51A55F9
WS_BGRFC_INBOUND000,083,SRTQS_00505684390C1EDBB6F0FF47D03755F9,00505684390C1EDBB6F0FF47D037D5F9
WS_BGRFC_INBOUND000,083,SRTQS_00505684390C1EDBB6F0FF6DC05D75F9,00505684390C1EDBB6F0FF6DC05DF5F9
WS_BGRFC_INBOUND000,083,SRTQS_00505684390C1EDBB6F0FFBEA199F5F9,00505684390C1EDBB6F0FFBEA19A75F9
WS_BGRFC_INBOUND000,083,SRTQS_00505684390C1EDBB6F0FFBEA19EB5F9,00505684390C1EDBB6F0FFBEA19F35F9
WS_BGRFC_INBOUND000,083,SRTQS_00505684390C1EDBB6F10053D15B55F9,00505684390C1EDBB6F10053D15BD5F9
WS_BGRFC_INBOUND000,083,SRTQS_00505684390C1EDBB6F10078DACFF5F9,00505684390C1EDBB6F10078DAD075F9
WS_BGRFC_INBOUND000,083,SRTQS_00505684390C1EDBB6F1009E8ACB15F9,00505684390C1EDBB6F1009E8ACB95F9
WS_BGRFC_INBOUND000,083,SRTQS_00505684390C1EDBB6F14E8EB28A75F9,00505684390C1EDBB6F14E8EB28AF5F9
WS_BGRFC_INBOUND000,083,SRTQS_00505684390C1EDBB6F14EB4F614D5F9,00505684390C1EDBB6F14EB4F61555F9
WS_BGRFC_INBOUND000,083,SRTQS_00505684390C1EDBB6F14F9B4213B5F9,00505684390C1EDBB6F14F9B421435F9
WS_BGRFC_INBOUND000,083,SRTQS_00505684390C1EDBB890C021CBBB965D,00505684390C1EDBB890C021CBBC165D
WS_BGRFC_INBOUND000,083,SRTQS_00505684390C1EDBB8DB42C4E679F68E,00505684390C1EDBB8DB42C4E67A768E
WS_BGRFC_INBOUND000,083,SRTQS_00505684390C1EDBBCDDEB6DF890784A,00505684390C1EDBBCDDEB9C5124D84A
WS_BGRFC_INBOUND000,083,SRTQS_00505684390C1EDBBCDDEC67B520384A,00505684390C1EDBBCDDEC67B520B84A
WS_BGRFC_INBOUND000,083,SRTQS_00505684390C1EDBBCDE0763C87FF84A,00505684390C1EDBBCDE0763C880584A
WS_BGRFC_INBOUND000,083,SRTQS_00505684390C1EDBBCDE1D131ADD384A,00505684390C1EDBBCDE1D131ADD984A
WS_BGRFC_INBOUND000,083,SRTQS_00505684390C1EDBBCDE43A7180C384C,00505684390C1EDBBCDE43CB65B1384C
WS_BGRFC_INBOUND000,083,SRTQS_00505684390C1EDBBCDE53546F23F84C,00505684390C1EDBBCDE53546F24584C
WS_BGRFC_INBOUND000,083,SRTQS_00505684390C1EDBBCDE5AAD6601784C,00505684390C1EDBBCDE5AAD6601D84C
WS_BGRFC_INBOUND000,083,SRTQS_00505684390C1EDC8CB9C00D3FE5BDD5,00505684390C1EDC8CB9C00D3FE63DD5
WS_BGRFC_INBOUND000,083,SRTQS_00505684390C1EDC8CB9CA59528BBDD5,00505684390C1EDC8CB9CA59528C3DD5
WS_BGRFC_INBOUND000,083,SRTQS_00505684390C1EDC8CB9D09E07663DD5,00505684390C1EDC8CB9D09E0766BDD5
WS_BGRFC_INBOUND000,083,SRTQS_00505684390C1EDC8CB9D4F3AE923DD5,00505684390C1EDC8CB9D4F3AE92BDD5
WS_BGRFC_INBOUND000,083,SRTQS_00505684390C1EDC8CBA298569D23DD5,00505684390C1EDC8CBA298569D2BDD5
WS_BGRFC_INBOUND000,083,SRTQS_00505684390C1EDC8CBA2FEAB8AF7DD5,00505684390C1EDC8CBA2FEAB8AFFDD5
WS_BGRFC_INBOUND000,083,SRTQS_00505684390C1EDC8CBDC30A0C6E3DDD,00505684390C1EDC8CBDC30A0C6EBDDD
WS_BGRFC_INBOUND000,083,SRTQS_00505684390C1EDC8CBDC37AD7941DDD,00505684390C1EDC8CBDC37AD7949DDD
WS_BGRFC_INBOUND000,083,SRTQS_00505684390C1EDC8CBDC3A3AA0FBDDD,00505684390C1EDC8CBDC3A3AA103DDD
WS_BGRFC_INBOUND000,083,SRTQS_00505684390C1EDC8CBDC5512531FDDD,00505684390C1EDC8CBDC55125327DDD
WS_BGRFC_INBOUND000,083,SRTQS_00505684390C1EDC8CBDC5DBF6DE3DDD,00505684390C1EDC8CBDC5DBF6DEBDDD
WS_BGRFC_INBOUND000,083,SRTQS_00505684390C1EDC8CBDC6035D329DDD,00505684390C1EDC8CBDC6035D331DDD
WS_BGRFC_INBOUND000,083,SRTQS_00505684390C1EDC8CBDC62942FCDDDD,00505684390C1EDC8CBDC62942FD5DDD
WS_BGRFC_INBOUND000,083,SRTQS_00505684390C1EDC8CBDC64EBED9DDDD,00505684390C1EDC8CBDC64EBEDA5DDD
WS_BGRFC_INBOUND000,083,SRTQS_00505684390C1EDC8CBDC69BD9DB7DDD,00505684390C1EDC8CBDC69BD9DBFDDD
WS_BGRFC_INBOUND000,083,SRTQS_00505684390C1EDC8CBDC787ABB2BDDD,00505684390C1EDC8CBDC787ABB33DDD
WS_BGRFC_INBOUND000,083,SRTQS_00505684390C1EDC8CBDC787ABB7BDDD,00505684390C1EDC8CBDC7A5C05EBDDD
WS_BGRFC_INBOUND000,083,SRTQS_00505684390C1EDC8CBDCC984B30FDDD,00505684390C1EDC8CBDCC984B317DDD
WS_BGRFC_INBOUND000,083,SRTQS_00505684390C1EDC8CBDCE5DABCFBDDD,00505684390C1EDC8CBDCE5DABD03DDD
WS_BGRFC_INBOUND000,083,SRTQS_00505684390C1EDC8CBDEC4900A37DDD,00505684390C1EDC8CBDEC4900A3FDDD
WS_BGRFC_INBOUND000,083,SRTQS_00505684390C1EDC8CBDED815394FDDD,00505684390C1EDC8CBDED8153957DDD
WS_BGRFC_INBOUND000,083,SRTQS_00505684390C1EDC8CBDF32F87E4BDDD,00505684390C1EDC8CBDF32F87E53DDD
WS_BGRFC_INBOUND000,083,SRTQS_00505684390C1EDC8CBDF52C9B241DDE,00505684390C1EDC8CBDF52C9B249DDE
WS_BGRFC_INBOUND000,083,SRTQS_00505684390C1EDC8CBDF6A92733DDDE,00505684390C1EDC8CBDF6A927345DDE
WS_BGRFC_INBOUND000,083,SRTQS_00505684390C1EDC8CBDF82BF4C93DDE,00505684390C1EDC8CBDF82BF4C9BDDE
WS_BGRFC_INBOUND000,083,SRTQS_00505684390C1EDC8CBDF984B9107DDE,00505684390C1EDC8CBDF984B910FDDE
WS_BGRFC_INBOUND000,083,SRTQS_00505684390C1EDC8CBE000C6FD95DDE,00505684390C1EDC8CBE000C6FD9DDDE
WS_BGRFC_INBOUND000,083,SRTQS_00505684390C1EDC8CBE39E8207EBDDF,00505684390C1EDC8CBE39E8207F1DDF
WS_BGRFC_INBOUND000,083,SRTQS_00505684390C1EDC8CBE3A46A22ABDDF,00505684390C1EDC8CBE3A46A22B1DDF
WS_BGRFC_INBOUND000,083,SRTQS_00505684390C1EDC8CC223ACB9D2BDDF,00505684390C1EDC8CC223ACB9D33DDF
WS_BGRFC_INBOUND000,083,SRTQS_00505684390C1EDC8CC2244460D23DDF,00505684390C1EDC8CC2244460D2BDDF
WS_BGRFC_INBOUND000,083,SRTQS_00505684390C1EDC8CD701371D353DF4,00505684390C1EDC8CD701371D35BDF4
WS_BGRFC_INBOUND000,083,SRTQS_00505684390C1EDC8CD7020471527DF4,00505684390C1EDC8CD702047152FDF4
WS_BGRFC_INBOUND000,083,SRTQS_00505684390C1EDC8CD702204F587DF4,00505684390C1EDC8CD702204F58FDF4
WS_BGRFC_INBOUND000,083,SRTQS_00505684390C1EDC8CD70466EB25FDF4,00505684390C1EDC8CD70466EB267DF4
WS_BGRFC_INBOUND000,083,SRTQS_00505684390C1EDC8CD705C28EB5BDF4,00505684390C1EDC8CD705C28EB63DF4
WS_BGRFC_INBOUND000,083,SRTQS_00505684390C1EDC8CD705EC0784FDF4,00505684390C1EDC8CD705EC07857DF4
WS_BGRFC_INBOUND000,083,SRTQS_00505684390C1EDC8CD7060FF544DDF4,00505684390C1EDC8CD7060FF5455DF4
WS_BGRFC_INBOUND000,083,SRTQS_00505684390C1EDC8CD7066E1BC8FDF4,00505684390C1EDC8CD7066E1BC97DF4
WS_BGRFC_INBOUND000,083,SRTQS_00505684390C1EDC8CD706C4D8FFFDF4,00505684390C1EDC8CD706C4D9007DF4
WS_BGRFC_INBOUND000,083,SRTQS_00505684390C1EDC8CD708292A093DF4,00505684390C1EDC8CD708292A09BDF4
WS_BGRFC_INBOUND000,083,SRTQS_00505684390C1EDC8CD7084C314BFDF4,00505684390C1EDC8CD7084C314C7DF4
WS_BGRFC_INBOUND000,083,SRTQS_00505684390C1EDC8CD70DD372263DF4,00505684390C1EDC8CD70DF7AEF07DF4
WS_BGRFC_INBOUND000,083,SRTQS_00505684390C1EDC8CD7100D5BEA3DF4,00505684390C1EDC8CD7100D5BEABDF4
WS_BGRFC_INBOUND000,083,SRTQS_00505684390C1EDC8CD715ED946F3DF4,00505684390C1EDC8CD715ED946FBDF4
WS_BGRFC_INBOUND000,083,SRTQS_00505684390C1EDC8CD7282E56D03DF4,00505684390C1EDC8CD7282E56D0BDF4
WS_BGRFC_INBOUND000,083,SRTQS_00505684390C1EDC8CD72BAF11BCFDF4,00505684390C1EDC8CD72BAF11BD7DF4
WS_BGRFC_INBOUND000,083,SRTQS_00505684390C1EDC8CD72D5279DD3DF4,00505684390C1EDC8CD72D5279DDBDF4
WS_BGRFC_INBOUND000,083,SRTQS_00505684390C1EDC8CD72F467512FDF4,00505684390C1EDC8CD72F4675137DF4
WS_BGRFC_INBOUND000,083,SRTQS_00505684390C1EDC8CD730C014FB1DF4,00505684390C1EDC8CD730C014FB9DF4
WS_BGRFC_INBOUND000,083,SRTQS_00505684390C1EDC8CD7323F733ABDF4,00505684390C1EDC8CD7323F733B3DF4
WS_BGRFC_INBOUND000,083,SRTQS_00505684390C1EDC8CD7336E7D8EFDF4,00505684390C1EDC8CD7336E7D8F7DF4
WS_BGRFC_INBOUND000,083,SRTQS_00505684390C1EDC8CD7391A7DEFDDF4,00505684390C1EDC8CD7391A7DF05DF4
WS_BGRFC_INBOUND000,083,SRTQS_00505684390C1EDC8CD7718F9D117DF4,00505684390C1EDC8CD7718F9D11DDF4
WS_BGRFC_INBOUND000,083,SRTQS_00505684390C1EDC8CD771F1D2BCBDF4,00505684390C1EDC8CD771F1D2BD1DF4
WS_BGRFC_INBOUND000,083,SRTQS_00505684390C1EDC8CDB3DD2B749DDF4,00505684390C1EDC8CDB3DD2B74A5DF4
WS_BGRFC_INBOUND000,083,SRTQS_00505684390C1EDC8CDB3E64678AFDF4,00505684390C1EDC8CDB3E64678B7DF4
WS_BGRFC_INBOUND000,083,SRTQS_00505684390C1EDC8CDE49991562FDF7,00505684390C1EDC8CDE499915637DF7
WS_BGRFC_INBOUND000,083,SRTQS_00505684390C1EDC8CF005F6595E3E38,00505684390C1EDC8CF005F6595EBE38
WS_BGRFC_INBOUND000,083,SRTQS_00505684390C1EDC8CF0061DBCF87E38,00505684390C1EDC8CF0061DBCF8FE38
WS_BGRFC_INBOUND000,083,SRTQS_00505684390C1EDC8CF007520DDF3E38,00505684390C1EDC8CF007520DDFBE38
WS_BGRFC_INBOUND000,083,SRTQS_00505684390C1EDC8CF007C02CCA7E38,00505684390C1EDC8CF007C02CCAFE38
WS_BGRFC_INBOUND000,083,SRTQS_00505684390C1EDC8CF007E51438DE38,00505684390C1EDC8CF007E514395E38
WS_BGRFC_INBOUND000,083,SRTQS_00505684390C1EDC8CF0080BB35F5E38,00505684390C1EDC8CF0080BB35FDE38
WS_BGRFC_INBOUND000,083,SRTQS_00505684390C1EDC8CF00833AB6C3E38,00505684390C1EDC8CF00833AB6CBE38
WS_BGRFC_INBOUND000,083,SRTQS_00505684390C1EDC8CF008F0A603FE38,00505684390C1EDC8CF008F0A6047E38
WS_BGRFC_INBOUND000,083,SRTQS_00505684390C1EDC8CF008F0A608FE38,00505684390C1EDC8CF0091738247E38
WS_BGRFC_INBOUND000,083,SRTQS_00505684390C1EDC8CF00D93CB14BE38,00505684390C1EDC8CF00D93CB153E38
WS_BGRFC_INBOUND000,083,SRTQS_00505684390C1EDC8CF01163CEC77E38,00505684390C1EDC8CF01163CEC7FE38
WS_BGRFC_INBOUND000,083,SRTQS_00505684390C1EDC8CF0134C26523E38,00505684390C1EDC8CF0134C2652BE38
WS_BGRFC_INBOUND000,083,SRTQS_00505684390C1EDC8CF02422B6A33E38,00505684390C1EDC8CF02422B6A3BE38
WS_BGRFC_INBOUND000,083,SRTQS_00505684390C1EDC8CF0245C8474FE38,00505684390C1EDC8CF0245C84757E38
WS_BGRFC_INBOUND000,083,SRTQS_00505684390C1EDC8CF028EE239BFE38,00505684390C1EDC8CF028EE239C7E38
WS_BGRFC_INBOUND000,083,SRTQS_00505684390C1EDC8CF02B0070EB3E38,00505684390C1EDC8CF02B0070EBBE38
WS_BGRFC_INBOUND000,083,SRTQS_00505684390C1EDC8CF02B6FDE46DE38,00505684390C1EDC8CF02B6FDE475E38
WS_BGRFC_INBOUND000,083,SRTQS_00505684390C1EDC8CF02C2E40187E38,00505684390C1EDC8CF02C2E4018FE38
WS_BGRFC_INBOUND000,083,SRTQS_00505684390C1EDC8CF02D602FB93E38,00505684390C1EDC8CF02D602FB9BE38
WS_BGRFC_INBOUND000,083,SRTQS_00505684390C1EDC8CF02E459D689E38,00505684390C1EDC8CF02E459D691E38
WS_BGRFC_INBOUND000,083,SRTQS_00505684390C1EDC8CF0332FB8807E38,00505684390C1EDC8CF0332FB880FE38
WS_BGRFC_INBOUND000,083,SRTQS_00505684390C1EDC8CF05C4B3C56FE38,00505684390C1EDC8CF05C4B3C575E38
WS_BGRFC_INBOUND000,083,SRTQS_00505684390C1EDC8CF05C8AA10E3E38,00505684390C1EDC8CF05C8AA10E9E38
WS_BGRFC_INBOUND000,083,SRTQS_00505684390C1EDC8CF437C492197E38,00505684390C1EDC8CF437C49219FE38
WS_BGRFC_INBOUND000,083,SRTQS_00505684390C1EDC8CF43856F36B7E38,00505684390C1EDC8CF43856F36BFE38
WS_BGRFC_INBOUND000,083,SRTQS_00505684390C1EDC8DBB77E083243E59,00505684390C1EDC8DBB77E08324BE59
WS_BGRFC_INBOUND000,083,SRTQS_00505684390C1EDC8DBB785278F37E59,00505684390C1EDC8DBB785278F3FE59
WS_BGRFC_INBOUND000,083,SRTQS_00505684390C1EDC8DBB785278F89E59,00505684390C1EDC8DBB7878A56EBE59
WS_BGRFC_INBOUND000,083,SRTQS_00505684390C1EDC8DBB79A9F0963E59,00505684390C1EDC8DBB79A9F096BE59
WS_BGRFC_INBOUND000,083,SRTQS_00505684390C1EDC8DBB7A1D7FF61E59,00505684390C1EDC8DBB7A1D7FF69E59
WS_BGRFC_INBOUND000,083,SRTQS_00505684390C1EDC8DBB7A4215945E59,00505684390C1EDC8DBB7A421594DE59
WS_BGRFC_INBOUND000,083,SRTQS_00505684390C1EDC8DBB7A902A59BE59,00505684390C1EDC8DBB7A902A5A3E59
WS_BGRFC_INBOUND000,083,SRTQS_00505684390C1EDC8DBB7AB6BEC5BE59,00505684390C1EDC8DBB7AB6BEC63E59
WS_BGRFC_INBOUND000,083,SRTQS_00505684390C1EDC8DBB7B741C63BE59,00505684390C1EDC8DBB7B741C643E59
WS_BGRFC_INBOUND000,083,SRTQS_00505684390C1EDC8DBB7B741C68BE59,00505684390C1EDC8DBB7B9AAA5EFE59
WS_BGRFC_INBOUND000,083,SRTQS_00505684390C1EDC8DBB83981870FE59,00505684390C1EDC8DBB839818717E59
WS_BGRFC_INBOUND000,083,SRTQS_00505684390C1EDC8DBB853C23B73E59,00505684390C1EDC8DBB853C23B7BE59
WS_BGRFC_INBOUND000,083,SRTQS_00505684390C1EDC8DBB85CF9896BE59,00505684390C1EDC8DBB85CF98973E59
WS_BGRFC_INBOUND000,083,SRTQS_00505684390C1EDC8DBB91E887853E59,00505684390C1EDC8DBB91E88785BE59
WS_BGRFC_INBOUND000,083,SRTQS_00505684390C1EDC8DBB94BDDC96BE59,00505684390C1EDC8DBB94BDDC973E59
WS_BGRFC_INBOUND000,083,SRTQS_00505684390C1EDC8DBB9632D31F5E59,00505684390C1EDC8DBB9632D31FDE59
WS_BGRFC_INBOUND000,083,SRTQS_00505684390C1EDC8DBB97D63F53DE59,00505684390C1EDC8DBB97FC8D0A5E59
WS_BGRFC_INBOUND000,083,SRTQS_00505684390C1EDC8DBB984E823DDE59,00505684390C1EDC8DBB986F1B15FE59
WS_BGRFC_INBOUND000,083,SRTQS_00505684390C1EDC8DBB992E20F0BE59,00505684390C1EDC8DBB992E20F13E59
WS_BGRFC_INBOUND000,083,SRTQS_00505684390C1EDC8DBB9AD50E623E59,00505684390C1EDC8DBB9AD50E62BE59
WS_BGRFC_INBOUND000,083,SRTQS_00505684390C1EDC8DBB9BB87F419E59,00505684390C1EDC8DBB9BB87F421E59
WS_BGRFC_INBOUND000,083,SRTQS_00505684390C1EDC8DBBA07C34961E59,00505684390C1EDC8DBBA0A1321B3E59
WS_BGRFC_INBOUND000,083,SRTQS_00505684390C1EDC8DBBCFE3E5C03E59,00505684390C1EDC8DBBCFE3E5C09E59
WS_BGRFC_INBOUND000,083,SRTQS_00505684390C1EDC8DBBD00451475E59,00505684390C1EDC8DBBD0045147BE59
WS_BGRFC_INBOUND000,083,SRTQS_00505684390C1EDC8DBFE11708433E5A,00505684390C1EDC8DBFE1170843BE5A
WS_BGRFC_INBOUND000,083,SRTQS_00505684390C1EDC8DBFE1AEA186DE5A,00505684390C1EDC8DBFE1AEA1875E5A
WS_BGRFC_INBOUND000,083,SRTQS_00505684390C1EDC90E9A4ADA6AD9F81,00505684390C1EDC90E9A4ADA6AE1F81
WS_BGRFC_INBOUND000,083,SRTQS_00505684390C1EDC90E9AB187843BF81,00505684390C1EDC90E9AB1878443F81
WS_BGRFC_INBOUND000,083,SRTQS_00505684390C1EDC90E9ACE1636A3F81,00505684390C1EDC90E9ACE1636ABF81
WS_BGRFC_INBOUND000,083,SRTQS_00505684390C1EEA9B9E75E0D0E4B0F8,00505684390C1EEA9B9E75E0D0E5B0F8
WS_BGRFC_INBOUND000,083,SRTQS_00505684390C1EEA9B9E80B6B49BD0F8,00505684390C1EEA9B9E80B6B49C70F8
WS_BGRFC_INBOUND000,083,SRTQS_00505684390C1EEA9BFF8C54D661D3B4,00505684390C1EEA9BFF8C54D66233B4
WS_BGRFC_INBOUND000,083,SRTQS_00505684390C1EEA9C80B058699173B9,00505684390C1EEA9C80B0586991D3B9
WS_BGRFC_INBOUND000,083,SRTQS_00505684390C1EEA9C810F4AB2C733C0,00505684390C1EEA9C810F4AB2C793C0
WS_BGRFC_INBOUND000,083,SRTQS_00505684390C1EEA9C81141FC203F3C1,00505684390C1EEA9C81141FC20453C1
WS_BGRFC_INBOUND000,083,SRTQS_00505684390C1EEA9C826A6647EF33C5,00505684390C1EEA9C826A6647EF93C5
WS_BGRFC_INBOUND000,083,SRTQS_00505684390C1EEA9C826C61B2FB33C5,00505684390C1EEA9C826C7B86FB93C5
WS_BGRFC_INBOUND000,083,SRTQS_00505684390C1EEA9CBCDDD2C93EB46F,00505684390C1EEA9CBCDDD2C93F146F
WS_BGRFC_INBOUND000,083,SRTQS_00505684390C1EEA9CBCE8B500E2F46F,00505684390C1EEA9CBCE8B500E3546F
WS_BGRFC_INBOUND000,083,SRTQS_00505684390C1EEA9CCB1E63E00BB493,00505684390C1EEA9CCB1E63E00C1493
WS_BGRFC_INBOUND000,083,SRTQS_00505684390C1EEA9CCB40A401D17494,00505684390C1EEA9CCB40A401D1D494
WS_BGRFC_INBOUND000,083,SRTQS_00505684390C1EEA9CCB47BE406EF495,00505684390C1EEA9CCB47BE406F5495
WS_BGRFC_INBOUND000,083,SRTQS_00505684390C1EEA9CCB49F52C007495,00505684390C1EEA9CCB49F52C00D495
WS_BGRFC_INBOUND000,083,SRTQS_00505684390C1EEA9CCB531FA69D3495,00505684390C1EEA9CCB531FA69D9495
WS_BGRFC_INBOUND000,083,SRTQS_00505684390C1EEA9CCB6064B1F2F495,00505684390C1EEA9CCB6064B1F35495
WS_BGRFC_INBOUND000,083,SRTQS_00505684390C1EEA9CCB62935D6FF495,00505684390C1EEA9CCB62935D705495
WS_BGRFC_INBOUND000,083,SRTQS_00505684390C1EEA9CCB62935D72D495,00505684390C1EEA9CCB62935D733495
WS_BGRFC_INBOUND000,083,SRTQS_00505684390C1EEA9CCB62B6A658F495,00505684390C1EEA9CCB62B6A6595495
WS_BGRFC_INBOUND000,083,SRTQS_00505684390C1EEA9CCB9B6422E67496,00505684390C1EEA9CCB9B6422E6D496
WS_BGRFC_INBOUND000,083,SRTQS_00505684390C1EEA9CCBCC333A83B496,00505684390C1EEA9CCBCC333A841496
WS_BGRFC_INBOUND000,083,SRTQS_00505684390C1EEA9CCBE49A683F7497,00505684390C1EEA9CCBE49A683FD497
WS_BGRFC_INBOUND000,083,SRTQS_00505684390C1EEA9CCC11898405349C,00505684390C1EEA9CCC11898405949C
WS_BGRFC_INBOUND000,083,SRTQS_00505684390C1EEA9CCD23E6E5AB34A5,00505684390C1EEA9CCD23E6E5AB94A5
WS_BGRFC_INBOUND000,083,SRTQS_00505684390C1EEA9CCDDB7BB4CDB4AE,00505684390C1EEA9CCDDB7BB4CE14AE
WS_BGRFC_INBOUND000,083,SRTQS_00505684390C1EEA9CCE0B610C7B34AE,00505684390C1EEA9CCE0B610C7B94AE
WS_BGRFC_INBOUND000,083,SRTQS_00505684390C1EEA9EB0FD82F6B97BC5,00505684390C1EEA9EB0FD82F6BA7BC5
WS_BGRFC_INBOUND000,083,SRTQS_00505684390C1EEAB8A668D17E0A2EA5,00505684390C1EEAB8A668D17E0A8EA5
WS_BGRFC_INBOUND000,083,SRTQS_00505684390C1EEABAA1DAB6636834DE,00505684390C1EEABAA1DAB66368D4DE
WS_BGRFC_INBOUND000,083,SRTQS_00505684390C1EEB81CE757E15C72285,00505684390C1EEB81CE75A905BDE285
WS_BGRFC_INBOUND000,083,SRTQS_00505684390C1EEB8E8971BF56D2A75C,00505684390C1EEB8E8971E4AE9F875C
WS_BGRFC_INBOUND000,083,SRTQS_00505684390C1EEB8E8972112A14275C,00505684390C1EEB8E8972112A14C75C
WS_BGRFC_INBOUND000,083,SRTQS_00505684390C1EEB8E897230BDE4875C,00505684390C1EEB8E897230BDE5275C
WS_BGRFC_INBOUND000,083,SRTQS_00505684390C1EEB8E897230BDE7675C,00505684390C1EEB8E897230BDE8075C
WS_BGRFC_INBOUND000,083,SRTQS_00505684390C1EEB8E89725ECF21275C,00505684390C1EEB8E89725ECF21C75C
WS_BGRFC_INBOUND000,083,SRTQS_00505684390C1EEB8E89725ECF24075C,00505684390C1EEB8E89725ECF24A75C
WS_BGRFC_INBOUND000,083,SRTQS_00505684390C1EEB8E897295AFFB675C,00505684390C1EEB8E897295AFFC075C
WS_BGRFC_INBOUND000,083,SRTQS_00505684390C1EEB8E897295AFFE475C,00505684390C1EEB8E897295AFFEE75C
WS_BGRFC_INBOUND000,083,SRTQS_00505684390C1EEB8E8972C7EFADA75C,00505684390C1EEB8E8972C7EFAE475C
WS_BGRFC_INBOUND000,083,SRTQS_00505684390C1EEB8E8972E5D806A75C,00505684390C1EEB8E8972E5D807475C
WS_BGRFC_INBOUND000,083,SRTQS_00505684390C1EEB8E89730341F4675C,00505684390C1EEB8E89730341F5075C
WS_BGRFC_INBOUND000,083,SRTQS_00505684390C1EEB8E89730341F7475C,00505684390C1EEB8E89730341F7E75C
WS_BGRFC_INBOUND000,083,SRTQS_00505684390C1EEB8E89733BFD6DE75C,00505684390C1EEB8E89733BFD6E875C
WS_BGRFC_INBOUND000,083,SRTQS_00505684390C1EEB8E897361D177A75C,00505684390C1EEB8E897361D178475C
WS_BGRFC_INBOUND000,083,SRTQS_00505684390C1EEB8E897388FABE275C,00505684390C1EEB8E897388FABEC75C
WS_BGRFC_INBOUND000,083,SRTQS_00505684390C1EEB8E897388FAC1075C,00505684390C1EEB8E897388FAC1A75C
WS_BGRFC_INBOUND000,083,SRTQS_00505684390C1EEB8E8973C68562675C,00505684390C1EEB8E8973C68563075C
WS_BGRFC_INBOUND000,083,SRTQS_00505684390C1EEB8E8977434F59675C,00505684390C1EEB8E8977434F59C75C
WS_BGRFC_INBOUND000,083,SRTQS_00505684390C1EEB8E897766B9AAE75C,00505684390C1EEB8E897766B9AB475C
WS_BGRFC_INBOUND000,083,SRTQS_00505684390C1EEB8E89778E115A275C,00505684390C1EEB8E89778E115A875C
WS_BGRFC_INBOUND000,083,SRTQS_00505684390C1EEB8E897897314CE75C,00505684390C1EEB8E897897314D475C
WS_BGRFC_INBOUND000,083,SRTQS_00505684390C1EEB8E8979A252E1A75C,00505684390C1EEB8E8979A252E2075C
WS_BGRFC_INBOUND000,083,SRTQS_00505684390C1EEB8E897AB0E1FF275C,00505684390C1EEB8E897AB0E1FF875C
WS_BGRFC_INBOUND000,083,SRTQS_00505684390C1EEB8E897BBFFA04275C,00505684390C1EEB8E897BBFFA04875C
WS_BGRFC_INBOUND000,083,SRTQS_00505684390C1EEB93CD9102E74AB634,00505684390C1EEB93CD912777D1D634
WS_BGRFC_INBOUND000,083,SRTQS_00505684390C1EEB9EBC3DC7CB02610D,00505684390C1EEB9EBC3DC7CB02C10D
WS_BGRFC_INBOUND000,083,SRTQS_00505684390C1EEB9EC09583D00F011E,00505684390C1EEB9EC09583D00F611E
WS_BGRFC_INBOUND000,083,SRTQS_00505684390C1EEB9EC09725CA59811E,00505684390C1EEB9EC09725CA59E11E
WS_BGRFC_INBOUND000,083,SRTQS_00505684390C1EEB9EC09725CA5E011E,00505684390C1EEB9EC09725CA5E611E
WS_BGRFC_INBOUND000,083,SRTQS_00505684390C1EEB9EC097C8C058811E,00505684390C1EEB9EC097C8C058E11E
WS_BGRFC_INBOUND000,083,SRTQS_00505684390C1EEB9EC097E59D5C011E,00505684390C1EEB9EC097E59D5C611E
WS_BGRFC_INBOUND000,083,SRTQS_00505684390C1EEB9EC0986C164BC11E,00505684390C1EEB9EC0986C164C211E
WS_BGRFC_INBOUND000,083,SRTQS_00505684390C1EEB9EC0986C1651E11E,00505684390C1EEB9EC09891EED4C11E
WS_BGRFC_INBOUND000,083,SRTQS_00505684390C1EEB9EC09891A8D4A11E,00505684390C1EEB9EC09891A8D5211E
WS_BGRFC_INBOUND000,083,SRTQS_00505684390C1EEB9EC09891EEDA811E,00505684390C1EEB9EC09891EEDAE11E
WS_BGRFC_INBOUND000,083,SRTQS_00505684390C1EEB9EC098B786C0011E,00505684390C1EEB9EC098B786C0611E
WS_BGRFC_INBOUND000,083,SRTQS_00505684390C1EEB9EC098E09F79E11E,00505684390C1EEB9EC098E09F7A411E
WS_BGRFC_INBOUND000,083,SRTQS_00505684390C1EEB9EC09902A5EA211E,00505684390C1EEB9EC09902A5EAA11E
WS_BGRFC_INBOUND000,083,SRTQS_00505684390C1EEB9EC0990F242FC11E,00505684390C1EEB9EC0990F2430211E
WS_BGRFC_INBOUND000,083,SRTQS_00505684390C1EEB9EC09928A28BA11E,00505684390C1EEB9EC09928A28C011E
WS_BGRFC_INBOUND000,083,SRTQS_00505684390C1EEB9EC09951AC79211E,00505684390C1EEB9EC09951AC79A11E
WS_BGRFC_INBOUND000,083,SRTQS_00505684390C1EEB9EC0999C97B5611E,00505684390C1EEB9EC0999C97B5E11E
WS_BGRFC_INBOUND000,083,SRTQS_00505684390C1EEB9EC099C33FBE211E,00505684390C1EEB9EC099C33FBEA11E
WS_BGRFC_INBOUND000,083,SRTQS_00505684390C1EEB9EC09A0EC571611E,00505684390C1EEB9EC09A0EC571E11E
WS_BGRFC_INBOUND000,083,SRTQS_00505684390C1EEB9EC09A59A859611E,00505684390C1EEB9EC09A59A859E11E
WS_BGRFC_INBOUND000,083,SRTQS_00505684390C1EEB9EC09AD03756E11E,00505684390C1EEB9EC09AD03757611E
WS_BGRFC_INBOUND000,083,SRTQS_00505684390C1EEB9EC09B18AC9B211E,00505684390C1EEB9EC09B18AC9BA11E
WS_BGRFC_INBOUND000,083,SRTQS_00505684390C1EEB9EC09C196E10611E,00505684390C1EEB9EC09C196E10E11E
WS_BGRFC_INBOUND000,083,SRTQS_00505684390C1EEB9EC09C3997E0011E,00505684390C1EEB9EC09C3997E0811E
WS_BGRFC_INBOUND000,083,SRTQS_00505684390C1EEB9EC09C6CBC97011E,00505684390C1EEB9EC09C82C1A7A11E
WS_BGRFC_INBOUND000,083,SRTQS_00505684390C1EEB9EC09F0D100AA11E,00505684390C1EEB9EC09F0D100B211E
WS_BGRFC_INBOUND000,083,SRTQS_00505684390C1EEB9EC09FE826D2011E,00505684390C1EEB9EC09FE826D2811E
WS_BGRFC_INBOUND000,083,SRTQS_00505684390C1EEB9EC0A00A7E8B811E,00505684390C1EEB9EC0A00A7E8C011E
WS_BGRFC_INBOUND000,083,SRTQS_00505684390C1EEB9EC0A05007E8411E,00505684390C1EEB9EC0A05007E8C11E
WS_BGRFC_INBOUND000,083,SRTQS_00505684390C1EEB9EC0A09CE3F5211E,00505684390C1EEB9EC0A09CE3F5A11E
WS_BGRFC_INBOUND000,083,SRTQS_00505684390C1EEB9EC0A19784D7011E,00505684390C1EEB9EC0A19784D7811E
WS_BGRFC_INBOUND000,083,SRTQS_00505684390C1EEB9EC0A1BD48ADE11E,00505684390C1EEB9EC0A1BD48AE611E
WS_BGRFC_INBOUND000,083,SRTQS_00505684390C1EEB9EC0A2E90B8A011E,00505684390C1EEB9EC0A2E90B8A811E
WS_BGRFC_INBOUND000,083,SRTQS_00505684390C1EEB9EC0A338D380A11E,00505684390C1EEB9EC0A338D381211E
WS_BGRFC_INBOUND000,083,SRTQS_00505684390C1EEB9EC0A3603B42011E,00505684390C1EEB9EC0A3603B42811E
WS_BGRFC_INBOUND000,083,SRTQS_00505684390C1EEB9EC0A52DB8E4A11E,00505684390C1EEB9EC0A52DB8E5211E
WS_BGRFC_INBOUND000,083,SRTQS_00505684390C1EEB9EC0A5E83FD1E11E,00505684390C1EEB9EC0A5E83FD2611E
WS_BGRFC_INBOUND000,083,SRTQS_00505684390C1EEB9EC0A610E2BB411E,00505684390C1EEB9EC0A610E2BBC11E
WS_BGRFC_INBOUND000,083,SRTQS_00505684390C1EEB9EC0A63B8D42A11E,00505684390C1EEB9EC0A63B8D43211E
WS_BGRFC_INBOUND000,083,SRTQS_00505684390C1EEB9EC0A665A43DA11E,00505684390C1EEB9EC0A665A43E211E
WS_BGRFC_INBOUND000,083,SRTQS_00505684390C1EEB9EC0A68F915EE11E,00505684390C1EEB9EC0A68F915F611E
WS_BGRFC_INBOUND000,083,SRTQS_00505684390C1EEB9EC0A6CBA0A4A11E,00505684390C1EEB9EC0A6CBA0A5211E
WS_BGRFC_INBOUND000,083,SRTQS_00505684390C1EEB9EC0A6F4B8E8611E,00505684390C1EEB9EC0A6F4B8E8E11E
WS_BGRFC_INBOUND000,083,SRTQS_00505684390C1EEB9EC0A78EC5CC211E,00505684390C1EEB9EC0A78EC5CCA11E
WS_BGRFC_INBOUND000,083,SRTQS_00505684390C1EEB9EC0D23CC227611E,00505684390C1EEB9EC0D23CC227C11E
WS_BGRFC_INBOUND000,083,SRTQS_00505684390C1EEB9EC0D26121F8A11E,00505684390C1EEB9EC0D26121F9011E
WS_BGRFC_INBOUND000,083,SRTQS_00505684390C1EEB9EC0DC7022AF011E,00505684390C1EEB9EC0DC7022AF811E
WS_BGRFC_INBOUND000,083,SRTQS_00505684390C1EEB9EC0DC97649B611E,00505684390C1EEB9EC0DC97649BE11E
WS_BGRFC_INBOUND000,083,SRTQS_00505684390C1EEB9EC0DCBCFFEF011E,00505684390C1EEB9EC0DCBCFFEF811E
WS_BGRFC_INBOUND000,083,SRTQS_00505684390C1EEB9EC0DD08CB34211E,00505684390C1EEB9EC0DD08CB34A11E
WS_BGRFC_INBOUND000,083,SRTQS_00505684390C1EEB9EC0DD2F60B7C11E,00505684390C1EEB9EC0DD2F60B8411E
WS_BGRFC_INBOUND000,083,SRTQS_00505684390C1EEB9EC0DD54B746011E,00505684390C1EEB9EC0DD54B746811E
WS_BGRFC_INBOUND000,083,SRTQS_00505684390C1EEB9EC0DDA4B903011E,00505684390C1EEB9EC0DDA4B903811E
WS_BGRFC_INBOUND000,083,SRTQS_00505684390C1EEB9EC0DDED85A6A11E,00505684390C1EEB9EC0DDED85A7211E
WS_BGRFC_INBOUND000,083,SRTQS_00505684390C1EEB9EC0DDED85AC411E,00505684390C1EEB9EC0DDED85ACC11E
WS_BGRFC_INBOUND000,083,SRTQS_00505684390C1EEB9EC0DE176E86211E,00505684390C1EEB9EC0DE176E86A11E
WS_BGRFC_INBOUND000,083,SRTQS_00505684390C1EEB9EC0DE176E8AE11E,00505684390C1EEB9EC0DE176E8B611E
WS_BGRFC_INBOUND000,083,SRTQS_00505684390C1EEB9EC0DE39B81BC11E,00505684390C1EEB9EC0DE39B81C411E
WS_BGRFC_INBOUND000,083,SRTQS_00505684390C1EEB9EC0DE39B822211E,00505684390C1EEB9EC0DE39B822A11E
WS_BGRFC_INBOUND000,083,SRTQS_00505684390C1EEB9EC0DE61F3CFE11E,00505684390C1EEB9EC0DE61F3D0611E
WS_BGRFC_INBOUND000,083,SRTQS_00505684390C1EEB9EC0DE86CB22411E,00505684390C1EEB9EC0DE86CB22C11E
WS_BGRFC_INBOUND000,083,SRTQS_00505684390C1EEB9EC0DE86CB28A11E,00505684390C1EEB9EC0DE86CB29211E
WS_BGRFC_INBOUND000,083,SRTQS_00505684390C1EEB9EC0DEAC1F45E11E,00505684390C1EEB9EC0DEAC1F46611E
WS_BGRFC_INBOUND000,083,SRTQS_00505684390C1EEB9EC0DEAC1F4C411E,00505684390C1EEB9EC0DED25872011E
WS_BGRFC_INBOUND000,083,SRTQS_00505684390C1EEB9EC0DED25879211E,00505684390C1EEB9EC0DED25879A11E
WS_BGRFC_INBOUND000,083,SRTQS_00505684390C1EEB9EC0DEFA046E011E,00505684390C1EEB9EC0DEFA046E811E
WS_BGRFC_INBOUND000,083,SRTQS_00505684390C1EEB9EC0DF1FCC8AA11E,00505684390C1EEB9EC0DF1FCC8B211E
WS_BGRFC_INBOUND000,083,SRTQS_00505684390C1EEB9EC0DF1FCC93011E,00505684390C1EEB9EC0DF1FCC93811E
WS_BGRFC_INBOUND000,083,SRTQS_00505684390C1EEB9EC0DF44A9FAC11E,00505684390C1EEB9EC0DF44A9FB411E
WS_BGRFC_INBOUND000,083,SRTQS_00505684390C1EEB9EC0DF6C718E011E,00505684390C1EEB9EC0DF6C718E811E
WS_BGRFC_INBOUND000,083,SRTQS_00505684390C1EEB9EC0DF919343011E,00505684390C1EEB9EC0DF919343811E
WS_BGRFC_INBOUND000,083,SRTQS_00505684390C1EEB9EC0DFE7EFF2611E,00505684390C1EEB9EC0DFE7EFF2E11E
WS_BGRFC_INBOUND000,083,SRTQS_00505684390C1EEB9EC0E00378A0A11E,00505684390C1EEB9EC0E00378A1211E
WS_BGRFC_INBOUND000,083,SRTQS_00505684390C1EEB9EC0E0E855E6C11E,00505684390C1EEB9EC0E0E855E7411E
WS_BGRFC_INBOUND000,083,SRTQS_00505684390C1EEB9EC0E21A001DA11E,00505684390C1EEB9EC0E21A001E211E
WS_BGRFC_INBOUND000,083,SRTQS_00505684390C1EEB9EC0E241A45C211E,00505684390C1EEB9EC0E241A45CA11E
WS_BGRFC_INBOUND000,083,SRTQS_00505684390C1EEB9EC0E265DA22411E,00505684390C1EEB9EC0E265DA22C11E
WS_BGRFC_INBOUND000,083,SRTQS_00505684390C1EEB9EC0E28BCC26811E,00505684390C1EEB9EC0E28BCC27011E
WS_BGRFC_INBOUND000,083,SRTQS_00505684390C1EEB9EC0E42FF271811E,00505684390C1EEB9EC0E42FF272011E
WS_BGRFC_INBOUND000,083,SRTQS_00505684390C1EEB9EC0E5D311EBE11E,00505684390C1EEB9EC0E5D311EC611E
WS_BGRFC_INBOUND000,083,SRTQS_00505684390C1EEB9EC0E64627E4A11E,00505684390C1EEB9EC0E64627E5211E
WS_BGRFC_INBOUND000,083,SRTQS_00505684390C1EEB9EC0E6928107C11E,00505684390C1EEB9EC0E6928108411E
WS_BGRFC_INBOUND000,083,SRTQS_00505684390C1EEB9EC0E72B0EFDA11E,00505684390C1EEB9EC0E72B0EFE211E
WS_BGRFC_INBOUND000,083,SRTQS_00505684390C1EEB9EC0E7C3D1A8411E,00505684390C1EEB9EC0E7C3D1A8C11E
WS_BGRFC_INBOUND000,083,SRTQS_00505684390C1EEB9EC0E7E9646A211E,00505684390C1EEB9EC0E7E9646AA11E
WS_BGRFC_INBOUND000,083,SRTQS_00505684390C1EEB9EC0E80F4FD3611E,00505684390C1EEB9EC0E80F4FD3E11E
WS_BGRFC_INBOUND000,083,SRTQS_00505684390C1EEB9EC0E80F4FD9011E,00505684390C1EEB9EC0E80F4FD9811E
WS_BGRFC_INBOUND000,083,SRTQS_00505684390C1EEB9EC0E837E640811E,00505684390C1EEB9EC0E837E641011E
WS_BGRFC_INBOUND000,083,SRTQS_00505684390C1EEB9EC0E85CC52A611E,00505684390C1EEB9EC0E85CC52AE11E
WS_BGRFC_INBOUND000,083,SRTQS_00505684390C1EEB9EC11A0E253F211E,00505684390C1EEB9EC11A0E253FA11E
WS_BGRFC_INBOUND000,083,SRTQS_00505684390C1EEB9EC11A362E9EA11E,00505684390C1EEB9EC11A362E9F211E
WS_BGRFC_INBOUND000,083,SRTQS_00505684390C1EEB9EC11A5C5147411E,00505684390C1EEB9EC11A5C5147C11E
WS_BGRFC_INBOUND000,083,SRTQS_00505684390C1EEB9EC11A815BE7011E,00505684390C1EEB9EC11A815BE7811E
WS_BGRFC_INBOUND000,083,SRTQS_00505684390C1EEB9EC11AA81528411E,00505684390C1EEB9EC11AA81528C11E
WS_BGRFC_INBOUND000,083,SRTQS_00505684390C1EEB9EC11ACD4D65011E,00505684390C1EEB9EC11ACD4D65811E
WS_BGRFC_INBOUND000,083,SRTQS_00505684390C1EEB9EC11AF46130211E,00505684390C1EEB9EC11AF46130A11E
WS_BGRFC_INBOUND000,083,SRTQS_00505684390C1EEB9EC11B192413A11E,00505684390C1EEB9EC11B192414211E
WS_BGRFC_INBOUND000,083,SRTQS_00505684390C1EEB9EC11B431F6B811E,00505684390C1EEB9EC11B431F6C011E
WS_BGRFC_INBOUND000,083,SRTQS_00505684390C1EEB9EC11B67F25AA11E,00505684390C1EEB9EC11B67F25B211E
WS_BGRFC_INBOUND000,083,SRTQS_00505684390C1EEB9EC11B8C7C79A11E,00505684390C1EEB9EC11B8C7C7A211E
WS_BGRFC_INBOUND000,083,SRTQS_00505684390C1EEB9EC11BB4BA9E411E,00505684390C1EEB9EC11BB4BA9EC11E
WS_BGRFC_INBOUND000,083,SRTQS_00505684390C1EEB9EC11BD9F7B9411E,00505684390C1EEB9EC11BD9F7B9C11E
WS_BGRFC_INBOUND000,083,SRTQS_00505684390C1EEB9EC11C001A21811E,00505684390C1EEB9EC11C001A22011E
WS_BGRFC_INBOUND000,083,SRTQS_00505684390C1EEB9EC11C239B43011E,00505684390C1EEB9EC11C239B43811E
WS_BGRFC_INBOUND000,083,SRTQS_00505684390C1EEB9EC11C50049EE11E,00505684390C1EEB9EC11C50049F611E
WS_BGRFC_INBOUND000,083,SRTQS_00505684390C1EEB9EC11C718AD8E11E,00505684390C1EEB9EC11C718AD9611E
WS_BGRFC_INBOUND000,083,SRTQS_00505684390C1EEB9EC11CBC90B9211E,00505684390C1EEB9EC11CBC90B9A11E
WS_BGRFC_INBOUND000,083,SRTQS_00505684390C1EEB9EC11CE30359211E,00505684390C1EEB9EC11CE30359A11E
WS_BGRFC_INBOUND000,083,SRTQS_00505684390C1EEB9EC11D08FB01C11E,00505684390C1EEB9EC11D08FB02411E
WS_BGRFC_INBOUND000,083,SRTQS_00505684390C1EEB9EC11D2F23B2011E,00505684390C1EEB9EC11D2F23B2811E
WS_BGRFC_INBOUND000,083,SRTQS_00505684390C1EEB9EC11D7D6BD3E11E,00505684390C1EEB9EC11D7D6BD4611E
WS_BGRFC_INBOUND000,083,SRTQS_00505684390C1EEB9EC11DA4EB55611E,00505684390C1EEB9EC11DA4EB55E11E
WS_BGRFC_INBOUND000,083,SRTQS_00505684390C1EEB9EC11DC7CC04211E,00505684390C1EEB9EC11DC7CC04A11E
WS_BGRFC_INBOUND000,083,SRTQS_00505684390C1EEB9EC11E13AAD6E11E,00505684390C1EEB9EC11E13AAD7611E
WS_BGRFC_INBOUND000,083,SRTQS_00505684390C1EEB9EC11E3A90A3611E,00505684390C1EEB9EC11E3A90A3E11E
WS_BGRFC_INBOUND000,083,SRTQS_00505684390C1EEB9EC11E601CB9A11E,00505684390C1EEB9EC11E601CBA211E
WS_BGRFC_INBOUND000,083,SRTQS_00505684390C1EEB9EC11E88AE86211E,00505684390C1EEB9EC11E88AE86A11E
WS_BGRFC_INBOUND000,083,SRTQS_00505684390C1EEB9EC11E88AE8C611E,00505684390C1EEB9EC11E88AE8CE11E
WS_BGRFC_INBOUND000,083,SRTQS_00505684390C1EEB9EC11EAE2C07611E,00505684390C1EEB9EC11EAE2C07E11E
WS_BGRFC_INBOUND000,083,SRTQS_00505684390C1EEB9EC11ED2E032211E,00505684390C1EEB9EC11ED2E032A11E
WS_BGRFC_INBOUND000,083,SRTQS_00505684390C1EEB9EC11ED2E038611E,00505684390C1EEB9EC11ED2E038E11E
WS_BGRFC_INBOUND000,083,SRTQS_00505684390C1EEB9EC11EF9AE43E11E,00505684390C1EEB9EC11EF9AE44611E
WS_BGRFC_INBOUND000,083,SRTQS_00505684390C1EEB9EC11EF9AE4A211E,00505684390C1EEB9EC11EF9AE4AA11E
WS_BGRFC_INBOUND000,083,SRTQS_00505684390C1EEB9EC11F1FD278611E,00505684390C1EEB9EC11F1FD278E11E
WS_BGRFC_INBOUND000,083,SRTQS_00505684390C1EEB9EC11F47D770211E,00505684390C1EEB9EC11F47D770A11E
WS_BGRFC_INBOUND000,083,SRTQS_00505684390C1EEB9EC11F6D2AFFA11E,00505684390C1EEB9EC11F6D2B00211E
WS_BGRFC_INBOUND000,083,SRTQS_00505684390C1EEB9EC11F6D2B06C11E,00505684390C1EEB9EC11F6D2B07411E
WS_BGRFC_INBOUND000,083,SRTQS_00505684390C1EEB9EC11F910091011E,00505684390C1EEB9EC11F910091811E
WS_BGRFC_INBOUND000,083,SRTQS_00505684390C1EEB9EC11FB7F7BB811E,00505684390C1EEB9EC11FB7F7BC011E
WS_BGRFC_INBOUND000,083,SRTQS_00505684390C1EEB9EC11FDDF596011E,00505684390C1EEB9EC11FDDF596811E
WS_BGRFC_INBOUND000,083,SRTQS_00505684390C1EEB9EC1202AA49AA11E,00505684390C1EEB9EC1202AA49B211E
WS_BGRFC_INBOUND000,083,SRTQS_00505684390C1EEB9EC1202AA4A1A11E,00505684390C1EEB9EC1202AA4A2211E
WS_BGRFC_INBOUND000,083,SRTQS_00505684390C1EEB9EC1204FE323A11E,00505684390C1EEB9EC1204FE324211E
WS_BGRFC_INBOUND000,083,SRTQS_00505684390C1EEB9EC1207A13D2611E,00505684390C1EEB9EC1207A13D2E11E
WS_BGRFC_INBOUND000,083,SRTQS_00505684390C1EEB9EC1209F9118211E,00505684390C1EEB9EC1209F9118A11E
WS_BGRFC_INBOUND000,083,SRTQS_00505684390C1EEB9EC120C24311811E,00505684390C1EEB9EC120C24312011E
WS_BGRFC_INBOUND000,083,SRTQS_00505684390C1EEB9EC120C24317A11E,00505684390C1EEB9EC120C24318211E
WS_BGRFC_INBOUND000,083,SRTQS_00505684390C1EEB9EC120E9B3D9011E,00505684390C1EEB9EC120E9B3D9811E
WS_BGRFC_INBOUND000,083,SRTQS_00505684390C1EEB9EC12110BB5D811E,00505684390C1EEB9EC12110BB5E011E
WS_BGRFC_INBOUND000,083,SRTQS_00505684390C1EEB9EC121389025611E,00505684390C1EEB9EC121389025E11E
WS_BGRFC_INBOUND000,083,SRTQS_00505684390C1EEB9EC1215D0AD7611E,00505684390C1EEB9EC1215D0AD7E11E
WS_BGRFC_INBOUND000,083,SRTQS_00505684390C1EEB9EC1215D0ADD811E,00505684390C1EEB9EC1215D0ADE011E
WS_BGRFC_INBOUND000,083,SRTQS_00505684390C1EEB9EC12180EDB3C11E,00505684390C1EEB9EC12180EDB4411E
WS_BGRFC_INBOUND000,083,SRTQS_00505684390C1EEB9EC8DE948B0AA151,00505684390C1EEB9EC8DE948B0B0151
WS_BGRFC_INBOUND000,083,SRTQS_00505684390C1EEB9EC8E4923804A151,00505684390C1EEB9EC8E4B1165CC151
WS_BGRFC_INBOUND000,083,SRTQS_00505684390C1EEB9EC8E49238054151,00505684390C1EEB9EC8E4B1165D0151
WS_BGRFC_INBOUND000,083,SRTQS_00505684390C1EEB9ECA5977F766A15A,00505684390C1EEB9ECA5977F767015A
WS_BGRFC_INBOUND000,083,SRTQS_00505684390C1EEB9ECCAB099213A15E,00505684390C1EEB9ECCAB099214015E
WS_BGRFC_INBOUND000,083,SRTQS_00505684390C1EEB9ECCB41D7B93A15F,00505684390C1EEB9ECCB41D7B94015F
WS_BGRFC_INBOUND000,083,SRTQS_00505684390C1EEB9ECCF74833CEE164,00505684390C1EEB9ECCF74833CFE164
WS_BGRFC_INBOUND000,083,SRTQS_00505684390C1EEB9ECCF74833CF8164,00505684390C1EEB9ECCF74833D02164
WS_BGRFC_INBOUND000,083,SRTQS_00505684390C1EEB9ECF47AEE501217C,00505684390C1EEB9ECF47AEE501817C
WS_BGRFC_INBOUND000,083,SRTQS_00505684390C1EEB9ECF4C8CDAF6217C,00505684390C1EEB9ECF4C8CDAF6817C
WS_BGRFC_INBOUND000,083,SRTQS_00505684390C1EEB9ED03FEBE21BA18D,00505684390C1EEB9ED040082169818D
WS_BGRFC_INBOUND000,083,SRTQS_00505684390C1EEB9ED07103F715218D,00505684390C1EEB9ED0711B4530218D
WS_BGRFC_INBOUND000,083,SRTQS_00505684390C1EEB9ED08B49CCC4E18E,00505684390C1EEB9ED08B49CCC5418E
WS_BGRFC_INBOUND000,083,SRTQS_00505684390C1EEB9ED09A6344C4E18E,00505684390C1EEB9ED09A6344C5418E
WS_BGRFC_INBOUND000,083,SRTQS_00505684390C1EEB9ED157F25D7A61A0,00505684390C1EEB9ED157F25D7AC1A0
WS_BGRFC_INBOUND000,083,SRTQS_00505684390C1EEB9ED16037CB7221A0,00505684390C1EEB9ED16037CB7281A0
WS_BGRFC_INBOUND000,083,SRTQS_00505684390C1EEB9ED223CC3C2EC1A8,00505684390C1EEB9ED223CC3C2F61A8
WS_BGRFC_INBOUND000,083,SRTQS_00505684390C1EEB9ED224602D31E1A8,00505684390C1EEB9ED224602D3261A8
WS_BGRFC_INBOUND000,083,SRTQS_00505684390C1EEB9ED3CF3638ACE1AB,00505684390C1EEB9ED3CF3638ADA1AB
WS_BGRFC_INBOUND000,083,SRTQS_00505684390C1EEB9ED9B766665D41BD,00505684390C1EEB9ED9B7A1669901BD
WS_BGRFC_INBOUND000,083,SRTQS_00505684390C1EEB9ED9B80F9968E1BD,00505684390C1EEB9ED9B80F996961BD
WS_BGRFC_INBOUND000,083,SRTQS_00505684390C1EEB9ED9B93E8E8C21BD,00505684390C1EEB9ED9B93E8E8C81BD
WS_BGRFC_INBOUND000,083,SRTQS_00505684390C1EEB9ED9B93E8E90A1BD,00505684390C1EEB9ED9B93E8E9101BD
WS_BGRFC_INBOUND000,083,SRTQS_00505684390C1EEB9ED9B964AFDDE1BD,00505684390C1EEB9ED9B964AFDE41BD
WS_BGRFC_INBOUND000,083,SRTQS_00505684390C1EEB9ED9B98B528BA1BD,00505684390C1EEB9ED9B98B528C01BD
WS_BGRFC_INBOUND000,083,SRTQS_00505684390C1EEB9ED9B9B591B221BD,00505684390C1EEB9ED9B9B591B281BD
WS_BGRFC_INBOUND000,083,SRTQS_00505684390C1EEB9ED9B9D78BB961BD,00505684390C1EEB9ED9B9D78BB9C1BD
WS_BGRFC_INBOUND000,083,SRTQS_00505684390C1EEB9ED9B9FD4E46C1BD,00505684390C1EEB9ED9B9FD4E4721BD
WS_BGRFC_INBOUND000,083,SRTQS_00505684390C1EEB9ED9BA25BA8BE1BD,00505684390C1EEB9ED9BA25BA8C41BD
WS_BGRFC_INBOUND000,083,SRTQS_00505684390C1EEB9ED9BA4E516A21BD,00505684390C1EEB9ED9BA4E516A81BD
WS_BGRFC_INBOUND000,083,SRTQS_00505684390C1EEB9ED9BA6FFAD4E1BD,00505684390C1EEB9ED9BA6FFAD541BD
WS_BGRFC_INBOUND000,083,SRTQS_00505684390C1EEB9ED9BA6FFADB01BD,00505684390C1EEB9ED9BA96542FC1BD
WS_BGRFC_INBOUND000,083,SRTQS_00505684390C1EEB9ED9F45540F321BE,00505684390C1EEB9ED9F45540F381BE
WS_BGRFC_INBOUND000,083,SRTQS_00505684390C1EEB9ED9F47B7962E1BE,00505684390C1EEB9ED9F47B796341BE
WS_BGRFC_INBOUND000,083,SRTQS_00505684390C1EEB9EDA30AEACC021BF,00505684390C1EEB9EDA30AEACC0A1BF
WS_BGRFC_INBOUND000,083,SRTQS_00505684390C1EEB9EDA30FA48F781BF,00505684390C1EEB9EDA30FA48F801BF
WS_BGRFC_INBOUND000,083,SRTQS_00505684390C1EEB9EDA3121976461BF,00505684390C1EEB9EDA31219764E1BF
WS_BGRFC_INBOUND000,083,SRTQS_00505684390C1EEB9EDA3145F039E1BF,00505684390C1EEB9EDA3145F03A61BF
WS_BGRFC_INBOUND000,083,SRTQS_00505684390C1EEB9EDA316CAF5AE1BF,00505684390C1EEB9EDA316CAF5B61BF
WS_BGRFC_INBOUND000,083,SRTQS_00505684390C1EEB9EDA31930051E1BF,00505684390C1EEB9EDA3193005261BF
WS_BGRFC_INBOUND000,083,SRTQS_00505684390C1EEB9EDA31B8BF4761BF,00505684390C1EEB9EDA31B8BF47E1BF
WS_BGRFC_INBOUND000,083,SRTQS_00505684390C1EEB9EDA31B8BF5081BF,00505684390C1EEB9EDA31DEBE1B01BF
WS_BGRFC_INBOUND000,083,SRTQS_00505684390C1EEB9EDA31DEBE23A1BF,00505684390C1EEB9EDA31DEBE2421BF
WS_BGRFC_INBOUND000,083,SRTQS_00505684390C1EEB9EDA32075D69C1BF,00505684390C1EEB9EDA32075D6A41BF
WS_BGRFC_INBOUND000,083,SRTQS_00505684390C1EEB9EDA322C0A08C1BF,00505684390C1EEB9EDA322C0A0941BF
WS_BGRFC_INBOUND000,083,SRTQS_00505684390C1EEB9EDA3251EC8F21BF,00505684390C1EEB9EDA3251EC8FA1BF
WS_BGRFC_INBOUND000,083,SRTQS_00505684390C1EEB9EDA327BE2CF41BF,00505684390C1EEB9EDA327BE2CFC1BF
WS_BGRFC_INBOUND000,083,SRTQS_00505684390C1EEB9EDA329FF69101BF,00505684390C1EEB9EDA329FF69181BF
WS_BGRFC_INBOUND000,083,SRTQS_00505684390C1EEB9EDA32C4026101BF,00505684390C1EEB9EDA32C4026181BF
WS_BGRFC_INBOUND000,083,SRTQS_00505684390C1EEB9EDA32E99B6841BF,00505684390C1EEB9EDA32E99B68C1BF
WS_BGRFC_INBOUND000,083,SRTQS_00505684390C1EEB9EDA33153C94E1BF,00505684390C1EEB9EDA33153C9561BF
WS_BGRFC_INBOUND000,083,SRTQS_00505684390C1EEB9EDA335E073961BF,00505684390C1EEB9EDA335E0739E1BF
WS_BGRFC_INBOUND000,083,SRTQS_00505684390C1EEB9EDA3384F56E61BF,00505684390C1EEB9EDA3384F56EE1BF
WS_BGRFC_INBOUND000,083,SRTQS_00505684390C1EEB9EDA33A838BF21BF,00505684390C1EEB9EDA33A838BFA1BF
WS_BGRFC_INBOUND000,083,SRTQS_00505684390C1EEB9EDA33CF8B2F01BF,00505684390C1EEB9EDA33CF8B2F81BF
WS_BGRFC_INBOUND000,083,SRTQS_00505684390C1EEB9EDA341B7112A1BF,00505684390C1EEB9EDA341B711321BF
WS_BGRFC_INBOUND000,083,SRTQS_00505684390C1EEB9EDA3447106FE1BF,00505684390C1EEB9EDA3447107061BF
WS_BGRFC_INBOUND000,083,SRTQS_00505684390C1EEB9EDA3468CBF8A1BF,00505684390C1EEB9EDA3468CBF921BF
WS_BGRFC_INBOUND000,083,SRTQS_00505684390C1EEB9EDA34B460FEE1BF,00505684390C1EEB9EDA34B460FF61BF
WS_BGRFC_INBOUND000,083,SRTQS_00505684390C1EEB9EDA34D9662541BF,00505684390C1EEB9EDA34D96625C1BF
WS_BGRFC_INBOUND000,083,SRTQS_00505684390C1EEB9EDA34D9662B81BF,00505684390C1EEB9EDA34D9662C01BF
WS_BGRFC_INBOUND000,083,SRTQS_00505684390C1EEB9EDA3525CA7921BF,00505684390C1EEB9EDA3525CA79A1BF
WS_BGRFC_INBOUND000,083,SRTQS_00505684390C1EEB9EDA3525CA7F61BF,00505684390C1EEB9EDA3525CA7FE1BF
WS_BGRFC_INBOUND000,083,SRTQS_00505684390C1EEB9EDA354CA58F21BF,00505684390C1EEB9EDA354CA58FA1BF
WS_BGRFC_INBOUND000,083,SRTQS_00505684390C1EEB9EDA354CA59561BF,00505684390C1EEB9EDA354CA595E1BF
WS_BGRFC_INBOUND000,083,SRTQS_00505684390C1EEB9EDA3572B699E1BF,00505684390C1EEB9EDA3572B69A61BF
WS_BGRFC_INBOUND000,083,SRTQS_00505684390C1EEB9EDA35990B8A21BF,00505684390C1EEB9EDA35990B8AA1BF
WS_BGRFC_INBOUND000,083,SRTQS_00505684390C1EEB9EDA35990B9061BF,00505684390C1EEB9EDA35990B90E1BF
WS_BGRFC_INBOUND000,083,SRTQS_00505684390C1EEB9EDA35BF292161BF,00505684390C1EEB9EDA35BF2921E1BF
WS_BGRFC_INBOUND000,083,SRTQS_00505684390C1EEB9EDA35E733E621BF,00505684390C1EEB9EDA35E733E6A1BF
WS_BGRFC_INBOUND000,083,SRTQS_00505684390C1EEB9EDA35E733ED41BF,00505684390C1EEB9EDA35E733EDC1BF
WS_BGRFC_INBOUND000,083,SRTQS_00505684390C1EEB9EDA360C4BC481BF,00505684390C1EEB9EDA360C4BC501BF
WS_BGRFC_INBOUND000,083,SRTQS_00505684390C1EEB9EDA36315D5F61BF,00505684390C1EEB9EDA36315D5FE1BF
WS_BGRFC_INBOUND000,083,SRTQS_00505684390C1EEB9EDA365738B001BF,00505684390C1EEB9EDA365738B081BF
WS_BGRFC_INBOUND000,083,SRTQS_00505684390C1EEB9EDA3680B3B961BF,00505684390C1EEB9EDA3680B3B9E1BF
WS_BGRFC_INBOUND000,083,SRTQS_00505684390C1EEB9EDA36F3CD8F01BF,00505684390C1EEB9EDA36F3CD8F81BF
WS_BGRFC_INBOUND000,083,SRTQS_00505684390C1EEB9EDA37164A8BA1BF,00505684390C1EEB9EDA37164A8C21BF
WS_BGRFC_INBOUND000,083,SRTQS_00505684390C1EEB9EDA373BFF4C61BF,00505684390C1EEB9EDA373BFF4CE1BF
WS_BGRFC_INBOUND000,083,SRTQS_00505684390C1EEB9EDA373BFF52A1BF,00505684390C1EEB9EDA373BFF5321BF
WS_BGRFC_INBOUND000,083,SRTQS_00505684390C1EEB9EDA3762053701BF,00505684390C1EEB9EDA3762053781BF
WS_BGRFC_INBOUND000,083,SRTQS_00505684390C1EEB9EDA37887E2FA1BF,00505684390C1EEB9EDA37887E3021BF
WS_BGRFC_INBOUND000,083,SRTQS_00505684390C1EEB9EDA37AF7C7E41BF,00505684390C1EEB9EDA37AF7C7EC1BF
WS_BGRFC_INBOUND000,083,SRTQS_00505684390C1EEB9EDA37D5B59801BF,00505684390C1EEB9EDA37D5B59881BF
WS_BGRFC_INBOUND000,083,SRTQS_00505684390C1EEB9EDA37FC87E9C1BF,00505684390C1EEB9EDA37FC87EA41BF
WS_BGRFC_INBOUND000,083,SRTQS_00505684390C1EEB9EDA3820ECAC01BF,00505684390C1EEB9EDA3820ECAC81BF
WS_BGRFC_INBOUND000,083,SRTQS_00505684390C1EEB9EDA384762EDC1BF,00505684390C1EEB9EDA384762EE41BF
WS_BGRFC_INBOUND000,083,SRTQS_00505684390C1EEB9EDA386DB3C421BF,00505684390C1EEB9EDA386DB3C4A1BF
WS_BGRFC_INBOUND000,083,SRTQS_00505684390C1EEB9EDA386DB3CA41BF,00505684390C1EEB9EDA386DB3CAC1BF
WS_BGRFC_INBOUND000,083,SRTQS_00505684390C1EEBA6874D965B2E779C,00505684390C1EEBA6874D965B2ED79C
WS_BGRFC_INBOUND000,083,SRTQS_00505684390C1EEC99DFC769E5CEC29D,00505684390C1EEC99DFC769E5CF229D
WS_BGRFC_INBOUND000,083,SRTQS_00505684390C1EEC9FB8D21D9233E506,00505684390C1EEC9FB8D21D9234C506
WS_BGRFC_INBOUND000,083,SRTQS_00505684390C1EECA181CFB146AAA5BF,00505684390C1EECA181CFB146AB05BF
WS_BGRFC_INBOUND000,083,SRTQS_00505684390C1EECA18237459F91A5C0,00505684390C1EECA1823763B5E2C5C0
WS_BGRFC_INBOUND000,083,SRTQS_00505684390C1EECA18238121A37E5C0,00505684390C1EECA18238121A3865C0
WS_BGRFC_INBOUND000,083,SRTQS_00505684390C1EECA1824E19F182E5C0,00505684390C1EECA1824E19F18345C0
WS_BGRFC_INBOUND000,083,SRTQS_00505684390C1EECA18254275D48A5C0,00505684390C1EECA18254275D4905C0
WS_BGRFC_INBOUND000,083,SRTQS_00505684390C1EECA18315CADCCE65C1,00505684390C1EECA18315CADCCEE5C1
WS_BGRFC_INBOUND000,083,SRTQS_00505684390C1EECA1832470172825C1,00505684390C1EECA18324701728A5C1
WS_BGRFC_INBOUND000,083,SRTQS_00505684390C1EECA1833B4B5C3B25C1,00505684390C1EECA1833B4B5C3B85C1
WS_BGRFC_INBOUND000,083,SRTQS_00505684390C1EECA183410EF96B25C1,00505684390C1EECA183410EF96B85C1
WS_BGRFC_INBOUND000,083,SRTQS_00505684390C1EECA18350031E48A5C1,00505684390C1EECA18350031E4905C1
WS_BGRFC_INBOUND000,083,SRTQS_00505684390C1EECA183845F86BC65C1,00505684390C1EECA183845F86BCC5C1
WS_BGRFC_INBOUND000,083,SRTQS_00505684390C1EECA29C6C8FD4B20614,00505684390C1EECA29C6EE152298614
WS_BGRFC_INBOUND000,083,SRTQS_00505684390C1EECB1A74608856BC81D,00505684390C1EECB1A74608856CA81D
WS_BGRFC_INBOUND000,083,SRTQS_00505684390C1EECB1A747081350681D,00505684390C1EECB1A747081351481D
WS_BGRFC_INBOUND000,083,SRTQS_00505684390C1EECB1A762F16D8E681D,00505684390C1EECB1A762F16D8F481D
WS_BGRFC_INBOUND000,083,SRTQS_00505684390C1EECB1A763E00D52681D,00505684390C1EECB1A763E00D53481D
WS_BGRFC_INBOUND000,083,SRTQS_00505684390C1EECB9DEFD43FE31681D,00505684390C1EECB9DEFD43FE33081D
WS_BGRFC_INBOUND000,083,SRTQS_00505684390C1EECB9DEFD43FE32081D,00505684390C1EECB9DEFD43FE33481D
WS_BGRFC_INBOUND000,083,SRTQS_00505684390C1EECB9DEFD43FE32A81D,00505684390C1EECB9DEFD43FE33881D
WS_BGRFC_INBOUND000,083,SRTQS_00505684390C1EECBBB8EE7CF264681D,00505684390C1EECBBB8EE7CF265081D
WS_BGRFC_INBOUND000,083,SRTQS_00505684390C1EECBBB8EEA34187C81D,00505684390C1EECBBB8EEA34188681D
WS_BGRFC_INBOUND000,083,SRTQS_00505684390C1EECBBB8EEA3418D281D,00505684390C1EECBBB8EEA3418DC81D
WS_BGRFC_INBOUND000,083,SRTQS_00505684390C1EECBBB8EECA67A7281D,00505684390C1EECBBB8EECA67A7C81D
WS_BGRFC_INBOUND000,083,SRTQS_00505684390C1EECBBB8EEEFF90CE81D,00505684390C1EECBBB8EEEFF90D881D
WS_BGRFC_INBOUND000,083,SRTQS_00505684390C1EECBBB8EF153C0A481D,00505684390C1EECBBB8EF153C0AE81D
WS_BGRFC_INBOUND000,083,SRTQS_00505684390C1EECBBB8EF3EBAD9681D,00505684390C1EECBBB8EF3EBADA081D
WS_BGRFC_INBOUND000,083,SRTQS_00505684390C1EECBBB8F013CB4DA81D,00505684390C1EECBBB8F013CB4E681D
WS_BGRFC_INBOUND000,083,SRTQS_00505684390C1EECBBB8F0CC10C1881D,00505684390C1EECBBB8F0CC10C2481D
WS_BGRFC_INBOUND000,083,SRTQS_00505684390C1EECBBB8F0F82AB5881D,00505684390C1EECBBB8F0F82AB6281D
WS_BGRFC_INBOUND000,083,SRTQS_00505684390C1EECBBB8F1B5A47EA81D,00505684390C1EECBBB8F1B5A47F681D
WS_BGRFC_INBOUND000,083,SRTQS_00505684390C1EECBBB8F1D69902281D,00505684390C1EECBBB8F1D69902C81D
WS_BGRFC_INBOUND000,083,SRTQS_00505684390C1EECBBB8F1FD99F4881D,00505684390C1EECBBB8F222F60D881D
WS_BGRFC_INBOUND000,083,SRTQS_00505684390C1EECBBB8F249768EE81D,00505684390C1EECBBB8F249768F881D
WS_BGRFC_INBOUND000,083,SRTQS_00505684390C1EECBBB8F26FFEB3881D,00505684390C1EECBBB8F26FFEB4281D
WS_BGRFC_INBOUND000,083,SRTQS_00505684390C1EECBBB8F2C1B124E81D,00505684390C1EECBBB8F2C1B125881D
WS_BGRFC_INBOUND000,083,SRTQS_00505684390C1EECBBB8F2E1E43B481D,00505684390C1EECBBB8F2E1E43BE81D
WS_BGRFC_INBOUND000,083,SRTQS_00505684390C1EECBBB8F33131B9681D,00505684390C1EECBBB8F33131BA081D
WS_BGRFC_INBOUND000,083,SRTQS_00505684390C1EECBBB8F353EA28481D,00505684390C1EECBBB8F353EA28E81D
WS_BGRFC_INBOUND000,083,SRTQS_00505684390C1EECBBB8F37AB920A81D,00505684390C1EECBBB8F37AB921481D
WS_BGRFC_INBOUND000,083,SRTQS_00505684390C1EECBBB8F3CBD313681D,00505684390C1EECBBB8F3CBD314081D
WS_BGRFC_INBOUND000,083,SRTQS_00505684390C1EECBBB8F3EDF063081D,00505684390C1EECBBB8F3EDF063A81D
WS_BGRFC_INBOUND000,083,SRTQS_00505684390C1EECBBB8F438FB69281D,00505684390C1EECBBB8F438FB69C81D
WS_BGRFC_INBOUND000,083,SRTQS_00505684390C1EECBBB8F463EF7F081D,00505684390C1EECBBB8F463EF7FA81D
WS_BGRFC_INBOUND000,083,SRTQS_00505684390C1EECBBB8F4B15ABD281D,00505684390C1EECBBB8F4B15ABDC81D
WS_BGRFC_INBOUND000,083,SRTQS_00505684390C1EECBBB8F521FE80281D,00505684390C1EECBBB8F521FE80C81D
WS_BGRFC_INBOUND000,083,SRTQS_00505684390C1EECBBB8F543F0DBA81D,00505684390C1EECBBB8F543F0DC681D
WS_BGRFC_INBOUND000,083,SRTQS_00505684390C1EECBBB8F5B783CEE81D,00505684390C1EECBBB8F5B783CF881D
WS_BGRFC_INBOUND000,083,SRTQS_00505684390C1EECBBB8F62AEECF081D,00505684390C1EECBBB8F62AEECFA81D
WS_BGRFC_INBOUND000,083,SRTQS_00505684390C1EECBBB8F64F37DD881D,00505684390C1EECBBB8F64F37DE281D
WS_BGRFC_INBOUND000,083,SRTQS_00505684390C1EECBBB8F6C90C39481D,00505684390C1EECBBB8F6C90C39E81D
WS_BGRFC_INBOUND000,083,SRTQS_00505684390C1EECBBB8F7103F40281D,00505684390C1EECBBB8F7103F40C81D
WS_BGRFC_INBOUND000,083,SRTQS_00505684390C1EECBBB8F75A104FC81D,00505684390C1EECBBB8F75A1050681D
WS_BGRFC_INBOUND000,083,SRTQS_00505684390C1EECBBB8F7CC6548281D,00505684390C1EECBBB8F7CC6548C81D
WS_BGRFC_INBOUND000,083,SRTQS_00505684390C1EECBBB8F818B9E9881D,00505684390C1EECBBB8F818B9EA281D
WS_BGRFC_INBOUND000,083,SRTQS_00505684390C1EECBBB8F842CB1E081D,00505684390C1EECBBB8F842CB1EA81D
WS_BGRFC_INBOUND000,083,SRTQS_00505684390C1EECBBB8F88BEC59C81D,00505684390C1EECBBB8F88BEC5A681D
WS_BGRFC_INBOUND000,083,SRTQS_00505684390C1EECBBB8F90450E0A81D,00505684390C1EECBBB8F90450E1481D
WS_BGRFC_INBOUND000,083,SRTQS_00505684390C1EECBBB8F9704818081D,00505684390C1EECBBB8F9704818A81D
WS_BGRFC_INBOUND000,083,SRTQS_00505684390C1EECBBB8F9E34F17681D,00505684390C1EECBBB8F9E34F18281D
WS_BGRFC_INBOUND000,083,SRTQS_00505684390C1EECBBB8FA5598F2281D,00505684390C1EECBBB8FA5598F3081D
WS_BGRFC_INBOUND000,083,SRTQS_00505684390C1EECBBB8FAC78DDDE81D,00505684390C1EECBBB8FAC78DDEC81D
WS_BGRFC_INBOUND000,083,SRTQS_00505684390C1EECBBB8FAEE4BCE881D,00505684390C1EECBBB8FAEE4BCF281D
WS_BGRFC_INBOUND000,083,SRTQS_00505684390C1EECBBB8FB14E8CA081D,00505684390C1EECBBB8FB14E8CAA81D
WS_BGRFC_INBOUND000,083,SRTQS_00505684390C1EECBBB8FB6727FFE81D,00505684390C1EECBBB8FB672800881D
WS_BGRFC_INBOUND000,083,SRTQS_00505684390C1EECBBB8FBD3D71EA81D,00505684390C1EECBBB8FBD3D71F681D
WS_BGRFC_INBOUND000,083,SRTQS_00505684390C1EECBBB8FBF87DB4681D,00505684390C1EECBBB8FBF87DB5081D
WS_BGRFC_INBOUND000,083,SRTQS_00505684390C1EECBBB8FC44E5B9A81D,00505684390C1EECBBB8FC44E5BA481D
WS_BGRFC_INBOUND000,083,SRTQS_00505684390C1EECBBB90DCB0498681D,00505684390C1EECBBB90DCB0498C81D
WS_BGRFC_INBOUND000,083,SRTQS_00505684390C1EECBBB90DF65C01E81D,00505684390C1EECBBB90DF65C02481D
WS_BGRFC_INBOUND000,083,SRTQS_00505684390C1EECBBB91C0A7377481D,00505684390C1EECBBB91C0A7377A81D
WS_BGRFC_INBOUND000,083,SRTQS_00505684390C1EECBBF547127478A81D,00505684390C1EECBBF547127479081D
WS_BGRFC_INBOUND000,083,SRTQS_00505684390C1EECBCCE69A4E2B5E81D,00505684390C1EECBCCE69A4E2B6881D
WS_BGRFC_INBOUND000,083,SRTQS_00505684390C1EECBCCE69DBECFE081D,00505684390C1EECBCCE69DBECFE681D
WS_BGRFC_INBOUND000,083,SRTQS_00505684390C1EECBCCE6AEA019BC81D,00505684390C1EECBCCE6AEA019C281D
WS_BGRFC_INBOUND000,083,SRTQS_00505684390C1EECBCCE6B963A61A81D,00505684390C1EECBCCE6B963A62081D
WS_BGRFC_INBOUND000,083,SRTQS_00505684390C1EECBCCE6C3F0494681D,00505684390C1EECBCCE6C3F0494C81D
WS_BGRFC_INBOUND000,083,SRTQS_00505684390C1EECBCCE6C690658481D,00505684390C1EECBCCE6C8CC265081D
WS_BGRFC_INBOUND000,083,SRTQS_00505684390C1EECBCCE6CA66883881D,00505684390C1EECBCCE6CA66883E81D
WS_BGRFC_INBOUND000,083,SRTQS_00505684390C1EECBCCE6CFDC3DF281D,00505684390C1EECBCCE6CFDC3DF881D
WS_BGRFC_INBOUND000,083,SRTQS_00505684390C1EECBCCE6D66E4C6A81D,00505684390C1EECBCCE6D66E4C7081D
WS_BGRFC_INBOUND000,083,SRTQS_00505684390C1EECBCCE6E1E9449681D,00505684390C1EECBCCE6E1E9449C81D
WS_BGRFC_INBOUND000,083,SRTQS_00505684390C1EECBCCE6E5C8370281D,00505684390C1EECBCCE6E5C8370C81D
WS_BGRFC_INBOUND000,083,SRTQS_00505684390C1EECBCCE6EBF29FF281D,00505684390C1EECBCCE6EBF29FF881D
WS_BGRFC_INBOUND000,083,SRTQS_00505684390C1EECBCCE6F002A1FA81D,00505684390C1EECBCCE6F002A20081D
WS_BGRFC_INBOUND000,083,SRTQS_00505684390C1EECBCCE6FE67F14E81D,00505684390C1EECBCCE6FE67F15481D
WS_BGRFC_INBOUND000,083,SRTQS_00505684390C1EECBCCE70252065A81D,00505684390C1EECBCCE70252066481D
WS_BGRFC_INBOUND000,083,SRTQS_00505684390C1EECBCCE708266CA681D,00505684390C1EECBCCE708266CAC81D
WS_BGRFC_INBOUND000,083,SRTQS_00505684390C1EECBCCE70C7ECF8281D,00505684390C1EECBCCE70C7ECF8881D
WS_BGRFC_INBOUND000,083,SRTQS_00505684390C1EECBCCE70E053A1281D,00505684390C1EECBCCE70E053A1C81D
WS_BGRFC_INBOUND000,083,SRTQS_00505684390C1EECBCCE719098F7681D,00505684390C1EECBCCE719098F7C81D
WS_BGRFC_INBOUND000,083,SRTQS_00505684390C1EECBCCE71CD9937681D,00505684390C1EECBCCE71CD9938081D
WS_BGRFC_INBOUND000,083,SRTQS_00505684390C1EECBCCE72474DA5A81D,00505684390C1EECBCCE72474DA6481D
WS_BGRFC_INBOUND000,083,SRTQS_00505684390C1EECBCCE725A32A0481D,00505684390C1EECBCCE725A32A0A81D
WS_BGRFC_INBOUND000,083,SRTQS_00505684390C1EECBCCE72790E5B281D,00505684390C1EECBCCE72790E5B881D
WS_BGRFC_INBOUND000,083,SRTQS_00505684390C1EECBCCE72A9A52EA81D,00505684390C1EECBCCE72A9A52F481D
WS_BGRFC_INBOUND000,083,SRTQS_00505684390C1EECBCCE734034A5A81D,00505684390C1EECBCCE734034A6081D
WS_BGRFC_INBOUND000,083,SRTQS_00505684390C1EECBCCE75C99677A81D,00505684390C1EECBCCE75C99678081D
WS_BGRFC_INBOUND000,083,SRTQS_00505684390C1EECBCCE7762415BE81D,00505684390C1EECBCCE7762415C481D
WS_BGRFC_INBOUND000,083,SRTQS_00505684390C1EECBCCE77C62E84281D,00505684390C1EECBCCE77C62E84E81D
WS_BGRFC_INBOUND000,083,SRTQS_00505684390C1EECBCCE786380EC081D,00505684390C1EECBCCE78896148C81D
WS_BGRFC_INBOUND000,083,SRTQS_00505684390C1EECBCCE788A7F5B681D,00505684390C1EECBCCE788A7F5C281D
WS_BGRFC_INBOUND000,083,SRTQS_00505684390C1EECBCCE790B4127681D,00505684390C1EECBCCE790B4127C81D
WS_BGRFC_INBOUND000,083,SRTQS_00505684390C1EECBCCE7955900B681D,00505684390C1EECBCCE7955900C281D
WS_BGRFC_INBOUND000,083,SRTQS_00505684390C1EECBCCE7A6B662BA81D,00505684390C1EECBCCE7A6B662C081D
WS_BGRFC_INBOUND000,083,SRTQS_00505684390C1EECBCCE7B1A9D07E81D,00505684390C1EECBCCE7B1A9D08A81D
WS_BGRFC_INBOUND000,083,SRTQS_00505684390C1EECBCCE7B2666BFA81D,00505684390C1EECBCCE7B2666C0481D
WS_BGRFC_INBOUND000,083,SRTQS_00505684390C1EECBCCE7BBEF059281D,00505684390C1EECBCCE7BBEF059E81D
WS_BGRFC_INBOUND000,083,SRTQS_00505684390C1EECBCCE7C83A7A3281D,00505684390C1EECBCCE7C83A7A3C81D
WS_BGRFC_INBOUND000,083,SRTQS_00505684390C1EECBCCE7CA66850C81D,00505684390C1EECBCCE7CA66851681D
WS_BGRFC_INBOUND000,083,SRTQS_00505684390C1EECBCCE7D66EE4D481D,00505684390C1EECBCCE7D66EE4E081D
WS_BGRFC_INBOUND000,083,SRTQS_00505684390C1EECBCCE7DD418D3281D,00505684390C1EECBCCE7DD418D3C81D
WS_BGRFC_INBOUND000,083,SRTQS_00505684390C1EECBCCE8006269BA81D,00505684390C1EECBCCE8006269C681D
WS_BGRFC_INBOUND000,083,SRTQS_00505684390C1EECBCCE8014FE94E81D,00505684390C1EECBCCE8014FE95881D
WS_BGRFC_INBOUND000,083,SRTQS_00505684390C1EECBCCE81430A76881D,00505684390C1EECBCCE81430A77481D
WS_BGRFC_INBOUND000,083,SRTQS_00505684390C1EECBCCE82B0FB68081D,00505684390C1EECBCCE82B0FB68C81D
WS_BGRFC_INBOUND000,083,SRTQS_00505684390C1EECBCCE85B7F9C3C81D,00505684390C1EECBCCE85B7F9C4681D
WS_BGRFC_INBOUND000,083,SRTQS_00505684390C1EECBCCE86551320281D,00505684390C1EECBCCE86551320E81D
WS_BGRFC_INBOUND000,083,SRTQS_00505684390C1EECBCCE869F2C6CE81D,00505684390C1EECBCCE869F2C6D481D
WS_BGRFC_INBOUND000,083,SRTQS_00505684390C1EECBCCE86A22A25281D,00505684390C1EECBCCE86A22A25C81D
WS_BGRFC_INBOUND000,083,SRTQS_00505684390C1EECBCCE86FE5788881D,00505684390C1EECBCCE86FE5788E81D
WS_BGRFC_INBOUND000,083,SRTQS_00505684390C1EECBCCE87845555081D,00505684390C1EECBCCE87845555A81D
WS_BGRFC_INBOUND000,083,SRTQS_00505684390C1EECBCCE87AC2E11281D,00505684390C1EECBCCE87AC2E11C81D
WS_BGRFC_INBOUND000,083,SRTQS_00505684390C1EECBCCE87C4EEE2281D,00505684390C1EECBCCE87C4EEE2881D
WS_BGRFC_INBOUND000,083,SRTQS_00505684390C1EECBCCE87D0CA93A81D,00505684390C1EECBCCE87D0CA94481D
WS_BGRFC_INBOUND000,083,SRTQS_00505684390C1EECBCCE87E97DE9681D,00505684390C1EECBCCE87E97DE9C81D
WS_BGRFC_INBOUND000,083,SRTQS_00505684390C1EECBCCE880C1054E81D,00505684390C1EECBCCE880C1055881D
WS_BGRFC_INBOUND000,083,SRTQS_00505684390C1EECBCCE881BE3B6681D,00505684390C1EECBCCE88428E38881D
WS_BGRFC_INBOUND000,083,SRTQS_00505684390C1EECBCCE8830DCAEE81D,00505684390C1EECBCCE8830DCAF881D
WS_BGRFC_INBOUND000,083,SRTQS_00505684390C1EECBCCE887B81A2281D,00505684390C1EECBCCE887B81A2C81D
WS_BGRFC_INBOUND000,083,SRTQS_00505684390C1EECBCCE88963081E81D,00505684390C1EECBCCE88963082481D
WS_BGRFC_INBOUND000,083,SRTQS_00505684390C1EECBCCE88C838A1A81D,00505684390C1EECBCCE88C838A2481D
WS_BGRFC_INBOUND000,083,SRTQS_00505684390C1EECBCCE88F37330A81D,00505684390C1EECBCCE88F37331081D
WS_BGRFC_INBOUND000,083,SRTQS_00505684390C1EECBCCE8905E5F4281D,00505684390C1EECBCCE8905E5F4881D
WS_BGRFC_INBOUND000,083,SRTQS_00505684390C1EECBCCE89203099281D,00505684390C1EECBCCE89203099C81D
WS_BGRFC_INBOUND000,083,SRTQS_00505684390C1EECBCCE8960F787681D,00505684390C1EECBCCE898672A4481D
WS_BGRFC_INBOUND000,083,SRTQS_00505684390C1EECBCCE8A34242E081D,00505684390C1EECBCCE8A34242E681D
WS_BGRFC_INBOUND000,083,SRTQS_00505684390C1EECBCCE8A44ED15081D,00505684390C1EECBCCE8A44ED15681D
WS_BGRFC_INBOUND000,083,SRTQS_00505684390C1EECBCCE8A51D8FA281D,00505684390C1EECBCCE8A51D8FAE81D
WS_BGRFC_INBOUND000,083,SRTQS_00505684390C1EECBCCE8AB8264DA81D,00505684390C1EECBCCE8AB8264E081D
WS_BGRFC_INBOUND000,083,SRTQS_00505684390C1EECBCCE8B1A4FEAE81D,00505684390C1EECBCCE8B1A4FEB481D
WS_BGRFC_INBOUND000,083,SRTQS_00505684390C1EECBCCE8B399505281D,00505684390C1EECBCCE8B399505E81D
WS_BGRFC_INBOUND000,083,SRTQS_00505684390C1EECBCCE8B76B17C481D,00505684390C1EECBCCE8B76B17CE81D
WS_BGRFC_INBOUND000,083,SRTQS_00505684390C1EECBCCE8B8A8D9C881D,00505684390C1EECBCCE8B8A8D9CE81D
WS_BGRFC_INBOUND000,083,SRTQS_00505684390C1EECBCCE8BFEB4EDE81D,00505684390C1EECBCCE8BFEB4EE481D
WS_BGRFC_INBOUND000,083,SRTQS_00505684390C1EECBCCE8C5B0C80A81D,00505684390C1EECBCCE8C5B0C81681D
WS_BGRFC_INBOUND000,083,SRTQS_00505684390C1EECBCCE8CA8F1FDC81D,00505684390C1EECBCCE8CA8F1FE681D
WS_BGRFC_INBOUND000,083,SRTQS_00505684390C1EECBCCE8CFFC58A281D,00505684390C1EECBCCE8CFFC58A881D
WS_BGRFC_INBOUND000,083,SRTQS_00505684390C1EECBCCE8D00F354E81D,00505684390C1EECBCCE8D00F355881D
WS_BGRFC_INBOUND000,083,SRTQS_00505684390C1EECBCCE8D06C95B481D,00505684390C1EECBCCE8D06C95BA81D
WS_BGRFC_INBOUND000,083,SRTQS_00505684390C1EECBCCE8D10E027481D,00505684390C1EECBCCE8D10E027A81D
WS_BGRFC_INBOUND000,083,SRTQS_00505684390C1EECBCCE8D44B6B2481D,00505684390C1EECBCCE8D44B6B2E81D
WS_BGRFC_INBOUND000,083,SRTQS_00505684390C1EECBCCE8D8CD3F0081D,00505684390C1EECBCCE8D8CD3F0A81D
WS_BGRFC_INBOUND000,083,SRTQS_00505684390C1EECBCCE8DDFEBD8281D,00505684390C1EECBCCE8DDFEBD8C81D
WS_BGRFC_INBOUND000,083,SRTQS_00505684390C1EECBCCE8E26C056E81D,00505684390C1EECBCCE8E26C057881D
WS_BGRFC_INBOUND000,083,SRTQS_00505684390C1EECBCCE8E4F3E64681D,00505684390C1EECBCCE8E71DC9E081D
WS_BGRFC_INBOUND000,083,SRTQS_00505684390C1EECBCCE8E999867881D,00505684390C1EECBCCE8E999868281D
WS_BGRFC_INBOUND000,083,SRTQS_00505684390C1EECBCCE8EC028FE681D,00505684390C1EECBCCE8EC028FEC81D
WS_BGRFC_INBOUND000,083,SRTQS_00505684390C1EECBCCE8F0B0E82681D,00505684390C1EECBCCE8F0B0E83081D
WS_BGRFC_INBOUND000,083,SRTQS_00505684390C1EECBCCE8F69258D681D,00505684390C1EECBCCE8F69258E081D
WS_BGRFC_INBOUND000,083,SRTQS_00505684390C1EECBCCE8FAAAF9D481D,00505684390C1EECBCCE8FAAAF9DA81D
WS_BGRFC_INBOUND000,083,SRTQS_00505684390C1EECBCCE8FB53709681D,00505684390C1EECBCCE8FB53709C81D
WS_BGRFC_INBOUND000,083,SRTQS_00505684390C1EECBCCE8FBC1FA1E81D,00505684390C1EECBCCE8FBC1FA2881D
WS_BGRFC_INBOUND000,083,SRTQS_00505684390C1EECBCCE90083A80481D,00505684390C1EECBCCE90083A80E81D
WS_BGRFC_INBOUND000,083,SRTQS_00505684390C1EECBCCE9018C269A81D,00505684390C1EECBCCE9018C26A081D
WS_BGRFC_INBOUND000,083,SRTQS_00505684390C1EECBCCE904DDA0FE81D,00505684390C1EECBCCE904DDA10881D
WS_BGRFC_INBOUND000,083,SRTQS_00505684390C1EECBCCE90656F47A81D,00505684390C1EECBCCE90656F48081D
WS_BGRFC_INBOUND000,083,SRTQS_00505684390C1EECBCCE9099B22AA81D,00505684390C1EECBCCE9099B22B081D
WS_BGRFC_INBOUND000,083,SRTQS_00505684390C1EECBCCE90C55C6DA81D,00505684390C1EECBCCE90C55C6E481D
WS_BGRFC_INBOUND000,083,SRTQS_00505684390C1EECBCCE91823370881D,00505684390C1EECBCCE91A59BE1C81D
WS_BGRFC_INBOUND000,083,SRTQS_00505684390C1EECBCCE925BFBADA81D,00505684390C1EECBCCE925BFBAE681D
WS_BGRFC_INBOUND000,083,SRTQS_00505684390C1EECBCCE936D1419681D,00505684390C1EECBCCE936D141A081D
WS_BGRFC_INBOUND000,083,SRTQS_00505684390C1EECBCCE9374B068E81D,00505684390C1EECBCCE9374B069481D
WS_BGRFC_INBOUND000,083,SRTQS_00505684390C1EECBCCE9467F7CF681D,00505684390C1EECBCCE9467F7D0081D
WS_BGRFC_INBOUND000,083,SRTQS_00505684390C1EECBCCE94E350DEA81D,00505684390C1EECBCCE94E350DF481D
WS_BGRFC_INBOUND000,083,SRTQS_00505684390C1EECBCCE955FDE1FA81D,00505684390C1EECBCCE955FDE20081D
WS_BGRFC_INBOUND000,083,SRTQS_00505684390C1EECBCCE95C1B71E281D,00505684390C1EECBCCE95C1B71EC81D
WS_BGRFC_INBOUND000,083,SRTQS_00505684390C1EECBCCE96196F14681D,00505684390C1EECBCCE96196F15081D
WS_BGRFC_INBOUND000,083,SRTQS_00505684390C1EECBCCE96D36185681D,00505684390C1EECBCCE96D36186081D
WS_BGRFC_INBOUND000,083,SRTQS_00505684390C1EECBCCE97933DC4281D,00505684390C1EECBCCE97933DC4C81D
WS_BGRFC_INBOUND000,083,SRTQS_00505684390C1EECBCCE97AE9FBE481D,00505684390C1EECBCCE97AE9FBEA81D
WS_BGRFC_INBOUND000,083,SRTQS_00505684390C1EECBCCE97B32B96481D,00505684390C1EECBCCE97B32B96A81D
WS_BGRFC_INBOUND000,083,SRTQS_00505684390C1EECBCCE97D5B7CAC81D,00505684390C1EECBCCE97D5B7CB681D
WS_BGRFC_INBOUND000,083,SRTQS_00505684390C1EECBCCE98486EF1281D,00505684390C1EECBCCE98486EF1C81D
WS_BGRFC_INBOUND000,083,SRTQS_00505684390C1EECBCCE984A52F8681D,00505684390C1EECBCCE984A52F8C81D
WS_BGRFC_INBOUND000,083,SRTQS_00505684390C1EECBCCE98940EE9481D,00505684390C1EECBCCE98940EE9E81D
WS_BGRFC_INBOUND000,083,SRTQS_00505684390C1EECBCCE9957D9DDE81D,00505684390C1EECBCCE9957D9DE881D
WS_BGRFC_INBOUND000,083,SRTQS_00505684390C1EECBCCE9A127D4C681D,00505684390C1EECBCCE9A127D4D081D
WS_BGRFC_INBOUND000,083,SRTQS_00505684390C1EECBCCE9AA96B36481D,00505684390C1EECBCCE9AA96B37081D
WS_BGRFC_INBOUND000,083,SRTQS_00505684390C1EECBCCE9B57CF13881D,00505684390C1EECBCCE9B57CF14681D
WS_BGRFC_INBOUND000,083,SRTQS_00505684390C1EECBCCE9B8C425E281D,00505684390C1EECBCCE9B8C425EC81D
WS_BGRFC_INBOUND000,083,SRTQS_00505684390C1EECBCCE9C3A4E9F681D,00505684390C1EECBCCE9C3A4EA0481D
WS_BGRFC_INBOUND000,083,SRTQS_00505684390C1EECBCCE9C85CC17481D,00505684390C1EECBCCE9C85CC17E81D
WS_BGRFC_INBOUND000,083,SRTQS_00505684390C1EECBCCE9C8B4ADAA81D,00505684390C1EECBCCE9C8B4ADB481D
WS_BGRFC_INBOUND000,083,SRTQS_00505684390C1EECBCCE9CD370A0081D,00505684390C1EECBCCE9CD370A0A81D
WS_BGRFC_INBOUND000,083,SRTQS_00505684390C1EECBCCE9D1EF97B681D,00505684390C1EECBCCE9D1EF97C081D
WS_BGRFC_INBOUND000,083,SRTQS_00505684390C1EECBCCE9D9130C2281D,00505684390C1EECBCCE9D9130C2C81D
WS_BGRFC_INBOUND000,083,SRTQS_00505684390C1EECBCCE9DE54393281D,00505684390C1EECBCCE9DE54393E81D
WS_BGRFC_INBOUND000,083,SRTQS_00505684390C1EECBCCE9E2ADFA3081D,00505684390C1EECBCCE9E2ADFA3A81D
WS_BGRFC_INBOUND000,083,SRTQS_00505684390C1EECBCCE9E78B0D1281D,00505684390C1EECBCCE9E78B0D1C81D
WS_BGRFC_INBOUND000,083,SRTQS_00505684390C1EECBCCE9E9E9904681D,00505684390C1EECBCCE9E9E9904C81D
WS_BGRFC_INBOUND000,083,SRTQS_00505684390C1EECBCCEA11B3E80681D,00505684390C1EECBCCEA11B3E80C81D
WS_BGRFC_INBOUND000,083,SRTQS_00505684390C1EECBCCEA26DC9F8C81D,00505684390C1EECBCCEA26DC9F9681D
WS_BGRFC_INBOUND000,083,SRTQS_00505684390C1EECBCCEA3636211281D,00505684390C1EECBCCEA3636211881D
WS_BGRFC_INBOUND000,083,SRTQS_00505684390C1EECBCCEA59CFDCBE81D,00505684390C1EECBCCEA59CFDCC481D
WS_BGRFC_INBOUND000,083,SRTQS_00505684390C1EECBCCEA72D9459281D,00505684390C1EECBCCEA72D9459881D
WS_BGRFC_INBOUND000,083,SRTQS_00505684390C1EECBCCEA78DEFACE81D,00505684390C1EECBCCEA78DEFAD881D
WS_BGRFC_INBOUND000,083,SRTQS_00505684390C1EECBCCEA80544A4081D,00505684390C1EECBCCEA80544A4A81D
WS_BGRFC_INBOUND000,083,SRTQS_00505684390C1EECBCCEA8AFA9D5E81D,00505684390C1EECBCCEA8AFA9D6481D
WS_BGRFC_INBOUND000,083,SRTQS_00505684390C1EECBCCEAA3C7055C81D,00505684390C1EECBCCEAA3C7056281D
WS_BGRFC_INBOUND000,083,SRTQS_00505684390C1EECBCCEAB5A48D8281D,00505684390C1EECBCCEAB803908481D
WS_BGRFC_INBOUND000,083,SRTQS_00505684390C1EECBCCEAEBF129D281D,00505684390C1EECBCCEAEBF129D881D
WS_BGRFC_INBOUND000,083,SRTQS_00505684390C1EECBCCEAFB73B2C681D,00505684390C1EECBCCEAFB73B2CC81D
WS_BGRFC_INBOUND000,083,SRTQS_00505684390C1EECBCCEB0127860681D,00505684390C1EECBCCEB0127860C81D
WS_BGRFC_INBOUND000,083,SRTQS_00505684390C1EECBCCEB047D04C681D,00505684390C1EECBCCEB047D04CC81D
WS_BGRFC_INBOUND000,083,SRTQS_00505684390C1EECBCCEB18A0213681D,00505684390C1EECBCCEB18A0213C81D
WS_BGRFC_INBOUND000,083,SRTQS_00505684390C1EECBCCEB1AFB386081D,00505684390C1EECBCCEB1AFB386681D
WS_BGRFC_INBOUND000,083,SRTQS_00505684390C1EECBCCEB2CCEC30E81D,00505684390C1EECBCCEB2CCEC31481D
WS_BGRFC_INBOUND000,083,SRTQS_00505684390C1EECBCCEB4F612ED881D,00505684390C1EECBCCEB4F612EDE81D
WS_BGRFC_INBOUND000,083,SRTQS_00505684390C1EECBCCEB6759F29A81D,00505684390C1EECBCCEB6759F2A081D
WS_BGRFC_INBOUND000,083,SRTQS_00505684390C1EECBCCEB7809B18E81D,00505684390C1EECBCCEB7809B19481D
WS_BGRFC_INBOUND000,083,SRTQS_00505684390C1EECBCCEB8907972E81D,00505684390C1EECBCCEB8907973481D
WS_BGRFC_INBOUND000,083,SRTQS_00505684390C1EECBCCEBA5358D6881D,00505684390C1EECBCCEBA5358D6E81D
WS_BGRFC_INBOUND000,083,SRTQS_00505684390C1EECBCCEBB853E0EA81D,00505684390C1EECBCCEBB853E0F081D
WS_BGRFC_INBOUND000,083,SRTQS_00505684390C1EECBCCEBC8FCB13C81D,00505684390C1EECBCCEBC8FCB14281D
WS_BGRFC_INBOUND000,083,SRTQS_00505684390C1EECBCCEBDC1DAEC281D,00505684390C1EECBCCEBDC1DAEC881D
WS_BGRFC_INBOUND000,083,SRTQS_00505684390C1EECBCCEBEFBB8A7A81D,00505684390C1EECBCCEBEFBB8A8081D
WS_BGRFC_INBOUND000,083,SRTQS_00505684390C1EECBCCEBFFCE2AD481D,00505684390C1EECBCCEBFFCE2ADA81D
WS_BGRFC_INBOUND000,083,SRTQS_00505684390C1EECBCCEC174ADC1281D,00505684390C1EECBCCEC174ADC1881D
WS_BGRFC_INBOUND000,083,SRTQS_00505684390C1EECBCCEC2C24CCC681D,00505684390C1EECBCCEC2C24CCCC81D
WS_BGRFC_INBOUND000,083,SRTQS_00505684390C1EECBCCEC3F8463BA81D,00505684390C1EECBCCEC3F8463C081D
WS_BGRFC_INBOUND000,083,SRTQS_00505684390C1EECBCCEC534C9A2481D,00505684390C1EECBCCEC534C9A2A81D
WS_BGRFC_INBOUND000,083,SRTQS_00505684390C1EECBCCEC62CBA68C81D,00505684390C1EECBCCEC62CBA69281D
WS_BGRFC_INBOUND000,083,SRTQS_00505684390C1EECBCCEC777730AE81D,00505684390C1EECBCCEC777730B481D
WS_BGRFC_INBOUND000,083,SRTQS_00505684390C1EECBCCEC8A7A757681D,00505684390C1EECBCCEC8A7A757C81D
WS_BGRFC_INBOUND000,083,SRTQS_00505684390C1EECBCCEC999A6C7481D,00505684390C1EECBCCEC999A6C7A81D
WS_BGRFC_INBOUND000,083,SRTQS_00505684390C1EECBCCECA916560081D,00505684390C1EECBCCECA916560681D
WS_BGRFC_INBOUND000,083,SRTQS_00505684390C1EECBCCECB89EFCBC81D,00505684390C1EECBCCECB89EFCC281D
WS_BGRFC_INBOUND000,083,SRTQS_00505684390C1EECBCCECC504FC4881D,00505684390C1EECBCCECC6EB422081D
WS_BGRFC_INBOUND000,083,SRTQS_00505684390C1EECBCCECD7A23C5A81D,00505684390C1EECBCCECD7A23C6081D
WS_BGRFC_INBOUND000,083,SRTQS_00505684390C1EECBCCECF6A4033E81D,00505684390C1EECBCCECF6A4034481D
WS_BGRFC_INBOUND000,083,SRTQS_00505684390C1EECBCCED0E6AFC8481D,00505684390C1EECBCCED0E6AFC8A81D
WS_BGRFC_INBOUND000,083,SRTQS_00505684390C1EECBCCED204B697281D,00505684390C1EECBCCED204B697881D
WS_BGRFC_INBOUND000,083,SRTQS_00505684390C1EECBCCED313BF78881D,00505684390C1EECBCCED313BF78E81D
WS_BGRFC_INBOUND000,083,SRTQS_00505684390C1EECBCCED457ED80A81D,00505684390C1EECBCCED457ED81081D
WS_BGRFC_INBOUND000,083,SRTQS_00505684390C1EECBCCED585AFC4881D,00505684390C1EECBCCED585AFC4E81D
WS_BGRFC_INBOUND000,083,SRTQS_00505684390C1EECBCCED6CCCFCBE81D,00505684390C1EECBCCED6CCCFCC481D
WS_BGRFC_INBOUND000,083,SRTQS_00505684390C1EECBCCED7E9F7A2881D,00505684390C1EECBCCED7E9F7A2E81D
WS_BGRFC_INBOUND000,083,SRTQS_00505684390C1EECBCCED91CCD3BA81D,00505684390C1EECBCCED91CCD3C081D
WS_BGRFC_INBOUND000,083,SRTQS_00505684390C1EECBCCEDA24084BA81D,00505684390C1EECBCCEDA24084C081D
WS_BGRFC_INBOUND000,083,SRTQS_00505684390C1EECBCCEDB67FDD8A81D,00505684390C1EECBCCEDB67FDD9081D
WS_BGRFC_INBOUND000,083,SRTQS_00505684390C1EECBCCEDCA11D4EE81D,00505684390C1EECBCCEDCA11D4F481D
WS_BGRFC_INBOUND000,083,SRTQS_00505684390C1EECBCCEDDCA39C2081D,00505684390C1EECBCCEDDCA39C2681D
WS_BGRFC_INBOUND000,083,SRTQS_00505684390C1EECBCCEDEFCB154081D,00505684390C1EECBCCEDEFCB154681D
WS_BGRFC_INBOUND000,083,SRTQS_00505684390C1EECBCCEE0538488681D,00505684390C1EECBCCEE0538488C81D
WS_BGRFC_INBOUND000,083,SRTQS_00505684390C1EECBCCEE19FEDC0E81D,00505684390C1EECBCCEE19FEDC1481D
WS_BGRFC_INBOUND000,083,SRTQS_00505684390C1EECBCCEE30C0DB8681D,00505684390C1EECBCCEE30C0DB8C81D
WS_BGRFC_INBOUND000,083,SRTQS_00505684390C1EECBCCEE432BBD2A81D,00505684390C1EECBCCEE432BBD3081D
WS_BGRFC_INBOUND000,083,SRTQS_00505684390C1EECBCCEE56BEFFF281D,00505684390C1EECBCCEE56BEFFF881D
WS_BGRFC_INBOUND000,083,SRTQS_00505684390C1EECBCCEE6A0BB14A81D,00505684390C1EECBCCEE6A0BB15081D
WS_BGRFC_INBOUND000,083,SRTQS_00505684390C1EECBCCEE76ED016681D,00505684390C1EECBCCEE76ED016C81D
WS_BGRFC_INBOUND000,083,SRTQS_00505684390C1EECBCCEE827BF43C81D,00505684390C1EECBCCEE827BF44281D
WS_BGRFC_INBOUND000,083,SRTQS_00505684390C1EECBCCEE90D8814281D,00505684390C1EECBCCEE90D8814881D
WS_BGRFC_INBOUND000,083,SRTQS_00505684390C1EECBCCEE9CA29A1481D,00505684390C1EECBCCEE9CA29A1A81D
WS_BGRFC_INBOUND000,083,SRTQS_00505684390C1EECBCCEEAD46A9B281D,00505684390C1EECBCCEEAD46A9B881D
WS_BGRFC_INBOUND000,083,SRTQS_00505684390C1EECBCCEEBF9EA68A81D,00505684390C1EECBCCEEBF9EA69081D
WS_BGRFC_INBOUND000,083,SRTQS_00505684390C1EECBCCEECFEFD05C81D,00505684390C1EECBCCEECFEFD06281D
WS_BGRFC_INBOUND000,083,SRTQS_00505684390C1EECBCCEEE09D015681D,00505684390C1EECBCCEEE09D015C81D
WS_BGRFC_INBOUND000,083,SRTQS_00505684390C1EECBCCEEEA387C1A81D,00505684390C1EECBCCEEEA387C2081D
WS_BGRFC_INBOUND000,083,SRTQS_00505684390C1EECBCCEEF1373FC881D,00505684390C1EECBCCEEF1373FCE81D
WS_BGRFC_INBOUND000,083,SRTQS_00505684390C1EECBCCEEFD865F7C81D,00505684390C1EECBCCEEFD865F8281D
WS_BGRFC_INBOUND000,083,SRTQS_00505684390C1EECBCCEF0937BDAC81D,00505684390C1EECBCCEF0937BDB281D
WS_BGRFC_INBOUND000,083,SRTQS_00505684390C1EECBCCEF176637DC81D,00505684390C1EECBCCEF176637E281D
WS_BGRFC_INBOUND000,083,SRTQS_00505684390C1EECBCCEF2885863281D,00505684390C1EECBCCEF2885863881D
WS_BGRFC_INBOUND000,083,SRTQS_00505684390C1EED93D6ED6778F9C81D,00505684390C1EED93D6ED6778FA281D
WS_BGRFC_INBOUND000,083,SRTQS_00505684390C1EED93D707EC5BA0281D,00505684390C1EED93D707EC5BA0881D
WS_BGRFC_INBOUND000,083,SRTQS_00505684390C1EED96B4304AA1F1C81D,00505684390C1EED96B4304AA1F2281D
WS_BGRFC_INBOUND000,083,SRTQS_00505684390C1EED96B467D68299E81D,00505684390C1EED96B467D6829A481D
WS_BGRFC_INBOUND000,083,SRTQS_00505684390C1EED96B47A17BB50281D,00505684390C1EED96B47A17BB50881D
WS_BGRFC_INBOUND000,083,SRTQS_00505684390C1EED96B5230208DFA81D,00505684390C1EED96B5230208E0081D
WS_BGRFC_INBOUND000,083,SRTQS_00505684390C1EED96B54405CB80E81D,00505684390C1EED96B54405CB81481D
WS_BGRFC_INBOUND000,083,SRTQS_00505684390C1EED96B557840E76281D,00505684390C1EED96B557840E76881D
WS_BGRFC_INBOUND000,083,SRTQS_00505684390C1EED96B56E00A025681D,00505684390C1EED96B56E00A025C81D
WS_BGRFC_INBOUND000,083,SRTQS_00505684390C1EED9BF6095FEF4BA81D,00505684390C1EED9BF60987734C681D
WS_BGRFC_INBOUND000,083,SRTQS_00505684390C1EED9BF61B41F004A81D,00505684390C1EED9BF61B41F005A81D
WS_BGRFC_INBOUND000,083,SRTQS_00505684390C1EEDA2D4A8834E84681D,00505684390C1EEDA2D4A8834E84C81D
WS_BGRFC_INBOUND000,083,SRTQS_00505684390C1EEDA2D4DA5860CA281D,00505684390C1EEDA2D4DA5860CBC81D
WS_BGRFC_INBOUND000,083,SRTQS_00505684390C1EEDACB9C630C229481D,00505684390C1EEDACB9C630C22A681D
WS_BGRFC_INBOUND000,083,SRTQS_00505684390C1EEDACB9C73BB08B881D,00505684390C1EEDACB9C73BB08CA81D
WS_BGRFC_INBOUND000,083,SRTQS_00505684390C1EEDB1E19D5D8AAA281D,00505684390C1EEDB1E19D5D8AAAC81D
WS_BGRFC_INBOUND000,083,SRTQS_00505684390C1EEDB1E19DCA095A881D,00505684390C1EEDB1E19DCA095B281D
WS_BGRFC_INBOUND000,083,SRTQS_00505684390C1EEDB58C97DD7EB3E81D,00505684390C1EEDB58C97DD7EB4881D
WS_BGRFC_INBOUND000,083,SRTQS_00505684390C1EEDB58FFAAC2C03A81D,00505684390C1EEDB58FFAAC2C04481D
WS_BGRFC_INBOUND000,083,SRTQS_00505684390C1EEE86FDF3C3F8C4A81D,00505684390C1EEE86FDF3C3F8C5681D
WS_BGRFC_INBOUND000,083,SRTQS_00505684390C1EEE86FDF8537F89A81D,00505684390C1EEE86FDF8537F8AA81D
WS_BGRFC_INBOUND000,083,SRTQS_00505684390C1EEE86FE1B88F330281D,00505684390C1EEE86FE1B88F331281D
WS_BGRFC_INBOUND000,083,SRTQS_00505684390C1EEE86FE27D7F25FE81D,00505684390C1EEE86FE27D7F260481D
WS_BGRFC_INBOUND000,083,SRTQS_00505684390C1EEE8790DE040A3AE81D,00505684390C1EEE8790DE040A3B481D
WS_BGRFC_INBOUND000,083,SRTQS_00505684390C1EEE8793123455EB281D,00505684390C1EEE8793123455EBC81D
WS_BGRFC_INBOUND000,083,SRTQS_00505684390C1EEE8793125E206A281D,00505684390C1EEE8793125E206AC81D
WS_BGRFC_INBOUND000,083,SRTQS_00505684390C1EEE87932C7EC77F681D,00505684390C1EEE87932C7EC780081D
WS_BGRFC_INBOUND000,083,SRTQS_00505684390C1EEE87932CA990C1081D,00505684390C1EEE87932CA990C1A81D
WS_BGRFC_INBOUND000,083,SRTQS_00505684390C1EEE879532788D03E81D,00505684390C1EEE879532788D04A81D
WS_BGRFC_INBOUND000,083,SRTQS_00505684390C1EEE8795606EA1D6481D,00505684390C1EEE8795606EA1D7481D
WS_BGRFC_INBOUND000,083,SRTQS_00505684390C1EEE91B405618989281D,00505684390C1EEE91B405618989881D
WS_BGRFC_INBOUND000,083,SRTQS_00505684390C1EEE91B40581B3F3881D,00505684390C1EEE91B40581B3F3E81D
WS_BGRFC_INBOUND000,083,SRTQS_00505684390C1EEE91B40581B3F5881D,00505684390C1EEE91B40581B3F5E81D
WS_BGRFC_INBOUND000,083,SRTQS_00505684390C1EEFA2F370AA3388482A,00505684390C1EEFA2F3740E2601882A
WS_BGRFC_INBOUND000,083,SRTQS_00505684390C1EEFA2F3BB1D8594282A,00505684390C1EEFA2F3BB951AD7082A
WS_BGRFC_INBOUND000,083,SRTQS_00505684390C1EEFA2F4FA0DFB32E82A,00505684390C1EEFA2F4FAC94527882A
WS_BGRFC_INBOUND000,083,SRTQS_00505684390C1EEFA2F60D14A7D7682A,00505684390C1EEFA2F60DFF54FBC82A