DEST_NAME,CLIENT,QUEUE_NAME,UNIT_ID
CMM_MTM_PUR,083,CMM_VLOGP_BGRFC_0052004113,00505684390C1FE194E9BD2F2821C899
CMM_MTM_PUR,083,CMM_VLOGP_BGRFC_0310000430,00505684390C1FE0A1C646AEA8650849
CMM_MTM_PUR,083,CMM_VLOGP_BGRFC_0310000443,00505684390C1FE0A1C6477EEECA0849
CMM_MTM_PUR,083,CMM_VLOGP_BGRFC_0310000444,00505684390C1FE0A1C648055E626849
CMM_MTM_PUR,083,CMM_VLOGP_BGRFC_0310000445,00505684390C1FE0A1C6472510524849
CMM_MTM_PUR,083,CMM_VLOGP_BGRFC_0310000446,00505684390C1FE0A1C69CDF593F8849
CMM_MTM_PUR,083,CMM_VLOGP_BGRFC_0310000447,00505684390C1FE0A1C69EC69E42E849
CMM_MTM_PUR,083,CMM_VLOGP_BGRFC_0310000448,00505684390C1FE0A1C69E5E39D88849
CMM_MTM_PUR,083,CMM_VLOGP_BGRFC_0310000449,00505684390C1FE0A1C69E51FD188849
CMM_MTM_PUR,083,CMM_VLOGP_BGRFC_0310000454,00505684390C1FE0A4C1D941517A2851
CMM_MTM_PUR,083,CMM_VLOGP_BGRFC_0310000455,00505684390C1FE0BAC6376F760B6880
CMM_MTM_PUR,083,CMM_VLOGP_BGRFC_0310000456,00505684390C1FE186BF8715E4D5E88F
CMM_MTM_PUR,083,CMM_VLOGP_BGRFC_0310000457,00505684390C1FE186BF81576FCD088F
CMM_MTM_PUR,083,CMM_VLOGP_BGRFC_0330000733,00505684390C1FE092EAC09F473FA832
CMM_MTM_PUR,083,CMM_VLOGP_BGRFC_0330000854,00505684390C1FE0AA975B8CECB20865
CMM_MTM_PUR,083,CMM_VLOGP_BGRFC_0330000889,00505684390C1FE09B8B522B9FFA6832
CMM_MTM_PUR,083,CMM_VLOGP_BGRFC_0330001002,00505684390C1FE097B4E2EAA26A0832
CMM_MTM_PUR,083,CMM_VLOGP_BGRFC_0330001004,00505684390C1FE097B539C9EA0A4832
CMM_MTM_PUR,083,CMM_VLOGP_BGRFC_0330001005,00505684390C1FE097B539F011AE4832
CMM_MTM_PUR,083,CMM_VLOGP_BGRFC_0330001029,00505684390C1FE09F907563546BE846
CMM_MTM_PUR,083,CMM_VLOGP_BGRFC_0330001063,00505684390C1FE097B4C15040390832
CMM_MTM_PUR,083,CMM_VLOGP_BGRFC_0330001078,00505684390C1FE097B4C4E43AB7E832
CMM_MTM_PUR,083,CMM_VLOGP_BGRFC_0330001127,00505684390C1FE097B4CA081F778832
CMM_MTM_PUR,083,CMM_VLOGP_BGRFC_0330001128,00505684390C1FE097B4CA6C0179A832
CMM_MTM_PUR,083,CMM_VLOGP_BGRFC_0330001141,00505684390C1FE097B4CBE67C952832
CMM_MTM_PUR,083,CMM_VLOGP_BGRFC_0330001152,00505684390C1FE097B4CDD80225E832
CMM_MTM_PUR,083,CMM_VLOGP_BGRFC_0330001153,00505684390C1FE097B4CE4E35FDE832
CMM_MTM_PUR,083,CMM_VLOGP_BGRFC_0330001154,00505684390C1FE097B4CE99C1CD0832
CMM_MTM_PUR,083,CMM_VLOGP_BGRFC_0330001155,00505684390C1FE097B4CEDFF1A8A832
CMM_MTM_PUR,083,CMM_VLOGP_BGRFC_0330001156,00505684390C1FE097B4CF4A0FAF0832
CMM_MTM_PUR,083,CMM_VLOGP_BGRFC_0330001157,00505684390C1FE097B4CFA9A7388832
CMM_MTM_PUR,083,CMM_VLOGP_BGRFC_0330001158,00505684390C1FE097B4CFEC69FD2832
CMM_MTM_PUR,083,CMM_VLOGP_BGRFC_0330001159,00505684390C1FE097B4D06255346832
CMM_MTM_PUR,083,CMM_VLOGP_BGRFC_0330001161,00505684390C1FE097B4D10055A58832
CMM_MTM_PUR,083,CMM_VLOGP_BGRFC_0330001162,00505684390C1FE097B4D1582DCBC832
CMM_MTM_PUR,083,CMM_VLOGP_BGRFC_0330001185,00505684390C1FE097B55E1794E18832
CMM_MTM_PUR,083,CMM_VLOGP_BGRFC_0330001190,00505684390C1FE097B4D6F0D8762832
CMM_MTM_PUR,083,CMM_VLOGP_BGRFC_0330001192,00505684390C1FE097B53A88C6650832
CMM_MTM_PUR,083,CMM_VLOGP_BGRFC_0330001194,00505684390C1FE097B4F9492B630832
CMM_MTM_PUR,083,CMM_VLOGP_BGRFC_0330001195,00505684390C1FE097B4D7E830A00832
CMM_MTM_PUR,083,CMM_VLOGP_BGRFC_0330001196,00505684390C1FE097B4D83766BF0832
CMM_MTM_PUR,083,CMM_VLOGP_BGRFC_0330001197,00505684390C1FE097B4D8C7DDB8E832
CMM_MTM_PUR,083,CMM_VLOGP_BGRFC_0330001199,00505684390C1FE097B4D93713B76832
CMM_MTM_PUR,083,CMM_VLOGP_BGRFC_0330001200,00505684390C1FE097B4D9A688B78832
CMM_MTM_PUR,083,CMM_VLOGP_BGRFC_0330001210,00505684390C1FE097B4DA324B30A832
CMM_MTM_PUR,083,CMM_VLOGP_BGRFC_0330001211,00505684390C1FE097B4DA83D0E60832
CMM_MTM_PUR,083,CMM_VLOGP_BGRFC_0330001212,00505684390C1FE097B4DAF70B0F4832
CMM_MTM_PUR,083,CMM_VLOGP_BGRFC_0330001214,00505684390C1FE097B4DB5EFF854832
CMM_MTM_PUR,083,CMM_VLOGP_BGRFC_0330001217,00505684390C1FE097B4DBE27530A832
CMM_MTM_PUR,083,CMM_VLOGP_BGRFC_0330001219,00505684390C1FE097B4DBFF87DBC832
CMM_MTM_PUR,083,CMM_VLOGP_BGRFC_0330001220,00505684390C1FE097B4DC2DB91F0832
CMM_MTM_PUR,083,CMM_VLOGP_BGRFC_0330001221,00505684390C1FE097B4DC45E7D28832
CMM_MTM_PUR,083,CMM_VLOGP_BGRFC_0330001223,00505684390C1FE097B4DC799BDD4832
CMM_MTM_PUR,083,CMM_VLOGP_BGRFC_0330001224,00505684390C1FE097B4DC982C734832
CMM_MTM_PUR,083,CMM_VLOGP_BGRFC_0330001225,00505684390C1FE097B4DCED08848832
CMM_MTM_PUR,083,CMM_VLOGP_BGRFC_0330001226,00505684390C1FE097B4DD567F344832
CMM_MTM_PUR,083,CMM_VLOGP_BGRFC_0330001227,00505684390C1FE097B4DDADB76DC832
CMM_MTM_PUR,083,CMM_VLOGP_BGRFC_0330001228,00505684390C1FE097B4DE11A02A8832
CMM_MTM_PUR,083,CMM_VLOGP_BGRFC_0330001229,00505684390C1FE097B4DE85B2E08832
CMM_MTM_PUR,083,CMM_VLOGP_BGRFC_0330001231,00505684390C1FE097B4DEF639C24832
CMM_MTM_PUR,083,CMM_VLOGP_BGRFC_0330001232,00505684390C1FE097B4DF68AE882832
CMM_MTM_PUR,083,CMM_VLOGP_BGRFC_0330001233,00505684390C1FE097B4DFC858FB2832
CMM_MTM_PUR,083,CMM_VLOGP_BGRFC_0330001237,00505684390C1FE097B4E01499036832
CMM_MTM_PUR,083,CMM_VLOGP_BGRFC_0330001238,00505684390C1FE097B4E07B3802A832
CMM_MTM_PUR,083,CMM_VLOGP_BGRFC_0330001243,00505684390C1FE097B4E192E405A832
CMM_MTM_PUR,083,CMM_VLOGP_BGRFC_0330001246,00505684390C1FE097B502E09BDC4832
CMM_MTM_PUR,083,CMM_VLOGP_BGRFC_0330001252,00505684390C1FE097B4E24754A0E832
CMM_MTM_PUR,083,CMM_VLOGP_BGRFC_0330001253,00505684390C1FE09F902992172FA846
CMM_MTM_PUR,083,CMM_VLOGP_BGRFC_0330001275,00505684390C1FE0A6BEE1C87B9AC852
CMM_MTM_PUR,083,CMM_VLOGP_BGRFC_0330001281,00505684390C1FE097B4E499F2444832
CMM_MTM_PUR,083,CMM_VLOGP_BGRFC_0330001283,00505684390C1FE097B4E60EEF750832
CMM_MTM_PUR,083,CMM_VLOGP_BGRFC_0330001285,00505684390C1FE097B4E72B3D238832
CMM_MTM_PUR,083,CMM_VLOGP_BGRFC_0330001286,00505684390C1FE097B4E7FFD8954832
CMM_MTM_PUR,083,CMM_VLOGP_BGRFC_0330001295,00505684390C1FE097B4E91A6A6CC832
CMM_MTM_PUR,083,CMM_VLOGP_BGRFC_0330001296,00505684390C1FE097B4E9F5E5D28832
CMM_MTM_PUR,083,CMM_VLOGP_BGRFC_0330001297,00505684390C1FE097B4EAAF944E0832
CMM_MTM_PUR,083,CMM_VLOGP_BGRFC_0330001298,00505684390C1FE097B4EB5586B3C832
CMM_MTM_PUR,083,CMM_VLOGP_BGRFC_0330001299,00505684390C1FE097B4EBFA6E708832
CMM_MTM_PUR,083,CMM_VLOGP_BGRFC_0330001300,00505684390C1FE097B4EC8A6BB46832
CMM_MTM_PUR,083,CMM_VLOGP_BGRFC_0330001302,00505684390C1FE097B4EC3D26B20832
CMM_MTM_PUR,083,CMM_VLOGP_BGRFC_0330001304,00505684390C1FE097B4EC99788DE832
CMM_MTM_PUR,083,CMM_VLOGP_BGRFC_0330001309,00505684390C1FE097B4ED578D604832
CMM_MTM_PUR,083,CMM_VLOGP_BGRFC_0330001324,00505684390C1FE097B4EE03B45B8832
CMM_MTM_PUR,083,CMM_VLOGP_BGRFC_0330001327,00505684390C1FE097B4EE3E9910C832
CMM_MTM_PUR,083,CMM_VLOGP_BGRFC_0330001336,00505684390C1FE097B55F472B45E832
CMM_MTM_PUR,083,CMM_VLOGP_BGRFC_0330001337,00505684390C1FE097B55F9141CEE832
CMM_MTM_PUR,083,CMM_VLOGP_BGRFC_0330001348,00505684390C1FE097B4EED614D38832
CMM_MTM_PUR,083,CMM_VLOGP_BGRFC_0330001349,00505684390C1FE097B4EF04DBF8C832
CMM_MTM_PUR,083,CMM_VLOGP_BGRFC_0330001351,00505684390C1FE097B55FDED3EF4832
CMM_MTM_PUR,083,CMM_VLOGP_BGRFC_0330001358,00505684390C1FE097B4F004DCD16832
CMM_MTM_PUR,083,CMM_VLOGP_BGRFC_0330001363,00505684390C1FE097B4F0EB74792832
CMM_MTM_PUR,083,CMM_VLOGP_BGRFC_0330001386,00505684390C1FE097B4F1CFDFF66832
CMM_MTM_PUR,083,CMM_VLOGP_BGRFC_0330001395,00505684390C1FE097B4F4B834490832
CMM_MTM_PUR,083,CMM_VLOGP_BGRFC_0330001397,00505684390C1FE097B4F5378750A832
CMM_MTM_PUR,083,CMM_VLOGP_BGRFC_0330001405,00505684390C1FE097B4F5C6306C8832
CMM_MTM_PUR,083,CMM_VLOGP_BGRFC_0330001406,00505684390C1FE097B4F5D87B182832
CMM_MTM_PUR,083,CMM_VLOGP_BGRFC_0330001407,00505684390C1FE097B5608B8BA2E832
CMM_MTM_PUR,083,CMM_VLOGP_BGRFC_0330001408,00505684390C1FE097B4F5FFABB2E832
CMM_MTM_PUR,083,CMM_VLOGP_BGRFC_0330001410,00505684390C1FE097B4F645FA9FE832
CMM_MTM_PUR,083,CMM_VLOGP_BGRFC_0330001412,00505684390C1FE097B54319AE4A4832
CMM_MTM_PUR,083,CMM_VLOGP_BGRFC_0330001419,00505684390C1FE097B560C0F6D62832
CMM_MTM_PUR,083,CMM_VLOGP_BGRFC_0330001420,00505684390C1FE097B4F815BA1F4832
CMM_MTM_PUR,083,CMM_VLOGP_BGRFC_0330001422,00505684390C1FE097B4F839394DC832
CMM_MTM_PUR,083,CMM_VLOGP_BGRFC_0330001423,00505684390C1FE097B4F85EBF3CE832
CMM_MTM_PUR,083,CMM_VLOGP_BGRFC_0330001435,00505684390C1FE097B4F9CC64224832
CMM_MTM_PUR,083,CMM_VLOGP_BGRFC_0330001504,00505684390C1FE097B501AE9AD7A832
CMM_MTM_PUR,083,CMM_VLOGP_BGRFC_0330001508,00505684390C1FE097B560E6A5B56832
CMM_MTM_PUR,083,CMM_VLOGP_BGRFC_0330001533,00505684390C1FE097B5476B573BA832
CMM_MTM_PUR,083,CMM_VLOGP_BGRFC_0330001534,00505684390C1FE097B547A5D680A832
CMM_MTM_PUR,083,CMM_VLOGP_BGRFC_0330001536,00505684390C1FE097B547CE8C504832
CMM_MTM_PUR,083,CMM_VLOGP_BGRFC_0330001537,00505684390C1FE097B547DE56C80832
CMM_MTM_PUR,083,CMM_VLOGP_BGRFC_0330001538,00505684390C1FE097B5444B09ECA832
CMM_MTM_PUR,083,CMM_VLOGP_BGRFC_0330001541,00505684390C1FE097B5610BA37EC832
CMM_MTM_PUR,083,CMM_VLOGP_BGRFC_0330001542,00505684390C1FE097B561266C502832
CMM_MTM_PUR,083,CMM_VLOGP_BGRFC_0330001543,00505684390C1FE097B5614771446832
CMM_MTM_PUR,083,CMM_VLOGP_BGRFC_0330001583,00505684390C1FE097B54991E32C4832
CMM_MTM_PUR,083,CMM_VLOGP_BGRFC_0330001608,00505684390C1FE097B54B2AD89D6832
CMM_MTM_PUR,083,CMM_VLOGP_BGRFC_0330001609,00505684390C1FE097B54B4B3439A832
CMM_MTM_PUR,083,CMM_VLOGP_BGRFC_0330001640,00505684390C1FE097B47FAC6D2A0832
CMM_MTM_PUR,083,CMM_VLOGP_BGRFC_0330001681,00505684390C1FE097B5555E44832832
CMM_MTM_PUR,083,CMM_VLOGP_BGRFC_0330001732,00505684390C1FE097B50B5F54F1C832
CMM_MTM_PUR,083,CMM_VLOGP_BGRFC_0330001738,00505684390C1FE097B558E1DE2FA832
CMM_MTM_PUR,083,CMM_VLOGP_BGRFC_0330001756,00505684390C1FE097B4AFBA18204832
CMM_MTM_PUR,083,CMM_VLOGP_BGRFC_0330001772,00505684390C1FE097B55A934E206832
CMM_MTM_PUR,083,CMM_VLOGP_BGRFC_0330001836,00505684390C1FE0A6BEE6FA11F46852
CMM_MTM_PUR,083,CMM_VLOGP_BGRFC_0330001837,00505684390C1FE0A6BEE725492EA852
CMM_MTM_PUR,083,CMM_VLOGP_BGRFC_0330001838,00505684390C1FE0A6BEE747A514C852
CMM_MTM_PUR,083,CMM_VLOGP_BGRFC_0330001839,00505684390C1FE097B55B9DF66D6832
CMM_MTM_PUR,083,CMM_VLOGP_BGRFC_0330001840,00505684390C1FE0A6BEE785CD2CE852
CMM_MTM_PUR,083,CMM_VLOGP_BGRFC_0330001841,00505684390C1FE097B55C1028DF8832
CMM_MTM_PUR,083,CMM_VLOGP_BGRFC_0330001843,00505684390C1FE097B55CA4F7012832
CMM_MTM_PUR,083,CMM_VLOGP_BGRFC_0330001844,00505684390C1FE0A6BEE838DCC2E852
CMM_MTM_PUR,083,CMM_VLOGP_BGRFC_0330001845,00505684390C1FE097B55D02C6540832
CMM_MTM_PUR,083,CMM_VLOGP_BGRFC_0330001846,00505684390C1FE0A6BEE87924AC6852
CMM_MTM_PUR,083,CMM_VLOGP_BGRFC_0330001847,00505684390C1FE0A6BEE89F24A96852
CMM_MTM_PUR,083,CMM_VLOGP_BGRFC_0330001862,00505684390C1FE0A6BEE0B6F16D2852
CMM_MTM_PUR,083,CMM_VLOGP_BGRFC_0330001863,00505684390C1FE097B555F713668832
CMM_MTM_PUR,083,CMM_VLOGP_BGRFC_0330001864,00505684390C1FE097B55FBC5003C832
CMM_MTM_PUR,083,CMM_VLOGP_BGRFC_0330001865,00505684390C1FE0A6CAFABF58BEE853
CMM_MTM_PUR,083,CMM_VLOGP_BGRFC_0330001866,00505684390C1FE0A6CAFB0AB5042853
CMM_MTM_PUR,083,CMM_VLOGP_BGRFC_0330001872,00505684390C1FE092EABAA9CD65C832
CMM_MTM_PUR,083,CMM_VLOGP_BGRFC_0330001878,00505684390C1FE097B5115F7925C832
CMM_MTM_PUR,083,CMM_VLOGP_BGRFC_0330001879,00505684390C1FE097B5118917E7C832
CMM_MTM_PUR,083,CMM_VLOGP_BGRFC_0330001884,00505684390C1FE0A6BEEA5FA03D6852
CMM_MTM_PUR,083,CMM_VLOGP_BGRFC_0330001887,00505684390C1FE0A6BEEB2778052852
CMM_MTM_PUR,083,CMM_VLOGP_BGRFC_0330001890,00505684390C1FE0A6BEEB5E0464A852
CMM_MTM_PUR,083,CMM_VLOGP_BGRFC_0330001891,00505684390C1FE0A6BEDBCCFFC98852
CMM_MTM_PUR,083,CMM_VLOGP_BGRFC_0330001901,00505684390C1FE0A6BEEBAE1B4F8852
CMM_MTM_PUR,083,CMM_VLOGP_BGRFC_0330001905,00505684390C1FE097B563BED3166832
CMM_MTM_PUR,083,CMM_VLOGP_BGRFC_0330001906,00505684390C1FE097B5147528E14832
CMM_MTM_PUR,083,CMM_VLOGP_BGRFC_0330001910,00505684390C1FE0A6BED4A594D88852
CMM_MTM_PUR,083,CMM_VLOGP_BGRFC_0330001911,00505684390C1FE0A6BED4E9C1986852
CMM_MTM_PUR,083,CMM_VLOGP_BGRFC_0330001930,00505684390C1FE0A6BEECC9D6792852
CMM_MTM_PUR,083,CMM_VLOGP_BGRFC_0330001932,00505684390C1FE0A6BEED614584E852
CMM_MTM_PUR,083,CMM_VLOGP_BGRFC_0330001935,00505684390C1FE0A6BEEE2A6D636852
CMM_MTM_PUR,083,CMM_VLOGP_BGRFC_0330001936,00505684390C1FE0A6BEF5249A626852
CMM_MTM_PUR,083,CMM_VLOGP_BGRFC_0330001939,00505684390C1FE097B566EFF583A832
CMM_MTM_PUR,083,CMM_VLOGP_BGRFC_0330001941,00505684390C1FE097B5672A02CA4832
CMM_MTM_PUR,083,CMM_VLOGP_BGRFC_0330001944,00505684390C1FE097B56775AA62E832
CMM_MTM_PUR,083,CMM_VLOGP_BGRFC_0330001945,00505684390C1FE097B567CE03282832
CMM_MTM_PUR,083,CMM_VLOGP_BGRFC_0330001954,00505684390C1FE097B4B47454446832
CMM_MTM_PUR,083,CMM_VLOGP_BGRFC_0330001958,00505684390C1FE097B545477FD2E832
CMM_MTM_PUR,083,CMM_VLOGP_BGRFC_0330001971,00505684390C1FE0A6BED61F912FA852
CMM_MTM_PUR,083,CMM_VLOGP_BGRFC_0330002024,00505684390C1FE1918B047CD7292897
CMM_MTM_PUR,083,CMM_VLOGP_BGRFC_0330002033,00505684390C1FE0A19C3B4BE41A8849
CMM_MTM_PUR,083,CMM_VLOGP_BGRFC_0330002044,00505684390C1FE097B51B0BBE72C832
CMM_MTM_PUR,083,CMM_VLOGP_BGRFC_0330002048,00505684390C1FE092EAC1365E782832
CMM_MTM_PUR,083,CMM_VLOGP_BGRFC_0330002063,00505684390C1FE094A5CAE60D234832
CMM_MTM_PUR,083,CMM_VLOGP_BGRFC_0330002067,00505684390C1FE094A63C21248CE832
CMM_MTM_PUR,083,CMM_VLOGP_BGRFC_0330002106,00505684390C1FE0A2AC2229E6C56849
CMM_MTM_PUR,083,CMM_VLOGP_BGRFC_0330002112,00505684390C1FE099FBB5CD59160832
CMM_MTM_PUR,083,CMM_VLOGP_BGRFC_0330002139,00505684390C1FE09E8BADAE8A952834
CMM_MTM_PUR,083,CMM_VLOGP_BGRFC_0330002151,00505684390C1FE09CDC90F7A2F9C834
CMM_MTM_PUR,083,CMM_VLOGP_BGRFC_0330002157,00505684390C1FE09DD095A48D37E834
CMM_MTM_PUR,083,CMM_VLOGP_BGRFC_0330002158,00505684390C1FE09DD0A208BCB7E834
CMM_MTM_PUR,083,CMM_VLOGP_BGRFC_0330002186,00505684390C1FE0A39312DB84DB2849
CMM_MTM_PUR,083,CMM_VLOGP_BGRFC_0330002188,00505684390C1FE0A39344EFAD00A849
CMM_MTM_PUR,083,CMM_VLOGP_BGRFC_0330002191,00505684390C1FE0A3B80DB24457E849
CMM_MTM_PUR,083,CMM_VLOGP_BGRFC_0330002193,00505684390C1FE0A3C0AF180811C849
CMM_MTM_PUR,083,CMM_VLOGP_BGRFC_0330002195,00505684390C1FE0A5A7615C0E036851
CMM_MTM_PUR,083,CMM_VLOGP_BGRFC_0330002199,00505684390C1FE0A4C2C4ED08F7A851
CMM_MTM_PUR,083,CMM_VLOGP_BGRFC_0330002212,00505684390C1FE186BF6F8FC5A0688F
CMM_MTM_PUR,083,CMM_VLOGP_BGRFC_0330002216,00505684390C1FE0A691A87457EC6851
CMM_MTM_PUR,083,CMM_VLOGP_BGRFC_0330002217,00505684390C1FE0A5F961BDBCC58851
CMM_MTM_PUR,083,CMM_VLOGP_BGRFC_0330002219,00505684390C1FE186BF704C7D47888F
CMM_MTM_PUR,083,CMM_VLOGP_BGRFC_0330002223,00505684390C1FE186BF71444A1A688F
CMM_MTM_PUR,083,CMM_VLOGP_BGRFC_0330002227,00505684390C1FE0A5FB6F55CE7A4851
CMM_MTM_PUR,083,CMM_VLOGP_BGRFC_0330002251,00505684390C1FE0BAC7656F47944880
CMM_MTM_PUR,083,CMM_VLOGP_BGRFC_0330002253,00505684390C1FE0A7A62B970E3AC853
CMM_MTM_PUR,083,CMM_VLOGP_BGRFC_0330002254,00505684390C1FE0A7B47A8D7DF9C853
CMM_MTM_PUR,083,CMM_VLOGP_BGRFC_0330002255,00505684390C1FE0A7B4971073D84853
CMM_MTM_PUR,083,CMM_VLOGP_BGRFC_0330002256,00505684390C1FE0A7F5740075EB4856
CMM_MTM_PUR,083,CMM_VLOGP_BGRFC_0330002258,00505684390C1FE0AAEE07E317DBA865
CMM_MTM_PUR,083,CMM_VLOGP_BGRFC_0330002262,00505684390C1FE0AEE27DC00B6C8879
CMM_MTM_PUR,083,CMM_VLOGP_BGRFC_0330002265,00505684390C1FE0A893606746AEA856
CMM_MTM_PUR,083,CMM_VLOGP_BGRFC_0330002266,00505684390C1FE0A893B6FCFCBEA856
CMM_MTM_PUR,083,CMM_VLOGP_BGRFC_0330002267,00505684390C1FE0A899BC5570A1C856
CMM_MTM_PUR,083,CMM_VLOGP_BGRFC_0330002275,00505684390C1FE0AAA8F6DB967AE865
CMM_MTM_PUR,083,CMM_VLOGP_BGRFC_0330002277,00505684390C1FE0AAA8AB290B560865
CMM_MTM_PUR,083,CMM_VLOGP_BGRFC_0330002297,00505684390C1FE186BF7691DEC3688F
CMM_MTM_PUR,083,CMM_VLOGP_BGRFC_0330002310,00505684390C1FE0AEFD9B938F41C879
CMM_MTM_PUR,083,CMM_VLOGP_BGRFC_0330002313,00505684390C1FE0B0EE05FB61DBC879
CMM_MTM_PUR,083,CMM_VLOGP_BGRFC_0330002341,00505684390C1FE0B2C9357C8C30887A
CMM_MTM_PUR,083,CMM_VLOGP_BGRFC_0330002342,00505684390C1FE0B2C9DF4236FA087A
CMM_MTM_PUR,083,CMM_VLOGP_BGRFC_0330002344,00505684390C1FE0B481D15339C4887B
CMM_MTM_PUR,083,CMM_VLOGP_BGRFC_0330002345,00505684390C1FE0B481DAB2D0A2A87B
CMM_MTM_PUR,083,CMM_VLOGP_BGRFC_0330002346,00505684390C1FE0B48AF7CFE6A5287B
CMM_MTM_PUR,083,CMM_VLOGP_BGRFC_0330002348,00505684390C1FE0B48FA87EFC7DC87B
CMM_MTM_PUR,083,CMM_VLOGP_BGRFC_0330002349,00505684390C1FE0B4BB9C9F266DA87B
CMM_MTM_PUR,083,CMM_VLOGP_BGRFC_0330002355,00505684390C1FE0B597E92A4065487B
CMM_MTM_PUR,083,CMM_VLOGP_BGRFC_0330002357,00505684390C1FE0B5D0CB4AC015287B
CMM_MTM_PUR,083,CMM_VLOGP_BGRFC_0330002386,00505684390C1FE181FE8848DA6A4889
CMM_MTM_PUR,083,CMM_VLOGP_BGRFC_0330002387,00505684390C1FE182865F372AA30889
CMM_MTM_PUR,083,CMM_VLOGP_BGRFC_0330002388,00505684390C1FE18287322CF294A889
CMM_MTM_PUR,083,CMM_VLOGP_BGRFC_0330002389,00505684390C1FE18287B04E0CBFA889
CMM_MTM_PUR,083,CMM_VLOGP_BGRFC_0330002395,00505684390C1FE182F91935AD156889
CMM_MTM_PUR,083,CMM_VLOGP_BGRFC_0330002396,00505684390C1FE18380BF275470C889
CMM_MTM_PUR,083,CMM_VLOGP_BGRFC_0330002412,00505684390C1FE184C826047784E88D
CMM_MTM_PUR,083,CMM_VLOGP_BGRFC_0330002432,00505684390C1FE18CED7D0092AD0896
CMM_MTM_PUR,083,CMM_VLOGP_BGRFC_0330002435,00505684390C1FE187C2F76DCE6CE88F
CMM_MTM_PUR,083,CMM_VLOGP_BGRFC_0330002436,00505684390C1FE187C399B56414C88F
CMM_MTM_PUR,083,CMM_VLOGP_BGRFC_0330002439,00505684390C1FE187C5D7F6059F088F
CMM_MTM_PUR,083,CMM_VLOGP_BGRFC_0330002440,00505684390C1FE187D8053BA4D48891
CMM_MTM_PUR,083,CMM_VLOGP_BGRFC_0330002442,00505684390C1FE187DA9DAF5FB02891
CMM_MTM_PUR,083,CMM_VLOGP_BGRFC_0330002450,00505684390C1FE189E8C7957600C891
CMM_MTM_PUR,083,CMM_VLOGP_BGRFC_0330002451,00505684390C1FE189E8DFB67B870891
CMM_MTM_PUR,083,CMM_VLOGP_BGRFC_0330002494,00505684390C1FE18DA24007554D8896
CMM_MTM_PUR,083,CMM_VLOGP_BGRFC_0330002510,00505684390C1FE18F9DB97030D1E896
CMM_MTM_PUR,083,CMM_VLOGP_BGRFC_0330002516,00505684390C1FE18FC95CD7DD162896
CMM_MTM_PUR,083,CMM_VLOGP_BGRFC_0330002517,00505684390C1FE18FC96CC2381F4896
CMM_MTM_PUR,083,CMM_VLOGP_BGRFC_0330002520,00505684390C1FE18FCBC925A18E0896
CMM_MTM_PUR,083,CMM_VLOGP_BGRFC_0330002521,00505684390C1FE18FD3498B7569E896
CMM_MTM_PUR,083,CMM_VLOGP_BGRFC_0330002523,00505684390C1FE18FE24208B2FFA896
CMM_MTM_PUR,083,CMM_VLOGP_BGRFC_0330002525,00505684390C1FE18FF3D8A674066896
CMM_MTM_PUR,083,CMM_VLOGP_BGRFC_0330002526,00505684390C1FE18FF4507780734896
CMM_MTM_PUR,083,CMM_VLOGP_BGRFC_0330002535,00505684390C1FE19180A44B8701E897
CMM_MTM_PUR,083,CMM_VLOGP_BGRFC_0330002537,00505684390C1FE1919B3BC5BB59A899
CMM_MTM_PUR,083,CMM_VLOGP_BGRFC_0330002541,00505684390C1FE192F235A19FBA4899
CMM_MTM_PUR,083,CMM_VLOGP_BGRFC_0330002542,00505684390C1FE192F298144C3A8899
CMM_MTM_PUR,083,CMM_VLOGP_BGRFC_0330002543,00505684390C1FE192F2A79318F64899
CMM_MTM_PUR,083,CMM_VLOGP_BGRFC_0330002546,00505684390C1FE19389A84C88F56899
CMM_MTM_PUR,083,CMM_VLOGP_BGRFC_0330002554,00505684390C1FE1938AAD0F1FD6C899
CMM_MTM_PUR,083,CMM_VLOGP_BGRFC_0330002564,00505684390C1FE195843FB2CEE0A899
CMM_MTM_PUR,083,CMM_VLOGP_BGRFC_0330002568,00505684390C1FE193DEDA45C7314899
CMM_MTM_PUR,083,CMM_VLOGP_BGRFC_0330002572,00505684390C1FE193DF7C1C07810899
CMM_MTM_PUR,083,CMM_VLOGP_BGRFC_0330002581,00505684390C1FE195A0634ACF31289A
CMM_MTM_PUR,083,CMM_VLOGP_BGRFC_0340002503,00505684390C1FE097905272B01F0832
CMM_MTM_PUR,083,CMM_VLOGP_BGRFC_0340002514,00505684390C1FE092EB7FCE8C908832
CMM_MTM_PUR,083,CMM_VLOGP_BGRFC_0340002846,00505684390C1FE097B5771B9C8A4832
CMM_MTM_PUR,083,CMM_VLOGP_BGRFC_0340002859,00505684390C1FE097B4BC44C0880832
CMM_MTM_PUR,083,CMM_VLOGP_BGRFC_0340002860,00505684390C1FE097B57A8FBD8AC832
CMM_MTM_PUR,083,CMM_VLOGP_BGRFC_0340002861,00505684390C1FE097B57AEB64CE2832
CMM_MTM_PUR,083,CMM_VLOGP_BGRFC_0340002862,00505684390C1FE097B57B3ADC7C4832
CMM_MTM_PUR,083,CMM_VLOGP_BGRFC_0340002863,00505684390C1FE097B57BA8EEA20832
CMM_MTM_PUR,083,CMM_VLOGP_BGRFC_0340002875,00505684390C1FE097B5800B2F58A832
CMM_MTM_PUR,083,CMM_VLOGP_BGRFC_0340002883,00505684390C1FE097B457B94D674832
CMM_MTM_PUR,083,CMM_VLOGP_BGRFC_0340002960,00505684390C1FE097B4C2C04F998832
CMM_MTM_PUR,083,CMM_VLOGP_BGRFC_0340002961,00505684390C1FE097B5A70BCCCE2832
CMM_MTM_PUR,083,CMM_VLOGP_BGRFC_0340002962,00505684390C1FE097B4C384FD4B2832
CMM_MTM_PUR,083,CMM_VLOGP_BGRFC_0340002963,00505684390C1FE097B4C3550DAFC832
CMM_MTM_PUR,083,CMM_VLOGP_BGRFC_0340002971,00505684390C1FE097B4B0709774E832
CMM_MTM_PUR,083,CMM_VLOGP_BGRFC_0340002991,00505684390C1FE097B5529C636A8832
CMM_MTM_PUR,083,CMM_VLOGP_BGRFC_0340003018,00505684390C1FE097B566A4C2610832
CMM_MTM_PUR,083,CMM_VLOGP_BGRFC_0340003023,00505684390C1FE097B567883DD68832
CMM_MTM_PUR,083,CMM_VLOGP_BGRFC_0340003025,00505684390C1FE097B56893CD37A832
CMM_MTM_PUR,083,CMM_VLOGP_BGRFC_0340003034,00505684390C1FE097B563108CCF0832
CMM_MTM_PUR,083,CMM_VLOGP_BGRFC_0340003051,00505684390C1FE0A6BF698340AF4852
CMM_MTM_PUR,083,CMM_VLOGP_BGRFC_0340003052,00505684390C1FE0A6BF69BA706B6852
CMM_MTM_PUR,083,CMM_VLOGP_BGRFC_0340003072,00505684390C1FE0A6BEF468B1AFC852
CMM_MTM_PUR,083,CMM_VLOGP_BGRFC_0340003075,00505684390C1FE0A6BEF61B29524852
CMM_MTM_PUR,083,CMM_VLOGP_BGRFC_0340003076,00505684390C1FE0A6BEF666BC526852
CMM_MTM_PUR,083,CMM_VLOGP_BGRFC_0340003083,00505684390C1FE0A6BEFB07B904C852
CMM_MTM_PUR,083,CMM_VLOGP_BGRFC_0340003088,00505684390C1FE0A6BF6CE0DBFE2852
CMM_MTM_PUR,083,CMM_VLOGP_BGRFC_0340003098,00505684390C1FE0A6BEFF00C8230852
CMM_MTM_PUR,083,CMM_VLOGP_BGRFC_0340003099,00505684390C1FE0A6BF001965BE6852
CMM_MTM_PUR,083,CMM_VLOGP_BGRFC_0340003103,00505684390C1FE0A6BF0240DD4C0852
CMM_MTM_PUR,083,CMM_VLOGP_BGRFC_0340003115,00505684390C1FE0A6BF75313B608852
CMM_MTM_PUR,083,CMM_VLOGP_BGRFC_0340003116,00505684390C1FE0A6BF75954094E852
CMM_MTM_PUR,083,CMM_VLOGP_BGRFC_0340003120,00505684390C1FE097B57D703A566832
CMM_MTM_PUR,083,CMM_VLOGP_BGRFC_0340003121,00505684390C1FE097B57E4497C4C832
CMM_MTM_PUR,083,CMM_VLOGP_BGRFC_0340003122,00505684390C1FE097B57EEEABFDE832
CMM_MTM_PUR,083,CMM_VLOGP_BGRFC_0340003128,00505684390C1FE0A6BF07B5D8174852
CMM_MTM_PUR,083,CMM_VLOGP_BGRFC_0340003130,00505684390C1FE0A6BF08A9CC772852
CMM_MTM_PUR,083,CMM_VLOGP_BGRFC_0340003137,00505684390C1FE0A6BF7E7EB6D9A852
CMM_MTM_PUR,083,CMM_VLOGP_BGRFC_0340003139,00505684390C1FE0A6BF7EFFB5310852
CMM_MTM_PUR,083,CMM_VLOGP_BGRFC_0340003140,00505684390C1FE0A6BF7F4AD5388852
CMM_MTM_PUR,083,CMM_VLOGP_BGRFC_0340003142,00505684390C1FE0A6BF7FAED860A852
CMM_MTM_PUR,083,CMM_VLOGP_BGRFC_0340003145,00505684390C1FE0A6BF0B5BEC36E852
CMM_MTM_PUR,083,CMM_VLOGP_BGRFC_0340003147,00505684390C1FE0A6BF8037B1E30852
CMM_MTM_PUR,083,CMM_VLOGP_BGRFC_0340003153,00505684390C1FE0A6BF0D0CB6DDE852
CMM_MTM_PUR,083,CMM_VLOGP_BGRFC_0340003155,00505684390C1FE0A6BF80EB9ABD6852
CMM_MTM_PUR,083,CMM_VLOGP_BGRFC_0340003161,00505684390C1FE0A6BF100784C50852
CMM_MTM_PUR,083,CMM_VLOGP_BGRFC_0340003167,00505684390C1FE097B595AD79934832
CMM_MTM_PUR,083,CMM_VLOGP_BGRFC_0340003168,00505684390C1FE0A6BF16E2DC9AC852
CMM_MTM_PUR,083,CMM_VLOGP_BGRFC_0340003171,00505684390C1FE097B54D61F9A50832
CMM_MTM_PUR,083,CMM_VLOGP_BGRFC_0340003172,00505684390C1FE097B596637A350832
CMM_MTM_PUR,083,CMM_VLOGP_BGRFC_0340003176,00505684390C1FE097B561E072BC0832
CMM_MTM_PUR,083,CMM_VLOGP_BGRFC_0340003177,00505684390C1FE097B59FB7AD62A832
CMM_MTM_PUR,083,CMM_VLOGP_BGRFC_0340003178,00505684390C1FE097B5A29F196CE832
CMM_MTM_PUR,083,CMM_VLOGP_BGRFC_0340003179,00505684390C1FE0A6BF857989CEE852
CMM_MTM_PUR,083,CMM_VLOGP_BGRFC_0340003189,00505684390C1FE097B56408183C0832
CMM_MTM_PUR,083,CMM_VLOGP_BGRFC_0340003197,00505684390C1FE097B5A78B4487E832
CMM_MTM_PUR,083,CMM_VLOGP_BGRFC_0340003198,00505684390C1FE097B5AA242F88E832
CMM_MTM_PUR,083,CMM_VLOGP_BGRFC_0340003200,00505684390C1FE0A6BF8C9FC7E4A852
CMM_MTM_PUR,083,CMM_VLOGP_BGRFC_0340003203,00505684390C1FE097B5AD1F498C6832
CMM_MTM_PUR,083,CMM_VLOGP_BGRFC_0340003204,00505684390C1FE097B5AFB93CB66832
CMM_MTM_PUR,083,CMM_VLOGP_BGRFC_0340003206,00505684390C1FE097B5B21E4BDCE832
CMM_MTM_PUR,083,CMM_VLOGP_BGRFC_0340003208,00505684390C1FE097B5B4D888042832
CMM_MTM_PUR,083,CMM_VLOGP_BGRFC_0340003209,00505684390C1FE097B5B76BF3036832
CMM_MTM_PUR,083,CMM_VLOGP_BGRFC_0340003210,00505684390C1FE0A6BF1882E1952852
CMM_MTM_PUR,083,CMM_VLOGP_BGRFC_0340003211,00505684390C1FE097B5BB2151642832
CMM_MTM_PUR,083,CMM_VLOGP_BGRFC_0340003212,00505684390C1FE097B5BBA7AD536832
CMM_MTM_PUR,083,CMM_VLOGP_BGRFC_0340003221,00505684390C1FE097B5BFAF45436832
CMM_MTM_PUR,083,CMM_VLOGP_BGRFC_0340003229,00505684390C1FE0A6BF1B178BCB0852
CMM_MTM_PUR,083,CMM_VLOGP_BGRFC_0340003236,00505684390C1FE0A6BF1B8D1E8FE852
CMM_MTM_PUR,083,CMM_VLOGP_BGRFC_0340003239,00505684390C1FE0A6BF1C26DFFC6852
CMM_MTM_PUR,083,CMM_VLOGP_BGRFC_0340003241,00505684390C1FE0A6BF1C651C4CE852
CMM_MTM_PUR,083,CMM_VLOGP_BGRFC_0340003242,00505684390C1FE0A6BF1CCABA7E2852
CMM_MTM_PUR,083,CMM_VLOGP_BGRFC_0340003248,00505684390C1FE097B5C910CF01A832
CMM_MTM_PUR,083,CMM_VLOGP_BGRFC_0340003268,00505684390C1FE092F38F9C8C7DC832
CMM_MTM_PUR,083,CMM_VLOGP_BGRFC_0340003278,00505684390C1FE0A6C0D0F4306F2852
CMM_MTM_PUR,083,CMM_VLOGP_BGRFC_0340003282,00505684390C1FE0A6C001927AB92852
CMM_MTM_PUR,083,CMM_VLOGP_BGRFC_0340003284,00505684390C1FE097B5739D724DC832
CMM_MTM_PUR,083,CMM_VLOGP_BGRFC_0340003286,00505684390C1FE094E7606BBBDF2832
CMM_MTM_PUR,083,CMM_VLOGP_BGRFC_0340003291,00505684390C1FE094F92D814C348832
CMM_MTM_PUR,083,CMM_VLOGP_BGRFC_0340003296,00505684390C1FE095C48CDEBD80A832
CMM_MTM_PUR,083,CMM_VLOGP_BGRFC_0340003307,00505684390C1FE0A6BF936111D9A852
CMM_MTM_PUR,083,CMM_VLOGP_BGRFC_0340003311,00505684390C1FE097B579DDFB624832
CMM_MTM_PUR,083,CMM_VLOGP_BGRFC_0340003314,00505684390C1FE0A6BF2365A5E3E852
CMM_MTM_PUR,083,CMM_VLOGP_BGRFC_0340003324,00505684390C1FE0A6BF94725A706852
CMM_MTM_PUR,083,CMM_VLOGP_BGRFC_0340003325,00505684390C1FE0A6BF238CE1140852
CMM_MTM_PUR,083,CMM_VLOGP_BGRFC_0340003326,00505684390C1FE0A6BF240019DC8852
CMM_MTM_PUR,083,CMM_VLOGP_BGRFC_0340003328,00505684390C1FE0A6C0D730FE4EC852
CMM_MTM_PUR,083,CMM_VLOGP_BGRFC_0340003329,00505684390C1FE09AA3D6372F5B8832
CMM_MTM_PUR,083,CMM_VLOGP_BGRFC_0340003331,00505684390C1FE098F6BC7F44C8C832
CMM_MTM_PUR,083,CMM_VLOGP_BGRFC_0340003332,00505684390C1FE09BC15D44207FC832
CMM_MTM_PUR,083,CMM_VLOGP_BGRFC_0340003334,00505684390C1FE0A7EC0FED19208856
CMM_MTM_PUR,083,CMM_VLOGP_BGRFC_0340003339,00505684390C1FE0A6BF9504BAF88852
CMM_MTM_PUR,083,CMM_VLOGP_BGRFC_0340003342,00505684390C1FE0A6BF95B14AD22852
CMM_MTM_PUR,083,CMM_VLOGP_BGRFC_0340003346,00505684390C1FE09A929D1DB3892832
CMM_MTM_PUR,083,CMM_VLOGP_BGRFC_0340003349,00505684390C1FE099E28A0525238832
CMM_MTM_PUR,083,CMM_VLOGP_BGRFC_0340003356,00505684390C1FE09A97A83938800832
CMM_MTM_PUR,083,CMM_VLOGP_BGRFC_0340003359,00505684390C1FE0A6C0DEF9B04C2852
CMM_MTM_PUR,083,CMM_VLOGP_BGRFC_0340003368,00505684390C1FE0A6BF9930E5E2A852
CMM_MTM_PUR,083,CMM_VLOGP_BGRFC_0340003376,00505684390C1FE09BC462039C9C4832
CMM_MTM_PUR,083,CMM_VLOGP_BGRFC_0340003378,00505684390C1FE09BC6825B4A716832
CMM_MTM_PUR,083,CMM_VLOGP_BGRFC_0340003382,00505684390C1FE0A6BF9ED91D1E0852
CMM_MTM_PUR,083,CMM_VLOGP_BGRFC_0340003386,00505684390C1FE09CB6DC7781BC6832
CMM_MTM_PUR,083,CMM_VLOGP_BGRFC_0340003387,00505684390C1FE0A6BF271FBA998852
CMM_MTM_PUR,083,CMM_VLOGP_BGRFC_0340003388,00505684390C1FE0A6BFA0E3A72C2852
CMM_MTM_PUR,083,CMM_VLOGP_BGRFC_0340003390,00505684390C1FE0A6BF27D6FE396852
CMM_MTM_PUR,083,CMM_VLOGP_BGRFC_0340003400,00505684390C1FE0A7EC10F82C93C856
CMM_MTM_PUR,083,CMM_VLOGP_BGRFC_0340003401,00505684390C1FE09DD0760C48146834
CMM_MTM_PUR,083,CMM_VLOGP_BGRFC_0340003406,00505684390C1FE0A7EC1199C652C856
CMM_MTM_PUR,083,CMM_VLOGP_BGRFC_0340003411,00505684390C1FE09F82DAFC1837883A
CMM_MTM_PUR,083,CMM_VLOGP_BGRFC_0340003413,00505684390C1FE09EB533E546B14834
CMM_MTM_PUR,083,CMM_VLOGP_BGRFC_0340003414,00505684390C1FE09F856C30D3A2E844
CMM_MTM_PUR,083,CMM_VLOGP_BGRFC_0340003416,00505684390C1FE0A6BF2B77D86A0852
CMM_MTM_PUR,083,CMM_VLOGP_BGRFC_0340003420,00505684390C1FE0A7EC1229F85C8856
CMM_MTM_PUR,083,CMM_VLOGP_BGRFC_0340003421,00505684390C1FE0A1C5CEE4FF776849
CMM_MTM_PUR,083,CMM_VLOGP_BGRFC_0340003422,00505684390C1FE0A7EC12C2F2B48856
CMM_MTM_PUR,083,CMM_VLOGP_BGRFC_0340003423,00505684390C1FE0A1C52789434A8849
CMM_MTM_PUR,083,CMM_VLOGP_BGRFC_0340003424,00505684390C1FE0A7EC1346C797A856
CMM_MTM_PUR,083,CMM_VLOGP_BGRFC_0340003430,00505684390C1FE09FA51E8ECB156846
CMM_MTM_PUR,083,CMM_VLOGP_BGRFC_0340003435,00505684390C1FE0A7EC13DBCF728856
CMM_MTM_PUR,083,CMM_VLOGP_BGRFC_0340003440,00505684390C1FE0A2FCF6C8F7BF4849
CMM_MTM_PUR,083,CMM_VLOGP_BGRFC_0340003441,00505684390C1FE09FD1DFFD4EB44849
CMM_MTM_PUR,083,CMM_VLOGP_BGRFC_0340003447,00505684390C1FE09FE9CD90E030E849
CMM_MTM_PUR,083,CMM_VLOGP_BGRFC_0340003450,00505684390C1FE0A6BF31546B2D4852
CMM_MTM_PUR,083,CMM_VLOGP_BGRFC_0340003451,00505684390C1FE0A6BFA99C2EDC0852
CMM_MTM_PUR,083,CMM_VLOGP_BGRFC_0340003454,00505684390C1FE0A6BF328CC7A04852
CMM_MTM_PUR,083,CMM_VLOGP_BGRFC_0340003462,00505684390C1FE0A6BFAD7BE9798852
CMM_MTM_PUR,083,CMM_VLOGP_BGRFC_0340003469,00505684390C1FE0A1E1978352804849
CMM_MTM_PUR,083,CMM_VLOGP_BGRFC_0340003470,00505684390C1FE0A5DEC82FA421C851
CMM_MTM_PUR,083,CMM_VLOGP_BGRFC_0340003471,00505684390C1FE0A1C459CEDAC5E849
CMM_MTM_PUR,083,CMM_VLOGP_BGRFC_0340003472,00505684390C1FE0A1C55E6F4FB7A849
CMM_MTM_PUR,083,CMM_VLOGP_BGRFC_0340003476,00505684390C1FE0A1E398D55E7F6849
CMM_MTM_PUR,083,CMM_VLOGP_BGRFC_0340003478,00505684390C1FE0A6CB03F80AE90853
CMM_MTM_PUR,083,CMM_VLOGP_BGRFC_0340003479,00505684390C1FE0A6CB043692FBA853
CMM_MTM_PUR,083,CMM_VLOGP_BGRFC_0340003480,00505684390C1FE0A6CB047DAD568853
CMM_MTM_PUR,083,CMM_VLOGP_BGRFC_0340003482,00505684390C1FE0A7EC02B717554856
CMM_MTM_PUR,083,CMM_VLOGP_BGRFC_0340003483,00505684390C1FE186BF83D3506D688F
CMM_MTM_PUR,083,CMM_VLOGP_BGRFC_0340003484,00505684390C1FE0A2FD20BADDDD2849
CMM_MTM_PUR,083,CMM_VLOGP_BGRFC_0340003488,00505684390C1FE0A3997159FBF52849
CMM_MTM_PUR,083,CMM_VLOGP_BGRFC_0340003489,00505684390C1FE0A3B025730AC12849
CMM_MTM_PUR,083,CMM_VLOGP_BGRFC_0340003490,00505684390C1FE0A3B0966639CA8849
CMM_MTM_PUR,083,CMM_VLOGP_BGRFC_0340003491,00505684390C1FE0A3B0A426415F0849
CMM_MTM_PUR,083,CMM_VLOGP_BGRFC_0340003501,00505684390C1FE0A4C2BE8B20AE0851
CMM_MTM_PUR,083,CMM_VLOGP_BGRFC_0340003505,00505684390C1FE0A6BF33DC69422852
CMM_MTM_PUR,083,CMM_VLOGP_BGRFC_0340003518,00505684390C1FE0A5DEE5055A1D8851
CMM_MTM_PUR,083,CMM_VLOGP_BGRFC_0340003519,00505684390C1FE0A5F237A7E44FC851
CMM_MTM_PUR,083,CMM_VLOGP_BGRFC_0340003524,00505684390C1FE0A6C739EAD8BE6853
CMM_MTM_PUR,083,CMM_VLOGP_BGRFC_0340003538,00505684390C1FE0A890278758426856
CMM_MTM_PUR,083,CMM_VLOGP_BGRFC_0340003554,00505684390C1FE0AAC0A501422A6865
CMM_MTM_PUR,083,CMM_VLOGP_BGRFC_0340003557,00505684390C1FE0ABB63C8BC2BBC865
CMM_MTM_PUR,083,CMM_VLOGP_BGRFC_0340003562,00505684390C1FE0AC81639199F3C865
CMM_MTM_PUR,083,CMM_VLOGP_BGRFC_0340003569,00505684390C1FE186BF6DB5A468288F
CMM_MTM_PUR,083,CMM_VLOGP_BGRFC_0340003571,00505684390C1FE186BF6E3E1847088F
CMM_MTM_PUR,083,CMM_VLOGP_BGRFC_0340003572,00505684390C1FE0AD87BD38E186E865
CMM_MTM_PUR,083,CMM_VLOGP_BGRFC_0340003573,00505684390C1FE0ACE4138120EFE865
CMM_MTM_PUR,083,CMM_VLOGP_BGRFC_0340003574,00505684390C1FE0ACE45B3C7EB6A865
CMM_MTM_PUR,083,CMM_VLOGP_BGRFC_0340003583,00505684390C1FE0AEAE2897C11A4876
CMM_MTM_PUR,083,CMM_VLOGP_BGRFC_0340003584,00505684390C1FE0AEAE6798494B6876
CMM_MTM_PUR,083,CMM_VLOGP_BGRFC_0340003585,00505684390C1FE0AEAE7CC0C7794876
CMM_MTM_PUR,083,CMM_VLOGP_BGRFC_0340003586,00505684390C1FE0AEAED1952BB98876
CMM_MTM_PUR,083,CMM_VLOGP_BGRFC_0340003587,00505684390C1FE0AEAF23468F984876
CMM_MTM_PUR,083,CMM_VLOGP_BGRFC_0340003588,00505684390C1FE0AEAF3A2669586876
CMM_MTM_PUR,083,CMM_VLOGP_BGRFC_0340003593,00505684390C1FE0AEDC3400A8C32879
CMM_MTM_PUR,083,CMM_VLOGP_BGRFC_0340003595,00505684390C1FE0B08CB00265EA4879
CMM_MTM_PUR,083,CMM_VLOGP_BGRFC_0340003599,00505684390C1FE0AF98AEE551814879
CMM_MTM_PUR,083,CMM_VLOGP_BGRFC_0340003600,00505684390C1FE0AF98E7BDC2FBC879
CMM_MTM_PUR,083,CMM_VLOGP_BGRFC_0340003609,00505684390C1FE0B08CAE95646BC879
CMM_MTM_PUR,083,CMM_VLOGP_BGRFC_0340003619,00505684390C1FE0B1A9DE270318A87A
CMM_MTM_PUR,083,CMM_VLOGP_BGRFC_0340003621,00505684390C1FE186BF6CB9B13CC88F
CMM_MTM_PUR,083,CMM_VLOGP_BGRFC_0340003622,00505684390C1FE186BF6D084D2AA88F
CMM_MTM_PUR,083,CMM_VLOGP_BGRFC_0340003623,00505684390C1FE0B8C5BF0F279D887E
CMM_MTM_PUR,083,CMM_VLOGP_BGRFC_0340003628,00505684390C1FE0B29FE8602799C87A
CMM_MTM_PUR,083,CMM_VLOGP_BGRFC_0340003630,00505684390C1FE186BF6D40400CC88F
CMM_MTM_PUR,083,CMM_VLOGP_BGRFC_0340003631,00505684390C1FE186BF6DAF9D3DE88F
CMM_MTM_PUR,083,CMM_VLOGP_BGRFC_0340003633,00505684390C1FE0B4AB0C0E8BFCE87B
CMM_MTM_PUR,083,CMM_VLOGP_BGRFC_0340003636,00505684390C1FE186BF703E1967E88F
CMM_MTM_PUR,083,CMM_VLOGP_BGRFC_0340003640,00505684390C1FE0B3DDFD4C1C3D687A
CMM_MTM_PUR,083,CMM_VLOGP_BGRFC_0340003641,00505684390C1FE0B3E4DDA5C095A87A
CMM_MTM_PUR,083,CMM_VLOGP_BGRFC_0340003642,00505684390C1FE186BF6DEA5C4CA88F
CMM_MTM_PUR,083,CMM_VLOGP_BGRFC_0340003644,00505684390C1FE0B49D92B6488D887B
CMM_MTM_PUR,083,CMM_VLOGP_BGRFC_0340003645,00505684390C1FE0B4868D598C31487B
CMM_MTM_PUR,083,CMM_VLOGP_BGRFC_0340003659,00505684390C1FE0B4B6DE0457FD687B
CMM_MTM_PUR,083,CMM_VLOGP_BGRFC_0340003661,00505684390C1FE0B4CA6E13BE17687B
CMM_MTM_PUR,083,CMM_VLOGP_BGRFC_0340003669,00505684390C1FE0B5A0344D4DC6C87B
CMM_MTM_PUR,083,CMM_VLOGP_BGRFC_0340003670,00505684390C1FE0B5B65B015709A87B
CMM_MTM_PUR,083,CMM_VLOGP_BGRFC_0340003673,00505684390C1FE0B5B85DFD475DA87B
CMM_MTM_PUR,083,CMM_VLOGP_BGRFC_0340003674,00505684390C1FE0B5B883F78979A87B
CMM_MTM_PUR,083,CMM_VLOGP_BGRFC_0340003675,00505684390C1FE0B5BBE56E6414A87B
CMM_MTM_PUR,083,CMM_VLOGP_BGRFC_0340003676,00505684390C1FE0B5BF510E03FBA87B
CMM_MTM_PUR,083,CMM_VLOGP_BGRFC_0340003677,00505684390C1FE0B5BFA2F64219A87B
CMM_MTM_PUR,083,CMM_VLOGP_BGRFC_0340003678,00505684390C1FE0B5C8FC2625CBE87B
CMM_MTM_PUR,083,CMM_VLOGP_BGRFC_0340003681,00505684390C1FE0B5E9C0766A70E87B
CMM_MTM_PUR,083,CMM_VLOGP_BGRFC_0340003692,00505684390C1FE0B6DA2887162E087B
CMM_MTM_PUR,083,CMM_VLOGP_BGRFC_0340003704,00505684390C1FE186BF6E5E8D9A488F
CMM_MTM_PUR,083,CMM_VLOGP_BGRFC_0340003705,00505684390C1FE0BAC672884E866880
CMM_MTM_PUR,083,CMM_VLOGP_BGRFC_0340003706,00505684390C1FE0B8B169122F67287C
CMM_MTM_PUR,083,CMM_VLOGP_BGRFC_0340003707,00505684390C1FE0B8B18DC8C198687C
CMM_MTM_PUR,083,CMM_VLOGP_BGRFC_0340003708,00505684390C1FE186BF6F410482688F
CMM_MTM_PUR,083,CMM_VLOGP_BGRFC_0340003716,00505684390C1FE0BAE8490DCC876880
CMM_MTM_PUR,083,CMM_VLOGP_BGRFC_0340003719,00505684390C1FE0BAFB321D08664880
CMM_MTM_PUR,083,CMM_VLOGP_BGRFC_0340003736,00505684390C1FE0BC9118A7FC6D6881
CMM_MTM_PUR,083,CMM_VLOGP_BGRFC_0340003738,00505684390C1FE0BCBFD829E3AF2886
CMM_MTM_PUR,083,CMM_VLOGP_BGRFC_0340003745,00505684390C1FE0BEF4D26D55154887
CMM_MTM_PUR,083,CMM_VLOGP_BGRFC_0340003746,00505684390C1FE0BEF5214EF09CA887
CMM_MTM_PUR,083,CMM_VLOGP_BGRFC_0340003749,00505684390C1FE0BFACCE93223A0888
CMM_MTM_PUR,083,CMM_VLOGP_BGRFC_0340003759,00505684390C1FE180E259CC4D884889
CMM_MTM_PUR,083,CMM_VLOGP_BGRFC_0340003760,00505684390C1FE181CE910F6B64E889
CMM_MTM_PUR,083,CMM_VLOGP_BGRFC_0340003790,00505684390C1FE183C4FD344EC5C889
CMM_MTM_PUR,083,CMM_VLOGP_BGRFC_0340003791,00505684390C1FE183C518B17633A889
CMM_MTM_PUR,083,CMM_VLOGP_BGRFC_0340003816,00505684390C1FE185852A7F8A70288D
CMM_MTM_PUR,083,CMM_VLOGP_BGRFC_0340003846,00505684390C1FE188EE9B6581722891
CMM_MTM_PUR,083,CMM_VLOGP_BGRFC_0340003849,00505684390C1FE18A8B60812AA30891
CMM_MTM_PUR,083,CMM_VLOGP_BGRFC_0340003850,00505684390C1FE18A8B6EF7F617E891
CMM_MTM_PUR,083,CMM_VLOGP_BGRFC_0340003851,00505684390C1FE18A8B85758D60A891
CMM_MTM_PUR,083,CMM_VLOGP_BGRFC_0340003852,00505684390C1FE18A8C21CA68F84891
CMM_MTM_PUR,083,CMM_VLOGP_BGRFC_0340003857,00505684390C1FE18B9B1BCE87096894
CMM_MTM_PUR,083,CMM_VLOGP_BGRFC_0340003863,00505684390C1FE18BCC06BD68DEC894
CMM_MTM_PUR,083,CMM_VLOGP_BGRFC_0340003864,00505684390C1FE18BCC0C85F60D2894
CMM_MTM_PUR,083,CMM_VLOGP_BGRFC_0340003866,00505684390C1FE18BE5343B0F5FC895
CMM_MTM_PUR,083,CMM_VLOGP_BGRFC_0340003880,00505684390C1FE18EDB8C50B45A6896
CMM_MTM_PUR,083,CMM_VLOGP_BGRFC_0340003884,00505684390C1FE18FDB0FC1579FA896
CMM_MTM_PUR,083,CMM_VLOGP_BGRFC_0340003885,00505684390C1FE18FDBEC5183536896
CMM_MTM_PUR,083,CMM_VLOGP_BGRFC_0340003886,00505684390C1FE18FE61142A1718896
CMM_MTM_PUR,083,CMM_VLOGP_BGRFC_0340003892,00505684390C1FE18FF5CCBAAA022896
CMM_MTM_PUR,083,CMM_VLOGP_BGRFC_0340003897,00505684390C1FE190F5E14CB0186896
CMM_MTM_PUR,083,CMM_VLOGP_BGRFC_0340003899,00505684390C1FE190FC7EB6DC8D2896
CMM_MTM_PUR,083,CMM_VLOGP_BGRFC_0340003903,00505684390C1FE19195A107CBD30899
CMM_MTM_PUR,083,CMM_VLOGP_BGRFC_0340003907,00505684390C1FE191DC90E4BC42E899
CMM_MTM_PUR,083,CMM_VLOGP_BGRFC_0340003908,00505684390C1FE191DC9FF9B5ACE899
CMM_MTM_PUR,083,CMM_VLOGP_BGRFC_0340003909,00505684390C1FE191DCD9DA78712899
CMM_MTM_PUR,083,CMM_VLOGP_BGRFC_0340003919,00505684390C1FE192A58E163F588899
CMM_MTM_PUR,083,CMM_VLOGP_BGRFC_0340003920,00505684390C1FE192A6A8AED0E6C899
CMM_MTM_PUR,083,CMM_VLOGP_BGRFC_0340003925,00505684390C1FE192C1E0A901646899
CMM_MTM_PUR,083,CMM_VLOGP_BGRFC_0340003931,00505684390C1FE193AC52A5A3A02899
CMM_MTM_PUR,083,CMM_VLOGP_BGRFC_0340003934,00505684390C1FE193BAA76E24BE8899
CMM_MTM_PUR,083,CMM_VLOGP_BGRFC_0340003939,00505684390C1FE193EBCC4907952899
CMM_MTM_PUR,083,CMM_VLOGP_BGRFC_0340003940,00505684390C1FE193F0E46594E70899
CMM_MTM_PUR,083,CMM_VLOGP_BGRFC_0340003941,00505684390C1FE194851FE1E3E16899
CMM_MTM_PUR,083,CMM_VLOGP_BGRFC_0340003947,00505684390C1FE194EC59FF2BDCA899
CMM_MTM_PUR,083,CMM_VLOGP_BGRFC_0340003950,00505684390C1FE195C9DFA9EF1A289A
CMM_MTM_PUR,083,CMM_VLOGP_BGRFC_0350000682,00505684390C1FE09F916026AD6FA846
CMM_MTM_PUR,083,CMM_VLOGP_BGRFC_0350000729,00505684390C1FE09F916771FE816846
CMM_MTM_PUR,083,CMM_VLOGP_BGRFC_0350000730,00505684390C1FE09F916D9B9D216846
CMM_MTM_PUR,083,CMM_VLOGP_BGRFC_0350000733,00505684390C1FE09F9170D71D90A846
CMM_MTM_PUR,083,CMM_VLOGP_BGRFC_0350000734,00505684390C1FE09F9173C978752846
CMM_MTM_PUR,083,CMM_VLOGP_BGRFC_0350000735,00505684390C1FE09F9176BC25D86846
CMM_MTM_PUR,083,CMM_VLOGP_BGRFC_0350000738,00505684390C1FE09F9179C31E586846
CMM_MTM_PUR,083,CMM_VLOGP_BGRFC_0350000741,00505684390C1FE0A6CB129D077EC853
CMM_MTM_PUR,083,CMM_VLOGP_BGRFC_0350000742,00505684390C1FE09BC4ED07A2FBA832
CMM_MTM_PUR,083,CMM_VLOGP_BGRFC_0350000744,00505684390C1FE0B1BF68C13402487A
CMM_MTM_PUR,083,CMM_VLOGP_BGRFC_0350000745,00505684390C1FE0B2BABAB9E8D1487A
CMM_MTM_PUR,083,CMM_VLOGP_BGRFC_0350000746,00505684390C1FE0B2ECA0D19CDD487A
CMM_MTM_PUR,083,CMM_VLOGP_BGRFC_0350000747,00505684390C1FE186BF852923DB688F
CMM_MTM_PUR,083,CMM_VLOGP_BGRFC_0350000748,00505684390C1FE0B4A25D627A5CC87B
CMM_MTM_PUR,083,CMM_VLOGP_BGRFC_0350000749,00505684390C1FE0B4A48968B7BBC87B
CMM_MTM_PUR,083,CMM_VLOGP_BGRFC_0350000755,00505684390C1FE0B7FFFE69FDDEA87B
CMM_MTM_PUR,083,CMM_VLOGP_BGRFC_0350000756,00505684390C1FE0BB90A92453222881
CMM_MTM_PUR,083,CMM_VLOGP_BGRFC_0350000757,00505684390C1FE0BCAD4B0A34506885
CMM_MTM_PUR,083,CMM_VLOGP_BGRFC_0350000759,00505684390C1FE0BDD8C96188C8A887
CMM_MTM_PUR,083,CMM_VLOGP_BGRFC_0350000760,00505684390C1FE0BDDC8530CC4BA887
CMM_MTM_PUR,083,CMM_VLOGP_BGRFC_0350000761,00505684390C1FE0BDF680349E35C887
CMM_MTM_PUR,083,CMM_VLOGP_BGRFC_0350000762,00505684390C1FE180A69FF111D68889
CMM_MTM_PUR,083,CMM_VLOGP_BGRFC_0350000763,00505684390C1FE180B6E15FD25A8889
CMM_MTM_PUR,083,CMM_VLOGP_BGRFC_0350000764,00505684390C1FE180D8D0F007B24889
CMM_MTM_PUR,083,CMM_VLOGP_BGRFC_0350000766,00505684390C1FE181BEBC9825738889
CMM_MTM_PUR,083,CMM_VLOGP_BGRFC_0350000767,00505684390C1FE186BF9865E0A1688F
CMM_MTM_PUR,083,CMM_VLOGP_BGRFC_0350000768,00505684390C1FE181EFCB2E3F158889
CMM_MTM_PUR,083,CMM_VLOGP_BGRFC_0350000769,00505684390C1FE190DD652059D76896
CMM_MTM_PUR,083,CMM_VLOGP_BGRFC_0350000770,00505684390C1FE190F24E45646C2896
CMM_MTM_PUR,083,CMM_VLOGP_BGRFC_0360002195,00505684390C1FE0A893558CA9FC4856
CMM_MTM_PUR,083,CMM_VLOGP_BGRFC_0370000180,00505684390C1FE186BF840F09A1E88F
CMM_MTM_PUR,083,CMM_VLOGP_BGRFC_0370000189,00505684390C1FE186BF8421C0DB888F
CMM_MTM_PUR,083,CMM_VLOGP_BGRFC_0370000190,00505684390C1FE186BF8457A760288F
CMM_MTM_PUR,083,CMM_VLOGP_BGRFC_0370000191,00505684390C1FE186BF8485AD80A88F
CMM_MTM_PUR,083,CMM_VLOGP_BGRFC_0370000205,00505684390C1FE193DBAE0E80DE8899
CMM_MTM_PUR,083,CMM_VLOGP_BGRFC_0470000000,00505684390C1FE092EB01BB8D8F4832
CMM_MTM_PUR,083,CMM_VLOGP_BGRFC_0470000001,00505684390C1FE092EB01BB8D912832
CMM_MTM_PUR,083,CMM_VLOGP_BGRFC_0470000002,00505684390C1FE092EB01E3FF9F4832
CMM_MTM_PUR,083,CMM_VLOGP_BGRFC_0470000003,00505684390C1FE092EB01E3FFA12832
CMM_MTM_PUR,083,CMM_VLOGP_BGRFC_0470000004,00505684390C1FE092EB02079EC48832
CMM_MTM_PUR,083,CMM_VLOGP_BGRFC_0470000006,00505684390C1FE092EB020886082832
CMM_MTM_PUR,083,CMM_VLOGP_BGRFC_0470000007,00505684390C1FE092EB022E9E534832
CMM_MTM_PUR,083,CMM_VLOGP_BGRFC_0470000008,00505684390C1FE092EB022E9E552832
CMM_MTM_PUR,083,CMM_VLOGP_BGRFC_0470000009,00505684390C1FE092EB02613B8C8832
CMM_MTM_PUR,083,CMM_VLOGP_BGRFC_0470000010,00505684390C1FE092EB02613B8E6832
CMM_MTM_PUR,083,CMM_VLOGP_BGRFC_0470000011,00505684390C1FE092EB027EA5FC8832
CMM_MTM_PUR,083,CMM_VLOGP_BGRFC_0470000012,00505684390C1FE092EB027EA5FE6832
CMM_MTM_PUR,083,CMM_VLOGP_BGRFC_0470000013,00505684390C1FE092EB02A072B44832
CMM_MTM_PUR,083,CMM_VLOGP_BGRFC_0470000014,00505684390C1FE092EB02C81F738832
CMM_MTM_PUR,083,CMM_VLOGP_BGRFC_0470000016,00505684390C1FE092EB03012F4C6832
CMM_MTM_PUR,083,CMM_VLOGP_BGRFC_0470000017,00505684390C1FE092EB03260DB74832
CMM_MTM_PUR,083,CMM_VLOGP_BGRFC_0470000018,00505684390C1FE092EB03260DB92832
CMM_MTM_PUR,083,CMM_VLOGP_BGRFC_0470000019,00505684390C1FE092EB035070A38832
CMM_MTM_PUR,083,CMM_VLOGP_BGRFC_0470000020,00505684390C1FE092EB035070A56832
CMM_MTM_PUR,083,CMM_VLOGP_BGRFC_0470000031,00505684390C1FE092EB04A924598832
CMM_MTM_PUR,083,CMM_VLOGP_BGRFC_0470000032,00505684390C1FE092EB047194ED6832
CMM_MTM_PUR,083,CMM_VLOGP_BGRFC_0470000033,00505684390C1FE092EB04923E71E832
CMM_MTM_PUR,083,CMM_VLOGP_BGRFC_0470000034,00505684390C1FE092EB04923E73C832
CMM_MTM_PUR,083,CMM_VLOGP_BGRFC_0470000035,00505684390C1FE092EB04B7484DC832
CMM_MTM_PUR,083,CMM_VLOGP_BGRFC_0470000040,00505684390C1FE092EB0534AC2A0832
CMM_MTM_PUR,083,CMM_VLOGP_BGRFC_0470000041,00505684390C1FE092EB0534AC2BE832
CMM_MTM_PUR,083,CMM_VLOGP_BGRFC_0470000042,00505684390C1FE092EB054EC59A4832
CMM_MTM_PUR,083,CMM_VLOGP_BGRFC_0470000043,00505684390C1FE092EB054EC59C2832
CMM_MTM_PUR,083,CMM_VLOGP_BGRFC_0470000044,00505684390C1FE092EB05807D238832
CMM_MTM_PUR,083,CMM_VLOGP_BGRFC_0470000045,00505684390C1FE092EB05807D256832
CMM_MTM_PUR,083,CMM_VLOGP_BGRFC_0470000046,00505684390C1FE092EB05A4199A8832
CMM_MTM_PUR,083,CMM_VLOGP_BGRFC_0470000047,00505684390C1FE092EB05A4199C6832
CMM_MTM_PUR,083,CMM_VLOGP_BGRFC_0470000067,00505684390C1FE092EB084848EDE832
CMM_MTM_PUR,083,CMM_VLOGP_BGRFC_0470000068,00505684390C1FE092EB085CC61A2832
CMM_MTM_PUR,083,CMM_VLOGP_BGRFC_0470000069,00505684390C1FE092EB085CC61C0832
CMM_MTM_PUR,083,CMM_VLOGP_BGRFC_0470000070,00505684390C1FE092EB088F2F954832
CMM_MTM_PUR,083,CMM_VLOGP_BGRFC_0470000072,00505684390C1FE092EB08D461374832
CMM_MTM_PUR,083,CMM_VLOGP_BGRFC_0470000073,00505684390C1FE092EB08D461392832
CMM_MTM_PUR,083,CMM_VLOGP_BGRFC_0470000082,00505684390C1FE092EAC08CD6506832
CMM_MTM_PUR,083,CMM_VLOGP_BGRFC_0470000087,00505684390C1FE092EB09BEA0DE0832
CMM_MTM_PUR,083,CMM_VLOGP_BGRFC_0470000090,00505684390C1FE092EB0A4364234832
CMM_MTM_PUR,083,CMM_VLOGP_BGRFC_0470000091,00505684390C1FE092EB0A4364252832
CMM_MTM_PUR,083,CMM_VLOGP_BGRFC_0470000092,00505684390C1FE092EB0A651F504832
CMM_MTM_PUR,083,CMM_VLOGP_BGRFC_0470000093,00505684390C1FE092EB0A651F522832
CMM_MTM_PUR,083,CMM_VLOGP_BGRFC_0470000096,00505684390C1FE092EB0AB97BA12832
CMM_MTM_PUR,083,CMM_VLOGP_BGRFC_0470000098,00505684390C1FE092EB0AFF7A068832
CMM_MTM_PUR,083,CMM_VLOGP_BGRFC_0470000101,00505684390C1FE092EB0B618E076832
CMM_MTM_PUR,083,CMM_VLOGP_BGRFC_0470000114,00505684390C1FE092EB0CD6D0674832
CMM_MTM_PUR,083,CMM_VLOGP_BGRFC_0470000128,00505684390C1FE092EB0E56F28BA832
CMM_MTM_PUR,083,CMM_VLOGP_BGRFC_0470000137,00505684390C1FE092EB0F638E656832
CMM_MTM_PUR,083,CMM_VLOGP_BGRFC_0470000145,00505684390C1FE092EB113D774D2832
CMM_MTM_PUR,083,CMM_VLOGP_BGRFC_0470000149,00505684390C1FE092EB11E53B616832
CMM_MTM_PUR,083,CMM_VLOGP_BGRFC_0470000150,00505684390C1FE092EB11F9286A6832
CMM_MTM_PUR,083,CMM_VLOGP_BGRFC_0470000165,00505684390C1FE092EB13DB930B0832
CMM_MTM_PUR,083,CMM_VLOGP_BGRFC_0470000169,00505684390C1FE092EB14C910B62832
CMM_MTM_PUR,083,CMM_VLOGP_BGRFC_0470000171,00505684390C1FE092EB1522AFD30832
CMM_MTM_PUR,083,CMM_VLOGP_BGRFC_0470000172,00505684390C1FE092EB1522AFD4E832
CMM_MTM_PUR,083,CMM_VLOGP_BGRFC_0470000173,00505684390C1FE092EB154B273E4832
CMM_MTM_PUR,083,CMM_VLOGP_BGRFC_0470000191,00505684390C1FE092EB17DC5E552832
CMM_MTM_PUR,083,CMM_VLOGP_BGRFC_0470000192,00505684390C1FE092EB17DC5E570832
CMM_MTM_PUR,083,CMM_VLOGP_BGRFC_0470000193,00505684390C1FE092EB180B7FBBC832
CMM_MTM_PUR,083,CMM_VLOGP_BGRFC_0470000194,00505684390C1FE092EB180B7FBDA832
CMM_MTM_PUR,083,CMM_VLOGP_BGRFC_0470000195,00505684390C1FE092EB182986224832
CMM_MTM_PUR,083,CMM_VLOGP_BGRFC_0470000200,00505684390C1FE092EB18EA2EB9E832
CMM_MTM_PUR,083,CMM_VLOGP_BGRFC_0470000201,00505684390C1FE092EB191093C60832
CMM_MTM_PUR,083,CMM_VLOGP_BGRFC_0470000203,00505684390C1FE092EB194EB4596832
CMM_MTM_PUR,083,CMM_VLOGP_BGRFC_0470000204,00505684390C1FE092EB1974A43D0832
CMM_MTM_PUR,083,CMM_VLOGP_BGRFC_0470000223,00505684390C1FE092EB1C2EECEF4832
CMM_MTM_PUR,083,CMM_VLOGP_BGRFC_0470000224,00505684390C1FE092EB1C54E8B20832
CMM_MTM_PUR,083,CMM_VLOGP_BGRFC_0470000225,00505684390C1FE092EB1C7B321A4832
CMM_MTM_PUR,083,CMM_VLOGP_BGRFC_0470000226,00505684390C1FE092EB1C7B321C2832
CMM_MTM_PUR,083,CMM_VLOGP_BGRFC_0470000228,00505684390C1FE092EB1CA0CE376832
CMM_MTM_PUR,083,CMM_VLOGP_BGRFC_0470000229,00505684390C1FE092EB1CC942308832
CMM_MTM_PUR,083,CMM_VLOGP_BGRFC_0470000230,00505684390C1FE092EB1CC942326832
CMM_MTM_PUR,083,CMM_VLOGP_BGRFC_0470000231,00505684390C1FE092EB1CEDC93AA832
CMM_MTM_PUR,083,CMM_VLOGP_BGRFC_0470000234,00505684390C1FE092EB1D323CCA0832
CMM_MTM_PUR,083,CMM_VLOGP_BGRFC_0470000239,00505684390C1FE092EB1DF04EAF4832
CMM_MTM_PUR,083,CMM_VLOGP_BGRFC_0470000240,00505684390C1FE092EB1DF04EB12832
CMM_MTM_PUR,083,CMM_VLOGP_BGRFC_0470000241,00505684390C1FE092EB1E16BF008832
CMM_MTM_PUR,083,CMM_VLOGP_BGRFC_0470000251,00505684390C1FE092EB06A6EDC2A832
CMM_MTM_PUR,083,CMM_VLOGP_BGRFC_0470000261,00505684390C1FE092EB07B2BADD6832
CMM_MTM_PUR,083,CMM_VLOGP_BGRFC_0470000262,00505684390C1FE092EB07D7DBAEE832
CMM_MTM_PUR,083,CMM_VLOGP_BGRFC_0470000263,00505684390C1FE092EB07D7DBB0C832
CMM_MTM_PUR,083,CMM_VLOGP_BGRFC_0470000264,00505684390C1FE092EB0803888B0832
CMM_MTM_PUR,083,CMM_VLOGP_BGRFC_0470000265,00505684390C1FE092EB0803888CE832
CMM_MTM_PUR,083,CMM_VLOGP_BGRFC_0470000269,00505684390C1FE092EB087F0BA16832
CMM_MTM_PUR,083,CMM_VLOGP_BGRFC_0470000273,00505684390C1FE092EB090D4D354832
CMM_MTM_PUR,083,CMM_VLOGP_BGRFC_0470000274,00505684390C1FE092EB090D4D372832
CMM_MTM_PUR,083,CMM_VLOGP_BGRFC_0470000276,00505684390C1FE092EB0939BCBB0832
CMM_MTM_PUR,083,CMM_VLOGP_BGRFC_0470000277,00505684390C1FE092EB0939BCBCE832
CMM_MTM_PUR,083,CMM_VLOGP_BGRFC_0470000279,00505684390C1FE092EB097E58454832
CMM_MTM_PUR,083,CMM_VLOGP_BGRFC_0470000280,00505684390C1FE092EB097E58472832
CMM_MTM_PUR,083,CMM_VLOGP_BGRFC_0470000282,00505684390C1FE092EB09DA78938832
CMM_MTM_PUR,083,CMM_VLOGP_BGRFC_0470000284,00505684390C1FE092EB0A0865A02832
CMM_MTM_PUR,083,CMM_VLOGP_BGRFC_0470000285,00505684390C1FE092EB0A27F4044832
CMM_MTM_PUR,083,CMM_VLOGP_BGRFC_0470000287,00505684390C1FE092EB0A5464E32832
CMM_MTM_PUR,083,CMM_VLOGP_BGRFC_0470000288,00505684390C1FE092EB0A81D3AD8832
CMM_MTM_PUR,083,CMM_VLOGP_BGRFC_0470000289,00505684390C1FE092EB0A81D3AF6832
CMM_MTM_PUR,083,CMM_VLOGP_BGRFC_0470000293,00505684390C1FE092EB0B1C1D582832
CMM_MTM_PUR,083,CMM_VLOGP_BGRFC_0470000294,00505684390C1FE092EB0B31F414A832
CMM_MTM_PUR,083,CMM_VLOGP_BGRFC_0470000300,00505684390C1FE092EB0BADD4B7C832
CMM_MTM_PUR,083,CMM_VLOGP_BGRFC_0470000303,00505684390C1FE092EB0BD53C6F6832
CMM_MTM_PUR,083,CMM_VLOGP_BGRFC_0470000304,00505684390C1FE092EB0BF259090832
CMM_MTM_PUR,083,CMM_VLOGP_BGRFC_0470000310,00505684390C1FE092EB0C93B464C832
CMM_MTM_PUR,083,CMM_VLOGP_BGRFC_0470000311,00505684390C1FE092EB0CB05CEA4832
CMM_MTM_PUR,083,CMM_VLOGP_BGRFC_0470000315,00505684390C1FE092EB0CFF83058832
CMM_MTM_PUR,083,CMM_VLOGP_BGRFC_0470000316,00505684390C1FE092EB0CFF83076832
CMM_MTM_PUR,083,CMM_VLOGP_BGRFC_0470000317,00505684390C1FE092EB0D2740B40832
CMM_MTM_PUR,083,CMM_VLOGP_BGRFC_0470000318,00505684390C1FE092EB0D2740B5E832
CMM_MTM_PUR,083,CMM_VLOGP_BGRFC_0470000332,00505684390C1FE092EB0F70CAA7C832
CMM_MTM_PUR,083,CMM_VLOGP_BGRFC_0470000333,00505684390C1FE092EB0F70CAA9A832
CMM_MTM_PUR,083,CMM_VLOGP_BGRFC_0470000334,00505684390C1FE092EB0F970F08A832
CMM_MTM_PUR,083,CMM_VLOGP_BGRFC_0470000335,00505684390C1FE092EB0FBD7F078832
CMM_MTM_PUR,083,CMM_VLOGP_BGRFC_0470000336,00505684390C1FE092EB0FBD7F096832
CMM_MTM_PUR,083,CMM_VLOGP_BGRFC_0470000338,00505684390C1FE092EB0FE82A746832
CMM_MTM_PUR,083,CMM_VLOGP_BGRFC_0470000341,00505684390C1FE092EB1009D27D6832
CMM_MTM_PUR,083,CMM_VLOGP_BGRFC_0470000342,00505684390C1FE092EB1009D27F4832
CMM_MTM_PUR,083,CMM_VLOGP_BGRFC_0470000343,00505684390C1FE092EB103B5F45C832
CMM_MTM_PUR,083,CMM_VLOGP_BGRFC_0470000344,00505684390C1FE092EB103B5F47A832
CMM_MTM_PUR,083,CMM_VLOGP_BGRFC_0470000345,00505684390C1FE092EB106107E84832
CMM_MTM_PUR,083,CMM_VLOGP_BGRFC_0470000346,00505684390C1FE092EB106107EA2832
CMM_MTM_PUR,083,CMM_VLOGP_BGRFC_0470000347,00505684390C1FE092EB108891C48832
CMM_MTM_PUR,083,CMM_VLOGP_BGRFC_0470000348,00505684390C1FE092EB108891C66832
CMM_MTM_PUR,083,CMM_VLOGP_BGRFC_0470000349,00505684390C1FE092EB10A690AA0832
CMM_MTM_PUR,083,CMM_VLOGP_BGRFC_0470000350,00505684390C1FE092EB10A690ABE832
CMM_MTM_PUR,083,CMM_VLOGP_BGRFC_0470000351,00505684390C1FE092EB10A690ADC832
CMM_MTM_PUR,083,CMM_VLOGP_BGRFC_0470000352,00505684390C1FE092EB10C98A260832
CMM_MTM_PUR,083,CMM_VLOGP_BGRFC_0470000353,00505684390C1FE092EB10C98A27E832
CMM_MTM_PUR,083,CMM_VLOGP_BGRFC_0470000361,00505684390C1FE092EB1241AFEEA832
CMM_MTM_PUR,083,CMM_VLOGP_BGRFC_0470000362,00505684390C1FE092EB125FE2CC8832
CMM_MTM_PUR,083,CMM_VLOGP_BGRFC_0470000381,00505684390C1FE092EB15DF86B90832
CMM_MTM_PUR,083,CMM_VLOGP_BGRFC_0470000390,00505684390C1FE092EB17BDEFADC832
CMM_MTM_PUR,083,CMM_VLOGP_BGRFC_0470000392,00505684390C1FE092EB17BDEFAFA832
CMM_MTM_PUR,083,CMM_VLOGP_BGRFC_0470000393,00505684390C1FE092EB17E3CED5C832
CMM_MTM_PUR,083,CMM_VLOGP_BGRFC_0470000394,00505684390C1FE092EB17E3CED7A832
CMM_MTM_PUR,083,CMM_VLOGP_BGRFC_0470000395,00505684390C1FE092EB1802AECC4832
CMM_MTM_PUR,083,CMM_VLOGP_BGRFC_0470000396,00505684390C1FE092EB182A473B0832
CMM_MTM_PUR,083,CMM_VLOGP_BGRFC_0470000412,00505684390C1FE092EB1DC37EBE6832
CMM_MTM_PUR,083,CMM_VLOGP_BGRFC_0470000413,00505684390C1FE092EB1DC37EC04832
CMM_MTM_PUR,083,CMM_VLOGP_BGRFC_0470000414,00505684390C1FE092EB1DE647CB6832
CMM_MTM_PUR,083,CMM_VLOGP_BGRFC_0470000416,00505684390C1FE092EB1E14CB828832
CMM_MTM_PUR,083,CMM_VLOGP_BGRFC_0470000435,00505684390C1FE092EB21F17CE74832
CMM_MTM_PUR,083,CMM_VLOGP_BGRFC_0470000436,00505684390C1FE092EB2211A379E832
CMM_MTM_PUR,083,CMM_VLOGP_BGRFC_0470000437,00505684390C1FE092EB22381220C832
CMM_MTM_PUR,083,CMM_VLOGP_BGRFC_0470000438,00505684390C1FE092EB22381222A832
CMM_MTM_PUR,083,CMM_VLOGP_BGRFC_0470000443,00505684390C1FE092EB22D76D666832
CMM_MTM_PUR,083,CMM_VLOGP_BGRFC_0470000448,00505684390C1FE092EB23631641A832
CMM_MTM_PUR,083,CMM_VLOGP_BGRFC_0470000449,00505684390C1FE092EB237B9EE46832
CMM_MTM_PUR,083,CMM_VLOGP_BGRFC_0470000465,00505684390C1FE092EB0E8368A72832
CMM_MTM_PUR,083,CMM_VLOGP_BGRFC_0470000466,00505684390C1FE092EB0EAB8A24C832
CMM_MTM_PUR,083,CMM_VLOGP_BGRFC_0470000467,00505684390C1FE092EB0EAB8A26A832
CMM_MTM_PUR,083,CMM_VLOGP_BGRFC_0470000468,00505684390C1FE092EB0EC55041C832
CMM_MTM_PUR,083,CMM_VLOGP_BGRFC_0470000469,00505684390C1FE092EB0EC55043A832
CMM_MTM_PUR,083,CMM_VLOGP_BGRFC_0470000470,00505684390C1FE092EB0EEC29B60832
CMM_MTM_PUR,083,CMM_VLOGP_BGRFC_0470000471,00505684390C1FE092EB0F1B9012C832
CMM_MTM_PUR,083,CMM_VLOGP_BGRFC_0470000472,00505684390C1FE092EB0F1B9014A832
CMM_MTM_PUR,083,CMM_VLOGP_BGRFC_0470000477,00505684390C1FE092EB0F76506A0832
CMM_MTM_PUR,083,CMM_VLOGP_BGRFC_0470000478,00505684390C1FE092EB0F989B0C4832
CMM_MTM_PUR,083,CMM_VLOGP_BGRFC_0470000505,00505684390C1FE092EB128021004832
CMM_MTM_PUR,083,CMM_VLOGP_BGRFC_0470000507,00505684390C1FE092EB12B58A2CA832
CMM_MTM_PUR,083,CMM_VLOGP_BGRFC_0470000508,00505684390C1FE092EB12D592F7C832
CMM_MTM_PUR,083,CMM_VLOGP_BGRFC_0470000509,00505684390C1FE092EB12D592F9A832
CMM_MTM_PUR,083,CMM_VLOGP_BGRFC_0470000511,00505684390C1FE092EB131A4018A832
CMM_MTM_PUR,083,CMM_VLOGP_BGRFC_0470000516,00505684390C1FE092EB13E1CB1E6832
CMM_MTM_PUR,083,CMM_VLOGP_BGRFC_0470000517,00505684390C1FE092EB14037CC5C832
CMM_MTM_PUR,083,CMM_VLOGP_BGRFC_0470000518,00505684390C1FE092EB14037CC7A832
CMM_MTM_PUR,083,CMM_VLOGP_BGRFC_0470000519,00505684390C1FE092EB14277977C832
CMM_MTM_PUR,083,CMM_VLOGP_BGRFC_0470000520,00505684390C1FE092EB14277979A832
CMM_MTM_PUR,083,CMM_VLOGP_BGRFC_0470000521,00505684390C1FE092EB144251CEC832
CMM_MTM_PUR,083,CMM_VLOGP_BGRFC_0470000524,00505684390C1FE092EB14D286840832
CMM_MTM_PUR,083,CMM_VLOGP_BGRFC_0470000525,00505684390C1FE092EB14D28685E832
CMM_MTM_PUR,083,CMM_VLOGP_BGRFC_0470000527,00505684390C1FE092EB14F470822832
CMM_MTM_PUR,083,CMM_VLOGP_BGRFC_0470000533,00505684390C1FE092EB1636D8C2A832
CMM_MTM_PUR,083,CMM_VLOGP_BGRFC_0470000534,00505684390C1FE092EB16547CC18832
CMM_MTM_PUR,083,CMM_VLOGP_BGRFC_0470000535,00505684390C1FE092EB16547CC36832
CMM_MTM_PUR,083,CMM_VLOGP_BGRFC_0470000537,00505684390C1FE092EB167C4FA10832
CMM_MTM_PUR,083,CMM_VLOGP_BGRFC_0470000538,00505684390C1FE092EB167C4FA2E832
CMM_MTM_PUR,083,CMM_VLOGP_BGRFC_0470000539,00505684390C1FE092EB16A2C8188832
CMM_MTM_PUR,083,CMM_VLOGP_BGRFC_0470000546,00505684390C1FE092EB173502C6A832
CMM_MTM_PUR,083,CMM_VLOGP_BGRFC_0470000547,00505684390C1FE092EB1756B8F94832
CMM_MTM_PUR,083,CMM_VLOGP_BGRFC_0470000548,00505684390C1FE092EB1756B8FB2832
CMM_MTM_PUR,083,CMM_VLOGP_BGRFC_0470000551,00505684390C1FE092EB17ABB1B18832
CMM_MTM_PUR,083,CMM_VLOGP_BGRFC_0470000553,00505684390C1FE092EB17C281C26832
CMM_MTM_PUR,083,CMM_VLOGP_BGRFC_0470000555,00505684390C1FE092EB1809405F6832
CMM_MTM_PUR,083,CMM_VLOGP_BGRFC_0470000556,00505684390C1FE092EB183597918832
CMM_MTM_PUR,083,CMM_VLOGP_BGRFC_0470000561,00505684390C1FE092EB18C891502832
CMM_MTM_PUR,083,CMM_VLOGP_BGRFC_0470000565,00505684390C1FE092EB1947E99D2832
CMM_MTM_PUR,083,CMM_VLOGP_BGRFC_0470000566,00505684390C1FE092EB196F7B4F8832
CMM_MTM_PUR,083,CMM_VLOGP_BGRFC_0470000567,00505684390C1FE092EB196F7B516832
CMM_MTM_PUR,083,CMM_VLOGP_BGRFC_0470000568,00505684390C1FE092EB19942C554832
CMM_MTM_PUR,083,CMM_VLOGP_BGRFC_0470000569,00505684390C1FE092EB19942C572832
CMM_MTM_PUR,083,CMM_VLOGP_BGRFC_0470000570,00505684390C1FE092EB19B8DCEA6832
CMM_MTM_PUR,083,CMM_VLOGP_BGRFC_0470000573,00505684390C1FE092EB1A0ABB0FA832
CMM_MTM_PUR,083,CMM_VLOGP_BGRFC_0470000574,00505684390C1FE092EB1A31BEF10832
CMM_MTM_PUR,083,CMM_VLOGP_BGRFC_0470000575,00505684390C1FE092EB1A31BEF2E832
CMM_MTM_PUR,083,CMM_VLOGP_BGRFC_0470000576,00505684390C1FE092EB1A53628D0832
CMM_MTM_PUR,083,CMM_VLOGP_BGRFC_0470000577,00505684390C1FE092EB1A7D471A8832
CMM_MTM_PUR,083,CMM_VLOGP_BGRFC_0470000578,00505684390C1FE092EB1A7D471C6832
CMM_MTM_PUR,083,CMM_VLOGP_BGRFC_0470000579,00505684390C1FE092EB1AABECD8C832
CMM_MTM_PUR,083,CMM_VLOGP_BGRFC_0470000580,00505684390C1FE092EB1AABECDAA832
CMM_MTM_PUR,083,CMM_VLOGP_BGRFC_0470000581,00505684390C1FE092EB1AC45A104832
CMM_MTM_PUR,083,CMM_VLOGP_BGRFC_0470000582,00505684390C1FE092EB1AEC5499C832
CMM_MTM_PUR,083,CMM_VLOGP_BGRFC_0470000583,00505684390C1FE092EB1AEC549BA832
CMM_MTM_PUR,083,CMM_VLOGP_BGRFC_0470000584,00505684390C1FE092EB1B11CA834832
CMM_MTM_PUR,083,CMM_VLOGP_BGRFC_0470000588,00505684390C1FE092EB1BC7FD1EC832
CMM_MTM_PUR,083,CMM_VLOGP_BGRFC_0470000589,00505684390C1FE092EB1BC7FD20A832
CMM_MTM_PUR,083,CMM_VLOGP_BGRFC_0470000590,00505684390C1FE092EB1BE345CBC832
CMM_MTM_PUR,083,CMM_VLOGP_BGRFC_0470000591,00505684390C1FE092EB1C089F4C0832
CMM_MTM_PUR,083,CMM_VLOGP_BGRFC_0470000592,00505684390C1FE092EB1C089F4DE832
CMM_MTM_PUR,083,CMM_VLOGP_BGRFC_0470000593,00505684390C1FE092EB1C3449D64832
CMM_MTM_PUR,083,CMM_VLOGP_BGRFC_0470000595,00505684390C1FE092EB1C6ED4CA6832
CMM_MTM_PUR,083,CMM_VLOGP_BGRFC_0470000598,00505684390C1FE092EB1CE1B6AC6832
CMM_MTM_PUR,083,CMM_VLOGP_BGRFC_0470000600,00505684390C1FE092EB1D2822802832
CMM_MTM_PUR,083,CMM_VLOGP_BGRFC_0470000603,00505684390C1FE092EB1D9AF8AA2832
CMM_MTM_PUR,083,CMM_VLOGP_BGRFC_0470000607,00505684390C1FE092EB1E33AE4B8832
CMM_MTM_PUR,083,CMM_VLOGP_BGRFC_0470000608,00505684390C1FE092EB1E33AE4D6832
CMM_MTM_PUR,083,CMM_VLOGP_BGRFC_0470000609,00505684390C1FE092EB1E583482C832
CMM_MTM_PUR,083,CMM_VLOGP_BGRFC_0470000610,00505684390C1FE092EB1E583484A832
CMM_MTM_PUR,083,CMM_VLOGP_BGRFC_0470000611,00505684390C1FE092EB1E7EA0DD8832
CMM_MTM_PUR,083,CMM_VLOGP_BGRFC_0470000612,00505684390C1FE092EB1EA3E3A0C832
CMM_MTM_PUR,083,CMM_VLOGP_BGRFC_0470000613,00505684390C1FE092EB1EA3E3A2A832
CMM_MTM_PUR,083,CMM_VLOGP_BGRFC_0470000616,00505684390C1FE092EB1F009135C832
CMM_MTM_PUR,083,CMM_VLOGP_BGRFC_0470000618,00505684390C1FE092EB1F2114B38832
CMM_MTM_PUR,083,CMM_VLOGP_BGRFC_0470000619,00505684390C1FE092EB1F2114B56832
CMM_MTM_PUR,083,CMM_VLOGP_BGRFC_0470000620,00505684390C1FE092EB1F4C75FFC832
CMM_MTM_PUR,083,CMM_VLOGP_BGRFC_0470000621,00505684390C1FE092EB1F62CFFDA832
CMM_MTM_PUR,083,CMM_VLOGP_BGRFC_0470000622,00505684390C1FE092EB1F62CFFF8832
CMM_MTM_PUR,083,CMM_VLOGP_BGRFC_0470000623,00505684390C1FE092EB1F8950850832
CMM_MTM_PUR,083,CMM_VLOGP_BGRFC_0470000624,00505684390C1FE092EB1F895086E832
CMM_MTM_PUR,083,CMM_VLOGP_BGRFC_0470000627,00505684390C1FE092EB1FD7E5ED6832
CMM_MTM_PUR,083,CMM_VLOGP_BGRFC_0470000628,00505684390C1FE092EB1FFE1C9E0832
CMM_MTM_PUR,083,CMM_VLOGP_BGRFC_0470000631,00505684390C1FE092EB206FF2274832
CMM_MTM_PUR,083,CMM_VLOGP_BGRFC_0470000632,00505684390C1FE092EB209747354832
CMM_MTM_PUR,083,CMM_VLOGP_BGRFC_0470000634,00505684390C1FE092EB209747372832
CMM_MTM_PUR,083,CMM_VLOGP_BGRFC_0470000635,00505684390C1FE092EB20BD9405C832
CMM_MTM_PUR,083,CMM_VLOGP_BGRFC_0470000636,00505684390C1FE092EB20BD9407A832
CMM_MTM_PUR,083,CMM_VLOGP_BGRFC_0470000640,00505684390C1FE092EB212F1FBAE832
CMM_MTM_PUR,083,CMM_VLOGP_BGRFC_0470000645,00505684390C1FE092EB215A69A1C832
CMM_MTM_PUR,083,CMM_VLOGP_BGRFC_0470000646,00505684390C1FE092EB2178CF438832
CMM_MTM_PUR,083,CMM_VLOGP_BGRFC_0470000647,00505684390C1FE092EB2178CF456832
CMM_MTM_PUR,083,CMM_VLOGP_BGRFC_0470000648,00505684390C1FE092EB219EACA3A832
CMM_MTM_PUR,083,CMM_VLOGP_BGRFC_0470000653,00505684390C1FE092EB2269CF514832
CMM_MTM_PUR,083,CMM_VLOGP_BGRFC_0470000654,00505684390C1FE092EB2269CF532832
CMM_MTM_PUR,083,CMM_VLOGP_BGRFC_0470000660,00505684390C1FE092EB2343070E6832
CMM_MTM_PUR,083,CMM_VLOGP_BGRFC_0470000662,00505684390C1FE092EB1F4FBFCA6832
CMM_MTM_PUR,083,CMM_VLOGP_BGRFC_0470000668,00505684390C1FE092EB1FED407FE832
CMM_MTM_PUR,083,CMM_VLOGP_BGRFC_0470000669,00505684390C1FE092EB201517BCC832
CMM_MTM_PUR,083,CMM_VLOGP_BGRFC_0470000670,00505684390C1FE092EB201517BEA832
CMM_MTM_PUR,083,CMM_VLOGP_BGRFC_0470000691,00505684390C1FE092EB21A3FF474832
CMM_MTM_PUR,083,CMM_VLOGP_BGRFC_0470000704,00505684390C1FE092EB236BA25D6832
CMM_MTM_PUR,083,CMM_VLOGP_BGRFC_0470000705,00505684390C1FE092EB2392E8F6C832
CMM_MTM_PUR,083,CMM_VLOGP_BGRFC_0470000706,00505684390C1FE092EB2392E8F8A832
CMM_MTM_PUR,083,CMM_VLOGP_BGRFC_0470000707,00505684390C1FE092EB23B4F9732832
CMM_MTM_PUR,083,CMM_VLOGP_BGRFC_0470000708,00505684390C1FE092EB23B4F9750832
CMM_MTM_PUR,083,CMM_VLOGP_BGRFC_0470000709,00505684390C1FE092EB23DBB92EE832
CMM_MTM_PUR,083,CMM_VLOGP_BGRFC_0470000710,00505684390C1FE092EB23DBB930C832
CMM_MTM_PUR,083,CMM_VLOGP_BGRFC_0470000711,00505684390C1FE092EB2401CF262832
CMM_MTM_PUR,083,CMM_VLOGP_BGRFC_0470000712,00505684390C1FE092EB2401CF280832
CMM_MTM_PUR,083,CMM_VLOGP_BGRFC_0470000713,00505684390C1FE092EB24272EC7A832
CMM_MTM_PUR,083,CMM_VLOGP_BGRFC_0470000714,00505684390C1FE092EB2450C6174832
CMM_MTM_PUR,083,CMM_VLOGP_BGRFC_0470000715,00505684390C1FE092EB2450C6192832
CMM_MTM_PUR,083,CMM_VLOGP_BGRFC_0470000716,00505684390C1FE092EB24758BF18832
CMM_MTM_PUR,083,CMM_VLOGP_BGRFC_0470000717,00505684390C1FE092EB24758BF36832
CMM_MTM_PUR,083,CMM_VLOGP_BGRFC_0470000718,00505684390C1FE092EB249C1CAA8832
CMM_MTM_PUR,083,CMM_VLOGP_BGRFC_0470000719,00505684390C1FE092EB24BFDFB14832
CMM_MTM_PUR,083,CMM_VLOGP_BGRFC_0470000720,00505684390C1FE092EB24BFDFB32832
CMM_MTM_PUR,083,CMM_VLOGP_BGRFC_0470000721,00505684390C1FE092EB24F330680832
CMM_MTM_PUR,083,CMM_VLOGP_BGRFC_0470000722,00505684390C1FE092EB24FCCD2B2832
CMM_MTM_PUR,083,CMM_VLOGP_BGRFC_0470000723,00505684390C1FE092EB252BC822C832
CMM_MTM_PUR,083,CMM_VLOGP_BGRFC_0470000724,00505684390C1FE092EB2546256EA832
CMM_MTM_PUR,083,CMM_VLOGP_BGRFC_0470000725,00505684390C1FE092EB254625708832
CMM_MTM_PUR,083,CMM_VLOGP_BGRFC_0470000726,00505684390C1FE092EB256EC21E0832
CMM_MTM_PUR,083,CMM_VLOGP_BGRFC_0470000727,00505684390C1FE092EB256EC21FE832
CMM_MTM_PUR,083,CMM_VLOGP_BGRFC_0470000728,00505684390C1FE092EB25A2996BC832
CMM_MTM_PUR,083,CMM_VLOGP_BGRFC_0470000729,00505684390C1FE092EB25B8BF6CE832
CMM_MTM_PUR,083,CMM_VLOGP_BGRFC_0470000730,00505684390C1FE092EB25B8BF6EC832
CMM_MTM_PUR,083,CMM_VLOGP_BGRFC_0470000731,00505684390C1FE092EB25EBC31F8832
CMM_MTM_PUR,083,CMM_VLOGP_BGRFC_0470000733,00505684390C1FE092EB262AFC5EC832
CMM_MTM_PUR,083,CMM_VLOGP_BGRFC_0470000734,00505684390C1FE092EB265984994832
CMM_MTM_PUR,083,CMM_VLOGP_BGRFC_0470000735,00505684390C1FE092EB2659849B2832
CMM_MTM_PUR,083,CMM_VLOGP_BGRFC_0470000736,00505684390C1FE092EB268272B1C832
CMM_MTM_PUR,083,CMM_VLOGP_BGRFC_0470000737,00505684390C1FE092EB268272B3A832
CMM_MTM_PUR,083,CMM_VLOGP_BGRFC_0470000738,00505684390C1FE092EB269DF2718832
CMM_MTM_PUR,083,CMM_VLOGP_BGRFC_0470000739,00505684390C1FE092EB269DF2736832
CMM_MTM_PUR,083,CMM_VLOGP_BGRFC_0470000740,00505684390C1FE092EB26C372164832
CMM_MTM_PUR,083,CMM_VLOGP_BGRFC_0470000741,00505684390C1FE092EB26C372182832
CMM_MTM_PUR,083,CMM_VLOGP_BGRFC_0470000742,00505684390C1FE092EB26E8ECB7A832
CMM_MTM_PUR,083,CMM_VLOGP_BGRFC_0470000743,00505684390C1FE092EB26E8ECB98832
CMM_MTM_PUR,083,CMM_VLOGP_BGRFC_0470000744,00505684390C1FE092EB270F7CA78832
CMM_MTM_PUR,083,CMM_VLOGP_BGRFC_0470000747,00505684390C1FE092EB278271B46832
CMM_MTM_PUR,083,CMM_VLOGP_BGRFC_0470000748,00505684390C1FE092EB27A7AE5C2832
CMM_MTM_PUR,083,CMM_VLOGP_BGRFC_0470000749,00505684390C1FE092EB27A7AE5E0832
CMM_MTM_PUR,083,CMM_VLOGP_BGRFC_0470000756,00505684390C1FE092EB288D9CB3C832
CMM_MTM_PUR,083,CMM_VLOGP_BGRFC_0470000758,00505684390C1FE092EB288D9CB5A832
CMM_MTM_PUR,083,CMM_VLOGP_BGRFC_0470000759,00505684390C1FE092EB28BE63CA0832
CMM_MTM_PUR,083,CMM_VLOGP_BGRFC_0470000760,00505684390C1FE092EB28BE63CBE832
CMM_MTM_PUR,083,CMM_VLOGP_BGRFC_0470000761,00505684390C1FE092EB28DEE9F38832
CMM_MTM_PUR,083,CMM_VLOGP_BGRFC_0470000762,00505684390C1FE092EB28DEE9F56832
CMM_MTM_PUR,083,CMM_VLOGP_BGRFC_0470000763,00505684390C1FE092EB28FF0B55C832
CMM_MTM_PUR,083,CMM_VLOGP_BGRFC_0470000797,00505684390C1FE092EB2E09AB294832
CMM_MTM_PUR,083,CMM_VLOGP_BGRFC_0470000800,00505684390C1FE092EB2E8550B44832
CMM_MTM_PUR,083,CMM_VLOGP_BGRFC_0470000801,00505684390C1FE092EB2EAA8B68C832
CMM_MTM_PUR,083,CMM_VLOGP_BGRFC_0470000804,00505684390C1FE092EB2ECEB231C832
CMM_MTM_PUR,083,CMM_VLOGP_BGRFC_0470000805,00505684390C1FE092EB2ECEB233A832
CMM_MTM_PUR,083,CMM_VLOGP_BGRFC_0470000806,00505684390C1FE092EB2ECEB2358832
CMM_MTM_PUR,083,CMM_VLOGP_BGRFC_0470000807,00505684390C1FE092EB2EF4F32D6832
CMM_MTM_PUR,083,CMM_VLOGP_BGRFC_0470000808,00505684390C1FE092EB2EF4F32F4832
CMM_MTM_PUR,083,CMM_VLOGP_BGRFC_0470000809,00505684390C1FE092EB2F0B07E08832
CMM_MTM_PUR,083,CMM_VLOGP_BGRFC_0470000810,00505684390C1FE092EB2F2E3F972832
CMM_MTM_PUR,083,CMM_VLOGP_BGRFC_0470000811,00505684390C1FE092EB2F57D8394832
CMM_MTM_PUR,083,CMM_VLOGP_BGRFC_0470000812,00505684390C1FE092EB2F57D83B2832
CMM_MTM_PUR,083,CMM_VLOGP_BGRFC_0470000813,00505684390C1FE092EB2F7CA9D6C832
CMM_MTM_PUR,083,CMM_VLOGP_BGRFC_0470000814,00505684390C1FE092EB2F7CA9D8A832
CMM_MTM_PUR,083,CMM_VLOGP_BGRFC_0470000815,00505684390C1FE092EB2FA15F92C832
CMM_MTM_PUR,083,CMM_VLOGP_BGRFC_0470000816,00505684390C1FE092EB2FA15F94A832
CMM_MTM_PUR,083,CMM_VLOGP_BGRFC_0470000817,00505684390C1FE092EB2FCA15C54832
CMM_MTM_PUR,083,CMM_VLOGP_BGRFC_0470000818,00505684390C1FE092EB2FCA15C72832
CMM_MTM_PUR,083,CMM_VLOGP_BGRFC_0470000819,00505684390C1FE092EB2FF009730832
CMM_MTM_PUR,083,CMM_VLOGP_BGRFC_0470000820,00505684390C1FE092EB2FF00974E832
CMM_MTM_PUR,083,CMM_VLOGP_BGRFC_0470000821,00505684390C1FE092EB3017A3958832
CMM_MTM_PUR,083,CMM_VLOGP_BGRFC_0470000822,00505684390C1FE092EB3017A3976832
CMM_MTM_PUR,083,CMM_VLOGP_BGRFC_0470000823,00505684390C1FE092EB303900740832
CMM_MTM_PUR,083,CMM_VLOGP_BGRFC_0470000824,00505684390C1FE092EB30390075E832
CMM_MTM_PUR,083,CMM_VLOGP_BGRFC_0470000825,00505684390C1FE092EB305FF3B52832
CMM_MTM_PUR,083,CMM_VLOGP_BGRFC_0470000826,00505684390C1FE092EB305FF3B70832
CMM_MTM_PUR,083,CMM_VLOGP_BGRFC_0470000827,00505684390C1FE092EB308596140832
CMM_MTM_PUR,083,CMM_VLOGP_BGRFC_0470000834,00505684390C1FE092EB31A5E0E24832
CMM_MTM_PUR,083,CMM_VLOGP_BGRFC_0470000835,00505684390C1FE092EB31CC7BF28832
CMM_MTM_PUR,083,CMM_VLOGP_BGRFC_0470000836,00505684390C1FE092EB31CC7BF46832
CMM_MTM_PUR,083,CMM_VLOGP_BGRFC_0470000837,00505684390C1FE092EB31F492D2C832
CMM_MTM_PUR,083,CMM_VLOGP_BGRFC_0470000838,00505684390C1FE092EB31F492D4A832
CMM_MTM_PUR,083,CMM_VLOGP_BGRFC_0470000841,00505684390C1FE092EB32435A7D4832
CMM_MTM_PUR,083,CMM_VLOGP_BGRFC_0470000842,00505684390C1FE092EB32435A7F2832
CMM_MTM_PUR,083,CMM_VLOGP_BGRFC_0470000843,00505684390C1FE092EB3263CA9D0832
CMM_MTM_PUR,083,CMM_VLOGP_BGRFC_0470000844,00505684390C1FE092EB328AE69E0832
CMM_MTM_PUR,083,CMM_VLOGP_BGRFC_0470000845,00505684390C1FE092EB328AE69FE832
CMM_MTM_PUR,083,CMM_VLOGP_BGRFC_0470000846,00505684390C1FE092EB32AF91524832
CMM_MTM_PUR,083,CMM_VLOGP_BGRFC_0470000847,00505684390C1FE092EB32AF91542832
CMM_MTM_PUR,083,CMM_VLOGP_BGRFC_0470000848,00505684390C1FE092EB32D50DE88832
CMM_MTM_PUR,083,CMM_VLOGP_BGRFC_0470000849,00505684390C1FE092EB32D50DEA6832
CMM_MTM_PUR,083,CMM_VLOGP_BGRFC_0470000850,00505684390C1FE092EB32FD57A74832
CMM_MTM_PUR,083,CMM_VLOGP_BGRFC_0470000851,00505684390C1FE092EB32FD57A92832
CMM_MTM_PUR,083,CMM_VLOGP_BGRFC_0470000852,00505684390C1FE092EB3325E598C832
CMM_MTM_PUR,083,CMM_VLOGP_BGRFC_0470000857,00505684390C1FE092EAC0B72ED08832
CMM_MTM_PUR,083,CMM_VLOGP_BGRFC_0470000858,00505684390C1FE092EB3349DF4FA832
CMM_MTM_PUR,083,CMM_VLOGP_BGRFC_0470000859,00505684390C1FE092EB336D6EDBC832
CMM_MTM_PUR,083,CMM_VLOGP_BGRFC_0470000862,00505684390C1FE092EB336D6EDDA832
CMM_MTM_PUR,083,CMM_VLOGP_BGRFC_0470000864,00505684390C1FE092EB3399145F2832
CMM_MTM_PUR,083,CMM_VLOGP_BGRFC_0470000872,00505684390C1FE092EB34F58EEBC832
CMM_MTM_PUR,083,CMM_VLOGP_BGRFC_0470000874,00505684390C1FE092EB354578A54832
CMM_MTM_PUR,083,CMM_VLOGP_BGRFC_0470000876,00505684390C1FE092EB355DCC9A2832
CMM_MTM_PUR,083,CMM_VLOGP_BGRFC_0470000880,00505684390C1FE092EB3642E4792832
CMM_MTM_PUR,083,CMM_VLOGP_BGRFC_0470000896,00505684390C1FE092EABF58E75EC832
CMM_MTM_PUR,083,CMM_VLOGP_BGRFC_0470000920,00505684390C1FE092EB2B5837870832
CMM_MTM_PUR,083,CMM_VLOGP_BGRFC_0470000943,00505684390C1FE092EB2F625684A832
CMM_MTM_PUR,083,CMM_VLOGP_BGRFC_0470000944,00505684390C1FE092EB2F7AC40BC832
CMM_MTM_PUR,083,CMM_VLOGP_BGRFC_0470000945,00505684390C1FE092EB2F7AC40DA832
CMM_MTM_PUR,083,CMM_VLOGP_BGRFC_0470000966,00505684390C1FE092EB35675006E832
CMM_MTM_PUR,083,CMM_VLOGP_BGRFC_0470000967,00505684390C1FE092EB358FA6D4C832
CMM_MTM_PUR,083,CMM_VLOGP_BGRFC_0470000970,00505684390C1FE092EB35D441CA4832
CMM_MTM_PUR,083,CMM_VLOGP_BGRFC_0470000977,00505684390C1FE092EB36F597A2E832
CMM_MTM_PUR,083,CMM_VLOGP_BGRFC_0470000978,00505684390C1FE092EB371A9F628832
CMM_MTM_PUR,083,CMM_VLOGP_BGRFC_0470000989,00505684390C1FE092EB387F3618A832
CMM_MTM_PUR,083,CMM_VLOGP_BGRFC_0470000991,00505684390C1FE092EB38B13F37A832
CMM_MTM_PUR,083,CMM_VLOGP_BGRFC_0470000995,00505684390C1FE092EB396BA5F8E832
CMM_MTM_PUR,083,CMM_VLOGP_BGRFC_0470000997,00505684390C1FE092EB39936A9F2832
CMM_MTM_PUR,083,CMM_VLOGP_BGRFC_0470000999,00505684390C1FE092EB39D069EAC832
CMM_MTM_PUR,083,CMM_VLOGP_BGRFC_0470001001,00505684390C1FE092EB3A70F23EE832
CMM_MTM_PUR,083,CMM_VLOGP_BGRFC_0470001262,00505684390C1FE0B999F7C921D5A87E
CMM_MTM_PUR,083,CMM_VLOGP_BGRFC_0470001641,00505684390C1FE0B3CEB86E52BDE87A
CMM_MTM_PUR,083,CMM_VLOGP_BGRFC_0470001831,00505684390C1FE096828CBFF2ACA832
CMM_MTM_PUR,083,CMM_VLOGP_BGRFC_0470001892,00505684390C1FE09D96DC9FB1128834
CMM_MTM_PUR,083,CMM_VLOGP_BGRFC_0470001899,00505684390C1FE09EC1910A2EAF6834
CMM_MTM_PUR,083,CMM_VLOGP_BGRFC_0470001911,00505684390C1FE09FEBF7F5618C6849
CMM_MTM_PUR,083,CMM_VLOGP_BGRFC_0470001912,00505684390C1FE09FEBFD1D7AB30849
CMM_MTM_PUR,083,CMM_VLOGP_BGRFC_0470001913,00505684390C1FE09FEC0836A2090849
CMM_MTM_PUR,083,CMM_VLOGP_BGRFC_0470001914,00505684390C1FE09FEC0CF2B4828849
CMM_MTM_PUR,083,CMM_VLOGP_BGRFC_0470001915,00505684390C1FE09FEC7337B6A00849
CMM_MTM_PUR,083,CMM_VLOGP_BGRFC_0470001916,00505684390C1FE09FEC73664D936849
CMM_MTM_PUR,083,CMM_VLOGP_BGRFC_0470001922,00505684390C1FE0A0BB8569F409E849
CMM_MTM_PUR,083,CMM_VLOGP_BGRFC_0470001923,00505684390C1FE0A0BD536B81A72849
CMM_MTM_PUR,083,CMM_VLOGP_BGRFC_0470001939,00505684390C1FE0A1C915F5B4598849
CMM_MTM_PUR,083,CMM_VLOGP_BGRFC_0470001940,00505684390C1FE0A1C94FD6E5324849
CMM_MTM_PUR,083,CMM_VLOGP_BGRFC_0470002000,00505684390C1FE0A7C0CAC496936854
CMM_MTM_PUR,083,CMM_VLOGP_BGRFC_0470002001,00505684390C1FE0A7C0D37585800854
CMM_MTM_PUR,083,CMM_VLOGP_BGRFC_0470002018,00505684390C1FE0A9B6A7C8B1BBE863
CMM_MTM_PUR,083,CMM_VLOGP_BGRFC_0470002019,00505684390C1FE0A9B6C99C8F17A863
CMM_MTM_PUR,083,CMM_VLOGP_BGRFC_0470002020,00505684390C1FE0A9B989DCBEBE2863
CMM_MTM_PUR,083,CMM_VLOGP_BGRFC_0470002021,00505684390C1FE0A9D094E892AD2864
CMM_MTM_PUR,083,CMM_VLOGP_BGRFC_0470002022,00505684390C1FE0A9B9AF5A7B9E4863
CMM_MTM_PUR,083,CMM_VLOGP_BGRFC_0470002028,00505684390C1FE0AA8575CB709E4865
CMM_MTM_PUR,083,CMM_VLOGP_BGRFC_0470002039,00505684390C1FE0A9E8485017F58864
CMM_MTM_PUR,083,CMM_VLOGP_BGRFC_0470002040,00505684390C1FE0A9E8F5EB0F238864
CMM_MTM_PUR,083,CMM_VLOGP_BGRFC_0470002042,00505684390C1FE0AA976774B618C865
CMM_MTM_PUR,083,CMM_VLOGP_BGRFC_0470002044,00505684390C1FE0AAB214001B0E8865
CMM_MTM_PUR,083,CMM_VLOGP_BGRFC_0470002045,00505684390C1FE0AAB5D21F92ADC865
CMM_MTM_PUR,083,CMM_VLOGP_BGRFC_0470002047,00505684390C1FE0AABA79154D49E865
CMM_MTM_PUR,083,CMM_VLOGP_BGRFC_0470002058,00505684390C1FE0ABF7E80B3A326865
CMM_MTM_PUR,083,CMM_VLOGP_BGRFC_0470002102,00505684390C1FE0B1D8A74ED57D287A
CMM_MTM_PUR,083,CMM_VLOGP_BGRFC_0470002103,00505684390C1FE0B1D8B481A9B4887A
CMM_MTM_PUR,083,CMM_VLOGP_BGRFC_0470002104,00505684390C1FE0B1D8C6D2CC30687A
CMM_MTM_PUR,083,CMM_VLOGP_BGRFC_0470002105,00505684390C1FE0B1D8D868187FE87A
CMM_MTM_PUR,083,CMM_VLOGP_BGRFC_0470002111,00505684390C1FE0B2E85DAE7CF5287A
CMM_MTM_PUR,083,CMM_VLOGP_BGRFC_0470002112,00505684390C1FE0B2E85FD70C9FC87A
CMM_MTM_PUR,083,CMM_VLOGP_BGRFC_0470002113,00505684390C1FE0B2E8623D0814E87A
CMM_MTM_PUR,083,CMM_VLOGP_BGRFC_0470002137,00505684390C1FE0B7855710BF86487B
CMM_MTM_PUR,083,CMM_VLOGP_BGRFC_0470002145,00505684390C1FE0BAD75832E8D9A880
CMM_MTM_PUR,083,CMM_VLOGP_BGRFC_0470002146,00505684390C1FE0BAEE9A1974BA6880
CMM_MTM_PUR,083,CMM_VLOGP_BGRFC_0470002148,00505684390C1FE0BB80F9E069C82880
CMM_MTM_PUR,083,CMM_VLOGP_BGRFC_0470002150,00505684390C1FE0BB9AA404BC2E6881
CMM_MTM_PUR,083,CMM_VLOGP_BGRFC_0470002151,00505684390C1FE0BBAF3BE73F2E6881
CMM_MTM_PUR,083,CMM_VLOGP_BGRFC_0470002152,00505684390C1FE0BBAF4A21F24C8881
CMM_MTM_PUR,083,CMM_VLOGP_BGRFC_0470002153,00505684390C1FE0BC97443962FD2881
CMM_MTM_PUR,083,CMM_VLOGP_BGRFC_0470002154,00505684390C1FE0BC975F6D33C58881
CMM_MTM_PUR,083,CMM_VLOGP_BGRFC_0470002156,00505684390C1FE0BCACAB4EB34FC885
CMM_MTM_PUR,083,CMM_VLOGP_BGRFC_0470002157,00505684390C1FE0BCAE06BAA444E885
CMM_MTM_PUR,083,CMM_VLOGP_BGRFC_0470002161,00505684390C1FE0BCCA5680EC0F2886
CMM_MTM_PUR,083,CMM_VLOGP_BGRFC_0470002162,00505684390C1FE0BCCB08F2B5B22886
CMM_MTM_PUR,083,CMM_VLOGP_BGRFC_0470002163,00505684390C1FE0BCCB9CB2EA31E886
CMM_MTM_PUR,083,CMM_VLOGP_BGRFC_0470002164,00505684390C1FE181C13C50C1042889
CMM_MTM_PUR,083,CMM_VLOGP_BGRFC_0470002165,00505684390C1FE0BCDDF110FAC78886
CMM_MTM_PUR,083,CMM_VLOGP_BGRFC_0470002166,00505684390C1FE0BCDF44BF9887E886
CMM_MTM_PUR,083,CMM_VLOGP_BGRFC_0470002167,00505684390C1FE0BCE0216D8FF92886
CMM_MTM_PUR,083,CMM_VLOGP_BGRFC_0470002168,00505684390C1FE0BCE3691B3608E886
CMM_MTM_PUR,083,CMM_VLOGP_BGRFC_0470002169,00505684390C1FE0BCE484E6438AA886
CMM_MTM_PUR,083,CMM_VLOGP_BGRFC_0470002171,00505684390C1FE0BDC2965D86EA6887
CMM_MTM_PUR,083,CMM_VLOGP_BGRFC_0470002172,00505684390C1FE0BDC4D57BE512C887
CMM_MTM_PUR,083,CMM_VLOGP_BGRFC_0470002173,00505684390C1FE0BDC7BFB50C300887
CMM_MTM_PUR,083,CMM_VLOGP_BGRFC_0470002174,00505684390C1FE0BDCD614604416887
CMM_MTM_PUR,083,CMM_VLOGP_BGRFC_0470002175,00505684390C1FE0BDCDEA3BA0F80887
CMM_MTM_PUR,083,CMM_VLOGP_BGRFC_0470002178,00505684390C1FE0BEF579E2C9FAA887
CMM_MTM_PUR,083,CMM_VLOGP_BGRFC_0470002179,00505684390C1FE0BEF58679944A2887
CMM_MTM_PUR,083,CMM_VLOGP_BGRFC_0470002181,00505684390C1FE0BF989C27D79FE888
CMM_MTM_PUR,083,CMM_VLOGP_BGRFC_0470002183,00505684390C1FE0BF991ED47195A888
CMM_MTM_PUR,083,CMM_VLOGP_BGRFC_0470002191,00505684390C1FE180E2FDED13B6A889
CMM_MTM_PUR,083,CMM_VLOGP_BGRFC_0470002196,00505684390C1FE1818E336FA555A889
CMM_MTM_PUR,083,CMM_VLOGP_BGRFC_0470002197,00505684390C1FE181BE3A8591EBA889
CMM_MTM_PUR,083,CMM_VLOGP_BGRFC_0470002199,00505684390C1FE181ED75A21D72A889
CMM_MTM_PUR,083,CMM_VLOGP_BGRFC_0470002200,00505684390C1FE181ED88EB69DF6889
CMM_MTM_PUR,083,CMM_VLOGP_BGRFC_0470002202,00505684390C1FE181F8225A9FE04889
CMM_MTM_PUR,083,CMM_VLOGP_BGRFC_0470002203,00505684390C1FE182F09C8C2BD70889
CMM_MTM_PUR,083,CMM_VLOGP_BGRFC_0470002204,00505684390C1FE182F115DAE3722889
CMM_MTM_PUR,083,CMM_VLOGP_BGRFC_0470002205,00505684390C1FE183872E52DBB5E889
CMM_MTM_PUR,083,CMM_VLOGP_BGRFC_0470002206,00505684390C1FE183A12BA131756889
CMM_MTM_PUR,083,CMM_VLOGP_BGRFC_0470002207,00505684390C1FE183A13F398E976889
CMM_MTM_PUR,083,CMM_VLOGP_BGRFC_0470002208,00505684390C1FE183B5A43B18F2A889
CMM_MTM_PUR,083,CMM_VLOGP_BGRFC_0470002209,00505684390C1FE183BA5A14E4900889
CMM_MTM_PUR,083,CMM_VLOGP_BGRFC_0470002213,00505684390C1FE1849B42349541C88B
CMM_MTM_PUR,083,CMM_VLOGP_BGRFC_0470002217,00505684390C1FE1868088172E17C88F
CMM_MTM_PUR,083,CMM_VLOGP_BGRFC_0470002218,00505684390C1FE1879318DB9F09A88F
CMM_MTM_PUR,083,CMM_VLOGP_BGRFC_0470002224,00505684390C1FE188AA563B7D8C0891
CMM_MTM_PUR,083,CMM_VLOGP_BGRFC_0470002232,00505684390C1FE188C7C21B3B900891
CMM_MTM_PUR,083,CMM_VLOGP_BGRFC_0470002236,00505684390C1FE189929F3B0120A891
CMM_MTM_PUR,083,CMM_VLOGP_BGRFC_0470002238,00505684390C1FE189AFDD22915A4891
CMM_MTM_PUR,083,CMM_VLOGP_BGRFC_0470002250,00505684390C1FE18BD2B0C37EEF4894
CMM_MTM_PUR,083,CMM_VLOGP_BGRFC_0470002253,00505684390C1FE18EB4E9C76955C896
CMM_MTM_PUR,083,CMM_VLOGP_BGRFC_0470002254,00505684390C1FE18EB51D1E02B02896
CMM_MTM_PUR,083,CMM_VLOGP_BGRFC_0470002255,00505684390C1FE18EB52F84AC440896
CMM_MTM_PUR,083,CMM_VLOGP_BGRFC_0470002260,00505684390C1FE190CE2CEFA18F8896
CMM_MTM_PUR,083,CMM_VLOGP_BGRFC_0470002276,00505684390C1FE192CB4B880A12A899
CMM_MTM_PUR,083,CMM_VLOGP_BGRFC_0470002277,00505684390C1FE193AE379E4D7E0899
CMM_MTM_PUR,083,CMM_VLOGP_BGRFC_0470002279,00505684390C1FE193E17FF9F798E899
CMM_MTM_PUR,083,CMM_VLOGP_BGRFC_0470002281,00505684390C1FE195A8AC8D35B4C89A
CMM_MTM_PUR,083,CMM_VLOGP_BGRFC_0610000267,00505684390C1FE097B53C1C1C358832
CMM_MTM_PUR,083,CMM_VLOGP_BGRFC_0610000268,00505684390C1FE097B53C584DCEE832
CMM_MTM_PUR,083,CMM_VLOGP_BGRFC_0610000278,00505684390C1FE097B53EEF1834C832
CMM_MTM_PUR,083,CMM_VLOGP_BGRFC_0610000280,00505684390C1FE097B540437CD02832
CMM_MTM_PUR,083,CMM_VLOGP_BGRFC_0610000281,00505684390C1FE097B540C558460832
CMM_MTM_PUR,083,CMM_VLOGP_BGRFC_0610000285,00505684390C1FE097B542D6D73C4832
CMM_MTM_PUR,083,CMM_VLOGP_BGRFC_0610000287,00505684390C1FE097B542EBEAEF0832
CMM_MTM_PUR,083,CMM_VLOGP_BGRFC_0610000322,00505684390C1FE097B545C90B1C0832
CMM_MTM_PUR,083,CMM_VLOGP_BGRFC_0610000333,00505684390C1FE097B547F1B4A80832
CMM_MTM_PUR,083,CMM_VLOGP_BGRFC_0610000336,00505684390C1FE097B5487782346832
CMM_MTM_PUR,083,CMM_VLOGP_BGRFC_0610000338,00505684390C1FE097B548C4D5A32832
CMM_MTM_PUR,083,CMM_VLOGP_BGRFC_0610000351,00505684390C1FE097B56BDC03CF4832
CMM_MTM_PUR,083,CMM_VLOGP_BGRFC_0610000377,00505684390C1FE0BABD8ED3947F4880
CMM_MTM_PUR,083,CMM_VLOGP_BGRFC_0610000379,00505684390C1FE0BCCA45F68124A886
CMM_MTM_PUR,083,CMM_VLOGP_BGRFC_0610000380,00505684390C1FE180E1E14107F8E889
CMM_MTM_PUR,083,CMM_VLOGP_BGRFC_0610000393,00505684390C1FE18DEA1A110A85A896
CMM_MTM_PUR,083,CMM_VLOGP_BGRFC_0620000000,00505684390C1FE09F9021B051276846
CMM_MTM_PUR,083,CMM_VLOGP_BGRFC_0620000004,00505684390C1FE09F9092DDAC7B8846
CMM_MTM_PUR,083,CMM_VLOGP_BGRFC_0620000007,00505684390C1FE097B56BEEF9DB6832
CMM_MTM_PUR,083,CMM_VLOGP_BGRFC_0620000010,00505684390C1FE097B56CB2C25EE832
CMM_MTM_PUR,083,CMM_VLOGP_BGRFC_0620000011,00505684390C1FE097B562C3A5CF4832
CMM_MTM_PUR,083,CMM_VLOGP_BGRFC_0620000012,00505684390C1FE097B562EC86134832
CMM_MTM_PUR,083,CMM_VLOGP_BGRFC_0620000017,00505684390C1FE097B5636C85FB4832
CMM_MTM_PUR,083,CMM_VLOGP_BGRFC_0620000018,00505684390C1FE097B5639586C86832
CMM_MTM_PUR,083,CMM_VLOGP_BGRFC_0620000022,00505684390C1FE097B56E855E02E832
CMM_MTM_PUR,083,CMM_VLOGP_BGRFC_0620000025,00505684390C1FE0A6CB9E0246ABA853
CMM_MTM_PUR,083,CMM_VLOGP_BGRFC_0620000033,00505684390C1FE097B57196C83C0832
CMM_MTM_PUR,083,CMM_VLOGP_BGRFC_0620000035,00505684390C1FE097B572EA7A406832
CMM_MTM_PUR,083,CMM_VLOGP_BGRFC_0620000036,00505684390C1FE097B572DB5EEA2832
CMM_MTM_PUR,083,CMM_VLOGP_BGRFC_0620000037,00505684390C1FE097B5732770398832
CMM_MTM_PUR,083,CMM_VLOGP_BGRFC_0620000038,00505684390C1FE097B5746422FBE832
CMM_MTM_PUR,083,CMM_VLOGP_BGRFC_0620000042,00505684390C1FE097B57616494CE832
CMM_MTM_PUR,083,CMM_VLOGP_BGRFC_0620000062,00505684390C1FE0A6BF560CBF89A852
CMM_MTM_PUR,083,CMM_VLOGP_BGRFC_0620000068,00505684390C1FE0A6BF5A9D81568852
CMM_MTM_PUR,083,CMM_VLOGP_BGRFC_0620000069,00505684390C1FE0A6BF5B2CA4356852
CMM_MTM_PUR,083,CMM_VLOGP_BGRFC_0620000074,00505684390C1FE09F909F20AB66E846
CMM_MTM_PUR,083,CMM_VLOGP_BGRFC_0620000075,00505684390C1FE0A6BF5F604F6C4852
CMM_MTM_PUR,083,CMM_VLOGP_BGRFC_0620000086,00505684390C1FE0A6BF623A9385E852
CMM_MTM_PUR,083,CMM_VLOGP_BGRFC_0620000087,00505684390C1FE0A6BF62FA39712852
CMM_MTM_PUR,083,CMM_VLOGP_BGRFC_0620000089,00505684390C1FE0A6BF6417052EE852
CMM_MTM_PUR,083,CMM_VLOGP_BGRFC_0620000090,00505684390C1FE0A6BF661E4819C852
CMM_MTM_PUR,083,CMM_VLOGP_BGRFC_0620000091,00505684390C1FE0A6BF6703C8012852
CMM_MTM_PUR,083,CMM_VLOGP_BGRFC_0620000093,00505684390C1FE0A6BF684F0E0B2852
CMM_MTM_PUR,083,CMM_VLOGP_BGRFC_0620000108,00505684390C1FE096E609504A864832
CMM_MTM_PUR,083,CMM_VLOGP_BGRFC_0620000109,00505684390C1FE09A8750FDBA6FC832
CMM_MTM_PUR,083,CMM_VLOGP_BGRFC_0620000111,00505684390C1FE0A5FE2B9430C96851
CMM_MTM_PUR,083,CMM_VLOGP_BGRFC_0620000112,00505684390C1FE0A5FE6FE065DCE851
CMM_MTM_PUR,083,CMM_VLOGP_BGRFC_0620000116,00505684390C1FE184DD0BD636D5288D
CMM_MTM_PUR,083,CMM_VLOGP_BGRFC_0620000117,00505684390C1FE184F4C3349E89288D
CMM_MTM_PUR,083,CMM_VLOGP_BGRFC_0620000118,00505684390C1FE184F72CDDC0BA888D
CMM_MTM_PUR,083,CMM_VLOGP_BGRFC_0620000119,00505684390C1FE184F77F573527088D
CMM_MTM_PUR,083,CMM_VLOGP_BGRFC_0620000120,00505684390C1FE184F795765B2B088D
CMM_MTM_PUR,083,CMM_VLOGP_BGRFC_0620000124,00505684390C1FE184F8D9CCAF4AA88D
CMM_MTM_PUR,083,CMM_VLOGP_BGRFC_0620000125,00505684390C1FE184F8F598EFA5E88D
CMM_MTM_PUR,083,CMM_VLOGP_BGRFC_0620000148,00505684390C1FE188F07D6AF7BF6891
CMM_MTM_PUR,083,CMM_VLOGP_BGRFC_0620000149,00505684390C1FE18AA4FA2F53ED0893
CMM_MTM_PUR,083,CMM_VLOGP_BGRFC_0620000150,00505684390C1FE191F5959BBCC40899
CMM_MTM_PUR,083,CMM_VLOGP_BGRFC_0620000159,00505684390C1FE194CCCA8040F8E899
CMM_MTM_PUR,083,CMM_VLOGP_BGRFC_0620000160,00505684390C1FE194CCD48D04EA6899
CMM_MTM_PUR,083,CMM_VLOGP_BGRFC_4500000272,00505684390C1FE092EB421B303FA832
CMM_MTM_PUR,083,CMM_VLOGP_BGRFC_4500000294,00505684390C1FE092EB421B30418832
CMM_MTM_PUR,083,CMM_VLOGP_BGRFC_4500000295,00505684390C1FE092EB4241C50F8832
CMM_MTM_PUR,083,CMM_VLOGP_BGRFC_4500000307,00505684390C1FE092EB4241C5116832
CMM_MTM_PUR,083,CMM_VLOGP_BGRFC_4500000318,00505684390C1FE092EB426F1984C832
CMM_MTM_PUR,083,CMM_VLOGP_BGRFC_4500000320,00505684390C1FE092EB426F1986A832
CMM_MTM_PUR,083,CMM_VLOGP_BGRFC_4500000321,00505684390C1FE092EB42951CD50832
CMM_MTM_PUR,083,CMM_VLOGP_BGRFC_4500000322,00505684390C1FE092EB42951CD6E832
CMM_MTM_PUR,083,CMM_VLOGP_BGRFC_4500000323,00505684390C1FE092EB42BFEE7A4832
CMM_MTM_PUR,083,CMM_VLOGP_BGRFC_4500000324,00505684390C1FE092EB42BFEE7C2832
CMM_MTM_PUR,083,CMM_VLOGP_BGRFC_4500000325,00505684390C1FE092EB42D99A05E832
CMM_MTM_PUR,083,CMM_VLOGP_BGRFC_4500000326,00505684390C1FE092EB42D99A07C832
CMM_MTM_PUR,083,CMM_VLOGP_BGRFC_4500000327,00505684390C1FE092EB430062FF8832
CMM_MTM_PUR,083,CMM_VLOGP_BGRFC_4500000328,00505684390C1FE092EB4327D3B6C832
CMM_MTM_PUR,083,CMM_VLOGP_BGRFC_4500000333,00505684390C1FE092EB4327D3B8A832
CMM_MTM_PUR,083,CMM_VLOGP_BGRFC_4500000334,00505684390C1FE092EB4327D3BA8832
CMM_MTM_PUR,083,CMM_VLOGP_BGRFC_4500000335,00505684390C1FE092EB434D10468832
CMM_MTM_PUR,083,CMM_VLOGP_BGRFC_4500000336,00505684390C1FE092EB434D10486832
CMM_MTM_PUR,083,CMM_VLOGP_BGRFC_4500000337,00505684390C1FE092EB437251DD6832
CMM_MTM_PUR,083,CMM_VLOGP_BGRFC_4500000338,00505684390C1FE092EB437251DF4832
CMM_MTM_PUR,083,CMM_VLOGP_BGRFC_4500000339,00505684390C1FE092EB4399F24D4832
CMM_MTM_PUR,083,CMM_VLOGP_BGRFC_4500000340,00505684390C1FE092EB4399F24F2832
CMM_MTM_PUR,083,CMM_VLOGP_BGRFC_4500000341,00505684390C1FE092EB43C01EE3C832
CMM_MTM_PUR,083,CMM_VLOGP_BGRFC_4500000342,00505684390C1FE092EB43C01EE5A832
CMM_MTM_PUR,083,CMM_VLOGP_BGRFC_4500000343,00505684390C1FE092EB43E4E7A84832
CMM_MTM_PUR,083,CMM_VLOGP_BGRFC_4500000344,00505684390C1FE092EB43E4E7AA2832
CMM_MTM_PUR,083,CMM_VLOGP_BGRFC_4500000345,00505684390C1FE092EB44113D3E8832
CMM_MTM_PUR,083,CMM_VLOGP_BGRFC_4500000346,00505684390C1FE092EB44113D406832
CMM_MTM_PUR,083,CMM_VLOGP_BGRFC_4500000347,00505684390C1FE092EB4437B6308832
CMM_MTM_PUR,083,CMM_VLOGP_BGRFC_4500000348,00505684390C1FE092EB4437B6326832
CMM_MTM_PUR,083,CMM_VLOGP_BGRFC_4500000349,00505684390C1FE092EB248A778DE832
CMM_MTM_PUR,083,CMM_VLOGP_BGRFC_4500000350,00505684390C1FE092EB24B425C38832
CMM_MTM_PUR,083,CMM_VLOGP_BGRFC_4500000351,00505684390C1FE092EB24B425C56832
CMM_MTM_PUR,083,CMM_VLOGP_BGRFC_4500000352,00505684390C1FE092EB24D374952832
CMM_MTM_PUR,083,CMM_VLOGP_BGRFC_4500000353,00505684390C1FE092EB24F93BFBE832
CMM_MTM_PUR,083,CMM_VLOGP_BGRFC_4500000355,00505684390C1FE092EB24F93BFDC832
CMM_MTM_PUR,083,CMM_VLOGP_BGRFC_4500000356,00505684390C1FE092EB24F93BFFA832
CMM_MTM_PUR,083,CMM_VLOGP_BGRFC_4500000357,00505684390C1FE092EB251F7C066832
CMM_MTM_PUR,083,CMM_VLOGP_BGRFC_4500000358,00505684390C1FE092EB254615800832
CMM_MTM_PUR,083,CMM_VLOGP_BGRFC_4500000359,00505684390C1FE092EB25461581E832
CMM_MTM_PUR,083,CMM_VLOGP_BGRFC_4500000360,00505684390C1FE092EB25461583C832
CMM_MTM_PUR,083,CMM_VLOGP_BGRFC_4500000361,00505684390C1FE092EB256C80CD0832
CMM_MTM_PUR,083,CMM_VLOGP_BGRFC_4500000362,00505684390C1FE092EB2595F2008832
CMM_MTM_PUR,083,CMM_VLOGP_BGRFC_4500000363,00505684390C1FE092EB2595F2026832
CMM_MTM_PUR,083,CMM_VLOGP_BGRFC_4500000365,00505684390C1FE092EB25BC852D8832
CMM_MTM_PUR,083,CMM_VLOGP_BGRFC_4500000366,00505684390C1FE092EB25BC852F6832
CMM_MTM_PUR,083,CMM_VLOGP_BGRFC_4500000367,00505684390C1FE092EB25EA30F98832
CMM_MTM_PUR,083,CMM_VLOGP_BGRFC_4500000368,00505684390C1FE092EB25EA30FB6832
CMM_MTM_PUR,083,CMM_VLOGP_BGRFC_4500000369,00505684390C1FE092EB260414D6E832
CMM_MTM_PUR,083,CMM_VLOGP_BGRFC_4500000370,00505684390C1FE092EB262EF0EE4832
CMM_MTM_PUR,083,CMM_VLOGP_BGRFC_4500000371,00505684390C1FE092EB262EF0F02832
CMM_MTM_PUR,083,CMM_VLOGP_BGRFC_4500000372,00505684390C1FE092EB265051ABA832
CMM_MTM_PUR,083,CMM_VLOGP_BGRFC_4500000373,00505684390C1FE092EB26796DD3C832
CMM_MTM_PUR,083,CMM_VLOGP_BGRFC_4500000374,00505684390C1FE092EB26796DD5A832
CMM_MTM_PUR,083,CMM_VLOGP_BGRFC_4500000375,00505684390C1FE092EB26796DD78832
CMM_MTM_PUR,083,CMM_VLOGP_BGRFC_4500000376,00505684390C1FE092EB269CF892C832
CMM_MTM_PUR,083,CMM_VLOGP_BGRFC_4500000377,00505684390C1FE092EB269CF894A832
CMM_MTM_PUR,083,CMM_VLOGP_BGRFC_4500000378,00505684390C1FE092EB26C3ADCE8832
CMM_MTM_PUR,083,CMM_VLOGP_BGRFC_4500000379,00505684390C1FE092EB26C3ADD06832
CMM_MTM_PUR,083,CMM_VLOGP_BGRFC_4500000380,00505684390C1FE092EB26EAE4350832
CMM_MTM_PUR,083,CMM_VLOGP_BGRFC_4500000381,00505684390C1FE092EB26EAE436E832
CMM_MTM_PUR,083,CMM_VLOGP_BGRFC_4500000382,00505684390C1FE092EB270F1F6FA832
CMM_MTM_PUR,083,CMM_VLOGP_BGRFC_4500000383,00505684390C1FE092EB270F1F718832
CMM_MTM_PUR,083,CMM_VLOGP_BGRFC_4500000384,00505684390C1FE092EB27406ABB0832
CMM_MTM_PUR,083,CMM_VLOGP_BGRFC_4500000385,00505684390C1FE092EB27406ABCE832
CMM_MTM_PUR,083,CMM_VLOGP_BGRFC_4500000386,00505684390C1FE092EB27639BBAC832
CMM_MTM_PUR,083,CMM_VLOGP_BGRFC_4500000387,00505684390C1FE092EB27639BBCA832
CMM_MTM_PUR,083,CMM_VLOGP_BGRFC_4500000388,00505684390C1FE092EB278D87EFC832
CMM_MTM_PUR,083,CMM_VLOGP_BGRFC_4500000389,00505684390C1FE092EB278D87F1A832
CMM_MTM_PUR,083,CMM_VLOGP_BGRFC_4500000390,00505684390C1FE092EB27AA881AC832
CMM_MTM_PUR,083,CMM_VLOGP_BGRFC_4500000391,00505684390C1FE092EB27CFF62C0832
CMM_MTM_PUR,083,CMM_VLOGP_BGRFC_4500000395,00505684390C1FE092EB27CFF62DE832
CMM_MTM_PUR,083,CMM_VLOGP_BGRFC_4500000396,00505684390C1FE092EB27F839BC4832
CMM_MTM_PUR,083,CMM_VLOGP_BGRFC_4500000397,00505684390C1FE092EB27F839BE2832
CMM_MTM_PUR,083,CMM_VLOGP_BGRFC_4500000399,00505684390C1FE092EB281D513F8832
CMM_MTM_PUR,083,CMM_VLOGP_BGRFC_4500000400,00505684390C1FE092EB281D51416832
CMM_MTM_PUR,083,CMM_VLOGP_BGRFC_4500000402,00505684390C1FE092EB28421ADEC832
CMM_MTM_PUR,083,CMM_VLOGP_BGRFC_4500000403,00505684390C1FE092EB28421AE0A832
CMM_MTM_PUR,083,CMM_VLOGP_BGRFC_4500000404,00505684390C1FE092EB286703B16832
CMM_MTM_PUR,083,CMM_VLOGP_BGRFC_4500000405,00505684390C1FE092EB286703B34832
CMM_MTM_PUR,083,CMM_VLOGP_BGRFC_4500000406,00505684390C1FE092EB286703B52832
CMM_MTM_PUR,083,CMM_VLOGP_BGRFC_4500000407,00505684390C1FE092EB288D11E74832
CMM_MTM_PUR,083,CMM_VLOGP_BGRFC_4500000408,00505684390C1FE092EB288D11E92832
CMM_MTM_PUR,083,CMM_VLOGP_BGRFC_4500000409,00505684390C1FE092EB28B680530832
CMM_MTM_PUR,083,CMM_VLOGP_BGRFC_4500000410,00505684390C1FE092EB28B68054E832
CMM_MTM_PUR,083,CMM_VLOGP_BGRFC_4500000411,00505684390C1FE092EB28EB19C7C832
CMM_MTM_PUR,083,CMM_VLOGP_BGRFC_4500000412,00505684390C1FE092EB29004D902832
CMM_MTM_PUR,083,CMM_VLOGP_BGRFC_4500000414,00505684390C1FE092EB29004D920832
CMM_MTM_PUR,083,CMM_VLOGP_BGRFC_4500000415,00505684390C1FE092EB29004D93E832
CMM_MTM_PUR,083,CMM_VLOGP_BGRFC_4500000416,00505684390C1FE092EB29260B23E832
CMM_MTM_PUR,083,CMM_VLOGP_BGRFC_4500000417,00505684390C1FE092EB294D6A1EC832
CMM_MTM_PUR,083,CMM_VLOGP_BGRFC_4500000418,00505684390C1FE092EB294D6A20A832
CMM_MTM_PUR,083,CMM_VLOGP_BGRFC_4500000419,00505684390C1FE092EB294D6A228832
CMM_MTM_PUR,083,CMM_VLOGP_BGRFC_4500000420,00505684390C1FE092EB2971F6340832
CMM_MTM_PUR,083,CMM_VLOGP_BGRFC_4500000421,00505684390C1FE092EB2971F635E832
CMM_MTM_PUR,083,CMM_VLOGP_BGRFC_4500000422,00505684390C1FE092EB2997C4FB4832
CMM_MTM_PUR,083,CMM_VLOGP_BGRFC_4500000423,00505684390C1FE092EB2997C4FD2832
CMM_MTM_PUR,083,CMM_VLOGP_BGRFC_4500000424,00505684390C1FE092EB29BEF127C832
CMM_MTM_PUR,083,CMM_VLOGP_BGRFC_4500000425,00505684390C1FE092EB29BEF129A832
CMM_MTM_PUR,083,CMM_VLOGP_BGRFC_4500000426,00505684390C1FE092EB29ECCBB78832
CMM_MTM_PUR,083,CMM_VLOGP_BGRFC_4500000427,00505684390C1FE092EB29ECCBB96832
CMM_MTM_PUR,083,CMM_VLOGP_BGRFC_4500000428,00505684390C1FE092EB2A0E83EA0832
CMM_MTM_PUR,083,CMM_VLOGP_BGRFC_4500000429,00505684390C1FE092EB2A0E83EBE832
CMM_MTM_PUR,083,CMM_VLOGP_BGRFC_4500000430,00505684390C1FE092EB2A32664D0832
CMM_MTM_PUR,083,CMM_VLOGP_BGRFC_4500000431,00505684390C1FE092EB2A3162112832
CMM_MTM_PUR,083,CMM_VLOGP_BGRFC_4500000432,00505684390C1FE092EB2A5637D9C832
CMM_MTM_PUR,083,CMM_VLOGP_BGRFC_4500000433,00505684390C1FE092EB2A5637DBA832
CMM_MTM_PUR,083,CMM_VLOGP_BGRFC_4500000434,00505684390C1FE092EB2A5637DD8832
CMM_MTM_PUR,083,CMM_VLOGP_BGRFC_4500000435,00505684390C1FE092EB2A8595624832
CMM_MTM_PUR,083,CMM_VLOGP_BGRFC_4500000436,00505684390C1FE092EB2A8595642832
CMM_MTM_PUR,083,CMM_VLOGP_BGRFC_4500000437,00505684390C1FE092EB2AA8D89EC832
CMM_MTM_PUR,083,CMM_VLOGP_BGRFC_4500000438,00505684390C1FE092EB2AA8D8A0A832
CMM_MTM_PUR,083,CMM_VLOGP_BGRFC_4500000439,00505684390C1FE092EB2ACF1BFA0832
CMM_MTM_PUR,083,CMM_VLOGP_BGRFC_4500000440,00505684390C1FE092EB2ACF1BFBE832
CMM_MTM_PUR,083,CMM_VLOGP_BGRFC_4500000441,00505684390C1FE092EB2AEFBD5C4832
CMM_MTM_PUR,083,CMM_VLOGP_BGRFC_4500000442,00505684390C1FE092EB2AEFBD5E2832
CMM_MTM_PUR,083,CMM_VLOGP_BGRFC_4500000443,00505684390C1FE092EB2B1796A28832
CMM_MTM_PUR,083,CMM_VLOGP_BGRFC_4500000444,00505684390C1FE092EB2B1796A46832
CMM_MTM_PUR,083,CMM_VLOGP_BGRFC_4500000445,00505684390C1FE092EB2B3B98A1E832
CMM_MTM_PUR,083,CMM_VLOGP_BGRFC_4500000446,00505684390C1FE092EB2B3B98A3C832
CMM_MTM_PUR,083,CMM_VLOGP_BGRFC_4500000447,00505684390C1FE092EB2B63332B0832
CMM_MTM_PUR,083,CMM_VLOGP_BGRFC_4500000448,00505684390C1FE092EB2B63332CE832
CMM_MTM_PUR,083,CMM_VLOGP_BGRFC_4500000449,00505684390C1FE092EB2B8B673F8832
CMM_MTM_PUR,083,CMM_VLOGP_BGRFC_4500000450,00505684390C1FE092EB2B8B67416832
CMM_MTM_PUR,083,CMM_VLOGP_BGRFC_4500000451,00505684390C1FE092EB2BB30453C832
CMM_MTM_PUR,083,CMM_VLOGP_BGRFC_4500000452,00505684390C1FE092EB2BB30455A832
CMM_MTM_PUR,083,CMM_VLOGP_BGRFC_4500000453,00505684390C1FE092EB2BDBACDA4832
CMM_MTM_PUR,083,CMM_VLOGP_BGRFC_4500000454,00505684390C1FE092EB2BDBACDC2832
CMM_MTM_PUR,083,CMM_VLOGP_BGRFC_4500000455,00505684390C1FE092EB2C068948C832
CMM_MTM_PUR,083,CMM_VLOGP_BGRFC_4500000456,00505684390C1FE092EB2C06894AA832
CMM_MTM_PUR,083,CMM_VLOGP_BGRFC_4500000457,00505684390C1FE092EB2C2ADFEA8832
CMM_MTM_PUR,083,CMM_VLOGP_BGRFC_4500000458,00505684390C1FE092EB2C2ADFEC6832
CMM_MTM_PUR,083,CMM_VLOGP_BGRFC_4500000459,00505684390C1FE092EB2C4D2EB58832
CMM_MTM_PUR,083,CMM_VLOGP_BGRFC_4500000460,00505684390C1FE092EB2C4D2EB76832
CMM_MTM_PUR,083,CMM_VLOGP_BGRFC_4500000461,00505684390C1FE092EB2C72D7058832
CMM_MTM_PUR,083,CMM_VLOGP_BGRFC_4500000464,00505684390C1FE092EB2C72D7076832
CMM_MTM_PUR,083,CMM_VLOGP_BGRFC_4500000465,00505684390C1FE092EB2C963197C832
CMM_MTM_PUR,083,CMM_VLOGP_BGRFC_4500000466,00505684390C1FE092EB2C963199A832
CMM_MTM_PUR,083,CMM_VLOGP_BGRFC_4500000467,00505684390C1FE092EB2CB892AC0832
CMM_MTM_PUR,083,CMM_VLOGP_BGRFC_4500000468,00505684390C1FE092EB2CB892ADE832
CMM_MTM_PUR,083,CMM_VLOGP_BGRFC_4500000469,00505684390C1FE092EB2CB892AFC832
CMM_MTM_PUR,083,CMM_VLOGP_BGRFC_4500000470,00505684390C1FE092EB2CDECEFB4832
CMM_MTM_PUR,083,CMM_VLOGP_BGRFC_4500000471,00505684390C1FE092EB2CDECEFD2832
CMM_MTM_PUR,083,CMM_VLOGP_BGRFC_4500000472,00505684390C1FE092EB2D04E0668832
CMM_MTM_PUR,083,CMM_VLOGP_BGRFC_4500000473,00505684390C1FE092EB2D04E0686832
CMM_MTM_PUR,083,CMM_VLOGP_BGRFC_4500000474,00505684390C1FE092EB2D2BE754C832
CMM_MTM_PUR,083,CMM_VLOGP_BGRFC_4500000476,00505684390C1FE092EB2D55B6360832
CMM_MTM_PUR,083,CMM_VLOGP_BGRFC_4500000477,00505684390C1FE092EB2D55B637E832
CMM_MTM_PUR,083,CMM_VLOGP_BGRFC_4500000478,00505684390C1FE092EB2D77A0494832
CMM_MTM_PUR,083,CMM_VLOGP_BGRFC_4500000479,00505684390C1FE092EB2D77A04B2832
CMM_MTM_PUR,083,CMM_VLOGP_BGRFC_4500000480,00505684390C1FE092EB2D77A04D0832
CMM_MTM_PUR,083,CMM_VLOGP_BGRFC_4500000481,00505684390C1FE092EB2D9EB13CE832
CMM_MTM_PUR,083,CMM_VLOGP_BGRFC_4500000482,00505684390C1FE092EB2DC3EE42C832
CMM_MTM_PUR,083,CMM_VLOGP_BGRFC_4500000483,00505684390C1FE092EB2DC3EE44A832
CMM_MTM_PUR,083,CMM_VLOGP_BGRFC_4500000484,00505684390C1FE092EB2DEF156B4832
CMM_MTM_PUR,083,CMM_VLOGP_BGRFC_4500000485,00505684390C1FE092EB2DEF156D6832
CMM_MTM_PUR,083,CMM_VLOGP_BGRFC_4500000486,00505684390C1FE092EB2E1619760832
CMM_MTM_PUR,083,CMM_VLOGP_BGRFC_4500000487,00505684390C1FE092EB2E161977E832
CMM_MTM_PUR,083,CMM_VLOGP_BGRFC_4500000488,00505684390C1FE092EB2E395790C832
CMM_MTM_PUR,083,CMM_VLOGP_BGRFC_4500000489,00505684390C1FE092EB2E395792A832
CMM_MTM_PUR,083,CMM_VLOGP_BGRFC_4500000490,00505684390C1FE092EB2E60573CC832
CMM_MTM_PUR,083,CMM_VLOGP_BGRFC_4500000491,00505684390C1FE092EB2E60573EA832
CMM_MTM_PUR,083,CMM_VLOGP_BGRFC_4500000492,00505684390C1FE092EB2E8523A84832
CMM_MTM_PUR,083,CMM_VLOGP_BGRFC_4500000493,00505684390C1FE092EB2E8523AA2832
CMM_MTM_PUR,083,CMM_VLOGP_BGRFC_4500000494,00505684390C1FE092EB2EACB3694832
CMM_MTM_PUR,083,CMM_VLOGP_BGRFC_4500000495,00505684390C1FE092EB2EACB36B2832
CMM_MTM_PUR,083,CMM_VLOGP_BGRFC_4500000496,00505684390C1FE092EB2ECF8E434832
CMM_MTM_PUR,083,CMM_VLOGP_BGRFC_4500000497,00505684390C1FE092EB2ECF8E452832
CMM_MTM_PUR,083,CMM_VLOGP_BGRFC_4500000498,00505684390C1FE092EB2ECF8E470832
CMM_MTM_PUR,083,CMM_VLOGP_BGRFC_4500000499,00505684390C1FE092EB2EF55B33C832
CMM_MTM_PUR,083,CMM_VLOGP_BGRFC_4500000500,00505684390C1FE092EB2EF55B35A832
CMM_MTM_PUR,083,CMM_VLOGP_BGRFC_4500000501,00505684390C1FE092EB2F1ADD84A832
CMM_MTM_PUR,083,CMM_VLOGP_BGRFC_4500000503,00505684390C1FE092EB2F4152DA0832
CMM_MTM_PUR,083,CMM_VLOGP_BGRFC_4500000504,00505684390C1FE092EB2F4152DBE832
CMM_MTM_PUR,083,CMM_VLOGP_BGRFC_4500000505,00505684390C1FE092EB2F673F270832
CMM_MTM_PUR,083,CMM_VLOGP_BGRFC_4500000506,00505684390C1FE092EB2F673F28E832
CMM_MTM_PUR,083,CMM_VLOGP_BGRFC_4500000507,00505684390C1FE092EB2F673F2AC832
CMM_MTM_PUR,083,CMM_VLOGP_BGRFC_4500000508,00505684390C1FE092EB2F8D97C20832
CMM_MTM_PUR,083,CMM_VLOGP_BGRFC_4500000509,00505684390C1FE092EB2F8D97C3E832
CMM_MTM_PUR,083,CMM_VLOGP_BGRFC_4500000510,00505684390C1FE092EB2FBEA94EC832
CMM_MTM_PUR,083,CMM_VLOGP_BGRFC_4500000511,00505684390C1FE092EB2FBEA950A832
CMM_MTM_PUR,083,CMM_VLOGP_BGRFC_4500000512,00505684390C1FE092EB2FE652DA4832
CMM_MTM_PUR,083,CMM_VLOGP_BGRFC_4500000513,00505684390C1FE092EB2FE652DC2832
CMM_MTM_PUR,083,CMM_VLOGP_BGRFC_4500000514,00505684390C1FE092EB30014E634832
CMM_MTM_PUR,083,CMM_VLOGP_BGRFC_4500000515,00505684390C1FE092EB30014E652832
CMM_MTM_PUR,083,CMM_VLOGP_BGRFC_4500000516,00505684390C1FE092EB30266B312832
CMM_MTM_PUR,083,CMM_VLOGP_BGRFC_4500000517,00505684390C1FE092EB30266B330832
CMM_MTM_PUR,083,CMM_VLOGP_BGRFC_4500000518,00505684390C1FE092EB3050374B8832
CMM_MTM_PUR,083,CMM_VLOGP_BGRFC_4500000519,00505684390C1FE092EB3050374D6832
CMM_MTM_PUR,083,CMM_VLOGP_BGRFC_4500000520,00505684390C1FE092EB307284ED0832
CMM_MTM_PUR,083,CMM_VLOGP_BGRFC_4500000521,00505684390C1FE092EB307284EEE832
CMM_MTM_PUR,083,CMM_VLOGP_BGRFC_4500000522,00505684390C1FE092EB30A012550832
CMM_MTM_PUR,083,CMM_VLOGP_BGRFC_4500000524,00505684390C1FE092EB30A01256E832
CMM_MTM_PUR,083,CMM_VLOGP_BGRFC_4500000525,00505684390C1FE092EB30C87DABC832
CMM_MTM_PUR,083,CMM_VLOGP_BGRFC_4500000526,00505684390C1FE092EB30C87DADA832
CMM_MTM_PUR,083,CMM_VLOGP_BGRFC_4500000527,00505684390C1FE092EB30E610038832
CMM_MTM_PUR,083,CMM_VLOGP_BGRFC_4500000531,00505684390C1FE092EB310F34528832
CMM_MTM_PUR,083,CMM_VLOGP_BGRFC_4500000532,00505684390C1FE092EB310F34546832
CMM_MTM_PUR,083,CMM_VLOGP_BGRFC_4500000533,00505684390C1FE092EB31388484C832
CMM_MTM_PUR,083,CMM_VLOGP_BGRFC_4500000534,00505684390C1FE092EB31388486A832
CMM_MTM_PUR,083,CMM_VLOGP_BGRFC_4500000536,00505684390C1FE092EB316680FC0832
CMM_MTM_PUR,083,CMM_VLOGP_BGRFC_4500000537,00505684390C1FE092EB317FCD9FE832
CMM_MTM_PUR,083,CMM_VLOGP_BGRFC_4500000538,00505684390C1FE092EB317FCDA1C832
CMM_MTM_PUR,083,CMM_VLOGP_BGRFC_4500000539,00505684390C1FE092EB31B21E84C832
CMM_MTM_PUR,083,CMM_VLOGP_BGRFC_4500000540,00505684390C1FE092EB31B21E86A832
CMM_MTM_PUR,083,CMM_VLOGP_BGRFC_4500000541,00505684390C1FE092EB31CA66854832
CMM_MTM_PUR,083,CMM_VLOGP_BGRFC_4500000542,00505684390C1FE092EB31F52E970832
CMM_MTM_PUR,083,CMM_VLOGP_BGRFC_4500000543,00505684390C1FE092EB31F52E98E832
CMM_MTM_PUR,083,CMM_VLOGP_BGRFC_4500000544,00505684390C1FE092EB321A717F0832
CMM_MTM_PUR,083,CMM_VLOGP_BGRFC_4500000545,00505684390C1FE092EB321A7180E832
CMM_MTM_PUR,083,CMM_VLOGP_BGRFC_4500000546,00505684390C1FE092EB323EFBFD0832
CMM_MTM_PUR,083,CMM_VLOGP_BGRFC_4500000547,00505684390C1FE092EB323EFBFEE832
CMM_MTM_PUR,083,CMM_VLOGP_BGRFC_4500000548,00505684390C1FE092EB32624FDEC832
CMM_MTM_PUR,083,CMM_VLOGP_BGRFC_4500000549,00505684390C1FE092EB32624FE0A832
CMM_MTM_PUR,083,CMM_VLOGP_BGRFC_4500000550,00505684390C1FE092EB328B56088832
CMM_MTM_PUR,083,CMM_VLOGP_BGRFC_4500000551,00505684390C1FE092EB328B560A6832
CMM_MTM_PUR,083,CMM_VLOGP_BGRFC_4500000552,00505684390C1FE092EB328B560C4832
CMM_MTM_PUR,083,CMM_VLOGP_BGRFC_4500000553,00505684390C1FE092EB32AEEB4BA832
CMM_MTM_PUR,083,CMM_VLOGP_BGRFC_4500000554,00505684390C1FE092EB32AEEB4D8832
CMM_MTM_PUR,083,CMM_VLOGP_BGRFC_4500000556,00505684390C1FE092EB32D554D0E832
CMM_MTM_PUR,083,CMM_VLOGP_BGRFC_4500000559,00505684390C1FE092EB32D554D2C832
CMM_MTM_PUR,083,CMM_VLOGP_BGRFC_4500000560,00505684390C1FE092EB32FB85A90832
CMM_MTM_PUR,083,CMM_VLOGP_BGRFC_4500000561,00505684390C1FE092EB32FB85AAE832
CMM_MTM_PUR,083,CMM_VLOGP_BGRFC_4500000562,00505684390C1FE092EB33217C0F6832
CMM_MTM_PUR,083,CMM_VLOGP_BGRFC_4500000564,00505684390C1FE092EB33217C114832
CMM_MTM_PUR,083,CMM_VLOGP_BGRFC_4500000566,00505684390C1FE092EB3354D5B34832
CMM_MTM_PUR,083,CMM_VLOGP_BGRFC_4500000567,00505684390C1FE092EB3354D5B52832
CMM_MTM_PUR,083,CMM_VLOGP_BGRFC_4500000568,00505684390C1FE092EB336F608E8832
CMM_MTM_PUR,083,CMM_VLOGP_BGRFC_4500000569,00505684390C1FE092EB336F60906832
CMM_MTM_PUR,083,CMM_VLOGP_BGRFC_4500000570,00505684390C1FE092EB339E468B8832
CMM_MTM_PUR,083,CMM_VLOGP_BGRFC_4500000571,00505684390C1FE092EB33BF847A0832
CMM_MTM_PUR,083,CMM_VLOGP_BGRFC_4500000572,00505684390C1FE092EB33BF847C6832
CMM_MTM_PUR,083,CMM_VLOGP_BGRFC_4500000573,00505684390C1FE092EB33EB4EAD4832
CMM_MTM_PUR,083,CMM_VLOGP_BGRFC_4500000574,00505684390C1FE092EB33EB4EAF2832
CMM_MTM_PUR,083,CMM_VLOGP_BGRFC_4500000575,00505684390C1FE092EB34062945A832
CMM_MTM_PUR,083,CMM_VLOGP_BGRFC_4500000576,00505684390C1FE092EB340629478832
CMM_MTM_PUR,083,CMM_VLOGP_BGRFC_4500000577,00505684390C1FE092EB342ECFD14832
CMM_MTM_PUR,083,CMM_VLOGP_BGRFC_4500000578,00505684390C1FE092EB342ECFD32832
CMM_MTM_PUR,083,CMM_VLOGP_BGRFC_4500000579,00505684390C1FE092EB34556F564832
CMM_MTM_PUR,083,CMM_VLOGP_BGRFC_4500000580,00505684390C1FE092EB34556F582832
CMM_MTM_PUR,083,CMM_VLOGP_BGRFC_4500000581,00505684390C1FE092EB347931F8E832
CMM_MTM_PUR,083,CMM_VLOGP_BGRFC_4500000582,00505684390C1FE092EB34A14075C832
CMM_MTM_PUR,083,CMM_VLOGP_BGRFC_4500000584,00505684390C1FE092EB34A14077A832
CMM_MTM_PUR,083,CMM_VLOGP_BGRFC_4500000585,00505684390C1FE092EB34A140798832
CMM_MTM_PUR,083,CMM_VLOGP_BGRFC_4500000586,00505684390C1FE092EB34C55CE50832
CMM_MTM_PUR,083,CMM_VLOGP_BGRFC_4500000587,00505684390C1FE092EB34EACDB52832
CMM_MTM_PUR,083,CMM_VLOGP_BGRFC_4500000588,00505684390C1FE092EB34EACDB70832
CMM_MTM_PUR,083,CMM_VLOGP_BGRFC_4500000589,00505684390C1FE092EB35150DAA4832
CMM_MTM_PUR,083,CMM_VLOGP_BGRFC_4500000591,00505684390C1FE092EB35150DAC2832
CMM_MTM_PUR,083,CMM_VLOGP_BGRFC_4500000592,00505684390C1FE092EB35407D770832
CMM_MTM_PUR,083,CMM_VLOGP_BGRFC_4500000593,00505684390C1FE092EB35407D78E832
CMM_MTM_PUR,083,CMM_VLOGP_BGRFC_4500000594,00505684390C1FE092EB3567D3838832
CMM_MTM_PUR,083,CMM_VLOGP_BGRFC_4500000595,00505684390C1FE092EB3567D3856832
CMM_MTM_PUR,083,CMM_VLOGP_BGRFC_4500000596,00505684390C1FE092EB3583604A4832
CMM_MTM_PUR,083,CMM_VLOGP_BGRFC_4500000597,00505684390C1FE092EB3583604C2832
CMM_MTM_PUR,083,CMM_VLOGP_BGRFC_4500000598,00505684390C1FE092EB35AA419F0832
CMM_MTM_PUR,083,CMM_VLOGP_BGRFC_4500000602,00505684390C1FE092EB35AA41A0E832
CMM_MTM_PUR,083,CMM_VLOGP_BGRFC_4500000606,00505684390C1FE092EB35D1A2130832
CMM_MTM_PUR,083,CMM_VLOGP_BGRFC_4500000607,00505684390C1FE092EB35D1A214E832
CMM_MTM_PUR,083,CMM_VLOGP_BGRFC_4500000608,00505684390C1FE092EB360CFEE5C832
CMM_MTM_PUR,083,CMM_VLOGP_BGRFC_4500000609,00505684390C1FE092EB360CFEE7A832
CMM_MTM_PUR,083,CMM_VLOGP_BGRFC_4500000612,00505684390C1FE092EB362FEA5D0832
CMM_MTM_PUR,083,CMM_VLOGP_BGRFC_4500000613,00505684390C1FE092EB362FEA5EE832
CMM_MTM_PUR,083,CMM_VLOGP_BGRFC_4500000614,00505684390C1FE092EB36557B0A2832
CMM_MTM_PUR,083,CMM_VLOGP_BGRFC_4500000615,00505684390C1FE092EB36557B0C0832
CMM_MTM_PUR,083,CMM_VLOGP_BGRFC_4500000616,00505684390C1FE092EB3686B1D6C832
CMM_MTM_PUR,083,CMM_VLOGP_BGRFC_4500000617,00505684390C1FE092EB36A48EC7C832
CMM_MTM_PUR,083,CMM_VLOGP_BGRFC_4500000619,00505684390C1FE092EB36A48EC9A832
CMM_MTM_PUR,083,CMM_VLOGP_BGRFC_4500000623,00505684390C1FE092EB36CB11CDC832
CMM_MTM_PUR,083,CMM_VLOGP_BGRFC_4500000628,00505684390C1FE092EB36CB11CFA832
CMM_MTM_PUR,083,CMM_VLOGP_BGRFC_4500000629,00505684390C1FE092EB36F5D7FD4832
CMM_MTM_PUR,083,CMM_VLOGP_BGRFC_4500000630,00505684390C1FE092EB36F5D7FF2832
CMM_MTM_PUR,083,CMM_VLOGP_BGRFC_4500000631,00505684390C1FE092EB371FE167C832
CMM_MTM_PUR,083,CMM_VLOGP_BGRFC_4500000632,00505684390C1FE092EB371FE169A832
CMM_MTM_PUR,083,CMM_VLOGP_BGRFC_4500000633,00505684390C1FE092EB373B0CF98832
CMM_MTM_PUR,083,CMM_VLOGP_BGRFC_4500000634,00505684390C1FE092EB373B0CFB6832
CMM_MTM_PUR,083,CMM_VLOGP_BGRFC_4500000635,00505684390C1FE092EB37607E88C832
CMM_MTM_PUR,083,CMM_VLOGP_BGRFC_4500000636,00505684390C1FE092EB3788A5F76832
CMM_MTM_PUR,083,CMM_VLOGP_BGRFC_4500000637,00505684390C1FE092EB3788A5F94832
CMM_MTM_PUR,083,CMM_VLOGP_BGRFC_4500000638,00505684390C1FE092EB37B63BC6C832
CMM_MTM_PUR,083,CMM_VLOGP_BGRFC_4500000639,00505684390C1FE092EB37B63BC8A832
CMM_MTM_PUR,083,CMM_VLOGP_BGRFC_4500000640,00505684390C1FE092EB37D7F9750832
CMM_MTM_PUR,083,CMM_VLOGP_BGRFC_4500000641,00505684390C1FE092EB37D7F976E832
CMM_MTM_PUR,083,CMM_VLOGP_BGRFC_4500000642,00505684390C1FE092EB37FE6996C832
CMM_MTM_PUR,083,CMM_VLOGP_BGRFC_4500000643,00505684390C1FE092EB37FE6998A832
CMM_MTM_PUR,083,CMM_VLOGP_BGRFC_4500000644,00505684390C1FE092EB3827812C8832
CMM_MTM_PUR,083,CMM_VLOGP_BGRFC_4500000645,00505684390C1FE092EB3827812E6832
CMM_MTM_PUR,083,CMM_VLOGP_BGRFC_4500000647,00505684390C1FE092EB384CED19C832
CMM_MTM_PUR,083,CMM_VLOGP_BGRFC_4500000648,00505684390C1FE092EB384CED1BA832
CMM_MTM_PUR,083,CMM_VLOGP_BGRFC_4500000650,00505684390C1FE092EB38731A540832
CMM_MTM_PUR,083,CMM_VLOGP_BGRFC_4500000651,00505684390C1FE092EB38731A55E832
CMM_MTM_PUR,083,CMM_VLOGP_BGRFC_4500000652,00505684390C1FE092EB3899FBB28832
CMM_MTM_PUR,083,CMM_VLOGP_BGRFC_4500000653,00505684390C1FE092EB3899FBB46832
CMM_MTM_PUR,083,CMM_VLOGP_BGRFC_4500000655,00505684390C1FE092EB38BF89F5C832
CMM_MTM_PUR,083,CMM_VLOGP_BGRFC_4500000658,00505684390C1FE092EB38BF89F7A832
CMM_MTM_PUR,083,CMM_VLOGP_BGRFC_4500000659,00505684390C1FE092EB38DE0A864832
CMM_MTM_PUR,083,CMM_VLOGP_BGRFC_4500000660,00505684390C1FE092EB38DE0A882832
CMM_MTM_PUR,083,CMM_VLOGP_BGRFC_4500000664,00505684390C1FE092EB39047D9A0832
CMM_MTM_PUR,083,CMM_VLOGP_BGRFC_4500000665,00505684390C1FE092EB392CC59CC832
CMM_MTM_PUR,083,CMM_VLOGP_BGRFC_4500000666,00505684390C1FE092EB392CC59EA832
CMM_MTM_PUR,083,CMM_VLOGP_BGRFC_4500000667,00505684390C1FE092EB3954276B4832
CMM_MTM_PUR,083,CMM_VLOGP_BGRFC_4500000668,00505684390C1FE092EB3954276D2832
CMM_MTM_PUR,083,CMM_VLOGP_BGRFC_4500000669,00505684390C1FE092EB3978BE754832
CMM_MTM_PUR,083,CMM_VLOGP_BGRFC_4500000671,00505684390C1FE092EB399C3E32C832
CMM_MTM_PUR,083,CMM_VLOGP_BGRFC_4500000672,00505684390C1FE092EB399C3E34A832
CMM_MTM_PUR,083,CMM_VLOGP_BGRFC_4500000673,00505684390C1FE092EB39C855798832
CMM_MTM_PUR,083,CMM_VLOGP_BGRFC_4500000675,00505684390C1FE092EB39C8557B6832
CMM_MTM_PUR,083,CMM_VLOGP_BGRFC_4500000676,00505684390C1FE092EB39EED3C58832
CMM_MTM_PUR,083,CMM_VLOGP_BGRFC_4500000679,00505684390C1FE092EB3A0EF6812832
CMM_MTM_PUR,083,CMM_VLOGP_BGRFC_4500000680,00505684390C1FE092EB3A0EF6830832
CMM_MTM_PUR,083,CMM_VLOGP_BGRFC_4500000681,00505684390C1FE092EB3A34EE48E832
CMM_MTM_PUR,083,CMM_VLOGP_BGRFC_4500000688,00505684390C1FE092EB3A34EE4AC832
CMM_MTM_PUR,083,CMM_VLOGP_BGRFC_4500000689,00505684390C1FE092EB3A5C14190832
CMM_MTM_PUR,083,CMM_VLOGP_BGRFC_4500000690,00505684390C1FE092EB3A82E77B4832
CMM_MTM_PUR,083,CMM_VLOGP_BGRFC_4500000691,00505684390C1FE092EB3A82E77D2832
CMM_MTM_PUR,083,CMM_VLOGP_BGRFC_4500000692,00505684390C1FE092EB3AB6A8044832
CMM_MTM_PUR,083,CMM_VLOGP_BGRFC_4500000693,00505684390C1FE092EB3AD36C3D8832
CMM_MTM_PUR,083,CMM_VLOGP_BGRFC_4500000694,00505684390C1FE092EB3AD36C3F6832
CMM_MTM_PUR,083,CMM_VLOGP_BGRFC_4500000696,00505684390C1FE092EB3AFC58134832
CMM_MTM_PUR,083,CMM_VLOGP_BGRFC_4500000697,00505684390C1FE092EB3AFC58152832
CMM_MTM_PUR,083,CMM_VLOGP_BGRFC_4500000698,00505684390C1FE092EB3B1ABC000832
CMM_MTM_PUR,083,CMM_VLOGP_BGRFC_4500000700,00505684390C1FE092EB3B1ABC01E832
CMM_MTM_PUR,083,CMM_VLOGP_BGRFC_4500000701,00505684390C1FE092EB3B48975E0832
CMM_MTM_PUR,083,CMM_VLOGP_BGRFC_4500000702,00505684390C1FE092EB3B48975FE832
CMM_MTM_PUR,083,CMM_VLOGP_BGRFC_4500000703,00505684390C1FE092EB3B6FD5468832
CMM_MTM_PUR,083,CMM_VLOGP_BGRFC_4500000704,00505684390C1FE092EB3B6FD5486832
CMM_MTM_PUR,083,CMM_VLOGP_BGRFC_4500000705,00505684390C1FE092EB3B916CF40832
CMM_MTM_PUR,083,CMM_VLOGP_BGRFC_4500000706,00505684390C1FE092EB3B916CF5E832
CMM_MTM_PUR,083,CMM_VLOGP_BGRFC_4500000707,00505684390C1FE092EB3BB28F7B8832
CMM_MTM_PUR,083,CMM_VLOGP_BGRFC_4500000708,00505684390C1FE092EB3BB28F7D6832
CMM_MTM_PUR,083,CMM_VLOGP_BGRFC_4500000709,00505684390C1FE092EB3BB28F7F4832
CMM_MTM_PUR,083,CMM_VLOGP_BGRFC_4500000711,00505684390C1FE092EB3BD9B7284832
CMM_MTM_PUR,083,CMM_VLOGP_BGRFC_4500000712,00505684390C1FE092EB3BD9B72A2832
CMM_MTM_PUR,083,CMM_VLOGP_BGRFC_4500000713,00505684390C1FE092EB3C03771F8832
CMM_MTM_PUR,083,CMM_VLOGP_BGRFC_4500000714,00505684390C1FE092EB3C0377216832
CMM_MTM_PUR,083,CMM_VLOGP_BGRFC_4500000715,00505684390C1FE092EB3C29C29FC832
CMM_MTM_PUR,083,CMM_VLOGP_BGRFC_4500000716,00505684390C1FE092EB3C29C2A1A832
CMM_MTM_PUR,083,CMM_VLOGP_BGRFC_4500000717,00505684390C1FE092EB3C4C27C7C832
CMM_MTM_PUR,083,CMM_VLOGP_BGRFC_4500000718,00505684390C1FE092EB3C4C27C9A832
CMM_MTM_PUR,083,CMM_VLOGP_BGRFC_4500000720,00505684390C1FE092EB3C7AF32B8832
CMM_MTM_PUR,083,CMM_VLOGP_BGRFC_4500000721,00505684390C1FE092EB3C7AF32D6832
CMM_MTM_PUR,083,CMM_VLOGP_BGRFC_4500000722,00505684390C1FE092EB3C98407A0832
CMM_MTM_PUR,083,CMM_VLOGP_BGRFC_4500000723,00505684390C1FE092EB3CC1BD824832
CMM_MTM_PUR,083,CMM_VLOGP_BGRFC_4500000725,00505684390C1FE092EB3CC1BD842832
CMM_MTM_PUR,083,CMM_VLOGP_BGRFC_4500000726,00505684390C1FE092EB3CE9E20D4832
CMM_MTM_PUR,083,CMM_VLOGP_BGRFC_4500000727,00505684390C1FE092EB3CE9E20F2832
CMM_MTM_PUR,083,CMM_VLOGP_BGRFC_4500000731,00505684390C1FE092EB3D0FDB0B0832
CMM_MTM_PUR,083,CMM_VLOGP_BGRFC_4500000732,00505684390C1FE092EB3D0FDB0CE832
CMM_MTM_PUR,083,CMM_VLOGP_BGRFC_4500000733,00505684390C1FE092EB3D389AB04832
CMM_MTM_PUR,083,CMM_VLOGP_BGRFC_4500000735,00505684390C1FE092EB3D389AB22832
CMM_MTM_PUR,083,CMM_VLOGP_BGRFC_4500000736,00505684390C1FE092EB3D67407C4832
CMM_MTM_PUR,083,CMM_VLOGP_BGRFC_4500000739,00505684390C1FE092EB3D7E35A88832
CMM_MTM_PUR,083,CMM_VLOGP_BGRFC_4500000740,00505684390C1FE092EB3D7E35AA6832
CMM_MTM_PUR,083,CMM_VLOGP_BGRFC_4500000742,00505684390C1FE092EB3DA7876D4832
CMM_MTM_PUR,083,CMM_VLOGP_BGRFC_4500000744,00505684390C1FE092EB3DA7876F2832
CMM_MTM_PUR,083,CMM_VLOGP_BGRFC_4500000745,00505684390C1FE092EB3DCD4EE94832
CMM_MTM_PUR,083,CMM_VLOGP_BGRFC_4500000748,00505684390C1FE092EB3DCD4EEB2832
CMM_MTM_PUR,083,CMM_VLOGP_BGRFC_4500000749,00505684390C1FE092EB3DF6ABC60832
CMM_MTM_PUR,083,CMM_VLOGP_BGRFC_4500000750,00505684390C1FE092EB3DF6ABC7E832
CMM_MTM_PUR,083,CMM_VLOGP_BGRFC_4500000751,00505684390C1FE092EB3E20CB39C832
CMM_MTM_PUR,083,CMM_VLOGP_BGRFC_4500000752,00505684390C1FE092EB3E20CB3BA832
CMM_MTM_PUR,083,CMM_VLOGP_BGRFC_4500000754,00505684390C1FE092EB3E3DE9DC4832
CMM_MTM_PUR,083,CMM_VLOGP_BGRFC_4500000756,00505684390C1FE092EB3E3DE9DE2832
CMM_MTM_PUR,083,CMM_VLOGP_BGRFC_4500000757,00505684390C1FE092EB3E6198616832
CMM_MTM_PUR,083,CMM_VLOGP_BGRFC_4500000758,00505684390C1FE092EB3E6198634832
CMM_MTM_PUR,083,CMM_VLOGP_BGRFC_4500000759,00505684390C1FE092EB3E872D59C832
CMM_MTM_PUR,083,CMM_VLOGP_BGRFC_4500000760,00505684390C1FE092EB3E872D5BA832
CMM_MTM_PUR,083,CMM_VLOGP_BGRFC_4500000761,00505684390C1FE092EB3EB7A63C0832
CMM_MTM_PUR,083,CMM_VLOGP_BGRFC_4500000762,00505684390C1FE092EB3ED39B860832
CMM_MTM_PUR,083,CMM_VLOGP_BGRFC_4500000763,00505684390C1FE092EB3ED39B880832
CMM_MTM_PUR,083,CMM_VLOGP_BGRFC_4500000765,00505684390C1FE092EB3EFCD92A8832
CMM_MTM_PUR,083,CMM_VLOGP_BGRFC_4500000773,00505684390C1FE092EB3EFCD92C6832
CMM_MTM_PUR,083,CMM_VLOGP_BGRFC_4500000774,00505684390C1FE092EB3F1FDB07E832
CMM_MTM_PUR,083,CMM_VLOGP_BGRFC_4500000786,00505684390C1FE092EB3F1FDB09C832
CMM_MTM_PUR,083,CMM_VLOGP_BGRFC_4500000787,00505684390C1FE092EB3F1FDB0BA832
CMM_MTM_PUR,083,CMM_VLOGP_BGRFC_4500000788,00505684390C1FE092EB3F4713D8A832
CMM_MTM_PUR,083,CMM_VLOGP_BGRFC_4500000795,00505684390C1FE092EB3F85856CE832
CMM_MTM_PUR,083,CMM_VLOGP_BGRFC_4500000816,00505684390C1FE092EB3FA83BFB0832
CMM_MTM_PUR,083,CMM_VLOGP_BGRFC_4500000817,00505684390C1FE092EB3FA83BFCE832
CMM_MTM_PUR,083,CMM_VLOGP_BGRFC_4500000819,00505684390C1FE092EB3FCCF5054832
CMM_MTM_PUR,083,CMM_VLOGP_BGRFC_4500000821,00505684390C1FE092EB3FCCF5072832
CMM_MTM_PUR,083,CMM_VLOGP_BGRFC_4500000824,00505684390C1FE092EB3FF489638832
CMM_MTM_PUR,083,CMM_VLOGP_BGRFC_4500000848,00505684390C1FE092EB3FF489656832
CMM_MTM_PUR,083,CMM_VLOGP_BGRFC_4500000851,00505684390C1FE092EB401825482832
CMM_MTM_PUR,083,CMM_VLOGP_BGRFC_4500000852,00505684390C1FE092EB4018254A0832
CMM_MTM_PUR,083,CMM_VLOGP_BGRFC_4500000853,00505684390C1FE092EB4043B05F4832
CMM_MTM_PUR,083,CMM_VLOGP_BGRFC_4500000854,00505684390C1FE092EB4043B0612832
CMM_MTM_PUR,083,CMM_VLOGP_BGRFC_4500000855,00505684390C1FE092EB406BCDF28832
CMM_MTM_PUR,083,CMM_VLOGP_BGRFC_4500000857,00505684390C1FE092EB406BCDF46832
CMM_MTM_PUR,083,CMM_VLOGP_BGRFC_4500000860,00505684390C1FE092EB4092BB6E4832
CMM_MTM_PUR,083,CMM_VLOGP_BGRFC_4500000861,00505684390C1FE092EB4092BB702832
CMM_MTM_PUR,083,CMM_VLOGP_BGRFC_4500000862,00505684390C1FE092EB40B137E80832
CMM_MTM_PUR,083,CMM_VLOGP_BGRFC_4500000863,00505684390C1FE092EB40B137E9E832
CMM_MTM_PUR,083,CMM_VLOGP_BGRFC_4500000865,00505684390C1FE092EB40D89D8F8832
CMM_MTM_PUR,083,CMM_VLOGP_BGRFC_4500000866,00505684390C1FE092EB40FCB1634832
CMM_MTM_PUR,083,CMM_VLOGP_BGRFC_4500000867,00505684390C1FE092EB40FCB1652832
CMM_MTM_PUR,083,CMM_VLOGP_BGRFC_4500000869,00505684390C1FE092EB412936178832
CMM_MTM_PUR,083,CMM_VLOGP_BGRFC_4500000871,00505684390C1FE092EB41600012E832
CMM_MTM_PUR,083,CMM_VLOGP_BGRFC_4500000878,00505684390C1FE092EB4258496FA832
CMM_MTM_PUR,083,CMM_VLOGP_BGRFC_4500000881,00505684390C1FE092EB42FFAF986832
CMM_MTM_PUR,083,CMM_VLOGP_BGRFC_4500000883,00505684390C1FE092EB42FFAF9A4832
CMM_MTM_PUR,083,CMM_VLOGP_BGRFC_4500000888,00505684390C1FE092EB43D2CEE7E832
CMM_MTM_PUR,083,CMM_VLOGP_BGRFC_4500000898,00505684390C1FE092EB44B97DAC8832
CMM_MTM_PUR,083,CMM_VLOGP_BGRFC_4500000927,00505684390C1FE092EB39C26CFAC832
CMM_MTM_PUR,083,CMM_VLOGP_BGRFC_4500000928,00505684390C1FE092EB39C26CFCA832
CMM_MTM_PUR,083,CMM_VLOGP_BGRFC_4500000929,00505684390C1FE092EB39E96BE9E832
CMM_MTM_PUR,083,CMM_VLOGP_BGRFC_4500000930,00505684390C1FE092EB39E96BEBC832
CMM_MTM_PUR,083,CMM_VLOGP_BGRFC_4500000931,00505684390C1FE092EB3A15FDE3C832
CMM_MTM_PUR,083,CMM_VLOGP_BGRFC_4500000932,00505684390C1FE092EB3A15FDE5A832
CMM_MTM_PUR,083,CMM_VLOGP_BGRFC_4500000933,00505684390C1FE092EB3A35E1DA4832
CMM_MTM_PUR,083,CMM_VLOGP_BGRFC_4500000951,00505684390C1FE092EB3E02A58F6832
CMM_MTM_PUR,083,CMM_VLOGP_BGRFC_4500000953,00505684390C1FE092EB3E2A4616A832
CMM_MTM_PUR,083,CMM_VLOGP_BGRFC_4500000954,00505684390C1FE092EB3E5608708832
CMM_MTM_PUR,083,CMM_VLOGP_BGRFC_4500000955,00505684390C1FE092EB3E5608726832
CMM_MTM_PUR,083,CMM_VLOGP_BGRFC_4500000957,00505684390C1FE092EB3E9BA00B0832
CMM_MTM_PUR,083,CMM_VLOGP_BGRFC_4500000964,00505684390C1FE092EB3F7F29B02832
CMM_MTM_PUR,083,CMM_VLOGP_BGRFC_4500000965,00505684390C1FE092EB3F7F29B20832
CMM_MTM_PUR,083,CMM_VLOGP_BGRFC_4500000966,00505684390C1FE092EB3FA5965A8832
CMM_MTM_PUR,083,CMM_VLOGP_BGRFC_4500000974,00505684390C1FE092EB40946C6A2832
CMM_MTM_PUR,083,CMM_VLOGP_BGRFC_4500000976,00505684390C1FE092EB51F1B5C4A832
CMM_MTM_PUR,083,CMM_VLOGP_BGRFC_4500000979,00505684390C1FE092EB40B6170D4832
CMM_MTM_PUR,083,CMM_VLOGP_BGRFC_4500000980,00505684390C1FE092EB40B6170F2832
CMM_MTM_PUR,083,CMM_VLOGP_BGRFC_4500000983,00505684390C1FE092EB40E4CA25A832
CMM_MTM_PUR,083,CMM_VLOGP_BGRFC_4500000984,00505684390C1FE092EB40FCAC7F6832
CMM_MTM_PUR,083,CMM_VLOGP_BGRFC_4500000985,00505684390C1FE092EB41264BC60832
CMM_MTM_PUR,083,CMM_VLOGP_BGRFC_4500000986,00505684390C1FE092EB41264BC7E832
CMM_MTM_PUR,083,CMM_VLOGP_BGRFC_4500000991,00505684390C1FE092EB41E2AC672832
CMM_MTM_PUR,083,CMM_VLOGP_BGRFC_4500000992,00505684390C1FE092EB420F4EF70832
CMM_MTM_PUR,083,CMM_VLOGP_BGRFC_4500000999,00505684390C1FE092EB43433F06A832
CMM_MTM_PUR,083,CMM_VLOGP_BGRFC_4500001000,00505684390C1FE092EB436799DB4832
CMM_MTM_PUR,083,CMM_VLOGP_BGRFC_4500001003,00505684390C1FE092EB438E8BF44832
CMM_MTM_PUR,083,CMM_VLOGP_BGRFC_4500001004,00505684390C1FE092EB438E8BF62832
CMM_MTM_PUR,083,CMM_VLOGP_BGRFC_4500001005,00505684390C1FE092EB43B355258832
CMM_MTM_PUR,083,CMM_VLOGP_BGRFC_4500001040,00505684390C1FE092EB465014AA6832
CMM_MTM_PUR,083,CMM_VLOGP_BGRFC_4500001045,00505684390C1FE092EB46BE1F642832
CMM_MTM_PUR,083,CMM_VLOGP_BGRFC_4500001052,00505684390C1FE092EB47FFF3FAE832
CMM_MTM_PUR,083,CMM_VLOGP_BGRFC_4500001054,00505684390C1FE092EB48581C1AE832
CMM_MTM_PUR,083,CMM_VLOGP_BGRFC_4500001055,00505684390C1FE092EB48712F420832
CMM_MTM_PUR,083,CMM_VLOGP_BGRFC_4500001058,00505684390C1FE092EB48FED4F80832
CMM_MTM_PUR,083,CMM_VLOGP_BGRFC_4500001062,00505684390C1FE092EB492099756832
CMM_MTM_PUR,083,CMM_VLOGP_BGRFC_4500001063,00505684390C1FE092EB4941FFBD2832
CMM_MTM_PUR,083,CMM_VLOGP_BGRFC_4500001064,00505684390C1FE092EB4941FFBF0832
CMM_MTM_PUR,083,CMM_VLOGP_BGRFC_4500001065,00505684390C1FE092EB4968D379C832
CMM_MTM_PUR,083,CMM_VLOGP_BGRFC_4500001068,00505684390C1FE092EB49B6EBD6C832
CMM_MTM_PUR,083,CMM_VLOGP_BGRFC_4500001069,00505684390C1FE092EB49BC35D0A832
CMM_MTM_PUR,083,CMM_VLOGP_BGRFC_4500001070,00505684390C1FE092EB49DFED6D4832
CMM_MTM_PUR,083,CMM_VLOGP_BGRFC_4500001071,00505684390C1FE092EB49DFED6F4832
CMM_MTM_PUR,083,CMM_VLOGP_BGRFC_4500001074,00505684390C1FE092EB4A28B1FD0832
CMM_MTM_PUR,083,CMM_VLOGP_BGRFC_4500001081,00505684390C1FE092EB4B1313246832
CMM_MTM_PUR,083,CMM_VLOGP_BGRFC_4500001082,00505684390C1FE092EB4B388622C832
CMM_MTM_PUR,083,CMM_VLOGP_BGRFC_4500001084,00505684390C1FE092EB4B6DA419C832
CMM_MTM_PUR,083,CMM_VLOGP_BGRFC_4500001087,00505684390C1FE092EB4BDF64C64832
CMM_MTM_PUR,083,CMM_VLOGP_BGRFC_4500001088,00505684390C1FE092EB4C03778A0832
CMM_MTM_PUR,083,CMM_VLOGP_BGRFC_4500001091,00505684390C1FE092EB4C3F25798832
CMM_MTM_PUR,083,CMM_VLOGP_BGRFC_4500001092,00505684390C1FE092EB4C640427C832
CMM_MTM_PUR,083,CMM_VLOGP_BGRFC_4500001093,00505684390C1FE092EB4C640429C832
CMM_MTM_PUR,083,CMM_VLOGP_BGRFC_4500001096,00505684390C1FE092EB4CD006CE4832
CMM_MTM_PUR,083,CMM_VLOGP_BGRFC_4500001098,00505684390C1FE092EB4D2346008832
CMM_MTM_PUR,083,CMM_VLOGP_BGRFC_4500001099,00505684390C1FE092EB4D4DE3BE0832
CMM_MTM_PUR,083,CMM_VLOGP_BGRFC_4500001100,00505684390C1FE092EB4D4DE3C00832
CMM_MTM_PUR,083,CMM_VLOGP_BGRFC_4500001102,00505684390C1FE092EB4D743AD0C832
CMM_MTM_PUR,083,CMM_VLOGP_BGRFC_4500001104,00505684390C1FE092EB4D98D617C832
CMM_MTM_PUR,083,CMM_VLOGP_BGRFC_4500001105,00505684390C1FE092EB4DBA2BFDC832
CMM_MTM_PUR,083,CMM_VLOGP_BGRFC_4500001106,00505684390C1FE092EB4DE6CD464832
CMM_MTM_PUR,083,CMM_VLOGP_BGRFC_4500001107,00505684390C1FE092EB4DE6CD484832
CMM_MTM_PUR,083,CMM_VLOGP_BGRFC_4500001108,00505684390C1FE092EB4E0E109E0832
CMM_MTM_PUR,083,CMM_VLOGP_BGRFC_4500001109,00505684390C1FE092EB4E0E10A00832
CMM_MTM_PUR,083,CMM_VLOGP_BGRFC_4500001110,00505684390C1FE092EB4E2C8EF92832
CMM_MTM_PUR,083,CMM_VLOGP_BGRFC_4500001111,00505684390C1FE092EB4E5D25170832
CMM_MTM_PUR,083,CMM_VLOGP_BGRFC_4500001113,00505684390C1FE092EB4E5D25190832
CMM_MTM_PUR,083,CMM_VLOGP_BGRFC_4500001115,00505684390C1FE092EB4EA8979F4832
CMM_MTM_PUR,083,CMM_VLOGP_BGRFC_4500001116,00505684390C1FE092EB4EC659D2E832
CMM_MTM_PUR,083,CMM_VLOGP_BGRFC_4500001117,00505684390C1FE092EB4EC659D4E832
CMM_MTM_PUR,083,CMM_VLOGP_BGRFC_4500001118,00505684390C1FE092EB4EEC9F058832
CMM_MTM_PUR,083,CMM_VLOGP_BGRFC_4500001121,00505684390C1FE092EB4EEC9F086832
CMM_MTM_PUR,083,CMM_VLOGP_BGRFC_4500001130,00505684390C1FE092EB4FAC4CDEC832
CMM_MTM_PUR,083,CMM_VLOGP_BGRFC_4500001134,00505684390C1FE092EB5000C7AE2832
CMM_MTM_PUR,083,CMM_VLOGP_BGRFC_4500001135,00505684390C1FE092EB5027E8334832
CMM_MTM_PUR,083,CMM_VLOGP_BGRFC_4500001136,00505684390C1FE092EB5027E8354832
CMM_MTM_PUR,083,CMM_VLOGP_BGRFC_4500001137,00505684390C1FE092EB5043A56F2832
CMM_MTM_PUR,083,CMM_VLOGP_BGRFC_4500001138,00505684390C1FE092EB506ABF34C832
CMM_MTM_PUR,083,CMM_VLOGP_BGRFC_4500001139,00505684390C1FE092EB506ABF36C832
CMM_MTM_PUR,083,CMM_VLOGP_BGRFC_4500001140,00505684390C1FE092EB509841C84832
CMM_MTM_PUR,083,CMM_VLOGP_BGRFC_4500001141,00505684390C1FE092EB509841CA4832
CMM_MTM_PUR,083,CMM_VLOGP_BGRFC_4500001148,00505684390C1FE092EB447039E00832
CMM_MTM_PUR,083,CMM_VLOGP_BGRFC_4500001149,00505684390C1FE092EB447039E26832
CMM_MTM_PUR,083,CMM_VLOGP_BGRFC_4500001150,00505684390C1FE092EB449C2BF7C832
CMM_MTM_PUR,083,CMM_VLOGP_BGRFC_4500001151,00505684390C1FE092EB449C2BF9A832
CMM_MTM_PUR,083,CMM_VLOGP_BGRFC_4500001154,00505684390C1FE092EB44C326F82832
CMM_MTM_PUR,083,CMM_VLOGP_BGRFC_4500001155,00505684390C1FE092EB44E5F1E54832
CMM_MTM_PUR,083,CMM_VLOGP_BGRFC_4500001156,00505684390C1FE092EB44E5F1E72832
CMM_MTM_PUR,083,CMM_VLOGP_BGRFC_4500001164,00505684390C1FE092EB45DFAD44A832
CMM_MTM_PUR,083,CMM_VLOGP_BGRFC_4500001165,00505684390C1FE092EB46058EACC832
CMM_MTM_PUR,083,CMM_VLOGP_BGRFC_4500001166,00505684390C1FE092EB46058EAEA832
CMM_MTM_PUR,083,CMM_VLOGP_BGRFC_4500001167,00505684390C1FE092EB4620A244E832
CMM_MTM_PUR,083,CMM_VLOGP_BGRFC_4500001168,00505684390C1FE092EB4649D292C832
CMM_MTM_PUR,083,CMM_VLOGP_BGRFC_4500001180,00505684390C1FE092EB46B9381CA832
CMM_MTM_PUR,083,CMM_VLOGP_BGRFC_4500001181,00505684390C1FE092EB46B9381E8832
CMM_MTM_PUR,083,CMM_VLOGP_BGRFC_4500001183,00505684390C1FE092EB46E468932832
CMM_MTM_PUR,083,CMM_VLOGP_BGRFC_4500001194,00505684390C1FE092EB48836EA80832
CMM_MTM_PUR,083,CMM_VLOGP_BGRFC_4500001198,00505684390C1FE092EB48EE16BAA832
CMM_MTM_PUR,083,CMM_VLOGP_BGRFC_4500001202,00505684390C1FE092EB49653470A832
CMM_MTM_PUR,083,CMM_VLOGP_BGRFC_4500001207,00505684390C1FE092EB4A44F1580832
CMM_MTM_PUR,083,CMM_VLOGP_BGRFC_4500001215,00505684390C1FE092EB4B93647AC832
CMM_MTM_PUR,083,CMM_VLOGP_BGRFC_4500001217,00505684390C1FE092EB4BCF1C604832
CMM_MTM_PUR,083,CMM_VLOGP_BGRFC_4500001218,00505684390C1FE092EB4BF3805A0832
CMM_MTM_PUR,083,CMM_VLOGP_BGRFC_4500001219,00505684390C1FE092EB4BF3805C0832
CMM_MTM_PUR,083,CMM_VLOGP_BGRFC_4500001220,00505684390C1FE092EB4BF3805E0832
CMM_MTM_PUR,083,CMM_VLOGP_BGRFC_4500001221,00505684390C1FE092EB4C1701060832
CMM_MTM_PUR,083,CMM_VLOGP_BGRFC_4500001222,00505684390C1FE092EB4C3DE4FC2832
CMM_MTM_PUR,083,CMM_VLOGP_BGRFC_4500001228,00505684390C1FE092EB4D171C9CC832
CMM_MTM_PUR,083,CMM_VLOGP_BGRFC_4500001236,00505684390C1FE092EB4E6086B98832
CMM_MTM_PUR,083,CMM_VLOGP_BGRFC_4500001237,00505684390C1FE092EB4E6086BB8832
CMM_MTM_PUR,083,CMM_VLOGP_BGRFC_4500001252,00505684390C1FE092EB5102000DE832
CMM_MTM_PUR,083,CMM_VLOGP_BGRFC_4500001261,00505684390C1FE092EB5204A3EF8832
CMM_MTM_PUR,083,CMM_VLOGP_BGRFC_4500001286,00505684390C1FE092EB564384794832
CMM_MTM_PUR,083,CMM_VLOGP_BGRFC_4500001290,00505684390C1FE092EB568C52080832
CMM_MTM_PUR,083,CMM_VLOGP_BGRFC_4500001291,00505684390C1FE092EB568C520A0832
CMM_MTM_PUR,083,CMM_VLOGP_BGRFC_4500001294,00505684390C1FE092EB56D952A14832
CMM_MTM_PUR,083,CMM_VLOGP_BGRFC_4500001295,00505684390C1FE092EB56FC89D6C832
CMM_MTM_PUR,083,CMM_VLOGP_BGRFC_4500001296,00505684390C1FE092EB56FC89D8C832
CMM_MTM_PUR,083,CMM_VLOGP_BGRFC_4500001298,00505684390C1FE092EB574ADC078832
CMM_MTM_PUR,083,CMM_VLOGP_BGRFC_4500001299,00505684390C1FE092EB574ADC098832
CMM_MTM_PUR,083,CMM_VLOGP_BGRFC_4500001300,00505684390C1FE092EB577446FE4832
CMM_MTM_PUR,083,CMM_VLOGP_BGRFC_4500001301,00505684390C1FE092EB577447004832
CMM_MTM_PUR,083,CMM_VLOGP_BGRFC_4500001303,00505684390C1FE092EB579037330832
CMM_MTM_PUR,083,CMM_VLOGP_BGRFC_4500001308,00505684390C1FE092EB585691520832
CMM_MTM_PUR,083,CMM_VLOGP_BGRFC_4500001320,00505684390C1FE092EB59DF64130832
CMM_MTM_PUR,083,CMM_VLOGP_BGRFC_4500001321,00505684390C1FE092EB59DF64150832
CMM_MTM_PUR,083,CMM_VLOGP_BGRFC_4500001332,00505684390C1FE092EB5A87F524E832
CMM_MTM_PUR,083,CMM_VLOGP_BGRFC_4500001334,00505684390C1FE092EB5AC7BC318832
CMM_MTM_PUR,083,CMM_VLOGP_BGRFC_4500001343,00505684390C1FE092EB5BAF2B304832
CMM_MTM_PUR,083,CMM_VLOGP_BGRFC_4500001348,00505684390C1FE092EB5C4590E84832
CMM_MTM_PUR,083,CMM_VLOGP_BGRFC_4500001352,00505684390C1FE092EB5CABDC7C8832
CMM_MTM_PUR,083,CMM_VLOGP_BGRFC_4500001357,00505684390C1FE092EB5D6007E24832
CMM_MTM_PUR,083,CMM_VLOGP_BGRFC_4500001359,00505684390C1FE092EB5D92DBBC2832
CMM_MTM_PUR,083,CMM_VLOGP_BGRFC_4500001360,00505684390C1FE092EB5DB738A54832
CMM_MTM_PUR,083,CMM_VLOGP_BGRFC_4500001361,00505684390C1FE092EB5DB738A74832
CMM_MTM_PUR,083,CMM_VLOGP_BGRFC_4500001362,00505684390C1FE092EB5DE10EEA0832
CMM_MTM_PUR,083,CMM_VLOGP_BGRFC_4500001364,00505684390C1FE092EB5E276BE48832
CMM_MTM_PUR,083,CMM_VLOGP_BGRFC_4500001366,00505684390C1FE092EB5E46AE88C832
CMM_MTM_PUR,083,CMM_VLOGP_BGRFC_4500001367,00505684390C1FE092EB5E46AE8AC832
CMM_MTM_PUR,083,CMM_VLOGP_BGRFC_4500001368,00505684390C1FE092EB5E713E8A4832
CMM_MTM_PUR,083,CMM_VLOGP_BGRFC_4500001369,00505684390C1FE092EB5E713E8C4832
CMM_MTM_PUR,083,CMM_VLOGP_BGRFC_4500001372,00505684390C1FE092EB5EDEA10F8832
CMM_MTM_PUR,083,CMM_VLOGP_BGRFC_4500001373,00505684390C1FE092EB4623F1386832
CMM_MTM_PUR,083,CMM_VLOGP_BGRFC_4500001375,00505684390C1FE092EB46864E97A832
CMM_MTM_PUR,083,CMM_VLOGP_BGRFC_4500001377,00505684390C1FE092EB46D606858832
CMM_MTM_PUR,083,CMM_VLOGP_BGRFC_4500001379,00505684390C1FE092EB4702E76EE832
CMM_MTM_PUR,083,CMM_VLOGP_BGRFC_4500001381,00505684390C1FE092EB47AFECD1A832
CMM_MTM_PUR,083,CMM_VLOGP_BGRFC_4500001383,00505684390C1FE092EB47ED1271C832
CMM_MTM_PUR,083,CMM_VLOGP_BGRFC_4500001384,00505684390C1FE092EB47ED1273A832
CMM_MTM_PUR,083,CMM_VLOGP_BGRFC_4500001385,00505684390C1FE092EB481167EC0832
CMM_MTM_PUR,083,CMM_VLOGP_BGRFC_4500001386,00505684390C1FE092EB483D4DA88832
CMM_MTM_PUR,083,CMM_VLOGP_BGRFC_4500001389,00505684390C1FE092EB4893CAF7A832
CMM_MTM_PUR,083,CMM_VLOGP_BGRFC_4500001390,00505684390C1FE092EB48AA99842832
CMM_MTM_PUR,083,CMM_VLOGP_BGRFC_4500001391,00505684390C1FE092EB48D447C68832
CMM_MTM_PUR,083,CMM_VLOGP_BGRFC_4500001392,00505684390C1FE092EB48D447C86832
CMM_MTM_PUR,083,CMM_VLOGP_BGRFC_4500001393,00505684390C1FE092EB48F5F4B80832
CMM_MTM_PUR,083,CMM_VLOGP_BGRFC_4500001394,00505684390C1FE092EB48F5F4B9E832
CMM_MTM_PUR,083,CMM_VLOGP_BGRFC_4500001402,00505684390C1FE092EB49E5AD1E6832
CMM_MTM_PUR,083,CMM_VLOGP_BGRFC_4500001407,00505684390C1FE092EB4A55B9FD4832
CMM_MTM_PUR,083,CMM_VLOGP_BGRFC_4500001412,00505684390C1FE092EB4B67C6BBA832
CMM_MTM_PUR,083,CMM_VLOGP_BGRFC_4500001418,00505684390C1FE092EB4C16A514E832
CMM_MTM_PUR,083,CMM_VLOGP_BGRFC_4500001420,00505684390C1FE092EB4C4030E22832
CMM_MTM_PUR,083,CMM_VLOGP_BGRFC_4500001422,00505684390C1FE092EB4C6715FA0832
CMM_MTM_PUR,083,CMM_VLOGP_BGRFC_4500001427,00505684390C1FE092EB4D24F2934832
CMM_MTM_PUR,083,CMM_VLOGP_BGRFC_4500001433,00505684390C1FE092EB4DD0B3838832
CMM_MTM_PUR,083,CMM_VLOGP_BGRFC_4500001438,00505684390C1FE092EB4E55D5B9A832
CMM_MTM_PUR,083,CMM_VLOGP_BGRFC_4500001440,00505684390C1FE092EB4EA0ADC1C832
CMM_MTM_PUR,083,CMM_VLOGP_BGRFC_4500001445,00505684390C1FE092EB4EECD8946832
CMM_MTM_PUR,083,CMM_VLOGP_BGRFC_4500001449,00505684390C1FE092EB4F841EAB2832
CMM_MTM_PUR,083,CMM_VLOGP_BGRFC_4500001453,00505684390C1FE092EB500EC43E6832
CMM_MTM_PUR,083,CMM_VLOGP_BGRFC_4500001454,00505684390C1FE092EB503B55354832
CMM_MTM_PUR,083,CMM_VLOGP_BGRFC_4500001460,00505684390C1FE092EB5090731BA832
CMM_MTM_PUR,083,CMM_VLOGP_BGRFC_4500001463,00505684390C1FE092EB517292906832
CMM_MTM_PUR,083,CMM_VLOGP_BGRFC_4500001468,00505684390C1FE092EB52201F9AA832
CMM_MTM_PUR,083,CMM_VLOGP_BGRFC_4500001472,00505684390C1FE092EB52C0C561A832
CMM_MTM_PUR,083,CMM_VLOGP_BGRFC_4500001477,00505684390C1FE092EB536E8D91E832
CMM_MTM_PUR,083,CMM_VLOGP_BGRFC_4500001478,00505684390C1FE092EB538A039A0832
CMM_MTM_PUR,083,CMM_VLOGP_BGRFC_4500001483,00505684390C1FE092EB53D720BA2832
CMM_MTM_PUR,083,CMM_VLOGP_BGRFC_4500001490,00505684390C1FE092EB5525561AE832
CMM_MTM_PUR,083,CMM_VLOGP_BGRFC_4500001492,00505684390C1FE092EB556B8F4AE832
CMM_MTM_PUR,083,CMM_VLOGP_BGRFC_4500001493,00505684390C1FE092EB558EE4C54832
CMM_MTM_PUR,083,CMM_VLOGP_BGRFC_4500001494,00505684390C1FE092EB558EE4C72832
CMM_MTM_PUR,083,CMM_VLOGP_BGRFC_4500001495,00505684390C1FE092EB55B5DA82C832
CMM_MTM_PUR,083,CMM_VLOGP_BGRFC_4500001497,00505684390C1FE092EB55E867D5A832
CMM_MTM_PUR,083,CMM_VLOGP_BGRFC_4500001504,00505684390C1FE092EB56C11AA56832
CMM_MTM_PUR,083,CMM_VLOGP_BGRFC_4500001507,00505684390C1FE092EB56F209126832
CMM_MTM_PUR,083,CMM_VLOGP_BGRFC_4500001508,00505684390C1FE092EB571387DC0832
CMM_MTM_PUR,083,CMM_VLOGP_BGRFC_4500001509,00505684390C1FE092EB571387DDE832
CMM_MTM_PUR,083,CMM_VLOGP_BGRFC_4500001512,00505684390C1FE092EB5736A9BC8832
CMM_MTM_PUR,083,CMM_VLOGP_BGRFC_4500001513,00505684390C1FE092EB5756A331C832
CMM_MTM_PUR,083,CMM_VLOGP_BGRFC_4500001514,00505684390C1FE092EB577EA9270832
CMM_MTM_PUR,083,CMM_VLOGP_BGRFC_4500001515,00505684390C1FE092EB577EA928E832
CMM_MTM_PUR,083,CMM_VLOGP_BGRFC_4500001516,00505684390C1FE092EB57A7AB380832
CMM_MTM_PUR,083,CMM_VLOGP_BGRFC_4500001518,00505684390C1FE092EB57F873C68832
CMM_MTM_PUR,083,CMM_VLOGP_BGRFC_4500001519,00505684390C1FE092EB57F873C86832
CMM_MTM_PUR,083,CMM_VLOGP_BGRFC_4500001520,00505684390C1FE092EB581BF7AE0832
CMM_MTM_PUR,083,CMM_VLOGP_BGRFC_4500001521,00505684390C1FE092EB581BF7AFE832
CMM_MTM_PUR,083,CMM_VLOGP_BGRFC_4500001522,00505684390C1FE092EB583E3BBC4832
CMM_MTM_PUR,083,CMM_VLOGP_BGRFC_4500001523,00505684390C1FE092EB583E3BBE2832
CMM_MTM_PUR,083,CMM_VLOGP_BGRFC_4500001524,00505684390C1FE092EB5862A346A832
CMM_MTM_PUR,083,CMM_VLOGP_BGRFC_4500001525,00505684390C1FE092EB5862A3488832
CMM_MTM_PUR,083,CMM_VLOGP_BGRFC_4500001526,00505684390C1FE092EB588977A0C832
CMM_MTM_PUR,083,CMM_VLOGP_BGRFC_4500001527,00505684390C1FE092EB588977A2A832
CMM_MTM_PUR,083,CMM_VLOGP_BGRFC_4500001528,00505684390C1FE092EB58AE8938E832
CMM_MTM_PUR,083,CMM_VLOGP_BGRFC_4500001529,00505684390C1FE092EB58AE893AC832
CMM_MTM_PUR,083,CMM_VLOGP_BGRFC_4500001530,00505684390C1FE092EB58D49EBA8832
CMM_MTM_PUR,083,CMM_VLOGP_BGRFC_4500001531,00505684390C1FE092EB58D604872832
CMM_MTM_PUR,083,CMM_VLOGP_BGRFC_4500001532,00505684390C1FE092EB590416434832
CMM_MTM_PUR,083,CMM_VLOGP_BGRFC_4500001534,00505684390C1FE092EB5950B39E0832
CMM_MTM_PUR,083,CMM_VLOGP_BGRFC_4500001536,00505684390C1FE092EB599358E08832
CMM_MTM_PUR,083,CMM_VLOGP_BGRFC_4500001537,00505684390C1FE092EB599358E26832
CMM_MTM_PUR,083,CMM_VLOGP_BGRFC_4500001538,00505684390C1FE092EB599358E44832
CMM_MTM_PUR,083,CMM_VLOGP_BGRFC_4500001539,00505684390C1FE092EB59B9655A0832
CMM_MTM_PUR,083,CMM_VLOGP_BGRFC_4500001540,00505684390C1FE092EB59B9655BE832
CMM_MTM_PUR,083,CMM_VLOGP_BGRFC_4500001541,00505684390C1FE092EB59DF39F54832
CMM_MTM_PUR,083,CMM_VLOGP_BGRFC_4500001543,00505684390C1FE092EB5A2C1D98E832
CMM_MTM_PUR,083,CMM_VLOGP_BGRFC_4500001544,00505684390C1FE092EB5A2C1D9AC832
CMM_MTM_PUR,083,CMM_VLOGP_BGRFC_4500001545,00505684390C1FE092EB5A2C1D9CA832
CMM_MTM_PUR,083,CMM_VLOGP_BGRFC_4500001546,00505684390C1FE092EB5A52A6674832
CMM_MTM_PUR,083,CMM_VLOGP_BGRFC_4500001548,00505684390C1FE092EB5A52A6692832
CMM_MTM_PUR,083,CMM_VLOGP_BGRFC_4500001549,00505684390C1FE092EB5A77D270A832
CMM_MTM_PUR,083,CMM_VLOGP_BGRFC_4500001550,00505684390C1FE092EB5A77D2728832
CMM_MTM_PUR,083,CMM_VLOGP_BGRFC_4500001551,00505684390C1FE092EB5A9F73DD8832
CMM_MTM_PUR,083,CMM_VLOGP_BGRFC_4500001552,00505684390C1FE092EB5A9F73DF6832
CMM_MTM_PUR,083,CMM_VLOGP_BGRFC_4500001553,00505684390C1FE092EB5AD065034832
CMM_MTM_PUR,083,CMM_VLOGP_BGRFC_4500001554,00505684390C1FE092EB5AD065052832
CMM_MTM_PUR,083,CMM_VLOGP_BGRFC_4500001555,00505684390C1FE092EB5AEAD443C832
CMM_MTM_PUR,083,CMM_VLOGP_BGRFC_4500001556,00505684390C1FE092EB5B11FD000832
CMM_MTM_PUR,083,CMM_VLOGP_BGRFC_4500001558,00505684390C1FE092EB5BA7A3992832
CMM_MTM_PUR,083,CMM_VLOGP_BGRFC_4500001561,00505684390C1FE092EB5BEAC4C82832
CMM_MTM_PUR,083,CMM_VLOGP_BGRFC_4500001562,00505684390C1FE092EB5C0A59B2C832
CMM_MTM_PUR,083,CMM_VLOGP_BGRFC_4500001563,00505684390C1FE092EB5C0A59B4A832
CMM_MTM_PUR,083,CMM_VLOGP_BGRFC_4500001564,00505684390C1FE092EB5C35B3070832
CMM_MTM_PUR,083,CMM_VLOGP_BGRFC_4500001565,00505684390C1FE092EB5C35B308E832
CMM_MTM_PUR,083,CMM_VLOGP_BGRFC_4500001567,00505684390C1FE092EB5C9727450832
CMM_MTM_PUR,083,CMM_VLOGP_BGRFC_4500001568,00505684390C1FE092EB5C972746E832
CMM_MTM_PUR,083,CMM_VLOGP_BGRFC_4500001569,00505684390C1FE092EB5CC0942D4832
CMM_MTM_PUR,083,CMM_VLOGP_BGRFC_4500001571,00505684390C1FE092EB5D0ABC17C832
CMM_MTM_PUR,083,CMM_VLOGP_BGRFC_4500001572,00505684390C1FE092EB5D0ABC19A832
CMM_MTM_PUR,083,CMM_VLOGP_BGRFC_4500001573,00505684390C1FE092EB5D286912C832
CMM_MTM_PUR,083,CMM_VLOGP_BGRFC_4500001574,00505684390C1FE092EB5D4DAF7A4832
CMM_MTM_PUR,083,CMM_VLOGP_BGRFC_4500001575,00505684390C1FE092EB5D4DAF7C2832
CMM_MTM_PUR,083,CMM_VLOGP_BGRFC_4500001576,00505684390C1FE092EB5D7BF7A6C832
CMM_MTM_PUR,083,CMM_VLOGP_BGRFC_4500001577,00505684390C1FE092EB5D7BF7A8A832
CMM_MTM_PUR,083,CMM_VLOGP_BGRFC_4500001578,00505684390C1FE092EB5DA44A8C0832
CMM_MTM_PUR,083,CMM_VLOGP_BGRFC_4500001579,00505684390C1FE092EB5DA44A8DE832
CMM_MTM_PUR,083,CMM_VLOGP_BGRFC_4500001580,00505684390C1FE092EB5DBEE76E8832
CMM_MTM_PUR,083,CMM_VLOGP_BGRFC_4500001581,00505684390C1FE092EB5DE5FC672832
CMM_MTM_PUR,083,CMM_VLOGP_BGRFC_4500001582,00505684390C1FE092EB52647B09C832
CMM_MTM_PUR,083,CMM_VLOGP_BGRFC_4500001583,00505684390C1FE092EB52647B0BA832
CMM_MTM_PUR,083,CMM_VLOGP_BGRFC_4500001584,00505684390C1FE092EB527F54D34832
CMM_MTM_PUR,083,CMM_VLOGP_BGRFC_4500001585,00505684390C1FE092EB527F54D52832
CMM_MTM_PUR,083,CMM_VLOGP_BGRFC_4500001587,00505684390C1FE092EB52A4F7D92832
CMM_MTM_PUR,083,CMM_VLOGP_BGRFC_4500001591,00505684390C1FE092EB53431DD0E832
CMM_MTM_PUR,083,CMM_VLOGP_BGRFC_4500001592,00505684390C1FE092EB536772268832
CMM_MTM_PUR,083,CMM_VLOGP_BGRFC_4500001593,00505684390C1FE092EB536772286832
CMM_MTM_PUR,083,CMM_VLOGP_BGRFC_4500001594,00505684390C1FE092EB539FFADC4832
CMM_MTM_PUR,083,CMM_VLOGP_BGRFC_4500001595,00505684390C1FE092EB539FFADE2832
CMM_MTM_PUR,083,CMM_VLOGP_BGRFC_4500001597,00505684390C1FE092EB53C3251F2832
CMM_MTM_PUR,083,CMM_VLOGP_BGRFC_4500001598,00505684390C1FE092EB53F871854832
CMM_MTM_PUR,083,CMM_VLOGP_BGRFC_4500001599,00505684390C1FE092EB5410DCED4832
CMM_MTM_PUR,083,CMM_VLOGP_BGRFC_4500001603,00505684390C1FE092EB548262920832
CMM_MTM_PUR,083,CMM_VLOGP_BGRFC_4500001605,00505684390C1FE092EB54A8864A2832
CMM_MTM_PUR,083,CMM_VLOGP_BGRFC_4500001606,00505684390C1FE092EB54CE84ECC832
CMM_MTM_PUR,083,CMM_VLOGP_BGRFC_4500001609,00505684390C1FE092EB555DF32A8832
CMM_MTM_PUR,083,CMM_VLOGP_BGRFC_4500001611,00505684390C1FE092EB55A350E18832
CMM_MTM_PUR,083,CMM_VLOGP_BGRFC_4500001612,00505684390C1FE092EB55A350E36832
CMM_MTM_PUR,083,CMM_VLOGP_BGRFC_4500001613,00505684390C1FE092EB55C9BAE00832
CMM_MTM_PUR,083,CMM_VLOGP_BGRFC_4500001615,00505684390C1FE092EB55F5B8D6A832
CMM_MTM_PUR,083,CMM_VLOGP_BGRFC_4500001616,00505684390C1FE092EB561908B38832
CMM_MTM_PUR,083,CMM_VLOGP_BGRFC_4500001617,00505684390C1FE092EB561908B56832
CMM_MTM_PUR,083,CMM_VLOGP_BGRFC_4500001618,00505684390C1FE092EB563E5DBE0832
CMM_MTM_PUR,083,CMM_VLOGP_BGRFC_4500001619,00505684390C1FE092EB563E5DBFE832
CMM_MTM_PUR,083,CMM_VLOGP_BGRFC_4500001620,00505684390C1FE092EB5667148B8832
CMM_MTM_PUR,083,CMM_VLOGP_BGRFC_4500001621,00505684390C1FE092EB5667148D6832
CMM_MTM_PUR,083,CMM_VLOGP_BGRFC_7000000013,00505684390C1FE092EB5713C41E4832
CMM_MTM_PUR,083,CMM_VLOGP_BGRFC_7000000014,00505684390C1FE092EB57382C108832
CMM_MTM_PUR,083,CMM_VLOGP_BGRFC_7000000239,00505684390C1FE092EB576597674832
CMM_MTM_PUR,083,CMM_VLOGP_BGRFC_7000000293,00505684390C1FE092EB93C3D3070832
CMM_MTM_PUR,083,CMM_VLOGP_BGRFC_7000000338,00505684390C1FE092EB57820EBB8832
CMM_MTM_PUR,083,CMM_VLOGP_BGRFC_7000000381,00505684390C1FE092EB941151EBA832
CMM_MTM_PUR,083,CMM_VLOGP_BGRFC_7000000389,00505684390C1FE092EB57A4B8308832
CMM_MTM_PUR,083,CMM_VLOGP_BGRFC_7000000411,00505684390C1FE092EB945014D6E832
CMM_MTM_PUR,083,CMM_VLOGP_BGRFC_7000000414,00505684390C1FE092EB949A6B8B8832
CMM_MTM_PUR,083,CMM_VLOGP_BGRFC_7000000489,00505684390C1FE092EB94BF05B2A832
CMM_MTM_PUR,083,CMM_VLOGP_BGRFC_7000000502,00505684390C1FE092EB94E495704832
CMM_MTM_PUR,083,CMM_VLOGP_BGRFC_7000000510,00505684390C1FE092EB94E495726832
CMM_MTM_PUR,083,CMM_VLOGP_BGRFC_7000000511,00505684390C1FE092EB952EE70DC832
CMM_MTM_PUR,083,CMM_VLOGP_BGRFC_7000000518,00505684390C1FE092EB952EE70FE832
CMM_MTM_PUR,083,CMM_VLOGP_BGRFC_7000000521,00505684390C1FE092EB95684CFC0832
CMM_MTM_PUR,083,CMM_VLOGP_BGRFC_7000000531,00505684390C1FE092EB9609EFD28832
CMM_MTM_PUR,083,CMM_VLOGP_BGRFC_7000000532,00505684390C1FE092EB9609EFD4A832
CMM_MTM_PUR,083,CMM_VLOGP_BGRFC_7000000533,00505684390C1FE092EB96294DF1C832
CMM_MTM_PUR,083,CMM_VLOGP_BGRFC_7000000535,00505684390C1FE092EB96502EFB0832
CMM_MTM_PUR,083,CMM_VLOGP_BGRFC_7000000536,00505684390C1FE092EB96502EFD2832
CMM_MTM_PUR,083,CMM_VLOGP_BGRFC_7000000538,00505684390C1FE092EB96722BD18832
CMM_MTM_PUR,083,CMM_VLOGP_BGRFC_7000000539,00505684390C1FE092EB96722BD3A832
CMM_MTM_PUR,083,CMM_VLOGP_BGRFC_7000000551,00505684390C1FE092EB58192F574832
CMM_MTM_PUR,083,CMM_VLOGP_BGRFC_7000000602,00505684390C1FE092EB96BE81CDC832
CMM_MTM_PUR,083,CMM_VLOGP_BGRFC_7000000634,00505684390C1FE092EB96BE81CFE832
CMM_MTM_PUR,083,CMM_VLOGP_BGRFC_7000000729,00505684390C1FE092EB976014978832
CMM_MTM_PUR,083,CMM_VLOGP_BGRFC_7000000749,00505684390C1FE092EB97AC94A8C832
CMM_MTM_PUR,083,CMM_VLOGP_BGRFC_7000000754,00505684390C1FE092EB982F8D290832
CMM_MTM_PUR,083,CMM_VLOGP_BGRFC_7000000762,00505684390C1FE092EB989C9F064832
CMM_MTM_PUR,083,CMM_VLOGP_BGRFC_7000000767,00505684390C1FE092EB991296474832
CMM_MTM_PUR,083,CMM_VLOGP_BGRFC_7000000780,00505684390C1FE092EB99AB46D68832
CMM_MTM_PUR,083,CMM_VLOGP_BGRFC_7000000791,00505684390C1FE092EB9A4337966832
CMM_MTM_PUR,083,CMM_VLOGP_BGRFC_7000000798,00505684390C1FE092EB9ACDA3C7A832
CMM_MTM_PUR,083,CMM_VLOGP_BGRFC_7000000802,00505684390C1FE092EB9B14A7442832
CMM_MTM_PUR,083,CMM_VLOGP_BGRFC_7000000803,00505684390C1FE092EB9B37AE162832
CMM_MTM_PUR,083,CMM_VLOGP_BGRFC_7000000806,00505684390C1FE092EB9B8517C22832
CMM_MTM_PUR,083,CMM_VLOGP_BGRFC_7000000809,00505684390C1FE092EB9BD4407AE832
CMM_MTM_PUR,083,CMM_VLOGP_BGRFC_7000000810,00505684390C1FE092EB9BFE20DAC832
CMM_MTM_PUR,083,CMM_VLOGP_BGRFC_7000000813,00505684390C1FE092EB9C1CACD92832
CMM_MTM_PUR,083,CMM_VLOGP_BGRFC_7000000814,00505684390C1FE092EB9C1CACDB4832
CMM_MTM_PUR,083,CMM_VLOGP_BGRFC_7000000816,00505684390C1FE092EB9C4194438832
CMM_MTM_PUR,083,CMM_VLOGP_BGRFC_7000000818,00505684390C1FE092EBA6EDE3958832
CMM_MTM_PUR,083,CMM_VLOGP_BGRFC_7000000820,00505684390C1FE092EBA73C2A4BC832
CMM_MTM_PUR,083,CMM_VLOGP_BGRFC_7000000821,00505684390C1FE092EBA73C2A4DC832
CMM_MTM_PUR,083,CMM_VLOGP_BGRFC_7000000872,00505684390C1FE092EB5AF907F3C832
CMM_MTM_PUR,083,CMM_VLOGP_BGRFC_7000000878,00505684390C1FE092EBA8BD3A07A832
CMM_MTM_PUR,083,CMM_VLOGP_BGRFC_7000000887,00505684390C1FE092EBA8DC76A50832
CMM_MTM_PUR,083,CMM_VLOGP_BGRFC_7000000904,00505684390C1FE092EBA9256239C832
CMM_MTM_PUR,083,CMM_VLOGP_BGRFC_7000000910,00505684390C1FE092EBA9D947B58832
CMM_MTM_PUR,083,CMM_VLOGP_BGRFC_7000000911,00505684390C1FE092EB5BFDCEBB2832
CMM_MTM_PUR,083,CMM_VLOGP_BGRFC_7000000932,00505684390C1FE092EBAA1F45D68832
CMM_MTM_PUR,083,CMM_VLOGP_BGRFC_7000000934,00505684390C1FE092EBAA1F45D8A832
CMM_MTM_PUR,083,CMM_VLOGP_BGRFC_7000000936,00505684390C1FE092EBAA4C355D4832
CMM_MTM_PUR,083,CMM_VLOGP_BGRFC_7000000941,00505684390C1FE092EBAA6DEEE78832
CMM_MTM_PUR,083,CMM_VLOGP_BGRFC_7000000950,00505684390C1FE092EBAAECA328C832
CMM_MTM_PUR,083,CMM_VLOGP_BGRFC_7000000952,00505684390C1FE092EB5D2E517C8832
CMM_MTM_PUR,083,CMM_VLOGP_BGRFC_7000000969,00505684390C1FE092EBABAA68CAA832
CMM_MTM_PUR,083,CMM_VLOGP_BGRFC_7000000970,00505684390C1FE092EBABC0ED90A832
CMM_MTM_PUR,083,CMM_VLOGP_BGRFC_7000000971,00505684390C1FE092EBABC0ED92C832
CMM_MTM_PUR,083,CMM_VLOGP_BGRFC_7000000978,00505684390C1FE092EBAC0D4E23C832
CMM_MTM_PUR,083,CMM_VLOGP_BGRFC_7000001033,00505684390C1FE092EBAD31FB5BC832
CMM_MTM_PUR,083,CMM_VLOGP_BGRFC_7000001039,00505684390C1FE092EBAD31FB602832
CMM_MTM_PUR,083,CMM_VLOGP_BGRFC_7000001043,00505684390C1FE092EBAD7797A32832
CMM_MTM_PUR,083,CMM_VLOGP_BGRFC_7000001051,00505684390C1FE092EB616C60B22832
CMM_MTM_PUR,083,CMM_VLOGP_BGRFC_7000001070,00505684390C1FE092EBAE2D1D6C0832
CMM_MTM_PUR,083,CMM_VLOGP_BGRFC_7000001085,00505684390C1FE092EBAE7005B2E832
CMM_MTM_PUR,083,CMM_VLOGP_BGRFC_7000001090,00505684390C1FE092EBAE95A7730832
CMM_MTM_PUR,083,CMM_VLOGP_BGRFC_7000001105,00505684390C1FE092EBAF0B90B70832
CMM_MTM_PUR,083,CMM_VLOGP_BGRFC_7000001109,00505684390C1FE092EBAF2E87360832
CMM_MTM_PUR,083,CMM_VLOGP_BGRFC_7000001123,00505684390C1FE092EBAF556B69C832
CMM_MTM_PUR,083,CMM_VLOGP_BGRFC_7000001159,00505684390C1FE092EBB03E05CBE832
CMM_MTM_PUR,083,CMM_VLOGP_BGRFC_7000001187,00505684390C1FE092EBB05F6F20E832
CMM_MTM_PUR,083,CMM_VLOGP_BGRFC_7000001205,00505684390C1FE092EBB11F991DC832
CMM_MTM_PUR,083,CMM_VLOGP_BGRFC_7000001206,00505684390C1FE092EBB11F991FE832
CMM_MTM_PUR,083,CMM_VLOGP_BGRFC_7000001207,00505684390C1FE092EBB11F99220832
CMM_MTM_PUR,083,CMM_VLOGP_BGRFC_7000001208,00505684390C1FE092EBB1485E83C832
CMM_MTM_PUR,083,CMM_VLOGP_BGRFC_7000001211,00505684390C1FE092EBB1485E85E832
CMM_MTM_PUR,083,CMM_VLOGP_BGRFC_7000001227,00505684390C1FE092EBB251942FC832
CMM_MTM_PUR,083,CMM_VLOGP_BGRFC_7000001229,00505684390C1FE092EBB2519431E832
CMM_MTM_PUR,083,CMM_VLOGP_BGRFC_7000001230,00505684390C1FE092EBB276C5FE4832
CMM_MTM_PUR,083,CMM_VLOGP_BGRFC_7000001231,00505684390C1FE092EBB276C6006832
CMM_MTM_PUR,083,CMM_VLOGP_BGRFC_7000001232,00505684390C1FE092EBB276C6028832
CMM_MTM_PUR,083,CMM_VLOGP_BGRFC_7000001233,00505684390C1FE092EBB29F59FF0832
CMM_MTM_PUR,083,CMM_VLOGP_BGRFC_7000001234,00505684390C1FE092EBB29F5A012832
CMM_MTM_PUR,083,CMM_VLOGP_BGRFC_7000001236,00505684390C1FE092EBB29F5A034832
CMM_MTM_PUR,083,CMM_VLOGP_BGRFC_7000001244,00505684390C1FE092EBB32FFF93E832
CMM_MTM_PUR,083,CMM_VLOGP_BGRFC_7000001250,00505684390C1FE092EBB3ED99A5C832
CMM_MTM_PUR,083,CMM_VLOGP_BGRFC_7000001258,00505684390C1FE092EBB433149C4832
CMM_MTM_PUR,083,CMM_VLOGP_BGRFC_7000001259,00505684390C1FE092EBB433149E6832
CMM_MTM_PUR,083,CMM_VLOGP_BGRFC_7000001260,00505684390C1FE092EBB45406718832
CMM_MTM_PUR,083,CMM_VLOGP_BGRFC_7000001261,00505684390C1FE092EBB481D7124832
CMM_MTM_PUR,083,CMM_VLOGP_BGRFC_7000001262,00505684390C1FE092EBB48BBD420832
CMM_MTM_PUR,083,CMM_VLOGP_BGRFC_7000001263,00505684390C1FE092EBB4B263CFC832
CMM_MTM_PUR,083,CMM_VLOGP_BGRFC_7000001268,00505684390C1FE092EBB4D8756BA832
CMM_MTM_PUR,083,CMM_VLOGP_BGRFC_7000001269,00505684390C1FE092EBB4FDF4014832
CMM_MTM_PUR,083,CMM_VLOGP_BGRFC_7000001270,00505684390C1FE092EBB4FDF4036832
CMM_MTM_PUR,083,CMM_VLOGP_BGRFC_7000001275,00505684390C1FE092EBB52A9BA44832
CMM_MTM_PUR,083,CMM_VLOGP_BGRFC_7000001276,00505684390C1FE092EBB52A9BA66832
CMM_MTM_PUR,083,CMM_VLOGP_BGRFC_7000001277,00505684390C1FE092EBB52A9BA88832
CMM_MTM_PUR,083,CMM_VLOGP_BGRFC_7000001278,00505684390C1FE092EBB550AC3C8832
CMM_MTM_PUR,083,CMM_VLOGP_BGRFC_7000001279,00505684390C1FE092EBB550AC3EA832
CMM_MTM_PUR,083,CMM_VLOGP_BGRFC_7000001280,00505684390C1FE092EBB550AC40C832
CMM_MTM_PUR,083,CMM_VLOGP_BGRFC_7000001285,00505684390C1FE092EBB5A9D420A832
CMM_MTM_PUR,083,CMM_VLOGP_BGRFC_7000001289,00505684390C1FE092EBB5D10301C832
CMM_MTM_PUR,083,CMM_VLOGP_BGRFC_7000001291,00505684390C1FE092EBB60E73FFA832
CMM_MTM_PUR,083,CMM_VLOGP_BGRFC_7000001309,00505684390C1FE092EBB6B7FB29E832
CMM_MTM_PUR,083,CMM_VLOGP_BGRFC_7000001318,00505684390C1FE092EBB6DDE6698832
CMM_MTM_PUR,083,CMM_VLOGP_BGRFC_7000001319,00505684390C1FE092EBB6DDE66BA832
CMM_MTM_PUR,083,CMM_VLOGP_BGRFC_7000001320,00505684390C1FE092EBB6DDE66DC832
CMM_MTM_PUR,083,CMM_VLOGP_BGRFC_7000001337,00505684390C1FE092EBB7012453C832
CMM_MTM_PUR,083,CMM_VLOGP_BGRFC_7000001350,00505684390C1FE092EBB7827714E832
CMM_MTM_PUR,083,CMM_VLOGP_BGRFC_7000001353,00505684390C1FE092EBB7C56A1E0832
CMM_MTM_PUR,083,CMM_VLOGP_BGRFC_7000001354,00505684390C1FE092EBB7C56A202832
CMM_MTM_PUR,083,CMM_VLOGP_BGRFC_7000001359,00505684390C1FE092EBB7E961530832
CMM_MTM_PUR,083,CMM_VLOGP_BGRFC_7000001368,00505684390C1FE092EBB813521BE832
CMM_MTM_PUR,083,CMM_VLOGP_BGRFC_7000001377,00505684390C1FE092EBB83244BBC832
CMM_MTM_PUR,083,CMM_VLOGP_BGRFC_7000001384,00505684390C1FE092EBB85D758AE832
CMM_MTM_PUR,083,CMM_VLOGP_BGRFC_7000001388,00505684390C1FE092EC74D96FF2C832
CMM_MTM_PUR,083,CMM_VLOGP_BGRFC_7000001396,00505684390C1FE092EB6021D78FA832
CMM_MTM_PUR,083,CMM_VLOGP_BGRFC_7000001400,00505684390C1FE092EBB8A9ADE5A832
CMM_MTM_PUR,083,CMM_VLOGP_BGRFC_7000001401,00505684390C1FE092EBB8CBD7D60832
CMM_MTM_PUR,083,CMM_VLOGP_BGRFC_7000001402,00505684390C1FE092EBB8CBD7D82832
CMM_MTM_PUR,083,CMM_VLOGP_BGRFC_7000001403,00505684390C1FE092EBB8CBD7DA4832
CMM_MTM_PUR,083,CMM_VLOGP_BGRFC_7000001404,00505684390C1FE092EBB8CBD7DC6832
CMM_MTM_PUR,083,CMM_VLOGP_BGRFC_7000001407,00505684390C1FE092EBB92EF2058832
CMM_MTM_PUR,083,CMM_VLOGP_BGRFC_7000001408,00505684390C1FE092EB60BD865D0832
CMM_MTM_PUR,083,CMM_VLOGP_BGRFC_7000001414,00505684390C1FE092EB615724768832
CMM_MTM_PUR,083,CMM_VLOGP_BGRFC_7000001415,00505684390C1FE092EB61572478A832
CMM_MTM_PUR,083,CMM_VLOGP_BGRFC_7000001416,00505684390C1FE092EB6189E5954832
CMM_MTM_PUR,083,CMM_VLOGP_BGRFC_7000001423,00505684390C1FE092EBB9B781B94832
CMM_MTM_PUR,083,CMM_VLOGP_BGRFC_7000001424,00505684390C1FE092EBB9B781BB6832
CMM_MTM_PUR,083,CMM_VLOGP_BGRFC_7000001430,00505684390C1FE092EBB9B781BD8832
CMM_MTM_PUR,083,CMM_VLOGP_BGRFC_7000001437,00505684390C1FE092EBBA7443228832
CMM_MTM_PUR,083,CMM_VLOGP_BGRFC_7000001438,00505684390C1FE092EBBA744324A832
CMM_MTM_PUR,083,CMM_VLOGP_BGRFC_7000001440,00505684390C1FE092EBBA744326C832
CMM_MTM_PUR,083,CMM_VLOGP_BGRFC_7000001442,00505684390C1FE092EBBA95276D6832
CMM_MTM_PUR,083,CMM_VLOGP_BGRFC_7000001443,00505684390C1FE092EBBA95276F8832
CMM_MTM_PUR,083,CMM_VLOGP_BGRFC_7000001446,00505684390C1FE092EB62875BBAA832
CMM_MTM_PUR,083,CMM_VLOGP_BGRFC_7000001451,00505684390C1FE092EC74D96FF4C832
CMM_MTM_PUR,083,CMM_VLOGP_BGRFC_7000001452,00505684390C1FE092EBBAE12C222832
CMM_MTM_PUR,083,CMM_VLOGP_BGRFC_7000001453,00505684390C1FE092EBBAE12C244832
CMM_MTM_PUR,083,CMM_VLOGP_BGRFC_7000001455,00505684390C1FE092EBBB0760D6E832
CMM_MTM_PUR,083,CMM_VLOGP_BGRFC_7000001458,00505684390C1FE092EBBB0760D90832
CMM_MTM_PUR,083,CMM_VLOGP_BGRFC_7000001459,00505684390C1FE092EBBB0760DB2832
CMM_MTM_PUR,083,CMM_VLOGP_BGRFC_7000001461,00505684390C1FE092EBB132A22B2832
CMM_MTM_PUR,083,CMM_VLOGP_BGRFC_7000001464,00505684390C1FE092EBB181E1F3C832
CMM_MTM_PUR,083,CMM_VLOGP_BGRFC_7000001465,00505684390C1FE092EBB181E1F5E832
CMM_MTM_PUR,083,CMM_VLOGP_BGRFC_7000001466,00505684390C1FE092EBB181E1F80832
CMM_MTM_PUR,083,CMM_VLOGP_BGRFC_7000001469,00505684390C1FE092EBB1F41AFFA832
CMM_MTM_PUR,083,CMM_VLOGP_BGRFC_7000001470,00505684390C1FE092EBB1F41B01C832
CMM_MTM_PUR,083,CMM_VLOGP_BGRFC_7000001480,00505684390C1FE092EBB288CF462832
CMM_MTM_PUR,083,CMM_VLOGP_BGRFC_7000001483,00505684390C1FE092EB62DB03D1C832
CMM_MTM_PUR,083,CMM_VLOGP_BGRFC_7000001484,00505684390C1FE092EBB288CF484832
CMM_MTM_PUR,083,CMM_VLOGP_BGRFC_7000001486,00505684390C1FE092EBB2B091750832
CMM_MTM_PUR,083,CMM_VLOGP_BGRFC_7000001490,00505684390C1FE092EBB2B091772832
CMM_MTM_PUR,083,CMM_VLOGP_BGRFC_7000001491,00505684390C1FE092EBB2B091794832
CMM_MTM_PUR,083,CMM_VLOGP_BGRFC_7000001492,00505684390C1FE092EBB2D723364832
CMM_MTM_PUR,083,CMM_VLOGP_BGRFC_7000001494,00505684390C1FE092EBB2D7233AA832
CMM_MTM_PUR,083,CMM_VLOGP_BGRFC_7000001495,00505684390C1FE092EBB30145610832
CMM_MTM_PUR,083,CMM_VLOGP_BGRFC_7000001498,00505684390C1FE092EBB3014564C832
CMM_MTM_PUR,083,CMM_VLOGP_BGRFC_7000001499,00505684390C1FE092EBB321E574C832
CMM_MTM_PUR,083,CMM_VLOGP_BGRFC_7000001503,00505684390C1FE092EBB321E576E832
CMM_MTM_PUR,083,CMM_VLOGP_BGRFC_7000001505,00505684390C1FE092EBB34848814832
CMM_MTM_PUR,083,CMM_VLOGP_BGRFC_7000001520,00505684390C1FE092EBB37283728832
CMM_MTM_PUR,083,CMM_VLOGP_BGRFC_7000001521,00505684390C1FE092EBB3728374A832
CMM_MTM_PUR,083,CMM_VLOGP_BGRFC_7000001524,00505684390C1FE092EBB3728376C832
CMM_MTM_PUR,083,CMM_VLOGP_BGRFC_7000001526,00505684390C1FE092EBB39F701D8832
CMM_MTM_PUR,083,CMM_VLOGP_BGRFC_7000001527,00505684390C1FE092EBB3B9BC7D6832
CMM_MTM_PUR,083,CMM_VLOGP_BGRFC_7000001529,00505684390C1FE092EBB3E1154FC832
CMM_MTM_PUR,083,CMM_VLOGP_BGRFC_7000001530,00505684390C1FE092EBB3E11551E832
CMM_MTM_PUR,083,CMM_VLOGP_BGRFC_7000001531,00505684390C1FE092EBB3E115540832
CMM_MTM_PUR,083,CMM_VLOGP_BGRFC_7000001532,00505684390C1FE092EBB40916014832
CMM_MTM_PUR,083,CMM_VLOGP_BGRFC_7000001533,00505684390C1FE092EBB40916036832
CMM_MTM_PUR,083,CMM_VLOGP_BGRFC_7000001534,00505684390C1FE092EBB40916058832
CMM_MTM_PUR,083,CMM_VLOGP_BGRFC_7000001535,00505684390C1FE092EBB42CB9216832
CMM_MTM_PUR,083,CMM_VLOGP_BGRFC_7000001541,00505684390C1FE092EB63956AB9E832
CMM_MTM_PUR,083,CMM_VLOGP_BGRFC_7000001542,00505684390C1FE092EB63BF8C330832
CMM_MTM_PUR,083,CMM_VLOGP_BGRFC_7000001545,00505684390C1FE092EBB4B1C0226832
CMM_MTM_PUR,083,CMM_VLOGP_BGRFC_7000001547,00505684390C1FE092EBB4B1C0248832
CMM_MTM_PUR,083,CMM_VLOGP_BGRFC_7000001548,00505684390C1FE092EB63BF8C352832
CMM_MTM_PUR,083,CMM_VLOGP_BGRFC_7000001549,00505684390C1FE092EBB4E3D94E4832
CMM_MTM_PUR,083,CMM_VLOGP_BGRFC_7000001550,00505684390C1FE092EBB4E3D9506832
CMM_MTM_PUR,083,CMM_VLOGP_BGRFC_7000001552,00505684390C1FE092EB63DBE7F1C832
CMM_MTM_PUR,083,CMM_VLOGP_BGRFC_7000001555,00505684390C1FE092EBB4FEDB828832
CMM_MTM_PUR,083,CMM_VLOGP_BGRFC_7000001560,00505684390C1FE092EBB527BA028832
CMM_MTM_PUR,083,CMM_VLOGP_BGRFC_7000001579,00505684390C1FE092EBB5C22706A832
CMM_MTM_PUR,083,CMM_VLOGP_BGRFC_7000001583,00505684390C1FE092EBB63152BE4832
CMM_MTM_PUR,083,CMM_VLOGP_BGRFC_7000001587,00505684390C1FE092EBB6563F28C832
CMM_MTM_PUR,083,CMM_VLOGP_BGRFC_7000001591,00505684390C1FE092EBB67EA2A32832
CMM_MTM_PUR,083,CMM_VLOGP_BGRFC_7000001592,00505684390C1FE092EBB6A8A07E0832
CMM_MTM_PUR,083,CMM_VLOGP_BGRFC_7000001593,00505684390C1FE092EBB6A8A0802832
CMM_MTM_PUR,083,CMM_VLOGP_BGRFC_7000001599,00505684390C1FE092EBB6CE66F98832
CMM_MTM_PUR,083,CMM_VLOGP_BGRFC_7000001600,00505684390C1FE092EBB6CE66FBA832
CMM_MTM_PUR,083,CMM_VLOGP_BGRFC_7000001601,00505684390C1FE092EBB6F768788832
CMM_MTM_PUR,083,CMM_VLOGP_BGRFC_7000001605,00505684390C1FE092EBB71419CEA832
CMM_MTM_PUR,083,CMM_VLOGP_BGRFC_7000001609,00505684390C1FE092EB653422F9E832
CMM_MTM_PUR,083,CMM_VLOGP_BGRFC_7000001613,00505684390C1FE092EBB75F03266832
CMM_MTM_PUR,083,CMM_VLOGP_BGRFC_7000001616,00505684390C1FE092EBB7769E00C832
CMM_MTM_PUR,083,CMM_VLOGP_BGRFC_7000001617,00505684390C1FE092EBB7769E02E832
CMM_MTM_PUR,083,CMM_VLOGP_BGRFC_7000001619,00505684390C1FE092EBB7769E050832
CMM_MTM_PUR,083,CMM_VLOGP_BGRFC_7000001620,00505684390C1FE092EB661C52D4C832
CMM_MTM_PUR,083,CMM_VLOGP_BGRFC_7000001628,00505684390C1FE092EBB79BDCB58832
CMM_MTM_PUR,083,CMM_VLOGP_BGRFC_7000001639,00505684390C1FE092EB6735BC146832
CMM_MTM_PUR,083,CMM_VLOGP_BGRFC_7000001640,00505684390C1FE092EB6735BC184832
CMM_MTM_PUR,083,CMM_VLOGP_BGRFC_7000001645,00505684390C1FE092EBB7E6DD99E832
CMM_MTM_PUR,083,CMM_VLOGP_BGRFC_7000001650,00505684390C1FE092EBB87FBCB5C832
CMM_MTM_PUR,083,CMM_VLOGP_BGRFC_7000001668,00505684390C1FE092EBB9B6B2330832
CMM_MTM_PUR,083,CMM_VLOGP_BGRFC_7000001677,00505684390C1FE092EB684921172832
CMM_MTM_PUR,083,CMM_VLOGP_BGRFC_7000001678,00505684390C1FE092EB6866ACC3A832
CMM_MTM_PUR,083,CMM_VLOGP_BGRFC_7000001686,00505684390C1FE092EBBB07CD5C0832
CMM_MTM_PUR,083,CMM_VLOGP_BGRFC_7000001691,00505684390C1FE092EB68FF11AD8832
CMM_MTM_PUR,083,CMM_VLOGP_BGRFC_7000001692,00505684390C1FE092EB692E612EC832
CMM_MTM_PUR,083,CMM_VLOGP_BGRFC_7000001700,00505684390C1FE092EBBB7B6391C832
CMM_MTM_PUR,083,CMM_VLOGP_BGRFC_7000001701,00505684390C1FE092EBBB7B6393E832
CMM_MTM_PUR,083,CMM_VLOGP_BGRFC_7000001702,00505684390C1FE092EB697B77360832
CMM_MTM_PUR,083,CMM_VLOGP_BGRFC_7000001703,00505684390C1FE092EB699AF9EE0832
CMM_MTM_PUR,083,CMM_VLOGP_BGRFC_7000001704,00505684390C1FE092EB699AF9F02832
CMM_MTM_PUR,083,CMM_VLOGP_BGRFC_7000001705,00505684390C1FE092EB69C016E24832
CMM_MTM_PUR,083,CMM_VLOGP_BGRFC_7000001707,00505684390C1FE092EBBBA400E5C832
CMM_MTM_PUR,083,CMM_VLOGP_BGRFC_7000001708,00505684390C1FE092EBBBCB12E7C832
CMM_MTM_PUR,083,CMM_VLOGP_BGRFC_7000001714,00505684390C1FE092EBBC15C2ED6832
CMM_MTM_PUR,083,CMM_VLOGP_BGRFC_7000001715,00505684390C1FE092EBBC42703FC832
CMM_MTM_PUR,083,CMM_VLOGP_BGRFC_7000001716,00505684390C1FE092EBBC427041E832
CMM_MTM_PUR,083,CMM_VLOGP_BGRFC_7000001722,00505684390C1FE092EBBC5E88BEA832
CMM_MTM_PUR,083,CMM_VLOGP_BGRFC_7000001732,00505684390C1FE092EB6AD973990832
CMM_MTM_PUR,083,CMM_VLOGP_BGRFC_7000001744,00505684390C1FE092EB6D1A00538832
CMM_MTM_PUR,083,CMM_VLOGP_BGRFC_7000001745,00505684390C1FE092EB6D1A0055A832
CMM_MTM_PUR,083,CMM_VLOGP_BGRFC_7000001751,00505684390C1FE092EB6D8D20FFA832
CMM_MTM_PUR,083,CMM_VLOGP_BGRFC_7000001795,00505684390C1FE092EBBD2A2221C832
CMM_MTM_PUR,083,CMM_VLOGP_BGRFC_7000001799,00505684390C1FE092EB72A29B050832
CMM_MTM_PUR,083,CMM_VLOGP_BGRFC_7000001801,00505684390C1FE092EC74D96FF6C832
CMM_MTM_PUR,083,CMM_VLOGP_BGRFC_7000001802,00505684390C1FE092EBBD698CDA0832
CMM_MTM_PUR,083,CMM_VLOGP_BGRFC_7000001803,00505684390C1FE092EBBD698CDC2832
CMM_MTM_PUR,083,CMM_VLOGP_BGRFC_7000001804,00505684390C1FE092EBBD698CDE4832
CMM_MTM_PUR,083,CMM_VLOGP_BGRFC_7000001805,00505684390C1FE092EBBD9221E18832
CMM_MTM_PUR,083,CMM_VLOGP_BGRFC_7000001806,00505684390C1FE092EBBD9221E3A832
CMM_MTM_PUR,083,CMM_VLOGP_BGRFC_7000001807,00505684390C1FE092EBBD9221E5C832
CMM_MTM_PUR,083,CMM_VLOGP_BGRFC_7000001808,00505684390C1FE092EBBD9221E7E832
CMM_MTM_PUR,083,CMM_VLOGP_BGRFC_7000001822,00505684390C1FE092EBBF330A724832
CMM_MTM_PUR,083,CMM_VLOGP_BGRFC_7000001823,00505684390C1FE092EBBF330A75C832
CMM_MTM_PUR,083,CMM_VLOGP_BGRFC_7000001842,00505684390C1FE092EBC077B7832832
CMM_MTM_PUR,083,CMM_VLOGP_BGRFC_7000001846,00505684390C1FE092EBC077B7854832
CMM_MTM_PUR,083,CMM_VLOGP_BGRFC_7000001857,00505684390C1FE092EBC167A4F4C832
CMM_MTM_PUR,083,CMM_VLOGP_BGRFC_7000001895,00505684390C1FE092EBC28F59A66832
CMM_MTM_PUR,083,CMM_VLOGP_BGRFC_7000001896,00505684390C1FE092EBC2B4E7664832
CMM_MTM_PUR,083,CMM_VLOGP_BGRFC_7000001897,00505684390C1FE092EBC2B4E7686832
CMM_MTM_PUR,083,CMM_VLOGP_BGRFC_7000001898,00505684390C1FE092EBC2B4E76A8832
CMM_MTM_PUR,083,CMM_VLOGP_BGRFC_7000001899,00505684390C1FE092EBC2E07DF58832
CMM_MTM_PUR,083,CMM_VLOGP_BGRFC_7000001901,00505684390C1FE092EBC2E07DF7A832
CMM_MTM_PUR,083,CMM_VLOGP_BGRFC_7000001909,00505684390C1FE092EB74EACC82A832
CMM_MTM_PUR,083,CMM_VLOGP_BGRFC_7000001910,00505684390C1FE092EB74EACC84C832
CMM_MTM_PUR,083,CMM_VLOGP_BGRFC_7000001933,00505684390C1FE092EBC34F4194C832
CMM_MTM_PUR,083,CMM_VLOGP_BGRFC_7000001956,00505684390C1FE092EBC37711140832
CMM_MTM_PUR,083,CMM_VLOGP_BGRFC_7000002040,00505684390C1FE092EBC39A43F14832
CMM_MTM_PUR,083,CMM_VLOGP_BGRFC_7000002085,00505684390C1FE092EBC3BF0462E832
CMM_MTM_PUR,083,CMM_VLOGP_BGRFC_7000002087,00505684390C1FE092EBC3E6F5F66832
CMM_MTM_PUR,083,CMM_VLOGP_BGRFC_7000002088,00505684390C1FE092EBC3E6F5F88832
CMM_MTM_PUR,083,CMM_VLOGP_BGRFC_7000002089,00505684390C1FE092EBC41021790832
CMM_MTM_PUR,083,CMM_VLOGP_BGRFC_7000002090,00505684390C1FE092EBC410217B2832
CMM_MTM_PUR,083,CMM_VLOGP_BGRFC_7000002194,00505684390C1FE092EB773AC43B4832
CMM_MTM_PUR,083,CMM_VLOGP_BGRFC_7000002231,00505684390C1FE092EB78452690E832
CMM_MTM_PUR,083,CMM_VLOGP_BGRFC_7000002238,00505684390C1FE092EB79564FCFE832
CMM_MTM_PUR,083,CMM_VLOGP_BGRFC_7000002242,00505684390C1FE092EBB336B2026832
CMM_MTM_PUR,083,CMM_VLOGP_BGRFC_7000002248,00505684390C1FE092EBB35A99270832
CMM_MTM_PUR,083,CMM_VLOGP_BGRFC_7000002250,00505684390C1FE092EB7A0F62190832
CMM_MTM_PUR,083,CMM_VLOGP_BGRFC_7000002251,00505684390C1FE092EB7A3F83D98832
CMM_MTM_PUR,083,CMM_VLOGP_BGRFC_7000002254,00505684390C1FE092EBB380B2D8A832
CMM_MTM_PUR,083,CMM_VLOGP_BGRFC_7000002255,00505684390C1FE092EB7A3F83DBA832
CMM_MTM_PUR,083,CMM_VLOGP_BGRFC_7000002256,00505684390C1FE092EBB3ACDD694832
CMM_MTM_PUR,083,CMM_VLOGP_BGRFC_7000002257,00505684390C1FE092EBB3ACDD6B4832
CMM_MTM_PUR,083,CMM_VLOGP_BGRFC_7000002259,00505684390C1FE092EBB3ACDD6D4832
CMM_MTM_PUR,083,CMM_VLOGP_BGRFC_7000002261,00505684390C1FE092EBB3DC343E0832
CMM_MTM_PUR,083,CMM_VLOGP_BGRFC_7000002466,00505684390C1FE092EBB3F3E4C7E832
CMM_MTM_PUR,083,CMM_VLOGP_BGRFC_7000002467,00505684390C1FE092EB6417DB8CA832
CMM_MTM_PUR,083,CMM_VLOGP_BGRFC_7000002468,00505684390C1FE092EB64617A994832
CMM_MTM_PUR,083,CMM_VLOGP_BGRFC_7000002510,00505684390C1FE092EBB419C173E832
CMM_MTM_PUR,083,CMM_VLOGP_BGRFC_7000002513,00505684390C1FE092EB674A70FE8832
CMM_MTM_PUR,083,CMM_VLOGP_BGRFC_7000002532,00505684390C1FE092EB69E200C80832
CMM_MTM_PUR,083,CMM_VLOGP_BGRFC_7000002533,00505684390C1FE092EB6A0107CC8832
CMM_MTM_PUR,083,CMM_VLOGP_BGRFC_7000002535,00505684390C1FE092EB6A245F93C832
CMM_MTM_PUR,083,CMM_VLOGP_BGRFC_7000002726,00505684390C1FE092EB7EC4A79C2832
CMM_MTM_PUR,083,CMM_VLOGP_BGRFC_7000002727,00505684390C1FE092EB7EF52EC34832
CMM_MTM_PUR,083,CMM_VLOGP_BGRFC_7000002729,00505684390C1FE092EB7F1269D44832
CMM_MTM_PUR,083,CMM_VLOGP_BGRFC_7000002730,00505684390C1FE092EB7F36EA128832
CMM_MTM_PUR,083,CMM_VLOGP_BGRFC_7000002731,00505684390C1FE092EB7F36EA14A832
CMM_MTM_PUR,083,CMM_VLOGP_BGRFC_7000002732,00505684390C1FE092EB7F59D0296832
CMM_MTM_PUR,083,CMM_VLOGP_BGRFC_7000002735,00505684390C1FE092EB7FCD54320832
CMM_MTM_PUR,083,CMM_VLOGP_BGRFC_7000002736,00505684390C1FE092EB7FCD54342832
CMM_MTM_PUR,083,CMM_VLOGP_BGRFC_7000002739,00505684390C1FE092EB7FF1D90C8832
CMM_MTM_PUR,083,CMM_VLOGP_BGRFC_7000002743,00505684390C1FE092EB7FF1D90EA832
CMM_MTM_PUR,083,CMM_VLOGP_BGRFC_7000002744,00505684390C1FE092EB801948158832
CMM_MTM_PUR,083,CMM_VLOGP_BGRFC_7000002746,00505684390C1FE092EB804043C7A832
CMM_MTM_PUR,083,CMM_VLOGP_BGRFC_7000002752,00505684390C1FE092EB80DB52868832
CMM_MTM_PUR,083,CMM_VLOGP_BGRFC_7000002757,00505684390C1FE092EB810912906832
CMM_MTM_PUR,083,CMM_VLOGP_BGRFC_7000002760,00505684390C1FE092EB8197C6904832
CMM_MTM_PUR,083,CMM_VLOGP_BGRFC_7000002761,00505684390C1FE092EB8197C6926832
CMM_MTM_PUR,083,CMM_VLOGP_BGRFC_7000002762,00505684390C1FE092EB81C4E695C832
CMM_MTM_PUR,083,CMM_VLOGP_BGRFC_7000002763,00505684390C1FE092EB81C4E697E832
CMM_MTM_PUR,083,CMM_VLOGP_BGRFC_7000002764,00505684390C1FE092EB81E1F8C74832
CMM_MTM_PUR,083,CMM_VLOGP_BGRFC_7000002765,00505684390C1FE092EB820820EC0832
CMM_MTM_PUR,083,CMM_VLOGP_BGRFC_7000002766,00505684390C1FE092EB820820EE2832
CMM_MTM_PUR,083,CMM_VLOGP_BGRFC_7000002767,00505684390C1FE092EB823C3394C832
CMM_MTM_PUR,083,CMM_VLOGP_BGRFC_7000002768,00505684390C1FE092EB823C3396E832
CMM_MTM_PUR,083,CMM_VLOGP_BGRFC_7000002774,00505684390C1FE092EB8338EDC6A832
CMM_MTM_PUR,083,CMM_VLOGP_BGRFC_7000002775,00505684390C1FE092EB8363ACAB8832
CMM_MTM_PUR,083,CMM_VLOGP_BGRFC_7000002778,00505684390C1FE092EB83D19A4EA832
CMM_MTM_PUR,083,CMM_VLOGP_BGRFC_7000002782,00505684390C1FE092EB83F97BB5C832
CMM_MTM_PUR,083,CMM_VLOGP_BGRFC_7000002783,00505684390C1FE092EB83F97BB7E832
CMM_MTM_PUR,083,CMM_VLOGP_BGRFC_7000002785,00505684390C1FE092EB842438E6C832
CMM_MTM_PUR,083,CMM_VLOGP_BGRFC_7000002786,00505684390C1FE092EB842438E8E832
CMM_MTM_PUR,083,CMM_VLOGP_BGRFC_7000002787,00505684390C1FE092EB8444901EE832
CMM_MTM_PUR,083,CMM_VLOGP_BGRFC_7000002788,00505684390C1FE092EB844490210832
CMM_MTM_PUR,083,CMM_VLOGP_BGRFC_7000002789,00505684390C1FE092EB846B83228832
CMM_MTM_PUR,083,CMM_VLOGP_BGRFC_7000002790,00505684390C1FE092EB8492BD9C8832
CMM_MTM_PUR,083,CMM_VLOGP_BGRFC_7000002791,00505684390C1FE092EB8492BD9EA832
CMM_MTM_PUR,083,CMM_VLOGP_BGRFC_7000002798,00505684390C1FE092EB84C4CF13C832
CMM_MTM_PUR,083,CMM_VLOGP_BGRFC_7000002801,00505684390C1FE092EB84DF998C8832
CMM_MTM_PUR,083,CMM_VLOGP_BGRFC_7000002802,00505684390C1FE092EB84DF998EA832
CMM_MTM_PUR,083,CMM_VLOGP_BGRFC_7000002803,00505684390C1FE092EB8511BBF18832
CMM_MTM_PUR,083,CMM_VLOGP_BGRFC_7000002804,00505684390C1FE092EB8511BBF3A832
CMM_MTM_PUR,083,CMM_VLOGP_BGRFC_7000002807,00505684390C1FE092EB857B9883C832
CMM_MTM_PUR,083,CMM_VLOGP_BGRFC_7000002912,00505684390C1FE092EB746725370832
CMM_MTM_PUR,083,CMM_VLOGP_BGRFC_7000002924,00505684390C1FE092EB7630F2144832
CMM_MTM_PUR,083,CMM_VLOGP_BGRFC_7000002925,00505684390C1FE092EB765640942832
CMM_MTM_PUR,083,CMM_VLOGP_BGRFC_7000002926,00505684390C1FE092EB768616D54832
CMM_MTM_PUR,083,CMM_VLOGP_BGRFC_7000002946,00505684390C1FE092EB77B0271AC832
CMM_MTM_PUR,083,CMM_VLOGP_BGRFC_7000002948,00505684390C1FE092EB782AD6272832
CMM_MTM_PUR,083,CMM_VLOGP_BGRFC_7000002949,00505684390C1FE092EB7846401E0832
CMM_MTM_PUR,083,CMM_VLOGP_BGRFC_7000002950,00505684390C1FE092EB78758E55C832
CMM_MTM_PUR,083,CMM_VLOGP_BGRFC_7000002951,00505684390C1FE092EB78758E57E832
CMM_MTM_PUR,083,CMM_VLOGP_BGRFC_7000002952,00505684390C1FE092EB7892B1860832
CMM_MTM_PUR,083,CMM_VLOGP_BGRFC_7000002953,00505684390C1FE092EB78C5A2F34832
CMM_MTM_PUR,083,CMM_VLOGP_BGRFC_7000002954,00505684390C1FE092EB78E504E2C832
CMM_MTM_PUR,083,CMM_VLOGP_BGRFC_7000002955,00505684390C1FE092EB790409EBA832
CMM_MTM_PUR,083,CMM_VLOGP_BGRFC_7000002956,00505684390C1FE092EB790409EDC832
CMM_MTM_PUR,083,CMM_VLOGP_BGRFC_7000002957,00505684390C1FE092EB79312B788832
CMM_MTM_PUR,083,CMM_VLOGP_BGRFC_7000002958,00505684390C1FE092EB79312B7AA832
CMM_MTM_PUR,083,CMM_VLOGP_BGRFC_7000002959,00505684390C1FE092EB795166C24832
CMM_MTM_PUR,083,CMM_VLOGP_BGRFC_7000002961,00505684390C1FE092EB7980C6E78832
CMM_MTM_PUR,083,CMM_VLOGP_BGRFC_7000002963,00505684390C1FE092EB7980C6E9A832
CMM_MTM_PUR,083,CMM_VLOGP_BGRFC_7000002965,00505684390C1FE092EB799CEF62C832
CMM_MTM_PUR,083,CMM_VLOGP_BGRFC_7000002968,00505684390C1FE092EB79CFF24FC832
CMM_MTM_PUR,083,CMM_VLOGP_BGRFC_7000002971,00505684390C1FE092EB7A3A9148A832
CMM_MTM_PUR,083,CMM_VLOGP_BGRFC_7000002973,00505684390C1FE092EB7A68750BC832
CMM_MTM_PUR,083,CMM_VLOGP_BGRFC_7000002975,00505684390C1FE092EB7A81B89E8832
CMM_MTM_PUR,083,CMM_VLOGP_BGRFC_7000002976,00505684390C1FE092EB7A81B8A0A832
CMM_MTM_PUR,083,CMM_VLOGP_BGRFC_7000002977,00505684390C1FE092EB7AA87FDAC832
CMM_MTM_PUR,083,CMM_VLOGP_BGRFC_7000002978,00505684390C1FE092EB7ADAC1634832
CMM_MTM_PUR,083,CMM_VLOGP_BGRFC_7000002982,00505684390C1FE092EB7B6ED7EE6832
CMM_MTM_PUR,083,CMM_VLOGP_BGRFC_7000002983,00505684390C1FE092EB7B8C66A46832
CMM_MTM_PUR,083,CMM_VLOGP_BGRFC_7000002984,00505684390C1FE092EB7BC1A4664832
CMM_MTM_PUR,083,CMM_VLOGP_BGRFC_7000002985,00505684390C1FE092EB7BE50B008832
CMM_MTM_PUR,083,CMM_VLOGP_BGRFC_7000002986,00505684390C1FE092EB7BE50B02A832
CMM_MTM_PUR,083,CMM_VLOGP_BGRFC_7000002987,00505684390C1FE092EB7BFF2CE80832
CMM_MTM_PUR,083,CMM_VLOGP_BGRFC_7000003001,00505684390C1FE092EB7ED5DA5F0832
CMM_MTM_PUR,083,CMM_VLOGP_BGRFC_7000003002,00505684390C1FE092EB7EFB32E50832
CMM_MTM_PUR,083,CMM_VLOGP_BGRFC_7000003003,00505684390C1FE092EB7EFB32E74832
CMM_MTM_PUR,083,CMM_VLOGP_BGRFC_7000003213,00505684390C1FE097B4276B84DB4832
CMM_MTM_PUR,083,CMM_VLOGP_BGRFC_7000003490,00505684390C1FE097B4767B99B74832
CMM_MTM_PUR,083,CMM_VLOGP_BGRFC_7000003589,00505684390C1FE097B4BC22DBFBA832
CMM_MTM_PUR,083,CMM_VLOGP_BGRFC_7000003605,00505684390C1FE097B67ECF22F84832
CMM_MTM_PUR,083,CMM_VLOGP_BGRFC_7000004111,00505684390C1FE097B4912E1E7EA832
CMM_MTM_PUR,083,CMM_VLOGP_BGRFC_7000004112,00505684390C1FE097B49159283F4832
CMM_MTM_PUR,083,CMM_VLOGP_BGRFC_7000004113,00505684390C1FE097B491A08A522832
CMM_MTM_PUR,083,CMM_VLOGP_BGRFC_7000004114,00505684390C1FE097B491CF649C8832
CMM_MTM_PUR,083,CMM_VLOGP_BGRFC_7000004115,00505684390C1FE097B492141805A832
CMM_MTM_PUR,083,CMM_VLOGP_BGRFC_7000004116,00505684390C1FE097B4923DD49E4832
CMM_MTM_PUR,083,CMM_VLOGP_BGRFC_7000004165,00505684390C1FE099EAB8870A596832
CMM_MTM_PUR,083,CMM_VLOGP_BGRFC_7000004166,00505684390C1FE099EAC55ACB8AA832
CMM_MTM_PUR,083,CMM_VLOGP_BGRFC_7000004582,00505684390C1FE096924E2112298832
CMM_MTM_PUR,083,CMM_VLOGP_BGRFC_7000004583,00505684390C1FE09692E18804992832
CMM_MTM_PUR,083,CMM_VLOGP_BGRFC_7000004605,00505684390C1FE09790525595096832
CMM_MTM_PUR,083,CMM_VLOGP_BGRFC_7000004610,00505684390C1FE097AC2EBB807BE832
CMM_MTM_PUR,083,CMM_VLOGP_BGRFC_7000004625,00505684390C1FE098B39D364D5C8832
CMM_MTM_PUR,083,CMM_VLOGP_BGRFC_7000004710,00505684390C1FE09BAD7EFE22E6A832
CMM_MTM_PUR,083,CMM_VLOGP_BGRFC_7000004720,00505684390C1FE09BC6BAF69B386832
CMM_MTM_PUR,083,CMM_VLOGP_BGRFC_7000004953,00505684390C1FE0AC937C92E8C86865
CMM_MTM_PUR,083,CMM_VLOGP_BGRFC_7000005004,00505684390C1FE0AAB71FD70D3CE865
CMM_MTM_PUR,083,CMM_VLOGP_BGRFC_7000005036,00505684390C1FE0AA9FDED659756865
CMM_MTM_PUR,083,CMM_VLOGP_BGRFC_7000005045,00505684390C1FE0ABE746C4FAECA865
CMM_MTM_PUR,083,CMM_VLOGP_BGRFC_7000005051,00505684390C1FE0AC9329CC8EA30865
CMM_MTM_PUR,083,CMM_VLOGP_BGRFC_7000005052,00505684390C1FE0AC93CCFBD7AD6865
CMM_MTM_PUR,083,CMM_VLOGP_BGRFC_7000005053,00505684390C1FE0AC940CB68138E865
CMM_MTM_PUR,083,CMM_VLOGP_BGRFC_7000005054,00505684390C1FE0AC945233123A0865
CMM_MTM_PUR,083,CMM_VLOGP_BGRFC_7000005056,00505684390C1FE0AC97610C25028865
CMM_MTM_PUR,083,CMM_VLOGP_BGRFC_7000005057,00505684390C1FE0AC97EC38ED75E865
CMM_MTM_PUR,083,CMM_VLOGP_BGRFC_7000005058,00505684390C1FE0AC98026AC87AE865
CMM_MTM_PUR,083,CMM_VLOGP_BGRFC_7000005059,00505684390C1FE0AC98ED566CC2E865
CMM_MTM_PUR,083,CMM_VLOGP_BGRFC_7000005060,00505684390C1FE0AC99969B560F2865
CMM_MTM_PUR,083,CMM_VLOGP_BGRFC_7000005061,00505684390C1FE0AC99AF5E32664865
CMM_MTM_PUR,083,CMM_VLOGP_BGRFC_7000005069,00505684390C1FE0ACDF37DBFA54C865
CMM_MTM_PUR,083,CMM_VLOGP_BGRFC_7000005079,00505684390C1FE0ACEB3D430982E865
CMM_MTM_PUR,083,CMM_VLOGP_BGRFC_7000005080,00505684390C1FE0ACEDE9402FB4A865
CMM_MTM_PUR,083,CMM_VLOGP_BGRFC_7000005081,00505684390C1FE0ACEE14C36585E865
CMM_MTM_PUR,083,CMM_VLOGP_BGRFC_7000005082,00505684390C1FE0AD849B0F351CA865
CMM_MTM_PUR,083,CMM_VLOGP_BGRFC_7000005089,00505684390C1FE0AD87BD38E185A865
CMM_MTM_PUR,083,CMM_VLOGP_BGRFC_7000005115,00505684390C1FE0AFC8ABDF30A5A879
CMM_MTM_PUR,083,CMM_VLOGP_BGRFC_7000005116,00505684390C1FE0AFC8CA9D92044879
CMM_MTM_PUR,083,CMM_VLOGP_BGRFC_7000005117,00505684390C1FE0AFC8F5611A41E879
CMM_MTM_PUR,083,CMM_VLOGP_BGRFC_7000005119,00505684390C1FE0AFDCDB347ED66879
CMM_MTM_PUR,083,CMM_VLOGP_BGRFC_7000005120,00505684390C1FE0AFE089A89311E879
CMM_MTM_PUR,083,CMM_VLOGP_BGRFC_7000005121,00505684390C1FE0AFE0B22C5A09E879
CMM_MTM_PUR,083,CMM_VLOGP_BGRFC_7000005122,00505684390C1FE0AFE0EB150B228879
CMM_MTM_PUR,083,CMM_VLOGP_BGRFC_7000005125,00505684390C1FE0AFF9F884FFB7A879
CMM_MTM_PUR,083,CMM_VLOGP_BGRFC_7000005126,00505684390C1FE0AFFEDA716D3B4879
CMM_MTM_PUR,083,CMM_VLOGP_BGRFC_7000005127,00505684390C1FE0B08AA5952CFCC879
CMM_MTM_PUR,083,CMM_VLOGP_BGRFC_7000005128,00505684390C1FE0B08CAE1575156879
CMM_MTM_PUR,083,CMM_VLOGP_BGRFC_7000005129,00505684390C1FE0B08CAF5B5A1FE879
CMM_MTM_PUR,083,CMM_VLOGP_BGRFC_7000005134,00505684390C1FE0B0940E6ADB0F2879
CMM_MTM_PUR,083,CMM_VLOGP_BGRFC_7000005141,00505684390C1FE0B0A97B5DFEABE879
CMM_MTM_PUR,083,CMM_VLOGP_BGRFC_7000005146,00505684390C1FE0B0F6ABCAAD71E879
CMM_MTM_PUR,083,CMM_VLOGP_BGRFC_7000005152,00505684390C1FE0B0FC66E9FE0DA879
CMM_MTM_PUR,083,CMM_VLOGP_BGRFC_7000005201,00505684390C1FE0B2A684408ACA687A
CMM_MTM_PUR,083,CMM_VLOGP_BGRFC_7000005210,00505684390C1FE0B2C3CBBE457D687A
CMM_MTM_PUR,083,CMM_VLOGP_BGRFC_7000005211,00505684390C1FE0B2C3D7164E65887A
CMM_MTM_PUR,083,CMM_VLOGP_BGRFC_7000005212,00505684390C1FE0B2C3D9566B52687A
CMM_MTM_PUR,083,CMM_VLOGP_BGRFC_7000005213,00505684390C1FE0B2C3DB2EB9EC287A
CMM_MTM_PUR,083,CMM_VLOGP_BGRFC_7000005214,00505684390C1FE0B2C3DCA82A23687A
CMM_MTM_PUR,083,CMM_VLOGP_BGRFC_7000005215,00505684390C1FE0B2C3DE4A6D88A87A
CMM_MTM_PUR,083,CMM_VLOGP_BGRFC_7000005216,00505684390C1FE0B2C3E0012BA8287A
CMM_MTM_PUR,083,CMM_VLOGP_BGRFC_7000005217,00505684390C1FE0B2C3E4FD197E687A
CMM_MTM_PUR,083,CMM_VLOGP_BGRFC_7000005218,00505684390C1FE0B2C3E67BA957487A
CMM_MTM_PUR,083,CMM_VLOGP_BGRFC_7000005219,00505684390C1FE0B2C3E83D3DC7A87A
CMM_MTM_PUR,083,CMM_VLOGP_BGRFC_7000005221,00505684390C1FE0B2C9568DEE74687A
CMM_MTM_PUR,083,CMM_VLOGP_BGRFC_7000005228,00505684390C1FE0B2E3398E60BC887A
CMM_MTM_PUR,083,CMM_VLOGP_BGRFC_7000005232,00505684390C1FE0B2E9BAE47B8EE87A
CMM_MTM_PUR,083,CMM_VLOGP_BGRFC_7000005233,00505684390C1FE0B2EAD119C552687A
CMM_MTM_PUR,083,CMM_VLOGP_BGRFC_7000005234,00505684390C1FE0B2EAD1B6667B487A
CMM_MTM_PUR,083,CMM_VLOGP_BGRFC_7000005235,00505684390C1FE0B2EAD22632E0C87A
CMM_MTM_PUR,083,CMM_VLOGP_BGRFC_7000005236,00505684390C1FE0B2EAD2C6C614E87A
CMM_MTM_PUR,083,CMM_VLOGP_BGRFC_7000005237,00505684390C1FE0B2EAD35BC4D6287A
CMM_MTM_PUR,083,CMM_VLOGP_BGRFC_7000005238,00505684390C1FE0B2EAD3A032F0E87A
CMM_MTM_PUR,083,CMM_VLOGP_BGRFC_7000005270,00505684390C1FE0B3DE47870EA6287A
CMM_MTM_PUR,083,CMM_VLOGP_BGRFC_7000005271,00505684390C1FE0B3DEC03505D0A87A
CMM_MTM_PUR,083,CMM_VLOGP_BGRFC_7000005309,00505684390C1FE0B4A1ECABA699A87B
CMM_MTM_PUR,083,CMM_VLOGP_BGRFC_7000005334,00505684390C1FE0B5B34CE406EFE87B
CMM_MTM_PUR,083,CMM_VLOGP_BGRFC_7000005335,00505684390C1FE0B5B36DBFABDBA87B
CMM_MTM_PUR,083,CMM_VLOGP_BGRFC_7000005365,00505684390C1FE0B6FE16B40341887B
CMM_MTM_PUR,083,CMM_VLOGP_BGRFC_7000005368,00505684390C1FE0B7E661CB6C08287B
CMM_MTM_PUR,083,CMM_VLOGP_BGRFC_7000005370,00505684390C1FE0B7F939579171287B
CMM_MTM_PUR,083,CMM_VLOGP_BGRFC_7000005378,00505684390C1FE0B8C5BE64B242E87E
CMM_MTM_PUR,083,CMM_VLOGP_BGRFC_7000005379,00505684390C1FE0B8C73E68BFC0887E
CMM_MTM_PUR,083,CMM_VLOGP_BGRFC_7000005384,00505684390C1FE0B9B665480EE4A87E
CMM_MTM_PUR,083,CMM_VLOGP_BGRFC_7000005391,00505684390C1FE0BAE8725FBB4DE880
CMM_MTM_PUR,083,CMM_VLOGP_BGRFC_7000005409,00505684390C1FE0BAFEE507C318A880
CMM_MTM_PUR,083,CMM_VLOGP_BGRFC_7000005410,00505684390C1FE0BAFEE550A8F4E880
CMM_MTM_PUR,083,CMM_VLOGP_BGRFC_7000005411,00505684390C1FE0BAFEE5A4C1CB6880
CMM_MTM_PUR,083,CMM_VLOGP_BGRFC_7000005412,00505684390C1FE0BAFEE5F08298E880
CMM_MTM_PUR,083,CMM_VLOGP_BGRFC_7000005413,00505684390C1FE0BAFEE635ED596880
CMM_MTM_PUR,083,CMM_VLOGP_BGRFC_7000005414,00505684390C1FE0BAFEE65FCE000880
CMM_MTM_PUR,083,CMM_VLOGP_BGRFC_7000005415,00505684390C1FE0BAFEE67F6CB2A880
CMM_MTM_PUR,083,CMM_VLOGP_BGRFC_7000005416,00505684390C1FE0BAFEE6CBD8F20880
CMM_MTM_PUR,083,CMM_VLOGP_BGRFC_7000005437,00505684390C1FE0BB81E27E27402880
CMM_MTM_PUR,083,CMM_VLOGP_BGRFC_7000005438,00505684390C1FE0BB81E2A44BCC4880
CMM_MTM_PUR,083,CMM_VLOGP_BGRFC_7000005439,00505684390C1FE0BB81E2CB35AC6880
CMM_MTM_PUR,083,CMM_VLOGP_BGRFC_7000005440,00505684390C1FE0BB81E31742E66880
CMM_MTM_PUR,083,CMM_VLOGP_BGRFC_7000005441,00505684390C1FE0BB81E33B4CAB0880
CMM_MTM_PUR,083,CMM_VLOGP_BGRFC_7000005442,00505684390C1FE0BB81E35FD81D0880
CMM_MTM_PUR,083,CMM_VLOGP_BGRFC_7000005443,00505684390C1FE0BB81E38DDC70C880
CMM_MTM_PUR,083,CMM_VLOGP_BGRFC_7000005444,00505684390C1FE0BB81E3AE5CA70880
CMM_MTM_PUR,083,CMM_VLOGP_BGRFC_7000005445,00505684390C1FE0BB81E3FF4A7EA880
CMM_MTM_PUR,083,CMM_VLOGP_BGRFC_7000005446,00505684390C1FE0BB81E4238DD24880
CMM_MTM_PUR,083,CMM_VLOGP_BGRFC_7000005456,00505684390C1FE0BC91464A6E932881
CMM_MTM_PUR,083,CMM_VLOGP_BGRFC_7000005571,00505684390C1FE181D88F0337556889
CMM_MTM_PUR,083,CMM_VLOGP_BGRFC_7000005572,00505684390C1FE181D88F3BD5CB2889
CMM_MTM_PUR,083,CMM_VLOGP_BGRFC_7000005573,00505684390C1FE181D88F8465D2E889
CMM_MTM_PUR,083,CMM_VLOGP_BGRFC_7000005574,00505684390C1FE181D88FD4EE0CA889
CMM_MTM_PUR,083,CMM_VLOGP_BGRFC_7000005575,00505684390C1FE180AB1A8BD066A889
CMM_MTM_PUR,083,CMM_VLOGP_BGRFC_7000005576,00505684390C1FE180AB16F2E57AA889
CMM_MTM_PUR,083,CMM_VLOGP_BGRFC_7000005577,00505684390C1FE180AB11BFFA0CA889
CMM_MTM_PUR,083,CMM_VLOGP_BGRFC_7000005578,00505684390C1FE180AB0DFC3EF30889
CMM_MTM_PUR,083,CMM_VLOGP_BGRFC_7000005579,00505684390C1FE180AB0A0EEE286889
CMM_MTM_PUR,083,CMM_VLOGP_BGRFC_7000005586,00505684390C1FE180AA5A26E6D0A889
CMM_MTM_PUR,083,CMM_VLOGP_BGRFC_7000005600,00505684390C1FE180BDA3699B266889
CMM_MTM_PUR,083,CMM_VLOGP_BGRFC_7000005601,00505684390C1FE180BDA4C349A50889
CMM_MTM_PUR,083,CMM_VLOGP_BGRFC_7000005602,00505684390C1FE180BDA6FBABBF4889
CMM_MTM_PUR,083,CMM_VLOGP_BGRFC_7000005603,00505684390C1FE180BDA8FF293B4889
CMM_MTM_PUR,083,CMM_VLOGP_BGRFC_7000005604,00505684390C1FE180BDAA6D205A6889
CMM_MTM_PUR,083,CMM_VLOGP_BGRFC_7000005605,00505684390C1FE180BDAC446D4A4889
CMM_MTM_PUR,083,CMM_VLOGP_BGRFC_7000005606,00505684390C1FE180BDADEB4347C889
CMM_MTM_PUR,083,CMM_VLOGP_BGRFC_7000005607,00505684390C1FE180BDB279F1418889
CMM_MTM_PUR,083,CMM_VLOGP_BGRFC_7000005608,00505684390C1FE180BDB47B05BCC889
CMM_MTM_PUR,083,CMM_VLOGP_BGRFC_7000005609,00505684390C1FE180BDB606082E8889
CMM_MTM_PUR,083,CMM_VLOGP_BGRFC_7000005671,00505684390C1FE182E8D70F03D7A889
CMM_MTM_PUR,083,CMM_VLOGP_BGRFC_7000005673,00505684390C1FE182E97171CCCAA889
CMM_MTM_PUR,083,CMM_VLOGP_BGRFC_7000005722,00505684390C1FE183B9CE42C6502889
CMM_MTM_PUR,083,CMM_VLOGP_BGRFC_7000005723,00505684390C1FE183B9D37910EBE889
CMM_MTM_PUR,083,CMM_VLOGP_BGRFC_7000005724,00505684390C1FE183B9D9C52B136889
CMM_MTM_PUR,083,CMM_VLOGP_BGRFC_7000005725,00505684390C1FE183B9DD0446F3E889
CMM_MTM_PUR,083,CMM_VLOGP_BGRFC_7000005726,00505684390C1FE183B9E030F32A2889
CMM_MTM_PUR,083,CMM_VLOGP_BGRFC_7000005739,00505684390C1FE183BA232790C1E889
CMM_MTM_PUR,083,CMM_VLOGP_BGRFC_7000005832,00505684390C1FE186F4C6796CBA688F
CMM_MTM_PUR,083,CMM_VLOGP_BGRFC_7000005833,00505684390C1FE186F55D968296A88F
CMM_MTM_PUR,083,CMM_VLOGP_BGRFC_7000005839,00505684390C1FE1878931300D9C288F
CMM_MTM_PUR,083,CMM_VLOGP_BGRFC_7000005950,00505684390C1FE18A8BF7631E688891
CMM_MTM_PUR,083,CMM_VLOGP_BGRFC_7000005951,00505684390C1FE18A8BF78731FFE891
CMM_MTM_PUR,083,CMM_VLOGP_BGRFC_7000005952,00505684390C1FE18A8BF7AF32FF0891
CMM_MTM_PUR,083,CMM_VLOGP_BGRFC_7000005955,00505684390C1FE18A8D057893D6E891
CMM_MTM_PUR,083,CMM_VLOGP_BGRFC_7000005956,00505684390C1FE18A8D05A4D6F08891
CMM_MTM_PUR,083,CMM_VLOGP_BGRFC_7000005957,00505684390C1FE18A8D05FA1AD6A891
CMM_MTM_PUR,083,CMM_VLOGP_BGRFC_7000005958,00505684390C1FE18AA0E956A8F52891
CMM_MTM_PUR,083,CMM_VLOGP_BGRFC_7000005959,00505684390C1FE18AA0E9B0A3F9A891
CMM_MTM_PUR,083,CMM_VLOGP_BGRFC_7000005960,00505684390C1FE18AA0E9F058406891
CMM_MTM_PUR,083,CMM_VLOGP_BGRFC_7000006072,00505684390C1FE190F317F7C4CBA896
CMM_MTM_PUR,083,CMM_VLOGP_BGRFC_7000006092,00505684390C1FE191AF63384B8E2899
CMM_MTM_PUR,083,CMM_VLOGP_BGRFC_7000006139,00505684390C1FE193F7316F9A660899
CMM_MTM_PUR,083,CMM_VLOGP_BGRFC_7000006141,00505684390C1FE193F75A9271FE8899
CMM_MTM_PUR,083,CMM_VLOGP_BGRFC_7000006143,00505684390C1FE193F7A6E99FDF6899
CMM_MTM_PUR,083,CMM_VLOGP_BGRFC_7000006144,00505684390C1FE193FB3A006AF9E899
CMM_MTM_PUR,083,CMM_VLOGP_BGRFC_7000006145,00505684390C1FE193FB9B223B47C899
CMM_MTM_PUR,083,CMM_VLOGP_BGRFC_7000006153,00505684390C1FE194C1FB2B7BBD2899
CMM_MTM_PUR,083,CMM_VLOGP_BGRFC_7000006174,00505684390C1FE195CA1FA68923C89A
CMM_MTM_PUR,083,CMM_VLOGP_BGRFC_7100000013,00505684390C1FE092EB8427B485C832
CMM_MTM_PUR,083,CMM_VLOGP_BGRFC_7100000034,00505684390C1FE092EB844878222832
CMM_MTM_PUR,083,CMM_VLOGP_BGRFC_7100000038,00505684390C1FE092EB846F26F28832
CMM_MTM_PUR,083,CMM_VLOGP_BGRFC_7100000041,00505684390C1FE092EB8497D3C00832
CMM_MTM_PUR,083,CMM_VLOGP_BGRFC_7100000042,00505684390C1FE092EB8497D3C22832
CMM_MTM_PUR,083,CMM_VLOGP_BGRFC_7100000043,00505684390C1FE092EB84C2DAA84832
CMM_MTM_PUR,083,CMM_VLOGP_BGRFC_7100000044,00505684390C1FE092EB84DD3DC64832
CMM_MTM_PUR,083,CMM_VLOGP_BGRFC_7100000067,00505684390C1FE092EB8642401D2832
CMM_MTM_PUR,083,CMM_VLOGP_BGRFC_7100000075,00505684390C1FE092EB874E248C6832
CMM_MTM_PUR,083,CMM_VLOGP_BGRFC_7100000076,00505684390C1FE092EB8765263BC832
CMM_MTM_PUR,083,CMM_VLOGP_BGRFC_7100000080,00505684390C1FE092EB87ECDAAE2832
CMM_MTM_PUR,083,CMM_VLOGP_BGRFC_7100000085,00505684390C1FE092EB88402F838832
CMM_MTM_PUR,083,CMM_VLOGP_BGRFC_7100000086,00505684390C1FE092EB88402F85A832
CMM_MTM_PUR,083,CMM_VLOGP_BGRFC_7100000091,00505684390C1FE092EBB5F71FEE2832
CMM_MTM_PUR,083,CMM_VLOGP_BGRFC_7100000094,00505684390C1FE092EB88B30A3BC832
CMM_MTM_PUR,083,CMM_VLOGP_BGRFC_7100000095,00505684390C1FE092EB88D1470DC832
CMM_MTM_PUR,083,CMM_VLOGP_BGRFC_7100000096,00505684390C1FE092EB88D1470FE832
CMM_MTM_PUR,083,CMM_VLOGP_BGRFC_7100000097,00505684390C1FE092EB89092024C832
CMM_MTM_PUR,083,CMM_VLOGP_BGRFC_7100000159,00505684390C1FE092EB8C8955852832
CMM_MTM_PUR,083,CMM_VLOGP_BGRFC_7100000160,00505684390C1FE092EB8CB98B5E8832
CMM_MTM_PUR,083,CMM_VLOGP_BGRFC_7100000161,00505684390C1FE092EB8CD8B1C88832
CMM_MTM_PUR,083,CMM_VLOGP_BGRFC_7100000162,00505684390C1FE092EB8CD8B1CAA832
CMM_MTM_PUR,083,CMM_VLOGP_BGRFC_7100000163,00505684390C1FE092EB8D0CF39EC832
CMM_MTM_PUR,083,CMM_VLOGP_BGRFC_7100000164,00505684390C1FE092EB8D21A7358832
CMM_MTM_PUR,083,CMM_VLOGP_BGRFC_7100000165,00505684390C1FE092EB8D21A737A832
CMM_MTM_PUR,083,CMM_VLOGP_BGRFC_7100000175,00505684390C1FE092EB8F3DD0388832
CMM_MTM_PUR,083,CMM_VLOGP_BGRFC_7100000247,00505684390C1FE092EB8F3DD03AA832
CMM_MTM_PUR,083,CMM_VLOGP_BGRFC_7100000329,00505684390C1FE092EB906C6678C832
CMM_MTM_PUR,083,CMM_VLOGP_BGRFC_7100000350,00505684390C1FE191F702DF41386899
CMM_MTM_PUR,083,CMM_VLOGP_BGRFC_7100000365,00505684390C1FE191F6F75382208899
CMM_MTM_PUR,083,CMM_VLOGP_BGRFC_7100000395,00505684390C1FE092EB7FC49061C832
CMM_MTM_PUR,083,CMM_VLOGP_BGRFC_7100000396,00505684390C1FE092EB7FC49063E832
CMM_MTM_PUR,083,CMM_VLOGP_BGRFC_7100000414,00505684390C1FE092EB812DB3D3C832
CMM_MTM_PUR,083,CMM_VLOGP_BGRFC_7100000420,00505684390C1FE191F6F66DC0D14899
CMM_MTM_PUR,083,CMM_VLOGP_BGRFC_7100000422,00505684390C1FE092EB81C5ABB1C832
CMM_MTM_PUR,083,CMM_VLOGP_BGRFC_7100000428,00505684390C1FE092EB8242739F0832
CMM_MTM_PUR,083,CMM_VLOGP_BGRFC_7100000429,00505684390C1FE092EB826978380832
CMM_MTM_PUR,083,CMM_VLOGP_BGRFC_7100000431,00505684390C1FE092EB8269783A2832
CMM_MTM_PUR,083,CMM_VLOGP_BGRFC_7100000432,00505684390C1FE092EB829A277D8832
CMM_MTM_PUR,083,CMM_VLOGP_BGRFC_7100000433,00505684390C1FE092EB829A277FA832
CMM_MTM_PUR,083,CMM_VLOGP_BGRFC_7100000434,00505684390C1FE092EB82B3DD75C832
CMM_MTM_PUR,083,CMM_VLOGP_BGRFC_7100000436,00505684390C1FE092EB83344B8B4832
CMM_MTM_PUR,083,CMM_VLOGP_BGRFC_7100000437,00505684390C1FE092EB83344B8D6832
CMM_MTM_PUR,083,CMM_VLOGP_BGRFC_7100000438,00505684390C1FE092EB834D82BDC832
CMM_MTM_PUR,083,CMM_VLOGP_BGRFC_7100000439,00505684390C1FE092EB837467AD8832
CMM_MTM_PUR,083,CMM_VLOGP_BGRFC_7100000440,00505684390C1FE092EB837467AFA832
CMM_MTM_PUR,083,CMM_VLOGP_BGRFC_7100000441,00505684390C1FE092EB839C45BA4832
CMM_MTM_PUR,083,CMM_VLOGP_BGRFC_7100000442,00505684390C1FE092EB839C45BC6832
CMM_MTM_PUR,083,CMM_VLOGP_BGRFC_7100000443,00505684390C1FE092EB83C6E71DC832
CMM_MTM_PUR,083,CMM_VLOGP_BGRFC_7100000451,00505684390C1FE092EB84F0A4F88832
CMM_MTM_PUR,083,CMM_VLOGP_BGRFC_7100000452,00505684390C1FE092EB84F0A4FAA832
CMM_MTM_PUR,083,CMM_VLOGP_BGRFC_7100000453,00505684390C1FE092EB8516CA494832
CMM_MTM_PUR,083,CMM_VLOGP_BGRFC_7100000454,00505684390C1FE092EB853FF8C8C832
CMM_MTM_PUR,083,CMM_VLOGP_BGRFC_7100000455,00505684390C1FE092EB853FF8CAE832
CMM_MTM_PUR,083,CMM_VLOGP_BGRFC_7100000456,00505684390C1FE092EB85638EC08832
CMM_MTM_PUR,083,CMM_VLOGP_BGRFC_7100000457,00505684390C1FE092EB858A60FCE832
CMM_MTM_PUR,083,CMM_VLOGP_BGRFC_7100000458,00505684390C1FE092EB85B084BCC832
CMM_MTM_PUR,083,CMM_VLOGP_BGRFC_7100000459,00505684390C1FE092EB85B084BEE832
CMM_MTM_PUR,083,CMM_VLOGP_BGRFC_7100000460,00505684390C1FE092EB85D3FE3CE832
CMM_MTM_PUR,083,CMM_VLOGP_BGRFC_7100000461,00505684390C1FE092EB8605EA79C832
CMM_MTM_PUR,083,CMM_VLOGP_BGRFC_7100000507,00505684390C1FE092EB8F05C752C832
CMM_MTM_PUR,083,CMM_VLOGP_BGRFC_7100000546,00505684390C1FE092EB9B0011C70832
CMM_MTM_PUR,083,CMM_VLOGP_BGRFC_7100000547,00505684390C1FE092EB9B0011C92832
CMM_MTM_PUR,083,CMM_VLOGP_BGRFC_7100000558,00505684390C1FE092EB9CF51C64C832
CMM_MTM_PUR,083,CMM_VLOGP_BGRFC_7100000559,00505684390C1FE092EB9CF51C66E832
CMM_MTM_PUR,083,CMM_VLOGP_BGRFC_7100000623,00505684390C1FE092EBB6691CFDE832
CMM_MTM_PUR,083,CMM_VLOGP_BGRFC_7100000624,00505684390C1FE092EBB6691D000832
CMM_MTM_PUR,083,CMM_VLOGP_BGRFC_7100000625,00505684390C1FE092EBB69590114832
CMM_MTM_PUR,083,CMM_VLOGP_BGRFC_7100000644,00505684390C1FE092EAC093BB844832
CMM_MTM_PUR,083,CMM_VLOGP_BGRFC_7100000652,00505684390C1FE092EC77D58DD1E832
CMM_MTM_PUR,083,CMM_VLOGP_BGRFC_7100000653,00505684390C1FE092EC77D58DD40832
CMM_MTM_PUR,083,CMM_VLOGP_BGRFC_7100000655,00505684390C1FE092EBA4FB95174832
CMM_MTM_PUR,083,CMM_VLOGP_BGRFC_7100000656,00505684390C1FE092EAC09F4741C832
CMM_MTM_PUR,083,CMM_VLOGP_BGRFC_7100000657,00505684390C1FE092EAC0C3A198C832
CMM_MTM_PUR,083,CMM_VLOGP_BGRFC_7100000661,00505684390C1FE092EBA5486D774832
CMM_MTM_PUR,083,CMM_VLOGP_BGRFC_7100000662,00505684390C1FE092EBA5486D796832
CMM_MTM_PUR,083,CMM_VLOGP_BGRFC_7100000664,00505684390C1FE092EBA5976DB92832
CMM_MTM_PUR,083,CMM_VLOGP_BGRFC_7100000666,00505684390C1FE092EBA5976DBB4832
CMM_MTM_PUR,083,CMM_VLOGP_BGRFC_7100000667,00505684390C1FE092EBA5BE4E7D8832
CMM_MTM_PUR,083,CMM_VLOGP_BGRFC_7100000668,00505684390C1FE092EBA5BE4E7FA832
CMM_MTM_PUR,083,CMM_VLOGP_BGRFC_7100000669,00505684390C1FE092EBA5BE4E81C832
CMM_MTM_PUR,083,CMM_VLOGP_BGRFC_7100000670,00505684390C1FE092EBA5E58C6EC832
CMM_MTM_PUR,083,CMM_VLOGP_BGRFC_7100000671,00505684390C1FE092EABDAA3C1C0832
CMM_MTM_PUR,083,CMM_VLOGP_BGRFC_7100000672,00505684390C1FE092EABDAA3C1E8832
CMM_MTM_PUR,083,CMM_VLOGP_BGRFC_7100000673,00505684390C1FE092EAC1EA9034A832
CMM_MTM_PUR,083,CMM_VLOGP_BGRFC_7100000677,00505684390C1FE092EBA657194F4832
CMM_MTM_PUR,083,CMM_VLOGP_BGRFC_7100000678,00505684390C1FE092EABDC899C5A832
CMM_MTM_PUR,083,CMM_VLOGP_BGRFC_7100000681,00505684390C1FE186F8AE9F62C9688F
CMM_MTM_PUR,083,CMM_VLOGP_BGRFC_7100000682,00505684390C1FE186F8AE9F62CCC88F
CMM_MTM_PUR,083,CMM_VLOGP_BGRFC_7100000683,00505684390C1FE186F8AECCC11D688F
CMM_MTM_PUR,083,CMM_VLOGP_BGRFC_7100000684,00505684390C1FE186F8AEF1A707288F
CMM_MTM_PUR,083,CMM_VLOGP_BGRFC_7100000687,00505684390C1FE092EBA6C4EE994832
CMM_MTM_PUR,083,CMM_VLOGP_BGRFC_7100000688,00505684390C1FE092EBA6EDE3934832
CMM_MTM_PUR,083,CMM_VLOGP_BGRFC_7100000693,00505684390C1FE092EABD95E23A2832
CMM_MTM_PUR,083,CMM_VLOGP_BGRFC_7100000695,00505684390C1FE186F8AEF1A70A888F
CMM_MTM_PUR,083,CMM_VLOGP_BGRFC_7100000706,00505684390C1FE092EB8C912C5AE832
CMM_MTM_PUR,083,CMM_VLOGP_BGRFC_7100000708,00505684390C1FE092EB8CD64897A832
CMM_MTM_PUR,083,CMM_VLOGP_BGRFC_7100000710,00505684390C1FE092EBB6B4A7D2C832
CMM_MTM_PUR,083,CMM_VLOGP_BGRFC_7100000829,00505684390C1FE186F8AF17963FA88F
CMM_MTM_PUR,083,CMM_VLOGP_BGRFC_7100000883,00505684390C1FE097B475323D65C832
CMM_MTM_PUR,083,CMM_VLOGP_BGRFC_7100000887,00505684390C1FE097B4761452F4C832
CMM_MTM_PUR,083,CMM_VLOGP_BGRFC_7100000906,00505684390C1FE097B476F45ABD0832
CMM_MTM_PUR,083,CMM_VLOGP_BGRFC_7100000913,00505684390C1FE097B4775B503FE832
CMM_MTM_PUR,083,CMM_VLOGP_BGRFC_7100001054,00505684390C1FE097B588E5FC46E832
CMM_MTM_PUR,083,CMM_VLOGP_BGRFC_7100001057,00505684390C1FE097B58A19FFF5A832
CMM_MTM_PUR,083,CMM_VLOGP_BGRFC_7100001130,00505684390C1FE097B58CA3A9152832
CMM_MTM_PUR,083,CMM_VLOGP_BGRFC_7100001311,00505684390C1FE097B597DB2722C832
CMM_MTM_PUR,083,CMM_VLOGP_BGRFC_7100001312,00505684390C1FE097B598423BB98832
CMM_MTM_PUR,083,CMM_VLOGP_BGRFC_7100001344,00505684390C1FE097B47F75DE33A832
CMM_MTM_PUR,083,CMM_VLOGP_BGRFC_7100001355,00505684390C1FE186F8AF68E66D488F
CMM_MTM_PUR,083,CMM_VLOGP_BGRFC_7100001360,00505684390C1FE092EAC112406E0832
CMM_MTM_PUR,083,CMM_VLOGP_BGRFC_7100001394,00505684390C1FE097B482C1D2F58832
CMM_MTM_PUR,083,CMM_VLOGP_BGRFC_7100001395,00505684390C1FE097B4831245ED2832
CMM_MTM_PUR,083,CMM_VLOGP_BGRFC_7100001396,00505684390C1FE097B483834F71C832
CMM_MTM_PUR,083,CMM_VLOGP_BGRFC_7100001397,00505684390C1FE097B483D4A59D2832
CMM_MTM_PUR,083,CMM_VLOGP_BGRFC_7100001398,00505684390C1FE097B484425731C832
CMM_MTM_PUR,083,CMM_VLOGP_BGRFC_7100001406,00505684390C1FE097B4853854CB6832
CMM_MTM_PUR,083,CMM_VLOGP_BGRFC_7100001489,00505684390C1FE09680D7FCE5AAC832
CMM_MTM_PUR,083,CMM_VLOGP_BGRFC_7100001490,00505684390C1FE09681107ADA742832
CMM_MTM_PUR,083,CMM_VLOGP_BGRFC_7100001498,00505684390C1FE0979CD5C346C98832
CMM_MTM_PUR,083,CMM_VLOGP_BGRFC_7100001524,00505684390C1FE09B910B90F90F4832
CMM_MTM_PUR,083,CMM_VLOGP_BGRFC_7100001562,00505684390C1FE0A7D18DE4D7CF0854
CMM_MTM_PUR,083,CMM_VLOGP_BGRFC_7100001565,00505684390C1FE0BDCB17E4AB7D4887
CMM_MTM_PUR,083,CMM_VLOGP_BGRFC_7100001570,00505684390C1FE0AA975B8CECB0E865
CMM_MTM_PUR,083,CMM_VLOGP_BGRFC_7100001576,00505684390C1FE0ADB13CBC5F04E875
CMM_MTM_PUR,083,CMM_VLOGP_BGRFC_7100001577,00505684390C1FE0ADB1836EF1B28875
CMM_MTM_PUR,083,CMM_VLOGP_BGRFC_7100001596,00505684390C1FE0B1B339CD54B5A87A
CMM_MTM_PUR,083,CMM_VLOGP_BGRFC_7100001603,00505684390C1FE0B6B7BD2BE98BE87B
CMM_MTM_PUR,083,CMM_VLOGP_BGRFC_7100001607,00505684390C1FE0B99FDE79B543687E
CMM_MTM_PUR,083,CMM_VLOGP_BGRFC_7100001621,00505684390C1FE18186F0A38784C889
CMM_MTM_PUR,083,CMM_VLOGP_BGRFC_7100001631,00505684390C1FE182F9A81D8067E889
CMM_MTM_PUR,083,CMM_VLOGP_BGRFC_7100001700,00505684390C1FE190DD08F40B36A896
CMM_MTM_PUR,083,CMM_VLOGP_BGRFC_7100001718,00505684390C1FE193D7215A953F4899
CMM_MTM_PUR,083,CMM_VLOGP_BGRFC_7100001721,00505684390C1FE193EE36DBBEC38899
CMM_MTM_PUR,083,CMM_VLOGP_BGRFC_7100001722,00505684390C1FE193EE529EDFFD0899
CMM_MTM_PUR,083,CMM_VLOGP_BGRFC_7200000035,00505684390C1FE092EBB8BC68822832
CMM_MTM_PUR,083,CMM_VLOGP_BGRFC_7200000036,00505684390C1FE092EBB8E882230832
CMM_MTM_PUR,083,CMM_VLOGP_BGRFC_7200000048,00505684390C1FE092EBB99DE56E0832
CMM_MTM_PUR,083,CMM_VLOGP_BGRFC_7200000218,00505684390C1FE092EBCA032E140832
CMM_MTM_PUR,083,CMM_VLOGP_BGRFC_7200000219,00505684390C1FE092EBCA032E162832
CMM_MTM_PUR,083,CMM_VLOGP_BGRFC_7200000222,00505684390C1FE092EBBB67088D8832
CMM_MTM_PUR,083,CMM_VLOGP_BGRFC_7200000274,00505684390C1FE092EBBDDFCE314832
CMM_MTM_PUR,083,CMM_VLOGP_BGRFC_7200000302,00505684390C1FE092EBBFA75D70A832
CMM_MTM_PUR,083,CMM_VLOGP_BGRFC_7200000320,00505684390C1FE092EBC149AB198832
CMM_MTM_PUR,083,CMM_VLOGP_BGRFC_7200000367,00505684390C1FE092EBC4DD8C24E832
CMM_MTM_PUR,083,CMM_VLOGP_BGRFC_7200000368,00505684390C1FE092EBC507D3C2C832
CMM_MTM_PUR,083,CMM_VLOGP_BGRFC_7200000369,00505684390C1FE092EBC507D3C4E832
CMM_MTM_PUR,083,CMM_VLOGP_BGRFC_7200000371,00505684390C1FE092EBC507D3C70832
CMM_MTM_PUR,083,CMM_VLOGP_BGRFC_7200000384,00505684390C1FE092EBC610FAD82832
CMM_MTM_PUR,083,CMM_VLOGP_BGRFC_7200000461,00505684390C1FE092EBCB236735A832
CMM_MTM_PUR,083,CMM_VLOGP_BGRFC_7200000468,00505684390C1FE092EBCBBF48FA0832
CMM_MTM_PUR,083,CMM_VLOGP_BGRFC_7200000469,00505684390C1FE092EBCBBF48FC2832
CMM_MTM_PUR,083,CMM_VLOGP_BGRFC_7200000470,00505684390C1FE092EBCBBF48FE4832
CMM_MTM_PUR,083,CMM_VLOGP_BGRFC_7200000471,00505684390C1FE092EBCBDE95738832
CMM_MTM_PUR,083,CMM_VLOGP_BGRFC_7200000472,00505684390C1FE092EBCBDE9575A832
CMM_MTM_PUR,083,CMM_VLOGP_BGRFC_7200000473,00505684390C1FE092EBCC0570104832
CMM_MTM_PUR,083,CMM_VLOGP_BGRFC_7200000474,00505684390C1FE092EBCC0570126832
CMM_MTM_PUR,083,CMM_VLOGP_BGRFC_7200000479,00505684390C1FE092EBCD48852E2832
CMM_MTM_PUR,083,CMM_VLOGP_BGRFC_7200000480,00505684390C1FE092EBCD4885304832
CMM_MTM_PUR,083,CMM_VLOGP_BGRFC_7200000481,00505684390C1FE092EBCD6895A5C832
CMM_MTM_PUR,083,CMM_VLOGP_BGRFC_7200000482,00505684390C1FE092EBCD82FC70C832
CMM_MTM_PUR,083,CMM_VLOGP_BGRFC_7200000483,00505684390C1FE092EBCD82FC72E832
CMM_MTM_PUR,083,CMM_VLOGP_BGRFC_7200000484,00505684390C1FE092EBCD82FC750832
CMM_MTM_PUR,083,CMM_VLOGP_BGRFC_7200000485,00505684390C1FE092EBCDB240220832
CMM_MTM_PUR,083,CMM_VLOGP_BGRFC_7200000486,00505684390C1FE092EBCDB240242832
CMM_MTM_PUR,083,CMM_VLOGP_BGRFC_7200000487,00505684390C1FE092EBCDD2FACB8832
CMM_MTM_PUR,083,CMM_VLOGP_BGRFC_7200000488,00505684390C1FE092EBCDD2FACDA832
CMM_MTM_PUR,083,CMM_VLOGP_BGRFC_7200000489,00505684390C1FE092EBCDD2FACFC832
CMM_MTM_PUR,083,CMM_VLOGP_BGRFC_7200000490,00505684390C1FE092EBCDF39D576832
CMM_MTM_PUR,083,CMM_VLOGP_BGRFC_7200000491,00505684390C1FE092EBCDF39D598832
CMM_MTM_PUR,083,CMM_VLOGP_BGRFC_7200000492,00505684390C1FE092EBCE22F0C40832
CMM_MTM_PUR,083,CMM_VLOGP_BGRFC_7200000495,00505684390C1FE092EBCE22F0C62832
CMM_MTM_PUR,083,CMM_VLOGP_BGRFC_7200000497,00505684390C1FE092EBCE435F1A2832
CMM_MTM_PUR,083,CMM_VLOGP_BGRFC_7200000499,00505684390C1FE092EBCE8DB7714832
CMM_MTM_PUR,083,CMM_VLOGP_BGRFC_7200000501,00505684390C1FE092EBCE8DB7736832
CMM_MTM_PUR,083,CMM_VLOGP_BGRFC_7200000502,00505684390C1FE092EBCEBA8BF8C832
CMM_MTM_PUR,083,CMM_VLOGP_BGRFC_7200000503,00505684390C1FE092EBCEBA8BFAE832
CMM_MTM_PUR,083,CMM_VLOGP_BGRFC_7200000504,00505684390C1FE092EBCEBA8BFD0832
CMM_MTM_PUR,083,CMM_VLOGP_BGRFC_7200000524,00505684390C1FE092EBD0F15D2E8832
CMM_MTM_PUR,083,CMM_VLOGP_BGRFC_7200000557,00505684390C1FE092EBC6A6CEEEE832
CMM_MTM_PUR,083,CMM_VLOGP_BGRFC_7200000558,00505684390C1FE092EBC6A6CEF10832
CMM_MTM_PUR,083,CMM_VLOGP_BGRFC_7200000559,00505684390C1FE092EBC6CF08C74832
CMM_MTM_PUR,083,CMM_VLOGP_BGRFC_7200000560,00505684390C1FE092EBC6CF08C96832
CMM_MTM_PUR,083,CMM_VLOGP_BGRFC_7200000604,00505684390C1FE092EBCAC42F8A6832
CMM_MTM_PUR,083,CMM_VLOGP_BGRFC_7200000613,00505684390C1FE092EBCBBAA38EE832
CMM_MTM_PUR,083,CMM_VLOGP_BGRFC_7200000615,00505684390C1FE092EBCBDE9C42A832
CMM_MTM_PUR,083,CMM_VLOGP_BGRFC_7200000641,00505684390C1FE092EBCDE0A353C832
CMM_MTM_PUR,083,CMM_VLOGP_BGRFC_7200000642,00505684390C1FE092EBCE0D54634832
CMM_MTM_PUR,083,CMM_VLOGP_BGRFC_7200000643,00505684390C1FE092EBCE0D54656832
CMM_MTM_PUR,083,CMM_VLOGP_BGRFC_7200000648,00505684390C1FE092EBCE7AF6014832
CMM_MTM_PUR,083,CMM_VLOGP_BGRFC_7200000649,00505684390C1FE092EBCE9FA4DD4832
CMM_MTM_PUR,083,CMM_VLOGP_BGRFC_7200000650,00505684390C1FE092EBCE9FA4DF6832
CMM_MTM_PUR,083,CMM_VLOGP_BGRFC_7200000734,00505684390C1FE092EBD83F59A56832
CMM_MTM_PUR,083,CMM_VLOGP_BGRFC_7200000773,00505684390C1FE092EBCB0CFACF8832
CMM_MTM_PUR,083,CMM_VLOGP_BGRFC_7200000794,00505684390C1FE092EBCD814B88E832
CMM_MTM_PUR,083,CMM_VLOGP_BGRFC_7200000797,00505684390C1FE092EBCDF8717E4832
CMM_MTM_PUR,083,CMM_VLOGP_BGRFC_7200000798,00505684390C1FE092EBCDF871806832
CMM_MTM_PUR,083,CMM_VLOGP_BGRFC_7200000801,00505684390C1FE092EBCE40DDD26832
CMM_MTM_PUR,083,CMM_VLOGP_BGRFC_7200000810,00505684390C1FE092EBCF77284EC832
CMM_MTM_PUR,083,CMM_VLOGP_BGRFC_7200000812,00505684390C1FE092EBCF772850E832
CMM_MTM_PUR,083,CMM_VLOGP_BGRFC_7200000815,00505684390C1FE092EBCFBE47A9E832
CMM_MTM_PUR,083,CMM_VLOGP_BGRFC_7200000816,00505684390C1FE092EBCFBE47AC0832
CMM_MTM_PUR,083,CMM_VLOGP_BGRFC_7200000835,00505684390C1FE092EBD1D372672832
CMM_MTM_PUR,083,CMM_VLOGP_BGRFC_7200000837,00505684390C1FE092EBD2001C46A832
CMM_MTM_PUR,083,CMM_VLOGP_BGRFC_7200000838,00505684390C1FE092EBD22466CD8832
CMM_MTM_PUR,083,CMM_VLOGP_BGRFC_7200000841,00505684390C1FE092EBD245F53D2832
CMM_MTM_PUR,083,CMM_VLOGP_BGRFC_7200000842,00505684390C1FE092EBD245F53F4832
CMM_MTM_PUR,083,CMM_VLOGP_BGRFC_7200000857,00505684390C1FE092EBD3DF2A4B0832
CMM_MTM_PUR,083,CMM_VLOGP_BGRFC_7200000858,00505684390C1FE092EBD3DF2A4D2832
CMM_MTM_PUR,083,CMM_VLOGP_BGRFC_7200000861,00505684390C1FE092EBD3FFF6FBC832
CMM_MTM_PUR,083,CMM_VLOGP_BGRFC_7200000862,00505684390C1FE092EBD422D36FA832
CMM_MTM_PUR,083,CMM_VLOGP_BGRFC_7200000863,00505684390C1FE092EBD422D371C832
CMM_MTM_PUR,083,CMM_VLOGP_BGRFC_7200000866,00505684390C1FE092EBD46FEB61C832
CMM_MTM_PUR,083,CMM_VLOGP_BGRFC_7200000868,00505684390C1FE092EBD496AFA9C832
CMM_MTM_PUR,083,CMM_VLOGP_BGRFC_7200000869,00505684390C1FE092EBD496AFABE832
CMM_MTM_PUR,083,CMM_VLOGP_BGRFC_7200000870,00505684390C1FE092EBD4BB9DA4C832
CMM_MTM_PUR,083,CMM_VLOGP_BGRFC_7200000871,00505684390C1FE092EBD4BB9DA6E832
CMM_MTM_PUR,083,CMM_VLOGP_BGRFC_7200000872,00505684390C1FE092EBD4E1D2F2C832
CMM_MTM_PUR,083,CMM_VLOGP_BGRFC_7200000873,00505684390C1FE092EBD4E1D2F4E832
CMM_MTM_PUR,083,CMM_VLOGP_BGRFC_7200000874,00505684390C1FE092EBD4E1D2F70832
CMM_MTM_PUR,083,CMM_VLOGP_BGRFC_7200000878,00505684390C1FE092EBD553D51D0832
CMM_MTM_PUR,083,CMM_VLOGP_BGRFC_7200000879,00505684390C1FE092EBD553D51F2832
CMM_MTM_PUR,083,CMM_VLOGP_BGRFC_7200000880,00505684390C1FE092EBD57B0C3B0832
CMM_MTM_PUR,083,CMM_VLOGP_BGRFC_7200000885,00505684390C1FE092EBD5ECF0424832
CMM_MTM_PUR,083,CMM_VLOGP_BGRFC_7200000887,00505684390C1FE092EBD63E210DA832
CMM_MTM_PUR,083,CMM_VLOGP_BGRFC_7200000889,00505684390C1FE092EBD65F0B474832
CMM_MTM_PUR,083,CMM_VLOGP_BGRFC_7200000890,00505684390C1FE092EBD689BD740832
CMM_MTM_PUR,083,CMM_VLOGP_BGRFC_7200000894,00505684390C1FE092EBD6D1714AA832
CMM_MTM_PUR,083,CMM_VLOGP_BGRFC_7200000895,00505684390C1FE092EBD6F782B06832
CMM_MTM_PUR,083,CMM_VLOGP_BGRFC_7200000896,00505684390C1FE092EBD6F782B28832
CMM_MTM_PUR,083,CMM_VLOGP_BGRFC_7200000897,00505684390C1FE092EBD7201D988832
CMM_MTM_PUR,083,CMM_VLOGP_BGRFC_7200000898,00505684390C1FE092EBD7201D9AA832
CMM_MTM_PUR,083,CMM_VLOGP_BGRFC_7200000899,00505684390C1FE092EBD7201D9CC832
CMM_MTM_PUR,083,CMM_VLOGP_BGRFC_7200000900,00505684390C1FE092EBD74C1485C832
CMM_MTM_PUR,083,CMM_VLOGP_BGRFC_7200000909,00505684390C1FE092EBD855D1D44832
CMM_MTM_PUR,083,CMM_VLOGP_BGRFC_7200000938,00505684390C1FE092EBDB02E5560832
CMM_MTM_PUR,083,CMM_VLOGP_BGRFC_7200000951,00505684390C1FE092EBDBC112718832
CMM_MTM_PUR,083,CMM_VLOGP_BGRFC_7200000960,00505684390C1FE092EBDCA12DD4A832
CMM_MTM_PUR,083,CMM_VLOGP_BGRFC_7200000964,00505684390C1FE092EBDD1DF78EC832
CMM_MTM_PUR,083,CMM_VLOGP_BGRFC_7200001038,00505684390C1FE092EBD6E83E9E4832
CMM_MTM_PUR,083,CMM_VLOGP_BGRFC_7200001045,00505684390C1FE092EBD7DC8F946832
CMM_MTM_PUR,083,CMM_VLOGP_BGRFC_7200001076,00505684390C1FE092EB9C9D2D202832
CMM_MTM_PUR,083,CMM_VLOGP_BGRFC_7200001149,00505684390C1FE092EBE42965EAE832
CMM_MTM_PUR,083,CMM_VLOGP_BGRFC_7200001150,00505684390C1FE092EBE44E79824832
CMM_MTM_PUR,083,CMM_VLOGP_BGRFC_7200001151,00505684390C1FE092EBE44E79846832
CMM_MTM_PUR,083,CMM_VLOGP_BGRFC_7200001152,00505684390C1FE092EBE44E79868832
CMM_MTM_PUR,083,CMM_VLOGP_BGRFC_7200001153,00505684390C1FE092EBE47AA13E8832
CMM_MTM_PUR,083,CMM_VLOGP_BGRFC_7200001154,00505684390C1FE092EBE47AA140A832
CMM_MTM_PUR,083,CMM_VLOGP_BGRFC_7200001155,00505684390C1FE092EBE47AA142C832
CMM_MTM_PUR,083,CMM_VLOGP_BGRFC_7200001156,00505684390C1FE092EBE499F34CA832
CMM_MTM_PUR,083,CMM_VLOGP_BGRFC_7200001157,00505684390C1FE092EBE499F34EC832
CMM_MTM_PUR,083,CMM_VLOGP_BGRFC_7200001158,00505684390C1FE092EBE4C1D52DC832
CMM_MTM_PUR,083,CMM_VLOGP_BGRFC_7200001159,00505684390C1FE092EBE4C1D52FE832
CMM_MTM_PUR,083,CMM_VLOGP_BGRFC_7200001160,00505684390C1FE092EBE4C1D5320832
CMM_MTM_PUR,083,CMM_VLOGP_BGRFC_7200001161,00505684390C1FE092EBE4F06B8E4832
CMM_MTM_PUR,083,CMM_VLOGP_BGRFC_7200001164,00505684390C1FE092EBE4F06B906832
CMM_MTM_PUR,083,CMM_VLOGP_BGRFC_7200001165,00505684390C1FE092EBE50E523D0832
CMM_MTM_PUR,083,CMM_VLOGP_BGRFC_7200001166,00505684390C1FE092EBE50E523F2832
CMM_MTM_PUR,083,CMM_VLOGP_BGRFC_7200001167,00505684390C1FE092EBE50E52414832
CMM_MTM_PUR,083,CMM_VLOGP_BGRFC_7200001168,00505684390C1FE092EBE539D316C832
CMM_MTM_PUR,083,CMM_VLOGP_BGRFC_7200001169,00505684390C1FE092EBE539D318E832
CMM_MTM_PUR,083,CMM_VLOGP_BGRFC_7200001170,00505684390C1FE092EBE539D31B0832
CMM_MTM_PUR,083,CMM_VLOGP_BGRFC_7200001171,00505684390C1FE092EBE558F794C832
CMM_MTM_PUR,083,CMM_VLOGP_BGRFC_7200001172,00505684390C1FE092EBE558F796E832
CMM_MTM_PUR,083,CMM_VLOGP_BGRFC_7200001173,00505684390C1FE092EBE57F3FC78832
CMM_MTM_PUR,083,CMM_VLOGP_BGRFC_7200001174,00505684390C1FE092EBE57F3FC9A832
CMM_MTM_PUR,083,CMM_VLOGP_BGRFC_7200001175,00505684390C1FE092EBE57F3FCBC832
CMM_MTM_PUR,083,CMM_VLOGP_BGRFC_7200001208,00505684390C1FE092EBE8A5E218A832
CMM_MTM_PUR,083,CMM_VLOGP_BGRFC_7200001210,00505684390C1FE092EBE8A5E21AC832
CMM_MTM_PUR,083,CMM_VLOGP_BGRFC_7200001211,00505684390C1FE092EBE8C64F5EA832
CMM_MTM_PUR,083,CMM_VLOGP_BGRFC_7200001212,00505684390C1FE092EBE8C64F60C832
CMM_MTM_PUR,083,CMM_VLOGP_BGRFC_7200001213,00505684390C1FE092EBE8F45D1EC832
CMM_MTM_PUR,083,CMM_VLOGP_BGRFC_7200001215,00505684390C1FE092EBE939D5828832
CMM_MTM_PUR,083,CMM_VLOGP_BGRFC_7200001216,00505684390C1FE092EBE939D584A832
CMM_MTM_PUR,083,CMM_VLOGP_BGRFC_7200001217,00505684390C1FE092EBE939D586C832
CMM_MTM_PUR,083,CMM_VLOGP_BGRFC_7200001218,00505684390C1FE092EBDBA1A045C832
CMM_MTM_PUR,083,CMM_VLOGP_BGRFC_7200001230,00505684390C1FE092EBDC921D09C832
CMM_MTM_PUR,083,CMM_VLOGP_BGRFC_7200001233,00505684390C1FE092EBDCEE771F8832
CMM_MTM_PUR,083,CMM_VLOGP_BGRFC_7200001234,00505684390C1FE092EBDCEE77218832
CMM_MTM_PUR,083,CMM_VLOGP_BGRFC_7200001235,00505684390C1FE092EBDCEE77238832
CMM_MTM_PUR,083,CMM_VLOGP_BGRFC_7200001236,00505684390C1FE092EBDCEE77258832
CMM_MTM_PUR,083,CMM_VLOGP_BGRFC_7200001237,00505684390C1FE092EBDD13F3AD6832
CMM_MTM_PUR,083,CMM_VLOGP_BGRFC_7200001238,00505684390C1FE092EBDD13F3AF6832
CMM_MTM_PUR,083,CMM_VLOGP_BGRFC_7200001241,00505684390C1FE092EBDD72E8BB8832
CMM_MTM_PUR,083,CMM_VLOGP_BGRFC_7200001245,00505684390C1FE092EBDDF90A218832
CMM_MTM_PUR,083,CMM_VLOGP_BGRFC_7200001248,00505684390C1FE092EBDE57D70A6832
CMM_MTM_PUR,083,CMM_VLOGP_BGRFC_7200001250,00505684390C1FE092EBDEA526380832
CMM_MTM_PUR,083,CMM_VLOGP_BGRFC_7200001315,00505684390C1FE092EAC138730A8832
CMM_MTM_PUR,083,CMM_VLOGP_BGRFC_7200001323,00505684390C1FE092EAC138730CA832
CMM_MTM_PUR,083,CMM_VLOGP_BGRFC_7200001334,00505684390C1FE092EAC163C4EA0832
CMM_MTM_PUR,083,CMM_VLOGP_BGRFC_7200001357,00505684390C1FE092EBECD01D95A832
CMM_MTM_PUR,083,CMM_VLOGP_BGRFC_7200001358,00505684390C1FE092EBECD01D97C832
CMM_MTM_PUR,083,CMM_VLOGP_BGRFC_7200001361,00505684390C1FE092EBED677EC6C832
CMM_MTM_PUR,083,CMM_VLOGP_BGRFC_7200001370,00505684390C1FE092EBEE9BC189E832
CMM_MTM_PUR,083,CMM_VLOGP_BGRFC_7200001371,00505684390C1FE092EBEE9BC18C0832
CMM_MTM_PUR,083,CMM_VLOGP_BGRFC_7200001387,00505684390C1FE092EBF11E4537C832
CMM_MTM_PUR,083,CMM_VLOGP_BGRFC_7200001394,00505684390C1FE092EBF1DD513E8832
CMM_MTM_PUR,083,CMM_VLOGP_BGRFC_7200001400,00505684390C1FE092EBF2C4FB63E832
CMM_MTM_PUR,083,CMM_VLOGP_BGRFC_7200001401,00505684390C1FE092EBF2C4FB660832
CMM_MTM_PUR,083,CMM_VLOGP_BGRFC_7200001402,00505684390C1FE092EBF2F0D9214832
CMM_MTM_PUR,083,CMM_VLOGP_BGRFC_7200001403,00505684390C1FE092EBF2F0D9236832
CMM_MTM_PUR,083,CMM_VLOGP_BGRFC_7200001404,00505684390C1FE092EBF2F0D9258832
CMM_MTM_PUR,083,CMM_VLOGP_BGRFC_7200001406,00505684390C1FE092EBF3359995E832
CMM_MTM_PUR,083,CMM_VLOGP_BGRFC_7200001410,00505684390C1FE092EBF3A6DC7F2832
CMM_MTM_PUR,083,CMM_VLOGP_BGRFC_7200001415,00505684390C1FE092EBF46E48B68832
CMM_MTM_PUR,083,CMM_VLOGP_BGRFC_7200001416,00505684390C1FE092EBF46E48B8A832
CMM_MTM_PUR,083,CMM_VLOGP_BGRFC_7200001417,00505684390C1FE092EBF46E48BAC832
CMM_MTM_PUR,083,CMM_VLOGP_BGRFC_7200001533,00505684390C1FE092EAC163C4EC2832
CMM_MTM_PUR,083,CMM_VLOGP_BGRFC_7200001534,00505684390C1FE092EAC18DCCDB0832
CMM_MTM_PUR,083,CMM_VLOGP_BGRFC_7200001549,00505684390C1FE092EAC18DCCDD2832
CMM_MTM_PUR,083,CMM_VLOGP_BGRFC_7200001563,00505684390C1FE09F91258453222846
CMM_MTM_PUR,083,CMM_VLOGP_BGRFC_7200001845,00505684390C1FE180BA032E91174889
CMM_MTM_PUR,083,CMM_VLOGP_BGRFC_7300000019,00505684390C1FE092EBEF0B13E6C832
CMM_MTM_PUR,083,CMM_VLOGP_BGRFC_7300000021,00505684390C1FE092EB9E57CF158832
CMM_MTM_PUR,083,CMM_VLOGP_BGRFC_7300000052,00505684390C1FE092EBF06151FB4832
CMM_MTM_PUR,083,CMM_VLOGP_BGRFC_7300000053,00505684390C1FE092EBF06151FE0832
CMM_MTM_PUR,083,CMM_VLOGP_BGRFC_7300000054,00505684390C1FE092EBF0615200C832
CMM_MTM_PUR,083,CMM_VLOGP_BGRFC_7300000055,00505684390C1FE092EBF0861C46A832
CMM_MTM_PUR,083,CMM_VLOGP_BGRFC_7300000056,00505684390C1FE092EBF0861C490832
CMM_MTM_PUR,083,CMM_VLOGP_BGRFC_7300000057,00505684390C1FE092EBF0861C4BC832
CMM_MTM_PUR,083,CMM_VLOGP_BGRFC_7300000273,00505684390C1FE092EBFEB0939CE832
CMM_MTM_PUR,083,CMM_VLOGP_BGRFC_7300000279,00505684390C1FE092EBFF96AA948832
CMM_MTM_PUR,083,CMM_VLOGP_BGRFC_7300000302,00505684390C1FE092EC04AC7B99E832
CMM_MTM_PUR,083,CMM_VLOGP_BGRFC_7300000343,00505684390C1FE092EC0DBB24064832
CMM_MTM_PUR,083,CMM_VLOGP_BGRFC_7300000349,00505684390C1FE092EC1009C67B4832
CMM_MTM_PUR,083,CMM_VLOGP_BGRFC_7300000350,00505684390C1FE092EC1009C67D6832
CMM_MTM_PUR,083,CMM_VLOGP_BGRFC_7300000351,00505684390C1FE092EC10385D3FC832
CMM_MTM_PUR,083,CMM_VLOGP_BGRFC_7300000353,00505684390C1FE092EC105DD3042832
CMM_MTM_PUR,083,CMM_VLOGP_BGRFC_7300000356,00505684390C1FE092EC10F183480832
CMM_MTM_PUR,083,CMM_VLOGP_BGRFC_7300000373,00505684390C1FE092EC13D6A2EDE832
CMM_MTM_PUR,083,CMM_VLOGP_BGRFC_7300000380,00505684390C1FE092EC13FDEF5B8832
CMM_MTM_PUR,083,CMM_VLOGP_BGRFC_7300000381,00505684390C1FE092EC13FDEF5DA832
CMM_MTM_PUR,083,CMM_VLOGP_BGRFC_7300000383,00505684390C1FE092EC142D0116C832
CMM_MTM_PUR,083,CMM_VLOGP_BGRFC_7300000384,00505684390C1FE092EC1448EBA68832
CMM_MTM_PUR,083,CMM_VLOGP_BGRFC_7300000386,00505684390C1FE092EC1498CCA82832
CMM_MTM_PUR,083,CMM_VLOGP_BGRFC_7300000392,00505684390C1FE092EC155777EB4832
CMM_MTM_PUR,083,CMM_VLOGP_BGRFC_7300000393,00505684390C1FE092EC68F095E80832
CMM_MTM_PUR,083,CMM_VLOGP_BGRFC_7300000394,00505684390C1FE092EC68F095EA2832
CMM_MTM_PUR,083,CMM_VLOGP_BGRFC_7300000395,00505684390C1FE092EC6914DF82C832
CMM_MTM_PUR,083,CMM_VLOGP_BGRFC_7300000396,00505684390C1FE092EC158474CF4832
CMM_MTM_PUR,083,CMM_VLOGP_BGRFC_7300000403,00505684390C1FE092EC16605BB38832
CMM_MTM_PUR,083,CMM_VLOGP_BGRFC_7300000404,00505684390C1FE092EC1690358BC832
CMM_MTM_PUR,083,CMM_VLOGP_BGRFC_7300000411,00505684390C1FE092EC6914DF84E832
CMM_MTM_PUR,083,CMM_VLOGP_BGRFC_7300000412,00505684390C1FE092EC6914DF870832
CMM_MTM_PUR,083,CMM_VLOGP_BGRFC_7300000414,00505684390C1FE092EC6914DF892832
CMM_MTM_PUR,083,CMM_VLOGP_BGRFC_7300000415,00505684390C1FE092EC6936A3FD8832
CMM_MTM_PUR,083,CMM_VLOGP_BGRFC_7300000434,00505684390C1FE092EC1BC361C90832
CMM_MTM_PUR,083,CMM_VLOGP_BGRFC_7300000444,00505684390C1FE092EC694BC0D88832
CMM_MTM_PUR,083,CMM_VLOGP_BGRFC_7300000445,00505684390C1FE092EC694BC0DAA832
CMM_MTM_PUR,083,CMM_VLOGP_BGRFC_7300000453,00505684390C1FE092EC1EE3068B8832
CMM_MTM_PUR,083,CMM_VLOGP_BGRFC_7300000455,00505684390C1FE092EC1F55D7D4C832
CMM_MTM_PUR,083,CMM_VLOGP_BGRFC_7300000456,00505684390C1FE092EC1F76BD9E4832
CMM_MTM_PUR,083,CMM_VLOGP_BGRFC_7300000457,00505684390C1FE092EC1F76BDA06832
CMM_MTM_PUR,083,CMM_VLOGP_BGRFC_7300000488,00505684390C1FE092EC694BC0DCC832
CMM_MTM_PUR,083,CMM_VLOGP_BGRFC_7300000490,00505684390C1FE092EC697281954832
CMM_MTM_PUR,083,CMM_VLOGP_BGRFC_7300000491,00505684390C1FE092EC697281976832
CMM_MTM_PUR,083,CMM_VLOGP_BGRFC_7300000492,00505684390C1FE092EC02EDB2D10832
CMM_MTM_PUR,083,CMM_VLOGP_BGRFC_7300000497,00505684390C1FE092EC697281998832
CMM_MTM_PUR,083,CMM_VLOGP_BGRFC_7300000509,00505684390C1FE092EC052AB7496832
CMM_MTM_PUR,083,CMM_VLOGP_BGRFC_7300000514,00505684390C1FE092EC059FD39B0832
CMM_MTM_PUR,083,CMM_VLOGP_BGRFC_7300000564,00505684390C1FE092EC6972819BA832
CMM_MTM_PUR,083,CMM_VLOGP_BGRFC_7300000574,00505684390C1FE092EC6996856F0832
CMM_MTM_PUR,083,CMM_VLOGP_BGRFC_7300000575,00505684390C1FE092EC699685712832
CMM_MTM_PUR,083,CMM_VLOGP_BGRFC_7300000582,00505684390C1FE092EC69ABA6B22832
CMM_MTM_PUR,083,CMM_VLOGP_BGRFC_7300000583,00505684390C1FE092EC69ABA6B44832
CMM_MTM_PUR,083,CMM_VLOGP_BGRFC_7300000610,00505684390C1FE092EC101E5E5AC832
CMM_MTM_PUR,083,CMM_VLOGP_BGRFC_7300000632,00505684390C1FE092EC1365A5424832
CMM_MTM_PUR,083,CMM_VLOGP_BGRFC_7300000689,00505684390C1FE092EC1A65DB078832
CMM_MTM_PUR,083,CMM_VLOGP_BGRFC_7300000723,00505684390C1FE092EC01BDD9AFE832
CMM_MTM_PUR,083,CMM_VLOGP_BGRFC_7300000735,00505684390C1FE092EC02F15E51C832
CMM_MTM_PUR,083,CMM_VLOGP_BGRFC_7300000740,00505684390C1FE092EC033A25A76832
CMM_MTM_PUR,083,CMM_VLOGP_BGRFC_7300000741,00505684390C1FE092EC0361C7C54832
CMM_MTM_PUR,083,CMM_VLOGP_BGRFC_7300000771,00505684390C1FE092EC69ABA6B66832
CMM_MTM_PUR,083,CMM_VLOGP_BGRFC_7300000783,00505684390C1FE092EC073F7904C832
CMM_MTM_PUR,083,CMM_VLOGP_BGRFC_7300000812,00505684390C1FE092EC0A199EAD6832
CMM_MTM_PUR,083,CMM_VLOGP_BGRFC_7300000825,00505684390C1FE092EC0BBB9E98C832
CMM_MTM_PUR,083,CMM_VLOGP_BGRFC_7300000830,00505684390C1FE092EC0C2DD0286832
CMM_MTM_PUR,083,CMM_VLOGP_BGRFC_7300000831,00505684390C1FE092EC0C2DD02A8832
CMM_MTM_PUR,083,CMM_VLOGP_BGRFC_7300000834,00505684390C1FE092EC0C76F1722832
CMM_MTM_PUR,083,CMM_VLOGP_BGRFC_7300000927,00505684390C1FE092EC168F1713E832
CMM_MTM_PUR,083,CMM_VLOGP_BGRFC_7300000951,00505684390C1FE092EC190E9DA82832
CMM_MTM_PUR,083,CMM_VLOGP_BGRFC_7300000952,00505684390C1FE092EC190E9DAA4832
CMM_MTM_PUR,083,CMM_VLOGP_BGRFC_7300000955,00505684390C1FE092EC19811C2D8832
CMM_MTM_PUR,083,CMM_VLOGP_BGRFC_7300000963,00505684390C1FE092EC1A8E185C2832
CMM_MTM_PUR,083,CMM_VLOGP_BGRFC_7300000966,00505684390C1FE092EC1AB5E11EE832
CMM_MTM_PUR,083,CMM_VLOGP_BGRFC_7300000967,00505684390C1FE092EC1AB5E1210832
CMM_MTM_PUR,083,CMM_VLOGP_BGRFC_7300000968,00505684390C1FE092EC1ADDE71C4832
CMM_MTM_PUR,083,CMM_VLOGP_BGRFC_7300000969,00505684390C1FE092EC1ADDE71E6832
CMM_MTM_PUR,083,CMM_VLOGP_BGRFC_7300000975,00505684390C1FE092EC1BA381114832
CMM_MTM_PUR,083,CMM_VLOGP_BGRFC_7300000977,00505684390C1FE092EC1BE5F1D28832
CMM_MTM_PUR,083,CMM_VLOGP_BGRFC_7300000982,00505684390C1FE092EC1C2F7BE32832
CMM_MTM_PUR,083,CMM_VLOGP_BGRFC_7300000998,00505684390C1FE092EC1DAE91AE8832
CMM_MTM_PUR,083,CMM_VLOGP_BGRFC_7300001015,00505684390C1FE092EC1F536C9B6832
CMM_MTM_PUR,083,CMM_VLOGP_BGRFC_7300001063,00505684390C1FE092EC239843F3E832
CMM_MTM_PUR,083,CMM_VLOGP_BGRFC_7300001068,00505684390C1FE092EC240354278832
CMM_MTM_PUR,083,CMM_VLOGP_BGRFC_7300001069,00505684390C1FE092EC242B11032832
CMM_MTM_PUR,083,CMM_VLOGP_BGRFC_7300001070,00505684390C1FE092EC245F4BC12832
CMM_MTM_PUR,083,CMM_VLOGP_BGRFC_7300001088,00505684390C1FE092EC262A333DE832
CMM_MTM_PUR,083,CMM_VLOGP_BGRFC_7300001091,00505684390C1FE092EC267D4C9EE832
CMM_MTM_PUR,083,CMM_VLOGP_BGRFC_7300001094,00505684390C1FE092EC26EF8E240832
CMM_MTM_PUR,083,CMM_VLOGP_BGRFC_7300001097,00505684390C1FE092EC2762E15A8832
CMM_MTM_PUR,083,CMM_VLOGP_BGRFC_7300001103,00505684390C1FE092EC27F47A2BE832
CMM_MTM_PUR,083,CMM_VLOGP_BGRFC_7300001105,00505684390C1FE092EC2851EE642832
CMM_MTM_PUR,083,CMM_VLOGP_BGRFC_7300001109,00505684390C1FE092EC28EF65C9A832
CMM_MTM_PUR,083,CMM_VLOGP_BGRFC_7300001127,00505684390C1FE092EC69D1540CA832
CMM_MTM_PUR,083,CMM_VLOGP_BGRFC_7300001163,00505684390C1FE092EC2E96E3E4A832
CMM_MTM_PUR,083,CMM_VLOGP_BGRFC_7300001165,00505684390C1FE092EC2EC7489E6832
CMM_MTM_PUR,083,CMM_VLOGP_BGRFC_7300001167,00505684390C1FE092EC2F0A2D5F8832
CMM_MTM_PUR,083,CMM_VLOGP_BGRFC_7300001171,00505684390C1FE092EC2F2EF63FA832
CMM_MTM_PUR,083,CMM_VLOGP_BGRFC_7300001173,00505684390C1FE092EC6A29E61C0832
CMM_MTM_PUR,083,CMM_VLOGP_BGRFC_7300001191,00505684390C1FE092EC30AC218AE832
CMM_MTM_PUR,083,CMM_VLOGP_BGRFC_7300001193,00505684390C1FE092EC30AC218D0832
CMM_MTM_PUR,083,CMM_VLOGP_BGRFC_7300001200,00505684390C1FE092EC31B8E57B0832
CMM_MTM_PUR,083,CMM_VLOGP_BGRFC_7300001206,00505684390C1FE092EC320501686832
CMM_MTM_PUR,083,CMM_VLOGP_BGRFC_7300001292,00505684390C1FE092EC237C1A666832
CMM_MTM_PUR,083,CMM_VLOGP_BGRFC_7300001295,00505684390C1FE092EC23ABD21BC832
CMM_MTM_PUR,083,CMM_VLOGP_BGRFC_7300001296,00505684390C1FE092EC23ABD21DE832
CMM_MTM_PUR,083,CMM_VLOGP_BGRFC_7300001328,00505684390C1FE092EC27E2069D2832
CMM_MTM_PUR,083,CMM_VLOGP_BGRFC_7300001329,00505684390C1FE092EC2810A1B0C832
CMM_MTM_PUR,083,CMM_VLOGP_BGRFC_7300001406,00505684390C1FE092EBA5773DC04832
CMM_MTM_PUR,083,CMM_VLOGP_BGRFC_7300001518,00505684390C1FE092EC2369D72A6832
CMM_MTM_PUR,083,CMM_VLOGP_BGRFC_7300001524,00505684390C1FE092EC2477ACD1E832
CMM_MTM_PUR,083,CMM_VLOGP_BGRFC_7300001525,00505684390C1FE092EC2491EA864832
CMM_MTM_PUR,083,CMM_VLOGP_BGRFC_7300001527,00505684390C1FE092EC24D4122A2832
CMM_MTM_PUR,083,CMM_VLOGP_BGRFC_7300001528,00505684390C1FE092EC24FE1C9E4832
CMM_MTM_PUR,083,CMM_VLOGP_BGRFC_7300001529,00505684390C1FE092EC24FE1CA06832
CMM_MTM_PUR,083,CMM_VLOGP_BGRFC_7300001531,00505684390C1FE092EC251FA7CAA832
CMM_MTM_PUR,083,CMM_VLOGP_BGRFC_7300001533,00505684390C1FE092EC25465CC04832
CMM_MTM_PUR,083,CMM_VLOGP_BGRFC_7300001541,00505684390C1FE092EC262AB3DAE832
CMM_MTM_PUR,083,CMM_VLOGP_BGRFC_7300001544,00505684390C1FE092EC26593FDE8832
CMM_MTM_PUR,083,CMM_VLOGP_BGRFC_7300001545,00505684390C1FE092EC26593FE0A832
CMM_MTM_PUR,083,CMM_VLOGP_BGRFC_7300001550,00505684390C1FE092EC26CAB8FB4832
CMM_MTM_PUR,083,CMM_VLOGP_BGRFC_7300001551,00505684390C1FE092EC26F0FDFB8832
CMM_MTM_PUR,083,CMM_VLOGP_BGRFC_7300001552,00505684390C1FE092EC26F0FDFDA832
CMM_MTM_PUR,083,CMM_VLOGP_BGRFC_7300001554,00505684390C1FE092EC270FBEAE8832
CMM_MTM_PUR,083,CMM_VLOGP_BGRFC_7300001555,00505684390C1FE092EC273B36A30832
CMM_MTM_PUR,083,CMM_VLOGP_BGRFC_7300001559,00505684390C1FE092EC27826F062832
CMM_MTM_PUR,083,CMM_VLOGP_BGRFC_7300001576,00505684390C1FE092EC295FA4C80832
CMM_MTM_PUR,083,CMM_VLOGP_BGRFC_7300001577,00505684390C1FE092EC295FA4CA2832
CMM_MTM_PUR,083,CMM_VLOGP_BGRFC_7300001579,00505684390C1FE092EC2986FE4CA832
CMM_MTM_PUR,083,CMM_VLOGP_BGRFC_7300001602,00505684390C1FE092EC2C9A04648832
CMM_MTM_PUR,083,CMM_VLOGP_BGRFC_7300001603,00505684390C1FE092EC2C9A0466A832
CMM_MTM_PUR,083,CMM_VLOGP_BGRFC_7300001605,00505684390C1FE092EC2C9A0468C832
CMM_MTM_PUR,083,CMM_VLOGP_BGRFC_7300001619,00505684390C1FE092EC2D0B2A548832
CMM_MTM_PUR,083,CMM_VLOGP_BGRFC_7300001620,00505684390C1FE092EC2D0B2A56A832
CMM_MTM_PUR,083,CMM_VLOGP_BGRFC_7300001645,00505684390C1FE092EC304DAF8A8832
CMM_MTM_PUR,083,CMM_VLOGP_BGRFC_7300001666,00505684390C1FE092EC323C8CE60832
CMM_MTM_PUR,083,CMM_VLOGP_BGRFC_7300001686,00505684390C1FE092EC347988922832
CMM_MTM_PUR,083,CMM_VLOGP_BGRFC_7300001700,00505684390C1FE092EC36A7C941E832
CMM_MTM_PUR,083,CMM_VLOGP_BGRFC_7300001710,00505684390C1FE092EC39B70F966832
CMM_MTM_PUR,083,CMM_VLOGP_BGRFC_7300001714,00505684390C1FE092EC3A48806E6832
CMM_MTM_PUR,083,CMM_VLOGP_BGRFC_7300001732,00505684390C1FE092EC3C2D79D9C832
CMM_MTM_PUR,083,CMM_VLOGP_BGRFC_7300001733,00505684390C1FE092EC3C2D79DBE832
CMM_MTM_PUR,083,CMM_VLOGP_BGRFC_7300001734,00505684390C1FE092EC3C58E380C832
CMM_MTM_PUR,083,CMM_VLOGP_BGRFC_7300001740,00505684390C1FE092EC3D38D4394832
CMM_MTM_PUR,083,CMM_VLOGP_BGRFC_7300001741,00505684390C1FE092EC3D38D43B6832
CMM_MTM_PUR,083,CMM_VLOGP_BGRFC_7300001742,00505684390C1FE092EC3D5AD0948832
CMM_MTM_PUR,083,CMM_VLOGP_BGRFC_7300001743,00505684390C1FE092EC3D5AD096A832
CMM_MTM_PUR,083,CMM_VLOGP_BGRFC_7300001744,00505684390C1FE092EC3D7D3F73C832
CMM_MTM_PUR,083,CMM_VLOGP_BGRFC_7300001757,00505684390C1FE092EC4005B9A78832
CMM_MTM_PUR,083,CMM_VLOGP_BGRFC_7300001758,00505684390C1FE092EAC1B284504832
CMM_MTM_PUR,083,CMM_VLOGP_BGRFC_7300001761,00505684390C1FE092EAC4B8C763A832
CMM_MTM_PUR,083,CMM_VLOGP_BGRFC_7300001762,00505684390C1FE092EC4079CA8BA832
CMM_MTM_PUR,083,CMM_VLOGP_BGRFC_7300001763,00505684390C1FE092EC4079CA8DC832
CMM_MTM_PUR,083,CMM_VLOGP_BGRFC_7300001767,00505684390C1FE092EAC4B8C765C832
CMM_MTM_PUR,083,CMM_VLOGP_BGRFC_7300001772,00505684390C1FE092EC41E33D068832
CMM_MTM_PUR,083,CMM_VLOGP_BGRFC_7300001773,00505684390C1FE092EC4209735F0832
CMM_MTM_PUR,083,CMM_VLOGP_BGRFC_7300001774,00505684390C1FE092EC420973612832
CMM_MTM_PUR,083,CMM_VLOGP_BGRFC_7300001775,00505684390C1FE092EAC4B8C767E832
CMM_MTM_PUR,083,CMM_VLOGP_BGRFC_7300001807,00505684390C1FE092EC37C9FD218832
CMM_MTM_PUR,083,CMM_VLOGP_BGRFC_7300001808,00505684390C1FE092EC37C9FD23A832
CMM_MTM_PUR,083,CMM_VLOGP_BGRFC_7300001809,00505684390C1FE092EC37E620BFC832
CMM_MTM_PUR,083,CMM_VLOGP_BGRFC_7300001812,00505684390C1FE092EC383A3457C832
CMM_MTM_PUR,083,CMM_VLOGP_BGRFC_7300001830,00505684390C1FE092EC39B6D2754832
CMM_MTM_PUR,083,CMM_VLOGP_BGRFC_7300001831,00505684390C1FE092EC39B6D2776832
CMM_MTM_PUR,083,CMM_VLOGP_BGRFC_7300001832,00505684390C1FE092EC39D67C6C0832
CMM_MTM_PUR,083,CMM_VLOGP_BGRFC_7300001833,00505684390C1FE092EC3A1565140832
CMM_MTM_PUR,083,CMM_VLOGP_BGRFC_7300001876,00505684390C1FE092EC3E88FE036832
CMM_MTM_PUR,083,CMM_VLOGP_BGRFC_7300001892,00505684390C1FE092EC40C0E5C6C832
CMM_MTM_PUR,083,CMM_VLOGP_BGRFC_7300001894,00505684390C1FE092EC40DBE69F8832
CMM_MTM_PUR,083,CMM_VLOGP_BGRFC_7300001895,00505684390C1FE092EC40DBE6A1A832
CMM_MTM_PUR,083,CMM_VLOGP_BGRFC_7300001912,00505684390C1FE092EC42CDC2D5C832
CMM_MTM_PUR,083,CMM_VLOGP_BGRFC_7300001914,00505684390C1FE092EC42EE08090832
CMM_MTM_PUR,083,CMM_VLOGP_BGRFC_7300001915,00505684390C1FE092EC42EE080B2832
CMM_MTM_PUR,083,CMM_VLOGP_BGRFC_7300001916,00505684390C1FE092EC431659930832
CMM_MTM_PUR,083,CMM_VLOGP_BGRFC_7300001923,00505684390C1FE092EC431659952832
CMM_MTM_PUR,083,CMM_VLOGP_BGRFC_7300001924,00505684390C1FE092EC431659974832
CMM_MTM_PUR,083,CMM_VLOGP_BGRFC_7300001932,00505684390C1FE092EC4386A8336832
CMM_MTM_PUR,083,CMM_VLOGP_BGRFC_7300001933,00505684390C1FE092EC43B2CD17C832
CMM_MTM_PUR,083,CMM_VLOGP_BGRFC_7300001935,00505684390C1FE092EC43D281474832
CMM_MTM_PUR,083,CMM_VLOGP_BGRFC_7300001937,00505684390C1FE092EC43D281496832
CMM_MTM_PUR,083,CMM_VLOGP_BGRFC_7300001943,00505684390C1FE092EC442380EDE832
CMM_MTM_PUR,083,CMM_VLOGP_BGRFC_7300001948,00505684390C1FE092EC44444F38A832
CMM_MTM_PUR,083,CMM_VLOGP_BGRFC_7300001951,00505684390C1FE092EC44911EAC8832
CMM_MTM_PUR,083,CMM_VLOGP_BGRFC_7300001959,00505684390C1FE092EC4578C8692832
CMM_MTM_PUR,083,CMM_VLOGP_BGRFC_7300001986,00505684390C1FE092EC47A4C732A832
CMM_MTM_PUR,083,CMM_VLOGP_BGRFC_7300001987,00505684390C1FE092EC47C57BE24832
CMM_MTM_PUR,083,CMM_VLOGP_BGRFC_7300001992,00505684390C1FE092EC483918062832
CMM_MTM_PUR,083,CMM_VLOGP_BGRFC_7300002078,00505684390C1FE092EC3E4EB455C832
CMM_MTM_PUR,083,CMM_VLOGP_BGRFC_7300002079,00505684390C1FE092EC3E7B11580832
CMM_MTM_PUR,083,CMM_VLOGP_BGRFC_7300002085,00505684390C1FE092EC3E9AB6358832
CMM_MTM_PUR,083,CMM_VLOGP_BGRFC_7300002088,00505684390C1FE092EC4040DFAFA832
CMM_MTM_PUR,083,CMM_VLOGP_BGRFC_7300002089,00505684390C1FE092EC406B53D94832
CMM_MTM_PUR,083,CMM_VLOGP_BGRFC_7300002090,00505684390C1FE092EC406B53DB8832
CMM_MTM_PUR,083,CMM_VLOGP_BGRFC_7300002091,00505684390C1FE092EC409A45184832
CMM_MTM_PUR,083,CMM_VLOGP_BGRFC_7300002092,00505684390C1FE092EC40B3D91E0832
CMM_MTM_PUR,083,CMM_VLOGP_BGRFC_7300002094,00505684390C1FE092EC40D7B57A8832
CMM_MTM_PUR,083,CMM_VLOGP_BGRFC_7300002095,00505684390C1FE092EC40D7B57CA832
CMM_MTM_PUR,083,CMM_VLOGP_BGRFC_7300002099,00505684390C1FE092EC4125507DE832
CMM_MTM_PUR,083,CMM_VLOGP_BGRFC_7300002101,00505684390C1FE092EC414FDA7C4832
CMM_MTM_PUR,083,CMM_VLOGP_BGRFC_7300002102,00505684390C1FE092EC417014BD4832
CMM_MTM_PUR,083,CMM_VLOGP_BGRFC_7300002149,00505684390C1FE092EC46BCA9290832
CMM_MTM_PUR,083,CMM_VLOGP_BGRFC_7300002153,00505684390C1FE092EC4756828DC832
CMM_MTM_PUR,083,CMM_VLOGP_BGRFC_7300002207,00505684390C1FE092EC4F4B44F44832
CMM_MTM_PUR,083,CMM_VLOGP_BGRFC_7300002208,00505684390C1FE092EC4F4B44F66832
CMM_MTM_PUR,083,CMM_VLOGP_BGRFC_7300002209,00505684390C1FE092EC4F4B44F88832
CMM_MTM_PUR,083,CMM_VLOGP_BGRFC_7300002210,00505684390C1FE092EC4F77B30BC832
CMM_MTM_PUR,083,CMM_VLOGP_BGRFC_7300002245,00505684390C1FE092EC535189C74832
CMM_MTM_PUR,083,CMM_VLOGP_BGRFC_7300002246,00505684390C1FE092EC537EBAFDC832
CMM_MTM_PUR,083,CMM_VLOGP_BGRFC_7300002250,00505684390C1FE092EC53EA49CA6832
CMM_MTM_PUR,083,CMM_VLOGP_BGRFC_7300002356,00505684390C1FE092EC4980BF724832
CMM_MTM_PUR,083,CMM_VLOGP_BGRFC_7300002357,00505684390C1FE092EC4980BF746832
CMM_MTM_PUR,083,CMM_VLOGP_BGRFC_7300002374,00505684390C1FE092EC4A8DC9624832
CMM_MTM_PUR,083,CMM_VLOGP_BGRFC_7300002375,00505684390C1FE092EC4AACF93DC832
CMM_MTM_PUR,083,CMM_VLOGP_BGRFC_7300002380,00505684390C1FE0AEBAF48236EB8878
CMM_MTM_PUR,083,CMM_VLOGP_BGRFC_7300002407,00505684390C1FE092EC4D94FC12A832
CMM_MTM_PUR,083,CMM_VLOGP_BGRFC_7300002527,00505684390C1FE092EC603522366832
CMM_MTM_PUR,083,CMM_VLOGP_BGRFC_7300002590,00505684390C1FE092EBA997CE616832
CMM_MTM_PUR,083,CMM_VLOGP_BGRFC_7300002591,00505684390C1FE092EBA997CE638832
CMM_MTM_PUR,083,CMM_VLOGP_BGRFC_7300002595,00505684390C1FE092EBA9C1BA47C832
CMM_MTM_PUR,083,CMM_VLOGP_BGRFC_7300002608,00505684390C1FE092EC5687EE198832
CMM_MTM_PUR,083,CMM_VLOGP_BGRFC_7300002610,00505684390C1FE092EC56D1B44A6832
CMM_MTM_PUR,083,CMM_VLOGP_BGRFC_7300002611,00505684390C1FE092EC5700FCD58832
CMM_MTM_PUR,083,CMM_VLOGP_BGRFC_7300002612,00505684390C1FE092EC5700FCD7A832
CMM_MTM_PUR,083,CMM_VLOGP_BGRFC_7300002614,00505684390C1FE092EC574FD4BA2832
CMM_MTM_PUR,083,CMM_VLOGP_BGRFC_7300002616,00505684390C1FE092EC5799F94E8832
CMM_MTM_PUR,083,CMM_VLOGP_BGRFC_7300002618,00505684390C1FE092EC57B7F768C832
CMM_MTM_PUR,083,CMM_VLOGP_BGRFC_7300002622,00505684390C1FE092EC585D2EDC8832
CMM_MTM_PUR,083,CMM_VLOGP_BGRFC_7300002631,00505684390C1FE092EC5982AB906832
CMM_MTM_PUR,083,CMM_VLOGP_BGRFC_7300002632,00505684390C1FE092EC59A77E120832
CMM_MTM_PUR,083,CMM_VLOGP_BGRFC_7300002633,00505684390C1FE092EC59A77E142832
CMM_MTM_PUR,083,CMM_VLOGP_BGRFC_7300002650,00505684390C1FE092EC5C11C8F10832
CMM_MTM_PUR,083,CMM_VLOGP_BGRFC_7300002651,00505684390C1FE092EC5C11C8F32832
CMM_MTM_PUR,083,CMM_VLOGP_BGRFC_7300002652,00505684390C1FE092EC5C311DAA0832
CMM_MTM_PUR,083,CMM_VLOGP_BGRFC_7300002710,00505684390C1FE092EC64C0D4CB6832
CMM_MTM_PUR,083,CMM_VLOGP_BGRFC_7300002711,00505684390C1FE092EC64E84C0FC832
CMM_MTM_PUR,083,CMM_VLOGP_BGRFC_7300002712,00505684390C1FE092EC64E84C11E832
CMM_MTM_PUR,083,CMM_VLOGP_BGRFC_7300002713,00505684390C1FE092EC64E84C140832
CMM_MTM_PUR,083,CMM_VLOGP_BGRFC_7300002714,00505684390C1FE092EC65116E480832
CMM_MTM_PUR,083,CMM_VLOGP_BGRFC_7300002715,00505684390C1FE092EC65116E4A2832
CMM_MTM_PUR,083,CMM_VLOGP_BGRFC_7300002716,00505684390C1FE092EC65116E4C4832
CMM_MTM_PUR,083,CMM_VLOGP_BGRFC_7300002717,00505684390C1FE092EC65333CEF6832
CMM_MTM_PUR,083,CMM_VLOGP_BGRFC_7300002756,00505684390C1FE092EBA9C1BA49E832
CMM_MTM_PUR,083,CMM_VLOGP_BGRFC_7300002759,00505684390C1FE092EBA9C1BA4C0832
CMM_MTM_PUR,083,CMM_VLOGP_BGRFC_7300002835,00505684390C1FE092EBA9E42C54A832
CMM_MTM_PUR,083,CMM_VLOGP_BGRFC_7300002836,00505684390C1FE092EBA9E42C56C832
CMM_MTM_PUR,083,CMM_VLOGP_BGRFC_7300002837,00505684390C1FE092EBAA11E26E8832
CMM_MTM_PUR,083,CMM_VLOGP_BGRFC_7300002838,00505684390C1FE092EBAA11E270A832
CMM_MTM_PUR,083,CMM_VLOGP_BGRFC_7300002839,00505684390C1FE092EBAA31FFD7C832
CMM_MTM_PUR,083,CMM_VLOGP_BGRFC_7300002842,00505684390C1FE092EBAA31FFD9E832
CMM_MTM_PUR,083,CMM_VLOGP_BGRFC_7300002847,00505684390C1FE092EBAA31FFDC0832
CMM_MTM_PUR,083,CMM_VLOGP_BGRFC_7300002848,00505684390C1FE092EBAA5E727B0832
CMM_MTM_PUR,083,CMM_VLOGP_BGRFC_7300002850,00505684390C1FE092EBAA5E727D2832
CMM_MTM_PUR,083,CMM_VLOGP_BGRFC_7300002851,00505684390C1FE092EBAA5E727F4832
CMM_MTM_PUR,083,CMM_VLOGP_BGRFC_7300002852,00505684390C1FE092EBAA7D5B7B0832
CMM_MTM_PUR,083,CMM_VLOGP_BGRFC_7300002853,00505684390C1FE092EBAAA5D6520832
CMM_MTM_PUR,083,CMM_VLOGP_BGRFC_7300002854,00505684390C1FE092EBAAA5D6542832
CMM_MTM_PUR,083,CMM_VLOGP_BGRFC_7300002855,00505684390C1FE092EBAAC91454C832
CMM_MTM_PUR,083,CMM_VLOGP_BGRFC_7300002858,00505684390C1FE092EBAAC91456E832
CMM_MTM_PUR,083,CMM_VLOGP_BGRFC_7300002861,00505684390C1FE092EBABE78208C832
CMM_MTM_PUR,083,CMM_VLOGP_BGRFC_7300002863,00505684390C1FE092EBAC129C4D8832
CMM_MTM_PUR,083,CMM_VLOGP_BGRFC_7300002864,00505684390C1FE092EBAC129C4FA832
CMM_MTM_PUR,083,CMM_VLOGP_BGRFC_7300002865,00505684390C1FE092EBAC129C51C832
CMM_MTM_PUR,083,CMM_VLOGP_BGRFC_7300002867,00505684390C1FE092EBAC3349BD0832
CMM_MTM_PUR,083,CMM_VLOGP_BGRFC_7300002868,00505684390C1FE092EBAC3349BF2832
CMM_MTM_PUR,083,CMM_VLOGP_BGRFC_7300002869,00505684390C1FE092EBAC5C3C368832
CMM_MTM_PUR,083,CMM_VLOGP_BGRFC_7300002870,00505684390C1FE092EBAC5C3C38A832
CMM_MTM_PUR,083,CMM_VLOGP_BGRFC_7300002876,00505684390C1FE092EBAC5C3C3AC832
CMM_MTM_PUR,083,CMM_VLOGP_BGRFC_7300002898,00505684390C1FE097B3E4DB038BE832
CMM_MTM_PUR,083,CMM_VLOGP_BGRFC_7300002899,00505684390C1FE097B3E4FEF0A50832
CMM_MTM_PUR,083,CMM_VLOGP_BGRFC_7300002900,00505684390C1FE097B3E4FEF0A76832
CMM_MTM_PUR,083,CMM_VLOGP_BGRFC_7300002925,00505684390C1FE097B498B876A98832
CMM_MTM_PUR,083,CMM_VLOGP_BGRFC_7300002926,00505684390C1FE097B498DF68922832
CMM_MTM_PUR,083,CMM_VLOGP_BGRFC_7300002931,00505684390C1FE097B499111AC22832
CMM_MTM_PUR,083,CMM_VLOGP_BGRFC_7300002932,00505684390C1FE097B4994C9BE1C832
CMM_MTM_PUR,083,CMM_VLOGP_BGRFC_7300002933,00505684390C1FE097B4997D22504832
CMM_MTM_PUR,083,CMM_VLOGP_BGRFC_7300002934,00505684390C1FE097B499A09A74E832
CMM_MTM_PUR,083,CMM_VLOGP_BGRFC_7300002935,00505684390C1FE097B499D54A282832
CMM_MTM_PUR,083,CMM_VLOGP_BGRFC_7300002946,00505684390C1FE097B49CD34FB6E832
CMM_MTM_PUR,083,CMM_VLOGP_BGRFC_7300002947,00505684390C1FE097B49D07436BE832
CMM_MTM_PUR,083,CMM_VLOGP_BGRFC_7300002949,00505684390C1FE097B49D41960FA832
CMM_MTM_PUR,083,CMM_VLOGP_BGRFC_7300002950,00505684390C1FE097B49D6C9DEDE832
CMM_MTM_PUR,083,CMM_VLOGP_BGRFC_7300002956,00505684390C1FE097B49DBBE01FC832
CMM_MTM_PUR,083,CMM_VLOGP_BGRFC_7300002977,00505684390C1FE0A7E0CB965BB5C856
CMM_MTM_PUR,083,CMM_VLOGP_BGRFC_7300002986,00505684390C1FE097B4A07A820FA832
CMM_MTM_PUR,083,CMM_VLOGP_BGRFC_7300003122,00505684390C1FE1938BB0D780084899
CMM_MTM_PUR,083,CMM_VLOGP_BGRFC_7300003125,00505684390C1FE193EFB71647A5E899
CMM_MTM_PUR,083,CMM_VLOGP_BGRFC_7300003129,00505684390C1FE193F3F4D9408AC899
CMM_MTM_PUR,083,CMM_VLOGP_BGRFC_7400000002,00505684390C1FE092EC659887A62832
CMM_MTM_PUR,083,CMM_VLOGP_BGRFC_7400000003,00505684390C1FE092EC659887A84832
CMM_MTM_PUR,083,CMM_VLOGP_BGRFC_7400000005,00505684390C1FE092EC666D7F41A832
CMM_MTM_PUR,083,CMM_VLOGP_BGRFC_7400000006,00505684390C1FE092EC6694BF0CC832
CMM_MTM_PUR,083,CMM_VLOGP_BGRFC_7400000007,00505684390C1FE092EC6694BF0EE832
CMM_MTM_PUR,083,CMM_VLOGP_BGRFC_7400000008,00505684390C1FE092EC6694BF110832
CMM_MTM_PUR,083,CMM_VLOGP_BGRFC_7400000009,00505684390C1FE092EC66B07033C832
CMM_MTM_PUR,083,CMM_VLOGP_BGRFC_7400000010,00505684390C1FE092EC66B07035E832
CMM_MTM_PUR,083,CMM_VLOGP_BGRFC_7400000011,00505684390C1FE092EC66B070380832
CMM_MTM_PUR,083,CMM_VLOGP_BGRFC_7400000012,00505684390C1FE092EC66D62C052832
CMM_MTM_PUR,083,CMM_VLOGP_BGRFC_7400000013,00505684390C1FE092EC66D62C074832
CMM_MTM_PUR,083,CMM_VLOGP_BGRFC_7400000014,00505684390C1FE092EC66EA55A20832
CMM_MTM_PUR,083,CMM_VLOGP_BGRFC_7400000015,00505684390C1FE092EC66EA55A42832
CMM_MTM_PUR,083,CMM_VLOGP_BGRFC_7400000016,00505684390C1FE092EC66EA55A64832
CMM_MTM_PUR,083,CMM_VLOGP_BGRFC_7400000017,00505684390C1FE092EC67100A5AC832
CMM_MTM_PUR,083,CMM_VLOGP_BGRFC_7400000019,00505684390C1FE092EC673A2E13A832
CMM_MTM_PUR,083,CMM_VLOGP_BGRFC_7400000020,00505684390C1FE092EC673A2E15C832
CMM_MTM_PUR,083,CMM_VLOGP_BGRFC_7400000021,00505684390C1FE092EC67624C60C832
CMM_MTM_PUR,083,CMM_VLOGP_BGRFC_7400000023,00505684390C1FE092EC6782E2D14832
CMM_MTM_PUR,083,CMM_VLOGP_BGRFC_7400000024,00505684390C1FE092EC6782E2D36832
CMM_MTM_PUR,083,CMM_VLOGP_BGRFC_7400000027,00505684390C1FE092EC67CEBF094832
CMM_MTM_PUR,083,CMM_VLOGP_BGRFC_7400000031,00505684390C1FE092EC681AD61F0832
CMM_MTM_PUR,083,CMM_VLOGP_BGRFC_7400000034,00505684390C1FE092EC686A7F018832
CMM_MTM_PUR,083,CMM_VLOGP_BGRFC_7400000166,00505684390C1FE092EC66B38ED1E832
CMM_MTM_PUR,083,CMM_VLOGP_BGRFC_7400000194,00505684390C1FE092EC6904B974E832
CMM_MTM_PUR,083,CMM_VLOGP_BGRFC_7400000195,00505684390C1FE092EC69259D906832
CMM_MTM_PUR,083,CMM_VLOGP_BGRFC_7400000368,00505684390C1FE092EBB046D843C832
CMM_MTM_PUR,083,CMM_VLOGP_BGRFC_7400000369,00505684390C1FE092EBB046D845E832
CMM_MTM_PUR,083,CMM_VLOGP_BGRFC_7400000370,00505684390C1FE092EBB0616A1C6832
CMM_MTM_PUR,083,CMM_VLOGP_BGRFC_7400000371,00505684390C1FE092EBB090E532C832
CMM_MTM_PUR,083,CMM_VLOGP_BGRFC_7400000373,00505684390C1FE092EBB090E534E832
CMM_MTM_PUR,083,CMM_VLOGP_BGRFC_7400000374,00505684390C1FE092EBB0BAC2884832
CMM_MTM_PUR,083,CMM_VLOGP_BGRFC_7400000375,00505684390C1FE092EBB0BAC28A6832
CMM_MTM_PUR,083,CMM_VLOGP_BGRFC_7400000376,00505684390C1FE092EBB0E169E10832
CMM_MTM_PUR,083,CMM_VLOGP_BGRFC_7400000377,00505684390C1FE092EBB0F8A6A24832
CMM_MTM_PUR,083,CMM_VLOGP_BGRFC_7400000420,00505684390C1FE190CA3F0870ED6896
CMM_MTM_PUR,083,CMM_VLOGP_BGRFC_7600000003,00505684390C1FE092EC7ED9688B4832
CMM_MTM_PUR,083,CMM_VLOGP_BGRFC_7600000008,00505684390C1FE092EC7ED9688D6832
CMM_MTM_PUR,083,CMM_VLOGP_BGRFC_7600000009,00505684390C1FE092EC7ED9688F8832
CMM_MTM_PUR,083,CMM_VLOGP_BGRFC_7600000010,00505684390C1FE092EC7ED96891A832
CMM_MTM_PUR,083,CMM_VLOGP_BGRFC_7600000011,00505684390C1FE092EC7EFAF9D44832
CMM_MTM_PUR,083,CMM_VLOGP_BGRFC_7600000012,00505684390C1FE092EC7EFAF9D66832
CMM_MTM_PUR,083,CMM_VLOGP_BGRFC_7600000013,00505684390C1FE092EC7EFAF9D88832
CMM_MTM_PUR,083,CMM_VLOGP_BGRFC_7700000000,00505684390C1FE092EB6712280A0832
CMM_MTM_PUR,083,CMM_VLOGP_BGRFC_7700000001,00505684390C1FE092EB6712280C0832
CMM_MTM_PUR,083,CMM_VLOGP_BGRFC_7700000002,00505684390C1FE092EB6738E02D8832
CMM_MTM_PUR,083,CMM_VLOGP_BGRFC_7700000009,00505684390C1FE092EB67CE3F102832
CMM_MTM_PUR,083,CMM_VLOGP_BGRFC_7700000010,00505684390C1FE092EB67F5FD21C832
CMM_MTM_PUR,083,CMM_VLOGP_BGRFC_7700000011,00505684390C1FE092EB67F5FD23C832
CMM_MTM_PUR,083,CMM_VLOGP_BGRFC_7700000012,00505684390C1FE092EB681F91128832
CMM_MTM_PUR,083,CMM_VLOGP_BGRFC_7700000013,00505684390C1FE092EB681F91148832
CMM_MTM_PUR,083,CMM_VLOGP_BGRFC_7700000015,00505684390C1FE092EB684C09D26832
CMM_MTM_PUR,083,CMM_VLOGP_BGRFC_7700000016,00505684390C1FE092EB686E03158832
CMM_MTM_PUR,083,CMM_VLOGP_BGRFC_7700000017,00505684390C1FE092EB686E03178832
CMM_MTM_PUR,083,CMM_VLOGP_BGRFC_7700000018,00505684390C1FE092EB6894F6954832
CMM_MTM_PUR,083,CMM_VLOGP_BGRFC_7700000020,00505684390C1FE092EB68BBC13B8832
CMM_MTM_PUR,083,CMM_VLOGP_BGRFC_7700000021,00505684390C1FE092EB68BBC13D8832
CMM_MTM_PUR,083,CMM_VLOGP_BGRFC_7700000022,00505684390C1FE092EB68DF43C00832
CMM_MTM_PUR,083,CMM_VLOGP_BGRFC_7700000023,00505684390C1FE092EB68F7F1144832
CMM_MTM_PUR,083,CMM_VLOGP_BGRFC_7700000024,00505684390C1FE092EB69128BE12832
CMM_MTM_PUR,083,CMM_VLOGP_BGRFC_7700000026,00505684390C1FE092EB69128BE32832
CMM_MTM_PUR,083,CMM_VLOGP_BGRFC_7700000027,00505684390C1FE092EB693E52B10832
CMM_MTM_PUR,083,CMM_VLOGP_BGRFC_7700000028,00505684390C1FE092EB693E52B30832
CMM_MTM_PUR,083,CMM_VLOGP_BGRFC_7700000029,00505684390C1FE092EB6961E1F76832
CMM_MTM_PUR,083,CMM_VLOGP_BGRFC_7700000030,00505684390C1FE092EB698D404D4832
CMM_MTM_PUR,083,CMM_VLOGP_BGRFC_7700000031,00505684390C1FE092EB698D404F4832
CMM_MTM_PUR,083,CMM_VLOGP_BGRFC_7700000033,00505684390C1FE092EB69AAE2402832
CMM_MTM_PUR,083,CMM_VLOGP_BGRFC_7700000034,00505684390C1FE092EB69D99E754832
CMM_MTM_PUR,083,CMM_VLOGP_BGRFC_7700000041,00505684390C1FE092EB6B4D6E862832
CMM_MTM_PUR,083,CMM_VLOGP_BGRFC_7700000042,00505684390C1FE092EB6B619E5E2832
CMM_MTM_PUR,083,CMM_VLOGP_BGRFC_7700000043,00505684390C1FE092EB6B619E602832
CMM_MTM_PUR,083,CMM_VLOGP_BGRFC_7700000044,00505684390C1FE092EB6B90BC3CC832
CMM_MTM_PUR,083,CMM_VLOGP_BGRFC_7700000045,00505684390C1FE092EB6B90BC3EC832
CMM_MTM_PUR,083,CMM_VLOGP_BGRFC_7700000046,00505684390C1FE092EB6BB66DA1C832
CMM_MTM_PUR,083,CMM_VLOGP_BGRFC_7800000000,00505684390C1FE092EC7568554FA832
CMM_MTM_PUR,083,CMM_VLOGP_BGRFC_7800000010,00505684390C1FE092EC75FDDC47A832
CMM_MTM_PUR,083,CMM_VLOGP_BGRFC_7800000011,00505684390C1FE092EC7624F3126832
CMM_MTM_PUR,083,CMM_VLOGP_BGRFC_7800000012,00505684390C1FE092EC7624F3148832
CMM_MTM_PUR,083,CMM_VLOGP_BGRFC_7800000013,00505684390C1FE092EC7644F6DE8832
CMM_MTM_PUR,083,CMM_VLOGP_BGRFC_7800000014,00505684390C1FE092EC76816847C832
CMM_MTM_PUR,083,CMM_VLOGP_BGRFC_7800000015,00505684390C1FE092EC76ACC974E832
CMM_MTM_PUR,083,CMM_VLOGP_BGRFC_7800000018,00505684390C1FE092EC76CA91D18832
CMM_MTM_PUR,083,CMM_VLOGP_BGRFC_7800000019,00505684390C1FE092EC76F1232B8832
CMM_MTM_PUR,083,CMM_VLOGP_BGRFC_7800000020,00505684390C1FE092EC76F1232DA832
CMM_MTM_PUR,083,CMM_VLOGP_BGRFC_7800000021,00505684390C1FE092EC76F1232FC832
CMM_MTM_PUR,083,CMM_VLOGP_BGRFC_7800000022,00505684390C1FE092EC7714E923A832
CMM_MTM_PUR,083,CMM_VLOGP_BGRFC_7800000023,00505684390C1FE092EC7714E925C832
CMM_MTM_PUR,083,CMM_VLOGP_BGRFC_7800000025,00505684390C1FE092EC773CF4AC2832
CMM_MTM_PUR,083,CMM_VLOGP_BGRFC_7800000027,00505684390C1FE092EC773CF4AE4832
CMM_MTM_PUR,083,CMM_VLOGP_BGRFC_7800000032,00505684390C1FE092EC780EC74F8832
CMM_MTM_PUR,083,CMM_VLOGP_BGRFC_7800000033,00505684390C1FE092EC780EC751A832
CMM_MTM_PUR,083,CMM_VLOGP_BGRFC_7800000034,00505684390C1FE092EC783A53E50832
CMM_MTM_PUR,083,CMM_VLOGP_BGRFC_7800000037,00505684390C1FE092EC785C05D6A832
CMM_MTM_PUR,083,CMM_VLOGP_BGRFC_7800000041,00505684390C1FE092EC78AC483AE832
CMM_MTM_PUR,083,CMM_VLOGP_BGRFC_7800000047,00505684390C1FE092EC79650447E832
CMM_MTM_PUR,083,CMM_VLOGP_BGRFC_7800000054,00505684390C1FE092EC7A0207BAE832
CMM_MTM_PUR,083,CMM_VLOGP_BGRFC_7800000055,00505684390C1FE092EC7A2265E76832
CMM_MTM_PUR,083,CMM_VLOGP_BGRFC_7800000056,00505684390C1FE092EC7A2265E98832
CMM_MTM_PUR,083,CMM_VLOGP_BGRFC_7800000059,00505684390C1FE092EC7A54BD190832
CMM_MTM_PUR,083,CMM_VLOGP_BGRFC_7800000060,00505684390C1FE092EC7A54BD1B2832
CMM_MTM_PUR,083,CMM_VLOGP_BGRFC_7800000061,00505684390C1FE092EC7A6FAD374832
CMM_MTM_PUR,083,CMM_VLOGP_BGRFC_7800000062,00505684390C1FE092EC7A6FAD396832
CMM_MTM_PUR,083,CMM_VLOGP_BGRFC_7800000063,00505684390C1FE092EC7A6FAD3B8832
CMM_MTM_PUR,083,CMM_VLOGP_BGRFC_7800000064,00505684390C1FE092EC7A959DCDC832
CMM_MTM_PUR,083,CMM_VLOGP_BGRFC_7800000065,00505684390C1FE092EC7A959DCFE832
CMM_MTM_PUR,083,CMM_VLOGP_BGRFC_7800000066,00505684390C1FE092EC7A959DD20832
CMM_MTM_PUR,083,CMM_VLOGP_BGRFC_7800000067,00505684390C1FE092EC7AC713820832
CMM_MTM_PUR,083,CMM_VLOGP_BGRFC_7800000068,00505684390C1FE092EC7AC713842832
CMM_MTM_PUR,083,CMM_VLOGP_BGRFC_7800000069,00505684390C1FE092EC7AE82B92C832
CMM_MTM_PUR,083,CMM_VLOGP_BGRFC_7800000070,00505684390C1FE092EC7AE82B94E832
CMM_MTM_PUR,083,CMM_VLOGP_BGRFC_7800000071,00505684390C1FE092EC7B08111EC832
CMM_MTM_PUR,083,CMM_VLOGP_BGRFC_7800000072,00505684390C1FE092EC7B081120E832
CMM_MTM_PUR,083,CMM_VLOGP_BGRFC_7800000073,00505684390C1FE092EC7B0811230832
CMM_MTM_PUR,083,CMM_VLOGP_BGRFC_7800000074,00505684390C1FE092EC7B3799BF8832
CMM_MTM_PUR,083,CMM_VLOGP_BGRFC_7800000075,00505684390C1FE092EC7B3799C1A832
CMM_MTM_PUR,083,CMM_VLOGP_BGRFC_7800000078,00505684390C1FE092EC7B5AEFC38832
CMM_MTM_PUR,083,CMM_VLOGP_BGRFC_7800000079,00505684390C1FE092EC7B5AEFC5A832
CMM_MTM_PUR,083,CMM_VLOGP_BGRFC_7800000080,00505684390C1FE092EC7B7F5E45C832
CMM_MTM_PUR,083,CMM_VLOGP_BGRFC_7800000081,00505684390C1FE092EC7B7F5E47E832
CMM_MTM_PUR,083,CMM_VLOGP_BGRFC_7800000082,00505684390C1FE092EC7BA248D8C832
CMM_MTM_PUR,083,CMM_VLOGP_BGRFC_7800000083,00505684390C1FE092EC7BA248DAE832
CMM_MTM_PUR,083,CMM_VLOGP_BGRFC_7800000084,00505684390C1FE092EC7BA248DD0832
CMM_MTM_PUR,083,CMM_VLOGP_BGRFC_7800000085,00505684390C1FE092EC7BC671700832
CMM_MTM_PUR,083,CMM_VLOGP_BGRFC_7800000086,00505684390C1FE092EC7BC671722832
CMM_MTM_PUR,083,CMM_VLOGP_BGRFC_7800000087,00505684390C1FE092EC7BF35E564832
CMM_MTM_PUR,083,CMM_VLOGP_BGRFC_7800000088,00505684390C1FE092EC7BF35E586832
CMM_MTM_PUR,083,CMM_VLOGP_BGRFC_7800000089,00505684390C1FE092EC7C140A308832
CMM_MTM_PUR,083,CMM_VLOGP_BGRFC_7800000090,00505684390C1FE092EC7C140A32A832
CMM_MTM_PUR,083,CMM_VLOGP_BGRFC_7800000093,00505684390C1FE092EC7C140A34C832
CMM_MTM_PUR,083,CMM_VLOGP_BGRFC_7800000094,00505684390C1FE092EC7C42AAC08832
CMM_MTM_PUR,083,CMM_VLOGP_BGRFC_7800000095,00505684390C1FE092EC7C42AAC2A832
CMM_MTM_PUR,083,CMM_VLOGP_BGRFC_7800000096,00505684390C1FE092EC7C6237C9C832
CMM_MTM_PUR,083,CMM_VLOGP_BGRFC_7800000097,00505684390C1FE092EC7C6237CBE832
CMM_MTM_PUR,083,CMM_VLOGP_BGRFC_7800000098,00505684390C1FE092EC7C6237CE0832
CMM_MTM_PUR,083,CMM_VLOGP_BGRFC_7800000103,00505684390C1FE092EC7C858F498832
CMM_MTM_PUR,083,CMM_VLOGP_BGRFC_7800000104,00505684390C1FE092EC7CB16E2FC832
CMM_MTM_PUR,083,CMM_VLOGP_BGRFC_7800000126,00505684390C1FE092EC7F955FD16832
CMM_MTM_PUR,083,CMM_VLOGP_BGRFC_7800000128,00505684390C1FE092EC7FC256EE0832
CMM_MTM_PUR,083,CMM_VLOGP_BGRFC_7800000131,00505684390C1FE092EC7FC256F02832
CMM_MTM_PUR,083,CMM_VLOGP_BGRFC_7800000132,00505684390C1FE092EC7FEB90EDC832
CMM_MTM_PUR,083,CMM_VLOGP_BGRFC_7800000136,00505684390C1FE092EAC5C162520832
CMM_MTM_PUR,083,CMM_VLOGP_BGRFC_7800000138,00505684390C1FE092EC7FEB90F1A832
CMM_MTM_PUR,083,CMM_VLOGP_BGRFC_7800000143,00505684390C1FE092EC80DA95050832
CMM_MTM_PUR,083,CMM_VLOGP_BGRFC_7800000144,00505684390C1FE092EC81ACC771C832
CMM_MTM_PUR,083,CMM_VLOGP_BGRFC_7800000146,00505684390C1FE092EC81ACC773E832
CMM_MTM_PUR,083,CMM_VLOGP_BGRFC_7800000147,00505684390C1FE092EC81D888BF8832
CMM_MTM_PUR,083,CMM_VLOGP_BGRFC_7800000148,00505684390C1FE092EAC60DD7822832
CMM_MTM_PUR,083,CMM_VLOGP_BGRFC_7800000149,00505684390C1FE092EC81D888C1A832
CMM_MTM_PUR,083,CMM_VLOGP_BGRFC_7800000151,00505684390C1FE092EC821C2CC0A832
CMM_MTM_PUR,083,CMM_VLOGP_BGRFC_7800000152,00505684390C1FE092EC8241AD40A832
CMM_MTM_PUR,083,CMM_VLOGP_BGRFC_7800000153,00505684390C1FE092EC8241AD42C832
CMM_MTM_PUR,083,CMM_VLOGP_BGRFC_7800000154,00505684390C1FE092EC8241AD44E832
CMM_MTM_SLS,083,CMM_VLOGP_BGRFC_0051000395,00505684390C1FE097B3B1F7C289A832
CMM_MTM_SLS,083,CMM_VLOGP_BGRFC_0051000396,00505684390C1FE097B4BD0125588832
CMM_MTM_SLS,083,CMM_VLOGP_BGRFC_0051000397,00505684390C1FE097B3B248505CE832
CMM_MTM_SLS,083,CMM_VLOGP_BGRFC_0051000398,00505684390C1FE097B3B294FBB06832
CMM_MTM_SLS,083,CMM_VLOGP_BGRFC_0051000404,00505684390C1FE097B4C00ACBF72832
CMM_MTM_SLS,083,CMM_VLOGP_BGRFC_0051000405,00505684390C1FE097B4C05A07CC6832
CMM_MTM_SLS,083,CMM_VLOGP_BGRFC_0051000419,00505684390C1FE181FE53515A35E889
CMM_MTM_SLS,083,CMM_VLOGP_BGRFC_0051000420,00505684390C1FE181FE539B75270889
CMM_MTM_SLS,083,CMM_VLOGP_BGRFC_0051000421,00505684390C1FE181FE53C2EBEC2889
CMM_MTM_SLS,083,CMM_VLOGP_BGRFC_0051000422,00505684390C1FE097B4C2BB4D596832
CMM_MTM_SLS,083,CMM_VLOGP_BGRFC_0051000436,00505684390C1FE181FE5D73EE5BE889
CMM_MTM_SLS,083,CMM_VLOGP_BGRFC_0051000437,00505684390C1FE097B58C73A666A832
CMM_MTM_SLS,083,CMM_VLOGP_BGRFC_0051000438,00505684390C1FE18AE686529019C894
CMM_MTM_SLS,083,CMM_VLOGP_BGRFC_0051000441,00505684390C1FE097B454F5A21B6832
CMM_MTM_SLS,083,CMM_VLOGP_BGRFC_0051000443,00505684390C1FE18ACD4EAF011AC894
CMM_MTM_SLS,083,CMM_VLOGP_BGRFC_0051000452,00505684390C1FE0A6BFA3643E5AA852
CMM_MTM_SLS,083,CMM_VLOGP_BGRFC_0051000453,00505684390C1FE097B59A0FE650E832
CMM_MTM_SLS,083,CMM_VLOGP_BGRFC_0051000454,00505684390C1FE097B5A2641787A832
CMM_MTM_SLS,083,CMM_VLOGP_BGRFC_0051000471,00505684390C1FE0A6909A4CEA546851
CMM_MTM_SLS,083,CMM_VLOGP_BGRFC_0051000482,00505684390C1FE0A6BFBE7235188852
CMM_MTM_SLS,083,CMM_VLOGP_BGRFC_0051000483,00505684390C1FE0A8D58EC7BD364856
CMM_MTM_SLS,083,CMM_VLOGP_BGRFC_0051000484,00505684390C1FE181FE8008B30BC889
CMM_MTM_SLS,083,CMM_VLOGP_BGRFC_0051000491,00505684390C1FE182FD28F6275AE889
CMM_MTM_SLS,083,CMM_VLOGP_BGRFC_0051000492,00505684390C1FE0AECCD351586C4879
CMM_MTM_SLS,083,CMM_VLOGP_BGRFC_0051000494,00505684390C1FE0AFCB1A36920F8879
CMM_MTM_SLS,083,CMM_VLOGP_BGRFC_0051000505,00505684390C1FE0B4A99EADA303887B
CMM_MTM_SLS,083,CMM_VLOGP_BGRFC_0052000005,00505684390C1FE181FA0582B714C889
CMM_MTM_SLS,083,CMM_VLOGP_BGRFC_0052000031,00505684390C1FE181FA067487068889
CMM_MTM_SLS,083,CMM_VLOGP_BGRFC_0052000032,00505684390C1FE092EB37C844C48832
CMM_MTM_SLS,083,CMM_VLOGP_BGRFC_0052000038,00505684390C1FE181FA04815399E889
CMM_MTM_SLS,083,CMM_VLOGP_BGRFC_0052000039,00505684390C1FE18697B61C439CA88F
CMM_MTM_SLS,083,CMM_VLOGP_BGRFC_0052000054,00505684390C1FE092EB39C411C8E832
CMM_MTM_SLS,083,CMM_VLOGP_BGRFC_0052000055,00505684390C1FE092EB3AE276C68832
CMM_MTM_SLS,083,CMM_VLOGP_BGRFC_0052000073,00505684390C1FE092EB3E43A4528832
CMM_MTM_SLS,083,CMM_VLOGP_BGRFC_0052000112,00505684390C1FE092EB3F82B50A2832
CMM_MTM_SLS,083,CMM_VLOGP_BGRFC_0052000709,00505684390C1FE092EB236E7F7F6832
CMM_MTM_SLS,083,CMM_VLOGP_BGRFC_0052000788,00505684390C1FE092EB287B93E94832
CMM_MTM_SLS,083,CMM_VLOGP_BGRFC_0052000906,00505684390C1FE092EB3EFD225F8832
CMM_MTM_SLS,083,CMM_VLOGP_BGRFC_0052001092,00505684390C1FE092EB3F0D6548A832
CMM_MTM_SLS,083,CMM_VLOGP_BGRFC_0052001107,00505684390C1FE092EB34780BC8E832
CMM_MTM_SLS,083,CMM_VLOGP_BGRFC_0052001116,00505684390C1FE186FBBC1CF064C88F
CMM_MTM_SLS,083,CMM_VLOGP_BGRFC_0052001117,00505684390C1FE093C5C5DB88C60832
CMM_MTM_SLS,083,CMM_VLOGP_BGRFC_0052001139,00505684390C1FE092EB3DB5767B4832
CMM_MTM_SLS,083,CMM_VLOGP_BGRFC_0052001221,00505684390C1FE093937D6A501A8832
CMM_MTM_SLS,083,CMM_VLOGP_BGRFC_0052001227,00505684390C1FE092EB2E309C8F4832
CMM_MTM_SLS,083,CMM_VLOGP_BGRFC_0052001838,00505684390C1FE092EB78CABA088832
CMM_MTM_SLS,083,CMM_VLOGP_BGRFC_0052001905,00505684390C1FE092EB5F4FA5648832
CMM_MTM_SLS,083,CMM_VLOGP_BGRFC_0052001940,00505684390C1FE092EB68B50AB14832
CMM_MTM_SLS,083,CMM_VLOGP_BGRFC_0052002276,00505684390C1FE092EB9CCDEB348832
CMM_MTM_SLS,083,CMM_VLOGP_BGRFC_0052002290,00505684390C1FE093803177E70D4832
CMM_MTM_SLS,083,CMM_VLOGP_BGRFC_0052002295,00505684390C1FE092EAC2816D82C832
CMM_MTM_SLS,083,CMM_VLOGP_BGRFC_0052002304,00505684390C1FE0938015EC9197E832
CMM_MTM_SLS,083,CMM_VLOGP_BGRFC_0052002309,00505684390C1FE0938024A417C86832
CMM_MTM_SLS,083,CMM_VLOGP_BGRFC_0052002328,00505684390C1FE093802FD4A2958832
CMM_MTM_SLS,083,CMM_VLOGP_BGRFC_0052002344,00505684390C1FE09380405FF522E832
CMM_MTM_SLS,083,CMM_VLOGP_BGRFC_0052002352,00505684390C1FE09380628FD6314832
CMM_MTM_SLS,083,CMM_VLOGP_BGRFC_0052002353,00505684390C1FE09380528CBE4E2832
CMM_MTM_SLS,083,CMM_VLOGP_BGRFC_0052002365,00505684390C1FE092EB646207CE8832
CMM_MTM_SLS,083,CMM_VLOGP_BGRFC_0052002366,00505684390C1FE0938013876D62E832
CMM_MTM_SLS,083,CMM_VLOGP_BGRFC_0052002375,00505684390C1FE0938032CEDD7E8832
CMM_MTM_SLS,083,CMM_VLOGP_BGRFC_0052002399,00505684390C1FE092EB8BDE87E90832
CMM_MTM_SLS,083,CMM_VLOGP_BGRFC_0052002403,00505684390C1FE093806187277E6832
CMM_MTM_SLS,083,CMM_VLOGP_BGRFC_0052002404,00505684390C1FE09393CF1358824832
CMM_MTM_SLS,083,CMM_VLOGP_BGRFC_0052002485,00505684390C1FE093C61643BAB04832
CMM_MTM_SLS,083,CMM_VLOGP_BGRFC_0052002486,00505684390C1FE094AB9993B7CF0832
CMM_MTM_SLS,083,CMM_VLOGP_BGRFC_0052002488,00505684390C1FE093C617BDC9E54832
CMM_MTM_SLS,083,CMM_VLOGP_BGRFC_0052002490,00505684390C1FE093ACDB57201F0832
CMM_MTM_SLS,083,CMM_VLOGP_BGRFC_0052002496,00505684390C1FE093ACE541BD884832
CMM_MTM_SLS,083,CMM_VLOGP_BGRFC_0052002539,00505684390C1FE097B4EC98F5E26832
CMM_MTM_SLS,083,CMM_VLOGP_BGRFC_0052002545,00505684390C1FE0AAB0E5573DD68865
CMM_MTM_SLS,083,CMM_VLOGP_BGRFC_0052002548,00505684390C1FE097B4ECBDCE2AE832
CMM_MTM_SLS,083,CMM_VLOGP_BGRFC_0052002618,00505684390C1FE092EB8C9D1D08A832
CMM_MTM_SLS,083,CMM_VLOGP_BGRFC_0052002620,00505684390C1FE092EAC2D014356832
CMM_MTM_SLS,083,CMM_VLOGP_BGRFC_0052002631,00505684390C1FE097B4FBF2C027A832
CMM_MTM_SLS,083,CMM_VLOGP_BGRFC_0052002635,00505684390C1FE097B3B1BC24F86832
CMM_MTM_SLS,083,CMM_VLOGP_BGRFC_0052002648,00505684390C1FE097B4ECD2E661A832
CMM_MTM_SLS,083,CMM_VLOGP_BGRFC_0052002649,00505684390C1FE097B4ED1E97F82832
CMM_MTM_SLS,083,CMM_VLOGP_BGRFC_0052002651,00505684390C1FE097B4ED1E97FFA832
CMM_MTM_SLS,083,CMM_VLOGP_BGRFC_0052002652,00505684390C1FE097B4ED5B543DA832
CMM_MTM_SLS,083,CMM_VLOGP_BGRFC_0052002653,00505684390C1FE097B4ED8155462832
CMM_MTM_SLS,083,CMM_VLOGP_BGRFC_0052002655,00505684390C1FE097B4EDCC16E7A832
CMM_MTM_SLS,083,CMM_VLOGP_BGRFC_0052002663,00505684390C1FE097B4EEAF4B7BC832
CMM_MTM_SLS,083,CMM_VLOGP_BGRFC_0052002664,00505684390C1FE097B4EEF9CCB5E832
CMM_MTM_SLS,083,CMM_VLOGP_BGRFC_0052002666,00505684390C1FE097B4EF0F5CACA832
CMM_MTM_SLS,083,CMM_VLOGP_BGRFC_0052002667,00505684390C1FE097B4EF34A814A832
CMM_MTM_SLS,083,CMM_VLOGP_BGRFC_0052002668,00505684390C1FE097B4EF34A8194832
CMM_MTM_SLS,083,CMM_VLOGP_BGRFC_0052002669,00505684390C1FE097B4EF5A65806832
CMM_MTM_SLS,083,CMM_VLOGP_BGRFC_0052002670,00505684390C1FE097B4EF8133D08832
CMM_MTM_SLS,083,CMM_VLOGP_BGRFC_0052002671,00505684390C1FE097B4EFA776016832
CMM_MTM_SLS,083,CMM_VLOGP_BGRFC_0052002672,00505684390C1FE097B3B209D43CA832
CMM_MTM_SLS,083,CMM_VLOGP_BGRFC_0052002673,00505684390C1FE097B3B255FEFC6832
CMM_MTM_SLS,083,CMM_VLOGP_BGRFC_0052002674,00505684390C1FE097B3B186773E2832
CMM_MTM_SLS,083,CMM_VLOGP_BGRFC_0052002675,00505684390C1FE092EB925627F62832
CMM_MTM_SLS,083,CMM_VLOGP_BGRFC_0052002679,00505684390C1FE097B3D3FC3085A832
CMM_MTM_SLS,083,CMM_VLOGP_BGRFC_0052002701,00505684390C1FE097B4F0ED2778E832
CMM_MTM_SLS,083,CMM_VLOGP_BGRFC_0052002702,00505684390C1FE097B4F11515C78832
CMM_MTM_SLS,083,CMM_VLOGP_BGRFC_0052002704,00505684390C1FE097B3B1738980A832
CMM_MTM_SLS,083,CMM_VLOGP_BGRFC_0052002706,00505684390C1FE097B3B29BB0FA8832
CMM_MTM_SLS,083,CMM_VLOGP_BGRFC_0052002707,00505684390C1FE097B3D68E48AD8832
CMM_MTM_SLS,083,CMM_VLOGP_BGRFC_0052002708,00505684390C1FE097B3D6C38C3B2832
CMM_MTM_SLS,083,CMM_VLOGP_BGRFC_0052002709,00505684390C1FE097B4F2DC0A1E6832
CMM_MTM_SLS,083,CMM_VLOGP_BGRFC_0052002710,00505684390C1FE097B3D7121A554832
CMM_MTM_SLS,083,CMM_VLOGP_BGRFC_0052002711,00505684390C1FE097B3D73656DCE832
CMM_MTM_SLS,083,CMM_VLOGP_BGRFC_0052002716,00505684390C1FE097B3D791510CC832
CMM_MTM_SLS,083,CMM_VLOGP_BGRFC_0052002718,00505684390C1FE097B3D7A962476832
CMM_MTM_SLS,083,CMM_VLOGP_BGRFC_0052002719,00505684390C1FE097B3D7CF08CC4832
CMM_MTM_SLS,083,CMM_VLOGP_BGRFC_0052002720,00505684390C1FE097B4F3BCE1854832
CMM_MTM_SLS,083,CMM_VLOGP_BGRFC_0052002722,00505684390C1FE097B3B2DA922A6832
CMM_MTM_SLS,083,CMM_VLOGP_BGRFC_0052002723,00505684390C1FE097B3B339445C8832
CMM_MTM_SLS,083,CMM_VLOGP_BGRFC_0052002724,00505684390C1FE097B4F4212F48C832
CMM_MTM_SLS,083,CMM_VLOGP_BGRFC_0052002725,00505684390C1FE097B4F46C9CE6A832
CMM_MTM_SLS,083,CMM_VLOGP_BGRFC_0052002727,00505684390C1FE097B3B3818D34A832
CMM_MTM_SLS,083,CMM_VLOGP_BGRFC_0052002728,00505684390C1FE097B4F4B63158E832
CMM_MTM_SLS,083,CMM_VLOGP_BGRFC_0052002729,00505684390C1FE097B4F4F227106832
CMM_MTM_SLS,083,CMM_VLOGP_BGRFC_0052002730,00505684390C1FE097B4F51AAE174832
CMM_MTM_SLS,083,CMM_VLOGP_BGRFC_0052002731,00505684390C1FE097B3D832A9DBC832
CMM_MTM_SLS,083,CMM_VLOGP_BGRFC_0052002732,00505684390C1FE097B3D8B3C0652832
CMM_MTM_SLS,083,CMM_VLOGP_BGRFC_0052002736,00505684390C1FE18ACC887C13432894
CMM_MTM_SLS,083,CMM_VLOGP_BGRFC_0052002737,00505684390C1FE097B3DA0CE38CC832
CMM_MTM_SLS,083,CMM_VLOGP_BGRFC_0052002738,00505684390C1FE097B3DA44C5EB2832
CMM_MTM_SLS,083,CMM_VLOGP_BGRFC_0052002739,00505684390C1FE097B3DA6A9A6CE832
CMM_MTM_SLS,083,CMM_VLOGP_BGRFC_0052002740,00505684390C1FE097B3B2A40EDBC832
CMM_MTM_SLS,083,CMM_VLOGP_BGRFC_0052002741,00505684390C1FE097B3B2EDC8A32832
CMM_MTM_SLS,083,CMM_VLOGP_BGRFC_0052002742,00505684390C1FE097B4BCB17BFB4832
CMM_MTM_SLS,083,CMM_VLOGP_BGRFC_0052002743,00505684390C1FE097B4BCFDE6314832
CMM_MTM_SLS,083,CMM_VLOGP_BGRFC_0052002744,00505684390C1FE097B3DA90FEF12832
CMM_MTM_SLS,083,CMM_VLOGP_BGRFC_0052002745,00505684390C1FE097B4BE083B79E832
CMM_MTM_SLS,083,CMM_VLOGP_BGRFC_0052002750,00505684390C1FE097B3DBD5F378E832
CMM_MTM_SLS,083,CMM_VLOGP_BGRFC_0052002751,00505684390C1FE097B4BF2ED3D34832
CMM_MTM_SLS,083,CMM_VLOGP_BGRFC_0052002753,00505684390C1FE097B4BFC6C2C46832
CMM_MTM_SLS,083,CMM_VLOGP_BGRFC_0052002756,00505684390C1FE097B4C00B9E17A832
CMM_MTM_SLS,083,CMM_VLOGP_BGRFC_0052002759,00505684390C1FE097B3DCDFE3898832
CMM_MTM_SLS,083,CMM_VLOGP_BGRFC_0052002763,00505684390C1FE097B3DDFDCD1A6832
CMM_MTM_SLS,083,CMM_VLOGP_BGRFC_0052002764,00505684390C1FE097B3DE8340466832
CMM_MTM_SLS,083,CMM_VLOGP_BGRFC_0052002765,00505684390C1FE097B3DEAC74AB6832
CMM_MTM_SLS,083,CMM_VLOGP_BGRFC_0052002766,00505684390C1FE097B3DF6955736832
CMM_MTM_SLS,083,CMM_VLOGP_BGRFC_0052002767,00505684390C1FE097B3E0141354A832
CMM_MTM_SLS,083,CMM_VLOGP_BGRFC_0052002768,00505684390C1FE097B3E0E5D518E832
CMM_MTM_SLS,083,CMM_VLOGP_BGRFC_0052002770,00505684390C1FE097B3E10DE730A832
CMM_MTM_SLS,083,CMM_VLOGP_BGRFC_0052002773,00505684390C1FE097B3E217FB2A2832
CMM_MTM_SLS,083,CMM_VLOGP_BGRFC_0052002775,00505684390C1FE097B3E2FC957DA832
CMM_MTM_SLS,083,CMM_VLOGP_BGRFC_0052002777,00505684390C1FE097B4C0E0AC2AA832
CMM_MTM_SLS,083,CMM_VLOGP_BGRFC_0052002784,00505684390C1FE097B4C1293DD6E832
CMM_MTM_SLS,083,CMM_VLOGP_BGRFC_0052002786,00505684390C1FE097B4C28504E86832
CMM_MTM_SLS,083,CMM_VLOGP_BGRFC_0052002789,00505684390C1FE097B3E55F57452832
CMM_MTM_SLS,083,CMM_VLOGP_BGRFC_0052002790,00505684390C1FE097B3E7ADE61B2832
CMM_MTM_SLS,083,CMM_VLOGP_BGRFC_0052002791,00505684390C1FE097B3EA241047E832
CMM_MTM_SLS,083,CMM_VLOGP_BGRFC_0052002792,00505684390C1FE097B3EA4A835C0832
CMM_MTM_SLS,083,CMM_VLOGP_BGRFC_0052002797,00505684390C1FE097B3EB30CA036832
CMM_MTM_SLS,083,CMM_VLOGP_BGRFC_0052002799,00505684390C1FE097B3EB902A56E832
CMM_MTM_SLS,083,CMM_VLOGP_BGRFC_0052002801,00505684390C1FE097B3EBEBB2DA6832
CMM_MTM_SLS,083,CMM_VLOGP_BGRFC_0052002802,00505684390C1FE097B3EC582B09E832
CMM_MTM_SLS,083,CMM_VLOGP_BGRFC_0052002803,00505684390C1FE097B3ECD324F5A832
CMM_MTM_SLS,083,CMM_VLOGP_BGRFC_0052002805,00505684390C1FE097B3ECF9372BE832
CMM_MTM_SLS,083,CMM_VLOGP_BGRFC_0052002807,00505684390C1FE097B3B36198F80832
CMM_MTM_SLS,083,CMM_VLOGP_BGRFC_0052002809,00505684390C1FE097B3ED575380E832
CMM_MTM_SLS,083,CMM_VLOGP_BGRFC_0052002810,00505684390C1FE097B3B386BBE30832
CMM_MTM_SLS,083,CMM_VLOGP_BGRFC_0052002811,00505684390C1FE097B3ED80E4254832
CMM_MTM_SLS,083,CMM_VLOGP_BGRFC_0052002812,00505684390C1FE097B4C4C92ADD2832
CMM_MTM_SLS,083,CMM_VLOGP_BGRFC_0052002816,00505684390C1FE097B3EED46F63E832
CMM_MTM_SLS,083,CMM_VLOGP_BGRFC_0052002817,00505684390C1FE097B3EEFB11AC6832
CMM_MTM_SLS,083,CMM_VLOGP_BGRFC_0052002819,00505684390C1FE097B3EF21AE540832
CMM_MTM_SLS,083,CMM_VLOGP_BGRFC_0052002821,00505684390C1FE097B3EF72DBF26832
CMM_MTM_SLS,083,CMM_VLOGP_BGRFC_0052002822,00505684390C1FE097B3EF97BF660832
CMM_MTM_SLS,083,CMM_VLOGP_BGRFC_0052002824,00505684390C1FE097B3EFF2B030E832
CMM_MTM_SLS,083,CMM_VLOGP_BGRFC_0052002828,00505684390C1FE097B4C53716E26832
CMM_MTM_SLS,083,CMM_VLOGP_BGRFC_0052002829,00505684390C1FE097B4C59880CD0832
CMM_MTM_SLS,083,CMM_VLOGP_BGRFC_0052002830,00505684390C1FE097B4C63B540B6832
CMM_MTM_SLS,083,CMM_VLOGP_BGRFC_0052002832,00505684390C1FE097B4C667D5A06832
CMM_MTM_SLS,083,CMM_VLOGP_BGRFC_0052002833,00505684390C1FE097B4C6AD6699E832
CMM_MTM_SLS,083,CMM_VLOGP_BGRFC_0052002834,00505684390C1FE097B3F35FF3570832
CMM_MTM_SLS,083,CMM_VLOGP_BGRFC_0052002835,00505684390C1FE097B3F5FD07432832
CMM_MTM_SLS,083,CMM_VLOGP_BGRFC_0052002836,00505684390C1FE097B4C6FDEA812832
CMM_MTM_SLS,083,CMM_VLOGP_BGRFC_0052002838,00505684390C1FE097B4C722E7452832
CMM_MTM_SLS,083,CMM_VLOGP_BGRFC_0052002841,00505684390C1FE097B4C7CC8E3DA832
CMM_MTM_SLS,083,CMM_VLOGP_BGRFC_0052002842,00505684390C1FE097B4C86306DBA832
CMM_MTM_SLS,083,CMM_VLOGP_BGRFC_0052002843,00505684390C1FE097B4C8AF8D282832
CMM_MTM_SLS,083,CMM_VLOGP_BGRFC_0052002844,00505684390C1FE097B4C8D92B92A832
CMM_MTM_SLS,083,CMM_VLOGP_BGRFC_0052002845,00505684390C1FE097B4C9819B2BE832
CMM_MTM_SLS,083,CMM_VLOGP_BGRFC_0052002846,00505684390C1FE097B4C9A908274832
CMM_MTM_SLS,083,CMM_VLOGP_BGRFC_0052002848,00505684390C1FE097B4CA53B84FA832
CMM_MTM_SLS,083,CMM_VLOGP_BGRFC_0052002849,00505684390C1FE097B4CA7D883D6832
CMM_MTM_SLS,083,CMM_VLOGP_BGRFC_0052002850,00505684390C1FE097B4CB13C6556832
CMM_MTM_SLS,083,CMM_VLOGP_BGRFC_0052002851,00505684390C1FE097B4F70AF27C4832
CMM_MTM_SLS,083,CMM_VLOGP_BGRFC_0052002853,00505684390C1FE097B4CBAAC6D5E832
CMM_MTM_SLS,083,CMM_VLOGP_BGRFC_0052002854,00505684390C1FE097B3F6E039F4C832
CMM_MTM_SLS,083,CMM_VLOGP_BGRFC_0052002855,00505684390C1FE097B3F708726AE832
CMM_MTM_SLS,083,CMM_VLOGP_BGRFC_0052002856,00505684390C1FE097B3F73209678832
CMM_MTM_SLS,083,CMM_VLOGP_BGRFC_0052002857,00505684390C1FE097B3F7872899A832
CMM_MTM_SLS,083,CMM_VLOGP_BGRFC_0052002859,00505684390C1FE097B3F7C53A1B6832
CMM_MTM_SLS,083,CMM_VLOGP_BGRFC_0052002860,00505684390C1FE097B3F7EB7F222832
CMM_MTM_SLS,083,CMM_VLOGP_BGRFC_0052002861,00505684390C1FE097B3F814A90B4832
CMM_MTM_SLS,083,CMM_VLOGP_BGRFC_0052002862,00505684390C1FE097B3F83C3AA10832
CMM_MTM_SLS,083,CMM_VLOGP_BGRFC_0052002863,00505684390C1FE097B3F86522194832
CMM_MTM_SLS,083,CMM_VLOGP_BGRFC_0052002864,00505684390C1FE097B4CC161535A832
CMM_MTM_SLS,083,CMM_VLOGP_BGRFC_0052002865,00505684390C1FE097B4CC5B48B46832
CMM_MTM_SLS,083,CMM_VLOGP_BGRFC_0052002868,00505684390C1FE097B4CD15CA832832
CMM_MTM_SLS,083,CMM_VLOGP_BGRFC_0052002870,00505684390C1FE097B4CD9A7780C832
CMM_MTM_SLS,083,CMM_VLOGP_BGRFC_0052002880,00505684390C1FE097B3F8AA300A6832
CMM_MTM_SLS,083,CMM_VLOGP_BGRFC_0052002883,00505684390C1FE097B3F8E7AA076832
CMM_MTM_SLS,083,CMM_VLOGP_BGRFC_0052002890,00505684390C1FE097B4D05D19364832
CMM_MTM_SLS,083,CMM_VLOGP_BGRFC_0052002893,00505684390C1FE097B3F90D63D34832
CMM_MTM_SLS,083,CMM_VLOGP_BGRFC_0052002894,00505684390C1FE097B3F930B7D74832
CMM_MTM_SLS,083,CMM_VLOGP_BGRFC_0052002898,00505684390C1FE097B4D228B10F6832
CMM_MTM_SLS,083,CMM_VLOGP_BGRFC_0052002899,00505684390C1FE097B4D2729ACDA832
CMM_MTM_SLS,083,CMM_VLOGP_BGRFC_0052002900,00505684390C1FE097B4D2BEE8BDA832
CMM_MTM_SLS,083,CMM_VLOGP_BGRFC_0052002901,00505684390C1FE097B3F95786BD4832
CMM_MTM_SLS,083,CMM_VLOGP_BGRFC_0052002902,00505684390C1FE097B3F97CFF306832
CMM_MTM_SLS,083,CMM_VLOGP_BGRFC_0052002903,00505684390C1FE097B3F9A215776832
CMM_MTM_SLS,083,CMM_VLOGP_BGRFC_0052002904,00505684390C1FE097B3F9C555E0E832
CMM_MTM_SLS,083,CMM_VLOGP_BGRFC_0052002905,00505684390C1FE097B3F9DB99788832
CMM_MTM_SLS,083,CMM_VLOGP_BGRFC_0052002907,00505684390C1FE097B3FA14809FC832
CMM_MTM_SLS,083,CMM_VLOGP_BGRFC_0052002912,00505684390C1FE097B3FA3C67338832
CMM_MTM_SLS,083,CMM_VLOGP_BGRFC_0052002917,00505684390C1FE097B3FAAD5E692832
CMM_MTM_SLS,083,CMM_VLOGP_BGRFC_0052002921,00505684390C1FE097B3FAD5627BC832
CMM_MTM_SLS,083,CMM_VLOGP_BGRFC_0052002922,00505684390C1FE097B3FC003F47A832
CMM_MTM_SLS,083,CMM_VLOGP_BGRFC_0052002923,00505684390C1FE097B3FC3E367EE832
CMM_MTM_SLS,083,CMM_VLOGP_BGRFC_0052002924,00505684390C1FE097B3FC7E2DEB0832
CMM_MTM_SLS,083,CMM_VLOGP_BGRFC_0052002925,00505684390C1FE097B4D521C1BDC832
CMM_MTM_SLS,083,CMM_VLOGP_BGRFC_0052002926,00505684390C1FE097B4D56E62D56832
CMM_MTM_SLS,083,CMM_VLOGP_BGRFC_0052002936,00505684390C1FE097B3FCC45E3E0832
CMM_MTM_SLS,083,CMM_VLOGP_BGRFC_0052002937,00505684390C1FE097B3FDDD1FCE2832
CMM_MTM_SLS,083,CMM_VLOGP_BGRFC_0052002940,00505684390C1FE097B3FDF64D890832
CMM_MTM_SLS,083,CMM_VLOGP_BGRFC_0052002961,00505684390C1FE097B4FC63DDA3A832
CMM_MTM_SLS,083,CMM_VLOGP_BGRFC_0052002962,00505684390C1FE097B3B68158242832
CMM_MTM_SLS,083,CMM_VLOGP_BGRFC_0052002964,00505684390C1FE097B4F779CC340832
CMM_MTM_SLS,083,CMM_VLOGP_BGRFC_0052002969,00505684390C1FE097B4D741B0758832
CMM_MTM_SLS,083,CMM_VLOGP_BGRFC_0052002970,00505684390C1FE097B4D78BBA128832
CMM_MTM_SLS,083,CMM_VLOGP_BGRFC_0052002971,00505684390C1FE097B4763A50DC4832
CMM_MTM_SLS,083,CMM_VLOGP_BGRFC_0052002972,00505684390C1FE097B3FE699C51A832
CMM_MTM_SLS,083,CMM_VLOGP_BGRFC_0052002975,00505684390C1FE1908C7D4686572896
CMM_MTM_SLS,083,CMM_VLOGP_BGRFC_0052002978,00505684390C1FE098E0E926904DA832
CMM_MTM_SLS,083,CMM_VLOGP_BGRFC_0052002979,00505684390C1FE097B4D86C6CA54832
CMM_MTM_SLS,083,CMM_VLOGP_BGRFC_0052002981,00505684390C1FE097B3B2A3D373A832
CMM_MTM_SLS,083,CMM_VLOGP_BGRFC_0052002985,00505684390C1FE097B4D90FB2CA4832
CMM_MTM_SLS,083,CMM_VLOGP_BGRFC_0052002989,00505684390C1FE097B4D9581DB88832
CMM_MTM_SLS,083,CMM_VLOGP_BGRFC_0052002990,00505684390C1FE097B4D99A7FBE2832
CMM_MTM_SLS,083,CMM_VLOGP_BGRFC_0052002991,00505684390C1FE097B4D9E57F5B2832
CMM_MTM_SLS,083,CMM_VLOGP_BGRFC_0052002992,00505684390C1FE097B4DA35DF688832
CMM_MTM_SLS,083,CMM_VLOGP_BGRFC_0052002996,00505684390C1FE097B46BED89E68832
CMM_MTM_SLS,083,CMM_VLOGP_BGRFC_0052003000,00505684390C1FE097B40069F4C7A832
CMM_MTM_SLS,083,CMM_VLOGP_BGRFC_0052003001,00505684390C1FE097B4DAF3C5776832
CMM_MTM_SLS,083,CMM_VLOGP_BGRFC_0052003002,00505684390C1FE1908CCE934F404896
CMM_MTM_SLS,083,CMM_VLOGP_BGRFC_0052003007,00505684390C1FE0A690A39A319BC851
CMM_MTM_SLS,083,CMM_VLOGP_BGRFC_0052003011,00505684390C1FE0A690A446C5B8E851
CMM_MTM_SLS,083,CMM_VLOGP_BGRFC_0052003014,00505684390C1FE097B401059BB5C832
CMM_MTM_SLS,083,CMM_VLOGP_BGRFC_0052003015,00505684390C1FE097B40158441D2832
CMM_MTM_SLS,083,CMM_VLOGP_BGRFC_0052003016,00505684390C1FE097B40177F886C832
CMM_MTM_SLS,083,CMM_VLOGP_BGRFC_0052003017,00505684390C1FE097B4019C41100832
CMM_MTM_SLS,083,CMM_VLOGP_BGRFC_0052003018,00505684390C1FE097B401E7F840A832
CMM_MTM_SLS,083,CMM_VLOGP_BGRFC_0052003019,00505684390C1FE097B40233E6696832
CMM_MTM_SLS,083,CMM_VLOGP_BGRFC_0052003020,00505684390C1FE097B4025A4324E832
CMM_MTM_SLS,083,CMM_VLOGP_BGRFC_0052003021,00505684390C1FE097B402B910654832
CMM_MTM_SLS,083,CMM_VLOGP_BGRFC_0052003022,00505684390C1FE097B40306A1178832
CMM_MTM_SLS,083,CMM_VLOGP_BGRFC_0052003023,00505684390C1FE097B40364CD30C832
CMM_MTM_SLS,083,CMM_VLOGP_BGRFC_0052003024,00505684390C1FE097B403B1C4A06832
CMM_MTM_SLS,083,CMM_VLOGP_BGRFC_0052003027,00505684390C1FE1908CD19D7CF8E896
CMM_MTM_SLS,083,CMM_VLOGP_BGRFC_0052003029,00505684390C1FE097B40487098E4832
CMM_MTM_SLS,083,CMM_VLOGP_BGRFC_0052003032,00505684390C1FE097B4DC9EE2570832
CMM_MTM_SLS,083,CMM_VLOGP_BGRFC_0052003036,00505684390C1FE097B404E225108832
CMM_MTM_SLS,083,CMM_VLOGP_BGRFC_0052003037,00505684390C1FE097B40532A7476832
CMM_MTM_SLS,083,CMM_VLOGP_BGRFC_0052003038,00505684390C1FE1908CD2377A068896
CMM_MTM_SLS,083,CMM_VLOGP_BGRFC_0052003039,00505684390C1FE0A6BFB8F5F5244852
CMM_MTM_SLS,083,CMM_VLOGP_BGRFC_0052003040,00505684390C1FE1908CD260D175E896
CMM_MTM_SLS,083,CMM_VLOGP_BGRFC_0052003043,00505684390C1FE181FE534F958EA889
CMM_MTM_SLS,083,CMM_VLOGP_BGRFC_0052003044,00505684390C1FE181FE53C449642889
CMM_MTM_SLS,083,CMM_VLOGP_BGRFC_0052003045,00505684390C1FE097B4DD8D120FE832
CMM_MTM_SLS,083,CMM_VLOGP_BGRFC_0052003046,00505684390C1FE097B405EEE78A2832
CMM_MTM_SLS,083,CMM_VLOGP_BGRFC_0052003047,00505684390C1FE097B40640D75D4832
CMM_MTM_SLS,083,CMM_VLOGP_BGRFC_0052003051,00505684390C1FE097B3B78E74F6A832
CMM_MTM_SLS,083,CMM_VLOGP_BGRFC_0052003052,00505684390C1FE097B3B7B349A6C832
CMM_MTM_SLS,083,CMM_VLOGP_BGRFC_0052003053,00505684390C1FE097B3B7DD58C8C832
CMM_MTM_SLS,083,CMM_VLOGP_BGRFC_0052003054,00505684390C1FE097B3B824B7AB6832
CMM_MTM_SLS,083,CMM_VLOGP_BGRFC_0052003058,00505684390C1FE097B4DE70F39A2832
CMM_MTM_SLS,083,CMM_VLOGP_BGRFC_0052003061,00505684390C1FE097B406B61B654832
CMM_MTM_SLS,083,CMM_VLOGP_BGRFC_0052003062,00505684390C1FE097B406DAF4BAA832
CMM_MTM_SLS,083,CMM_VLOGP_BGRFC_0052003063,00505684390C1FE097B406F9FE2CE832
CMM_MTM_SLS,083,CMM_VLOGP_BGRFC_0052003064,00505684390C1FE097B4071E75346832
CMM_MTM_SLS,083,CMM_VLOGP_BGRFC_0052003065,00505684390C1FE097B3B89C455BA832
CMM_MTM_SLS,083,CMM_VLOGP_BGRFC_0052003066,00505684390C1FE097B3B46ACFDBA832
CMM_MTM_SLS,083,CMM_VLOGP_BGRFC_0052003068,00505684390C1FE097B3B9097B600832
CMM_MTM_SLS,083,CMM_VLOGP_BGRFC_0052003069,00505684390C1FE097B3B96A14480832
CMM_MTM_SLS,083,CMM_VLOGP_BGRFC_0052003071,00505684390C1FE097B4075392176832
CMM_MTM_SLS,083,CMM_VLOGP_BGRFC_0052003072,00505684390C1FE097B4FE08F77A0832
CMM_MTM_SLS,083,CMM_VLOGP_BGRFC_0052003075,00505684390C1FE097B3BA046597A832
CMM_MTM_SLS,083,CMM_VLOGP_BGRFC_0052003076,00505684390C1FE097B3BA9C784BA832
CMM_MTM_SLS,083,CMM_VLOGP_BGRFC_0052003080,00505684390C1FE097B3BE1E84CD4832
CMM_MTM_SLS,083,CMM_VLOGP_BGRFC_0052003083,00505684390C1FE097B4079181F12832
CMM_MTM_SLS,083,CMM_VLOGP_BGRFC_0052003085,00505684390C1FE1908C7FBD087EA896
CMM_MTM_SLS,083,CMM_VLOGP_BGRFC_0052003089,00505684390C1FE097B407CA36BE0832
CMM_MTM_SLS,083,CMM_VLOGP_BGRFC_0052003090,00505684390C1FE097B4DFCCA1242832
CMM_MTM_SLS,083,CMM_VLOGP_BGRFC_0052003091,00505684390C1FE097B408034E05A832
CMM_MTM_SLS,083,CMM_VLOGP_BGRFC_0052003092,00505684390C1FE097B4E01A5E2CC832
CMM_MTM_SLS,083,CMM_VLOGP_BGRFC_0052003093,00505684390C1FE097B4E063B68BC832
CMM_MTM_SLS,083,CMM_VLOGP_BGRFC_0052003096,00505684390C1FE1908CD5BAD97A4896
CMM_MTM_SLS,083,CMM_VLOGP_BGRFC_0052003097,00505684390C1FE097B4087594518832
CMM_MTM_SLS,083,CMM_VLOGP_BGRFC_0052003099,00505684390C1FE097B408C236C06832
CMM_MTM_SLS,083,CMM_VLOGP_BGRFC_0052003100,00505684390C1FE097B408EB1FA1A832
CMM_MTM_SLS,083,CMM_VLOGP_BGRFC_0052003116,00505684390C1FE097B47EFFBD510832
CMM_MTM_SLS,083,CMM_VLOGP_BGRFC_0052003117,00505684390C1FE0A6BFC772DD1F8852
CMM_MTM_SLS,083,CMM_VLOGP_BGRFC_0052003119,00505684390C1FE1858FEF5EFE68688D
CMM_MTM_SLS,083,CMM_VLOGP_BGRFC_0052003120,00505684390C1FE0A6C15FE5D05FC852
CMM_MTM_SLS,083,CMM_VLOGP_BGRFC_0052003127,00505684390C1FE0A690B0CD33930851
CMM_MTM_SLS,083,CMM_VLOGP_BGRFC_0052003130,00505684390C1FE0A6BFD4108CDDE852
CMM_MTM_SLS,083,CMM_VLOGP_BGRFC_0052003131,00505684390C1FE0A690B1B0EEE18851
CMM_MTM_SLS,083,CMM_VLOGP_BGRFC_0052003134,00505684390C1FE097B3B3E55B73C832
CMM_MTM_SLS,083,CMM_VLOGP_BGRFC_0052003139,00505684390C1FE097B3B46AB7066832
CMM_MTM_SLS,083,CMM_VLOGP_BGRFC_0052003140,00505684390C1FE097B3B529A7A62832
CMM_MTM_SLS,083,CMM_VLOGP_BGRFC_0052003143,00505684390C1FE097B3B58AC6D6A832
CMM_MTM_SLS,083,CMM_VLOGP_BGRFC_0052003147,00505684390C1FE0A690B3EC0DFB6851
CMM_MTM_SLS,083,CMM_VLOGP_BGRFC_0052003148,00505684390C1FE18DE1F28B2EB36896
CMM_MTM_SLS,083,CMM_VLOGP_BGRFC_0052003156,00505684390C1FE1908C7DE8F34B4896
CMM_MTM_SLS,083,CMM_VLOGP_BGRFC_0052003172,00505684390C1FE1908CDB3A2839E896
CMM_MTM_SLS,083,CMM_VLOGP_BGRFC_0052003173,00505684390C1FE1908CDB56DF92C896
CMM_MTM_SLS,083,CMM_VLOGP_BGRFC_0052003176,00505684390C1FE1908C7E061AF6E896
CMM_MTM_SLS,083,CMM_VLOGP_BGRFC_0052003179,00505684390C1FE097B3B5D6F1852832
CMM_MTM_SLS,083,CMM_VLOGP_BGRFC_0052003187,00505684390C1FE097B47D5BEF438832
CMM_MTM_SLS,083,CMM_VLOGP_BGRFC_0052003189,00505684390C1FE097B50DFE3C046832
CMM_MTM_SLS,083,CMM_VLOGP_BGRFC_0052003191,00505684390C1FE097B47F00F17BE832
CMM_MTM_SLS,083,CMM_VLOGP_BGRFC_0052003194,00505684390C1FE1908C7DCCA2542896
CMM_MTM_SLS,083,CMM_VLOGP_BGRFC_0052003197,00505684390C1FE1908C7EC3AED82896
CMM_MTM_SLS,083,CMM_VLOGP_BGRFC_0052003200,00505684390C1FE097B4EE0FAF8F6832
CMM_MTM_SLS,083,CMM_VLOGP_BGRFC_0052003201,00505684390C1FE097B4929FE6D42832
CMM_MTM_SLS,083,CMM_VLOGP_BGRFC_0052003209,00505684390C1FE097B44B161D1A0832
CMM_MTM_SLS,083,CMM_VLOGP_BGRFC_0052003211,00505684390C1FE097B510A911072832
CMM_MTM_SLS,083,CMM_VLOGP_BGRFC_0052003213,00505684390C1FE1908C7B5F8B7A8896
CMM_MTM_SLS,083,CMM_VLOGP_BGRFC_0052003217,00505684390C1FE097B4EEFB0F90A832
CMM_MTM_SLS,083,CMM_VLOGP_BGRFC_0052003227,00505684390C1FE097B51214BA1B0832
CMM_MTM_SLS,083,CMM_VLOGP_BGRFC_0052003232,00505684390C1FE097B51286E2E30832
CMM_MTM_SLS,083,CMM_VLOGP_BGRFC_0052003233,00505684390C1FE097B512AE9618E832
CMM_MTM_SLS,083,CMM_VLOGP_BGRFC_0052003235,00505684390C1FE097B512FA0E63A832
CMM_MTM_SLS,083,CMM_VLOGP_BGRFC_0052003236,00505684390C1FE097B607B8231A8832
CMM_MTM_SLS,083,CMM_VLOGP_BGRFC_0052003237,00505684390C1FE097B5131E1FA48832
CMM_MTM_SLS,083,CMM_VLOGP_BGRFC_0052003245,00505684390C1FE097B49B8C57516832
CMM_MTM_SLS,083,CMM_VLOGP_BGRFC_0052003252,00505684390C1FE097B49AA5BF372832
CMM_MTM_SLS,083,CMM_VLOGP_BGRFC_0052003253,00505684390C1FE181FE5F4D8EA14889
CMM_MTM_SLS,083,CMM_VLOGP_BGRFC_0052003254,00505684390C1FE097B514FABE334832
CMM_MTM_SLS,083,CMM_VLOGP_BGRFC_0052003257,00505684390C1FE184E597AD4352888D
CMM_MTM_SLS,083,CMM_VLOGP_BGRFC_0052003264,00505684390C1FE1908CDD43944C0896
CMM_MTM_SLS,083,CMM_VLOGP_BGRFC_0052003267,00505684390C1FE1908CDD6C5140C896
CMM_MTM_SLS,083,CMM_VLOGP_BGRFC_0052003268,00505684390C1FE1908C80EAE69D0896
CMM_MTM_SLS,083,CMM_VLOGP_BGRFC_0052003273,00505684390C1FE1908CDD89E9FCE896
CMM_MTM_SLS,083,CMM_VLOGP_BGRFC_0052003274,00505684390C1FE1908CDD9CEC872896
CMM_MTM_SLS,083,CMM_VLOGP_BGRFC_0052003275,00505684390C1FE1908CDD9CEC8AE896
CMM_MTM_SLS,083,CMM_VLOGP_BGRFC_0052003278,00505684390C1FE1908CDDB385968896
CMM_MTM_SLS,083,CMM_VLOGP_BGRFC_0052003279,00505684390C1FE1908CDDC2E1106896
CMM_MTM_SLS,083,CMM_VLOGP_BGRFC_0052003284,00505684390C1FE0A6BFDB7541B20852
CMM_MTM_SLS,083,CMM_VLOGP_BGRFC_0052003294,00505684390C1FE1908C83C16428E896
CMM_MTM_SLS,083,CMM_VLOGP_BGRFC_0052003295,00505684390C1FE1908C83E83C4F0896
CMM_MTM_SLS,083,CMM_VLOGP_BGRFC_0052003301,00505684390C1FE181FE60258D8F8889
CMM_MTM_SLS,083,CMM_VLOGP_BGRFC_0052003303,00505684390C1FE1908C85D96206C896
CMM_MTM_SLS,083,CMM_VLOGP_BGRFC_0052003305,00505684390C1FE0A690C5F70CC94851
CMM_MTM_SLS,083,CMM_VLOGP_BGRFC_0052003309,00505684390C1FE1908C864FB1D80896
CMM_MTM_SLS,083,CMM_VLOGP_BGRFC_0052003314,00505684390C1FE1908CDE3ED84CC896
CMM_MTM_SLS,083,CMM_VLOGP_BGRFC_0052003318,00505684390C1FE1908C9065D755C896
CMM_MTM_SLS,083,CMM_VLOGP_BGRFC_0052003324,00505684390C1FE0A690CA5953AE4851
CMM_MTM_SLS,083,CMM_VLOGP_BGRFC_0052003327,00505684390C1FE097B51F3E2B608832
CMM_MTM_SLS,083,CMM_VLOGP_BGRFC_0052003329,00505684390C1FE0A690CB1321880851
CMM_MTM_SLS,083,CMM_VLOGP_BGRFC_0052003330,00505684390C1FE0A690CB45DA55C851
CMM_MTM_SLS,083,CMM_VLOGP_BGRFC_0052003331,00505684390C1FE097B4640BE54B8832
CMM_MTM_SLS,083,CMM_VLOGP_BGRFC_0052003332,00505684390C1FE1908C809118046896
CMM_MTM_SLS,083,CMM_VLOGP_BGRFC_0052003333,00505684390C1FE1908C87B79C3C2896
CMM_MTM_SLS,083,CMM_VLOGP_BGRFC_0052003334,00505684390C1FE0A690CC8335858851
CMM_MTM_SLS,083,CMM_VLOGP_BGRFC_0052003335,00505684390C1FE0A6C00644EF7A0852
CMM_MTM_SLS,083,CMM_VLOGP_BGRFC_0052003336,00505684390C1FE097B3B7D81EC34832
CMM_MTM_SLS,083,CMM_VLOGP_BGRFC_0052003337,00505684390C1FE097B51DB6520E6832
CMM_MTM_SLS,083,CMM_VLOGP_BGRFC_0052003338,00505684390C1FE097B51E003E0D6832
CMM_MTM_SLS,083,CMM_VLOGP_BGRFC_0052003340,00505684390C1FE0A690CEDE769E0851
CMM_MTM_SLS,083,CMM_VLOGP_BGRFC_0052003341,00505684390C1FE0A690CF199A480851
CMM_MTM_SLS,083,CMM_VLOGP_BGRFC_0052003344,00505684390C1FE097B3BEB46AAF6832
CMM_MTM_SLS,083,CMM_VLOGP_BGRFC_0052003346,00505684390C1FE097B3BFBCF52A4832
CMM_MTM_SLS,083,CMM_VLOGP_BGRFC_0052003347,00505684390C1FE097B52276B9C0A832
CMM_MTM_SLS,083,CMM_VLOGP_BGRFC_0052003348,00505684390C1FE097B3BFF884C8E832
CMM_MTM_SLS,083,CMM_VLOGP_BGRFC_0052003349,00505684390C1FE097B3C046BDCE0832
CMM_MTM_SLS,083,CMM_VLOGP_BGRFC_0052003350,00505684390C1FE0A690D0FF535F2851
CMM_MTM_SLS,083,CMM_VLOGP_BGRFC_0052003351,00505684390C1FE0A690D12043C6C851
CMM_MTM_SLS,083,CMM_VLOGP_BGRFC_0052003352,00505684390C1FE0A690D164C89EC851
CMM_MTM_SLS,083,CMM_VLOGP_BGRFC_0052003353,00505684390C1FE0A690D183804D4851
CMM_MTM_SLS,083,CMM_VLOGP_BGRFC_0052003354,00505684390C1FE097B52310ECBD2832
CMM_MTM_SLS,083,CMM_VLOGP_BGRFC_0052003355,00505684390C1FE1908C80FDBB20A896
CMM_MTM_SLS,083,CMM_VLOGP_BGRFC_0052003356,00505684390C1FE1908C89B753EA0896
CMM_MTM_SLS,083,CMM_VLOGP_BGRFC_0052003357,00505684390C1FE1908C9326A8412896
CMM_MTM_SLS,083,CMM_VLOGP_BGRFC_0052003359,00505684390C1FE1908C9364C11FC896
CMM_MTM_SLS,083,CMM_VLOGP_BGRFC_0052003360,00505684390C1FE181FE676CDF7F4889
CMM_MTM_SLS,083,CMM_VLOGP_BGRFC_0052003362,00505684390C1FE0A690D5CDAA02A851
CMM_MTM_SLS,083,CMM_VLOGP_BGRFC_0052003363,00505684390C1FE097B3B8E356876832
CMM_MTM_SLS,083,CMM_VLOGP_BGRFC_0052003364,00505684390C1FE0A690D6204CCA8851
CMM_MTM_SLS,083,CMM_VLOGP_BGRFC_0052003365,00505684390C1FE0A690D66BCF6CE851
CMM_MTM_SLS,083,CMM_VLOGP_BGRFC_0052003367,00505684390C1FE181FE68EA9A7A8889
CMM_MTM_SLS,083,CMM_VLOGP_BGRFC_0052003368,00505684390C1FE0A690D9282DCF8851
CMM_MTM_SLS,083,CMM_VLOGP_BGRFC_0052003369,00505684390C1FE0A690D97B70F64851
CMM_MTM_SLS,083,CMM_VLOGP_BGRFC_0052003370,00505684390C1FE0A690D9C046628851
CMM_MTM_SLS,083,CMM_VLOGP_BGRFC_0052003372,00505684390C1FE1908C813D004FC896
CMM_MTM_SLS,083,CMM_VLOGP_BGRFC_0052003373,00505684390C1FE1908C8BA73A1DC896
CMM_MTM_SLS,083,CMM_VLOGP_BGRFC_0052003374,00505684390C1FE1908C93C7EDBC6896
CMM_MTM_SLS,083,CMM_VLOGP_BGRFC_0052003375,00505684390C1FE0A690DB221781C851
CMM_MTM_SLS,083,CMM_VLOGP_BGRFC_0052003376,00505684390C1FE0A690DB692B796851
CMM_MTM_SLS,083,CMM_VLOGP_BGRFC_0052003378,00505684390C1FE0A690DBD31A5A8851
CMM_MTM_SLS,083,CMM_VLOGP_BGRFC_0052003379,00505684390C1FE0A690DC23E3A00851
CMM_MTM_SLS,083,CMM_VLOGP_BGRFC_0052003380,00505684390C1FE181FE6B4D4FADC889
CMM_MTM_SLS,083,CMM_VLOGP_BGRFC_0052003381,00505684390C1FE097B3C32DF58A4832
CMM_MTM_SLS,083,CMM_VLOGP_BGRFC_0052003382,00505684390C1FE0A690DE5008924851
CMM_MTM_SLS,083,CMM_VLOGP_BGRFC_0052003384,00505684390C1FE0A690DEBB87076851
CMM_MTM_SLS,083,CMM_VLOGP_BGRFC_0052003385,00505684390C1FE0A690DEF0E4250851
CMM_MTM_SLS,083,CMM_VLOGP_BGRFC_0052003386,00505684390C1FE0A690DF255278C851
CMM_MTM_SLS,083,CMM_VLOGP_BGRFC_0052003387,00505684390C1FE0A690DF704E8A6851
CMM_MTM_SLS,083,CMM_VLOGP_BGRFC_0052003388,00505684390C1FE0A690DFA4F4C18851
CMM_MTM_SLS,083,CMM_VLOGP_BGRFC_0052003389,00505684390C1FE097B3B96B3EFD2832
CMM_MTM_SLS,083,CMM_VLOGP_BGRFC_0052003390,00505684390C1FE0A690DFF3E50B0851
CMM_MTM_SLS,083,CMM_VLOGP_BGRFC_0052003393,00505684390C1FE0A6C01B42337D8852
CMM_MTM_SLS,083,CMM_VLOGP_BGRFC_0052003395,00505684390C1FE0A690E11CE6998851
CMM_MTM_SLS,083,CMM_VLOGP_BGRFC_0052003396,00505684390C1FE0A690E13872B28851
CMM_MTM_SLS,083,CMM_VLOGP_BGRFC_0052003397,00505684390C1FE0A690E184545F0851
CMM_MTM_SLS,083,CMM_VLOGP_BGRFC_0052003398,00505684390C1FE0A690E1B0606E4851
CMM_MTM_SLS,083,CMM_VLOGP_BGRFC_0052003399,00505684390C1FE1908C8D9136406896
CMM_MTM_SLS,083,CMM_VLOGP_BGRFC_0052003400,00505684390C1FE1908C81BFED3A2896
CMM_MTM_SLS,083,CMM_VLOGP_BGRFC_0052003401,00505684390C1FE0A690E2D851A66851
CMM_MTM_SLS,083,CMM_VLOGP_BGRFC_0052003402,00505684390C1FE0A690E30C6F554851
CMM_MTM_SLS,083,CMM_VLOGP_BGRFC_0052003403,00505684390C1FE097B3BAD590392832
CMM_MTM_SLS,083,CMM_VLOGP_BGRFC_0052003404,00505684390C1FE0A690E368CA0B8851
CMM_MTM_SLS,083,CMM_VLOGP_BGRFC_0052003405,00505684390C1FE181FE6FB1BD306889
CMM_MTM_SLS,083,CMM_VLOGP_BGRFC_0052003410,00505684390C1FE097B529842D680832
CMM_MTM_SLS,083,CMM_VLOGP_BGRFC_0052003411,00505684390C1FE097B4AC172B22C832
CMM_MTM_SLS,083,CMM_VLOGP_BGRFC_0052003414,00505684390C1FE1908C8E06D4720896
CMM_MTM_SLS,083,CMM_VLOGP_BGRFC_0052003415,00505684390C1FE097B52A38671A6832
CMM_MTM_SLS,083,CMM_VLOGP_BGRFC_0052003417,00505684390C1FE09A8C34DE06C96832
CMM_MTM_SLS,083,CMM_VLOGP_BGRFC_0052003418,00505684390C1FE0A690E9A9FA9C2851
CMM_MTM_SLS,083,CMM_VLOGP_BGRFC_0052003421,00505684390C1FE0A690EA5F03E18851
CMM_MTM_SLS,083,CMM_VLOGP_BGRFC_0052003422,00505684390C1FE181FE716863B64889
CMM_MTM_SLS,083,CMM_VLOGP_BGRFC_0052003423,00505684390C1FE1908C8EDB35354896
CMM_MTM_SLS,083,CMM_VLOGP_BGRFC_0052003424,00505684390C1FE097B3D39E4E75C832
CMM_MTM_SLS,083,CMM_VLOGP_BGRFC_0052003425,00505684390C1FE093868599EE6C6832
CMM_MTM_SLS,083,CMM_VLOGP_BGRFC_0052003427,00505684390C1FE1908C8F3412C3C896
CMM_MTM_SLS,083,CMM_VLOGP_BGRFC_0052003428,00505684390C1FE1908C989DB6F8C896
CMM_MTM_SLS,083,CMM_VLOGP_BGRFC_0052003433,00505684390C1FE1908CDF8FC836E896
CMM_MTM_SLS,083,CMM_VLOGP_BGRFC_0052003434,00505684390C1FE0A690F0EDFFADE851
CMM_MTM_SLS,083,CMM_VLOGP_BGRFC_0052003435,00505684390C1FE1908C8FDA662D0896
CMM_MTM_SLS,083,CMM_VLOGP_BGRFC_0052003436,00505684390C1FE0A690F14E3E014851
CMM_MTM_SLS,083,CMM_VLOGP_BGRFC_0052003440,00505684390C1FE097B52C50507E0832
CMM_MTM_SLS,083,CMM_VLOGP_BGRFC_0052003442,00505684390C1FE0A690F25FF2400851
CMM_MTM_SLS,083,CMM_VLOGP_BGRFC_0052003443,00505684390C1FE0A690F29559B44851
CMM_MTM_SLS,083,CMM_VLOGP_BGRFC_0052003444,00505684390C1FE0A690F2DFA8198851
CMM_MTM_SLS,083,CMM_VLOGP_BGRFC_0052003446,00505684390C1FE181FE7641EC722889
CMM_MTM_SLS,083,CMM_VLOGP_BGRFC_0052003447,00505684390C1FE0A690F3979B966851
CMM_MTM_SLS,083,CMM_VLOGP_BGRFC_0052003448,00505684390C1FE0A690F3D870F58851
CMM_MTM_SLS,083,CMM_VLOGP_BGRFC_0052003449,00505684390C1FE0A690F3FFE1834851
CMM_MTM_SLS,083,CMM_VLOGP_BGRFC_0052003450,00505684390C1FE097B3D791F2134832
CMM_MTM_SLS,083,CMM_VLOGP_BGRFC_0052003453,00505684390C1FE181FE77BF74D14889
CMM_MTM_SLS,083,CMM_VLOGP_BGRFC_0052003456,00505684390C1FE0A690F69DB4CE6851
CMM_MTM_SLS,083,CMM_VLOGP_BGRFC_0052003457,00505684390C1FE0A690F6FA23B5A851
CMM_MTM_SLS,083,CMM_VLOGP_BGRFC_0052003459,00505684390C1FE0A690F75BAEA66851
CMM_MTM_SLS,083,CMM_VLOGP_BGRFC_0052003460,00505684390C1FE0A690F79E4CDCC851
CMM_MTM_SLS,083,CMM_VLOGP_BGRFC_0052003461,00505684390C1FE0A690F7D35CA9C851
CMM_MTM_SLS,083,CMM_VLOGP_BGRFC_0052003462,00505684390C1FE0A690F814AD8C0851
CMM_MTM_SLS,083,CMM_VLOGP_BGRFC_0052003463,00505684390C1FE1908C821E4C656896
CMM_MTM_SLS,083,CMM_VLOGP_BGRFC_0052003464,00505684390C1FE0A690F8C3FD398851
CMM_MTM_SLS,083,CMM_VLOGP_BGRFC_0052003465,00505684390C1FE097B5327B3BF56832
CMM_MTM_SLS,083,CMM_VLOGP_BGRFC_0052003466,00505684390C1FE097B5328FC6744832
CMM_MTM_SLS,083,CMM_VLOGP_BGRFC_0052003467,00505684390C1FE097B532E0C005A832
CMM_MTM_SLS,083,CMM_VLOGP_BGRFC_0052003475,00505684390C1FE097B3CB8E51DE4832
CMM_MTM_SLS,083,CMM_VLOGP_BGRFC_0052003476,00505684390C1FE097B3D8C6EC9DA832
CMM_MTM_SLS,083,CMM_VLOGP_BGRFC_0052003477,00505684390C1FE097B51391DA732832
CMM_MTM_SLS,083,CMM_VLOGP_BGRFC_0052003486,00505684390C1FE190A5B7238201A896
CMM_MTM_SLS,083,CMM_VLOGP_BGRFC_0052003487,00505684390C1FE1908C9E290CAD6896
CMM_MTM_SLS,083,CMM_VLOGP_BGRFC_0052003488,00505684390C1FE190A5B74F99436896
CMM_MTM_SLS,083,CMM_VLOGP_BGRFC_0052003489,00505684390C1FE181FE7DD9235D0889
CMM_MTM_SLS,083,CMM_VLOGP_BGRFC_0052003491,00505684390C1FE1908CDFF769836896
CMM_MTM_SLS,083,CMM_VLOGP_BGRFC_0052003492,00505684390C1FE181FE7E59FFC96889
CMM_MTM_SLS,083,CMM_VLOGP_BGRFC_0052003493,00505684390C1FE0A690FEDEFF67E851
CMM_MTM_SLS,083,CMM_VLOGP_BGRFC_0052003495,00505684390C1FE097B417BC11E9A832
CMM_MTM_SLS,083,CMM_VLOGP_BGRFC_0052003496,00505684390C1FE0A690FFDAE198A851
CMM_MTM_SLS,083,CMM_VLOGP_BGRFC_0052003497,00505684390C1FE1908CE051A6D14896
CMM_MTM_SLS,083,CMM_VLOGP_BGRFC_0052003498,00505684390C1FE097B3CCC806802832
CMM_MTM_SLS,083,CMM_VLOGP_BGRFC_0052003499,00505684390C1FE1938697B81A656899
CMM_MTM_SLS,083,CMM_VLOGP_BGRFC_0052003500,00505684390C1FE1908C91D89CC52896
CMM_MTM_SLS,083,CMM_VLOGP_BGRFC_0052003503,00505684390C1FE1908C91F8503F6896
CMM_MTM_SLS,083,CMM_VLOGP_BGRFC_0052003504,00505684390C1FE095FE76B77CAD6832
CMM_MTM_SLS,083,CMM_VLOGP_BGRFC_0052003511,00505684390C1FE181FE810DD3D9E889
CMM_MTM_SLS,083,CMM_VLOGP_BGRFC_0052003516,00505684390C1FE0A6910453F4F2A851
CMM_MTM_SLS,083,CMM_VLOGP_BGRFC_0052003517,00505684390C1FE0A691047801CF0851
CMM_MTM_SLS,083,CMM_VLOGP_BGRFC_0052003518,00505684390C1FE0A69104C2A2074851
CMM_MTM_SLS,083,CMM_VLOGP_BGRFC_0052003524,00505684390C1FE09A93E46CA97C4832
CMM_MTM_SLS,083,CMM_VLOGP_BGRFC_0052003526,00505684390C1FE09BC433948100A832
CMM_MTM_SLS,083,CMM_VLOGP_BGRFC_0052003531,00505684390C1FE0A69109275DC06851
CMM_MTM_SLS,083,CMM_VLOGP_BGRFC_0052003533,00505684390C1FE0A69109EB06854851
CMM_MTM_SLS,083,CMM_VLOGP_BGRFC_0052003542,00505684390C1FE09E8BB579ABDFA834
CMM_MTM_SLS,083,CMM_VLOGP_BGRFC_0052003543,00505684390C1FE09A81AB5B63E28832
CMM_MTM_SLS,083,CMM_VLOGP_BGRFC_0052003544,00505684390C1FE09AA996DD9C5AE832
CMM_MTM_SLS,083,CMM_VLOGP_BGRFC_0052003545,00505684390C1FE09A92B995381F2832
CMM_MTM_SLS,083,CMM_VLOGP_BGRFC_0052003546,00505684390C1FE1908C9593F11BA896
CMM_MTM_SLS,083,CMM_VLOGP_BGRFC_0052003547,00505684390C1FE09A97AA8A0E32E832
CMM_MTM_SLS,083,CMM_VLOGP_BGRFC_0052003550,00505684390C1FE0A7EBFAC3E994E856
CMM_MTM_SLS,083,CMM_VLOGP_BGRFC_0052003551,00505684390C1FE0A6910E001674A851
CMM_MTM_SLS,083,CMM_VLOGP_BGRFC_0052003552,00505684390C1FE0A7EBFB339ECCC856
CMM_MTM_SLS,083,CMM_VLOGP_BGRFC_0052003553,00505684390C1FE0A6910EAB7CCB2851
CMM_MTM_SLS,083,CMM_VLOGP_BGRFC_0052003554,00505684390C1FE1908C95F1D414A896
CMM_MTM_SLS,083,CMM_VLOGP_BGRFC_0052003555,00505684390C1FE18DE148D75D4EE896
CMM_MTM_SLS,083,CMM_VLOGP_BGRFC_0052003558,00505684390C1FE1908C961A134CE896
CMM_MTM_SLS,083,CMM_VLOGP_BGRFC_0052003560,00505684390C1FE0A69110AEF82A0851
CMM_MTM_SLS,083,CMM_VLOGP_BGRFC_0052003561,00505684390C1FE190A5BC49D0DE8896
CMM_MTM_SLS,083,CMM_VLOGP_BGRFC_0052003563,00505684390C1FE1908C96F5899AE896
CMM_MTM_SLS,083,CMM_VLOGP_BGRFC_0052003564,00505684390C1FE1908C97114AFFA896
CMM_MTM_SLS,083,CMM_VLOGP_BGRFC_0052003567,00505684390C1FE1908C97576B80A896
CMM_MTM_SLS,083,CMM_VLOGP_BGRFC_0052003568,00505684390C1FE0A6911322B36C0851
CMM_MTM_SLS,083,CMM_VLOGP_BGRFC_0052003570,00505684390C1FE0A6C0B20799430852
CMM_MTM_SLS,083,CMM_VLOGP_BGRFC_0052003571,00505684390C1FE09BC42285BEDDA832
CMM_MTM_SLS,083,CMM_VLOGP_BGRFC_0052003574,00505684390C1FE09BDC416B2AD20832
CMM_MTM_SLS,083,CMM_VLOGP_BGRFC_0052003575,00505684390C1FE1908CE23B0C3EA896
CMM_MTM_SLS,083,CMM_VLOGP_BGRFC_0052003577,00505684390C1FE18DE1490265C18896
CMM_MTM_SLS,083,CMM_VLOGP_BGRFC_0052003578,00505684390C1FE18DE14923F7ADA896
CMM_MTM_SLS,083,CMM_VLOGP_BGRFC_0052003580,00505684390C1FE0A69118559EDE6851
CMM_MTM_SLS,083,CMM_VLOGP_BGRFC_0052003581,00505684390C1FE1908C98C5272FE896
CMM_MTM_SLS,083,CMM_VLOGP_BGRFC_0052003586,00505684390C1FE0A6911AE4415BC851
CMM_MTM_SLS,083,CMM_VLOGP_BGRFC_0052003588,00505684390C1FE0A7EBFBA88E2F8856
CMM_MTM_SLS,083,CMM_VLOGP_BGRFC_0052003593,00505684390C1FE1908CA646B81B6896
CMM_MTM_SLS,083,CMM_VLOGP_BGRFC_0052003595,00505684390C1FE0A6911CAC94CA8851
CMM_MTM_SLS,083,CMM_VLOGP_BGRFC_0052003596,00505684390C1FE0A6911CFA45490851
CMM_MTM_SLS,083,CMM_VLOGP_BGRFC_0052003599,00505684390C1FE0A6911EBDFC242851
CMM_MTM_SLS,083,CMM_VLOGP_BGRFC_0052003600,00505684390C1FE0A7EBFC1CD4676856
CMM_MTM_SLS,083,CMM_VLOGP_BGRFC_0052003602,00505684390C1FE0A6C0C6F102C7E852
CMM_MTM_SLS,083,CMM_VLOGP_BGRFC_0052003604,00505684390C1FE09F83B1D7133D2842
CMM_MTM_SLS,083,CMM_VLOGP_BGRFC_0052003605,00505684390C1FE09F834A5CF8E9A83B
CMM_MTM_SLS,083,CMM_VLOGP_BGRFC_0052003606,00505684390C1FE09F860C8779818844
CMM_MTM_SLS,083,CMM_VLOGP_BGRFC_0052003607,00505684390C1FE0A691221D72090851
CMM_MTM_SLS,083,CMM_VLOGP_BGRFC_0052003611,00505684390C1FE0A1C5E04C30152849
CMM_MTM_SLS,083,CMM_VLOGP_BGRFC_0052003612,00505684390C1FE09FE9BAFDE9176849
CMM_MTM_SLS,083,CMM_VLOGP_BGRFC_0052003613,00505684390C1FE1908CE4B014E2A896
CMM_MTM_SLS,083,CMM_VLOGP_BGRFC_0052003615,00505684390C1FE0A3B4B14DC986A849
CMM_MTM_SLS,083,CMM_VLOGP_BGRFC_0052003617,00505684390C1FE181FE834CD40B8889
CMM_MTM_SLS,083,CMM_VLOGP_BGRFC_0052003618,00505684390C1FE181FE83737E14C889
CMM_MTM_SLS,083,CMM_VLOGP_BGRFC_0052003619,00505684390C1FE09FA4E3E900E06846
CMM_MTM_SLS,083,CMM_VLOGP_BGRFC_0052003620,00505684390C1FE09FB3F7E4CECEE846
CMM_MTM_SLS,083,CMM_VLOGP_BGRFC_0052003621,00505684390C1FE1908CA9B03CCD6896
CMM_MTM_SLS,083,CMM_VLOGP_BGRFC_0052003624,00505684390C1FE09FC8E625E7C1A849
CMM_MTM_SLS,083,CMM_VLOGP_BGRFC_0052003626,00505684390C1FE09FCA3B7D641DA849
CMM_MTM_SLS,083,CMM_VLOGP_BGRFC_0052003627,00505684390C1FE09FD14EE76E2DC849
CMM_MTM_SLS,083,CMM_VLOGP_BGRFC_0052003628,00505684390C1FE0A7EBFC8C81FA2856
CMM_MTM_SLS,083,CMM_VLOGP_BGRFC_0052003633,00505684390C1FE0A6912C2CF0A28851
CMM_MTM_SLS,083,CMM_VLOGP_BGRFC_0052003637,00505684390C1FE0A6912E1D09A7C851
CMM_MTM_SLS,083,CMM_VLOGP_BGRFC_0052003639,00505684390C1FE1908C9D2994D5A896
CMM_MTM_SLS,083,CMM_VLOGP_BGRFC_0052003641,00505684390C1FE1908C9D8B1B6EE896
CMM_MTM_SLS,083,CMM_VLOGP_BGRFC_0052003642,00505684390C1FE0A69131C386D38851
CMM_MTM_SLS,083,CMM_VLOGP_BGRFC_0052003649,00505684390C1FE1908CAD8D5C86E896
CMM_MTM_SLS,083,CMM_VLOGP_BGRFC_0052003650,00505684390C1FE1908CADB611E7C896
CMM_MTM_SLS,083,CMM_VLOGP_BGRFC_0052003651,00505684390C1FE0A1C51A1CE9340849
CMM_MTM_SLS,083,CMM_VLOGP_BGRFC_0052003652,00505684390C1FE0A1C530FD583F0849
CMM_MTM_SLS,083,CMM_VLOGP_BGRFC_0052003653,00505684390C1FE0A1C5B4A3532D0849
CMM_MTM_SLS,083,CMM_VLOGP_BGRFC_0052003655,00505684390C1FE0A1E649048F868849
CMM_MTM_SLS,083,CMM_VLOGP_BGRFC_0052003656,00505684390C1FE0AEB8F1AE08AB8878
CMM_MTM_SLS,083,CMM_VLOGP_BGRFC_0052003657,00505684390C1FE0A6913B3BDC8F2851
CMM_MTM_SLS,083,CMM_VLOGP_BGRFC_0052003658,00505684390C1FE0AEB8F27E5F892878
CMM_MTM_SLS,083,CMM_VLOGP_BGRFC_0052003659,00505684390C1FE0A6913BAED8074851
CMM_MTM_SLS,083,CMM_VLOGP_BGRFC_0052003660,00505684390C1FE0A7EBFA9BD454A856
CMM_MTM_SLS,083,CMM_VLOGP_BGRFC_0052003669,00505684390C1FE0A39344ECC100E849
CMM_MTM_SLS,083,CMM_VLOGP_BGRFC_0052003672,00505684390C1FE0A6913E7FF2B22851
CMM_MTM_SLS,083,CMM_VLOGP_BGRFC_0052003673,00505684390C1FE188D9D2BD2C65E891
CMM_MTM_SLS,083,CMM_VLOGP_BGRFC_0052003674,00505684390C1FE1908CEBED5733C896
CMM_MTM_SLS,083,CMM_VLOGP_BGRFC_0052003675,00505684390C1FE1908CEC18869AE896
CMM_MTM_SLS,083,CMM_VLOGP_BGRFC_0052003676,00505684390C1FE0A4C20CBD5FE1E851
CMM_MTM_SLS,083,CMM_VLOGP_BGRFC_0052003677,00505684390C1FE1908C9DD554248896
CMM_MTM_SLS,083,CMM_VLOGP_BGRFC_0052003678,00505684390C1FE1908C9DFBCF280896
CMM_MTM_SLS,083,CMM_VLOGP_BGRFC_0052003679,00505684390C1FE0A4C2BEC607228851
CMM_MTM_SLS,083,CMM_VLOGP_BGRFC_0052003680,00505684390C1FE1908C9E2FCF806896
CMM_MTM_SLS,083,CMM_VLOGP_BGRFC_0052003681,00505684390C1FE1908C9E4A851E0896
CMM_MTM_SLS,083,CMM_VLOGP_BGRFC_0052003683,00505684390C1FE0A6914211B1482851
CMM_MTM_SLS,083,CMM_VLOGP_BGRFC_0052003684,00505684390C1FE1908CEC52B86BA896
CMM_MTM_SLS,083,CMM_VLOGP_BGRFC_0052003688,00505684390C1FE0A58CEC7C8F436851
CMM_MTM_SLS,083,CMM_VLOGP_BGRFC_0052003690,00505684390C1FE0A691443D3E1CA851
CMM_MTM_SLS,083,CMM_VLOGP_BGRFC_0052003692,00505684390C1FE0A5FEA97605D46851
CMM_MTM_SLS,083,CMM_VLOGP_BGRFC_0052003695,00505684390C1FE0A681E52ED3486851
CMM_MTM_SLS,083,CMM_VLOGP_BGRFC_0052003697,00505684390C1FE0A6835A5D09212851
CMM_MTM_SLS,083,CMM_VLOGP_BGRFC_0052003703,00505684390C1FE181FE8BA3D65C0889
CMM_MTM_SLS,083,CMM_VLOGP_BGRFC_0052003716,00505684390C1FE1908CECFF07A1A896
CMM_MTM_SLS,083,CMM_VLOGP_BGRFC_0052003717,00505684390C1FE0ACE47CB2E9828865
CMM_MTM_SLS,083,CMM_VLOGP_BGRFC_0052003718,00505684390C1FE0ABE01DE142DC6865
CMM_MTM_SLS,083,CMM_VLOGP_BGRFC_0052003719,00505684390C1FE0ABB65BA147252865
CMM_MTM_SLS,083,CMM_VLOGP_BGRFC_0052003721,00505684390C1FE0AAB55DD213C2C865
CMM_MTM_SLS,083,CMM_VLOGP_BGRFC_0052003722,00505684390C1FE0AAC026420B608865
CMM_MTM_SLS,083,CMM_VLOGP_BGRFC_0052003726,00505684390C1FE0AC8156450B092865
CMM_MTM_SLS,083,CMM_VLOGP_BGRFC_0052003728,00505684390C1FE0AC894146150AA865
CMM_MTM_SLS,083,CMM_VLOGP_BGRFC_0052003731,00505684390C1FE1869726AF6965088F
CMM_MTM_SLS,083,CMM_VLOGP_BGRFC_0052003741,00505684390C1FE0AEAE113E5E3DA876
CMM_MTM_SLS,083,CMM_VLOGP_BGRFC_0052003746,00505684390C1FE0AFE6FF34E5A92879
CMM_MTM_SLS,083,CMM_VLOGP_BGRFC_0052003747,00505684390C1FE18DE14A67B4554896
CMM_MTM_SLS,083,CMM_VLOGP_BGRFC_0052003748,00505684390C1FE0AEDC2181FF014879
CMM_MTM_SLS,083,CMM_VLOGP_BGRFC_0052003752,00505684390C1FE18DE14A8E7F526896
CMM_MTM_SLS,083,CMM_VLOGP_BGRFC_0052003753,00505684390C1FE0AEE27DAE50708879
CMM_MTM_SLS,083,CMM_VLOGP_BGRFC_0052003754,00505684390C1FE18DE14AD88A46E896
CMM_MTM_SLS,083,CMM_VLOGP_BGRFC_0052003755,00505684390C1FE18DE14AD88A514896
CMM_MTM_SLS,083,CMM_VLOGP_BGRFC_0052003756,00505684390C1FE18DE14B00BF544896
CMM_MTM_SLS,083,CMM_VLOGP_BGRFC_0052003757,00505684390C1FE18DE14B24BA14A896
CMM_MTM_SLS,083,CMM_VLOGP_BGRFC_0052003758,00505684390C1FE0AEFD9BAEA0BCA879
CMM_MTM_SLS,083,CMM_VLOGP_BGRFC_0052003759,00505684390C1FE0AF989AC4952D6879
CMM_MTM_SLS,083,CMM_VLOGP_BGRFC_0052003760,00505684390C1FE0AF98D4AD048AA879
CMM_MTM_SLS,083,CMM_VLOGP_BGRFC_0052003761,00505684390C1FE181FE8F277D2EE889
CMM_MTM_SLS,083,CMM_VLOGP_BGRFC_0052003764,00505684390C1FE181FE8F97F16FE889
CMM_MTM_SLS,083,CMM_VLOGP_BGRFC_0052003768,00505684390C1FE18DE14B7267F92896
CMM_MTM_SLS,083,CMM_VLOGP_BGRFC_0052003769,00505684390C1FE1908CA5829C176896
CMM_MTM_SLS,083,CMM_VLOGP_BGRFC_0052003770,00505684390C1FE1869727A9AB4CC88F
CMM_MTM_SLS,083,CMM_VLOGP_BGRFC_0052003771,00505684390C1FE0B5EB629C2E3B487B
CMM_MTM_SLS,083,CMM_VLOGP_BGRFC_0052003772,00505684390C1FE0B3F4E16FD63B887A
CMM_MTM_SLS,083,CMM_VLOGP_BGRFC_0052003781,00505684390C1FE0BDCAACAC82E2A887
CMM_MTM_SLS,083,CMM_VLOGP_BGRFC_0052003786,00505684390C1FE0B8C72C6AD159687E
CMM_MTM_SLS,083,CMM_VLOGP_BGRFC_0052003787,00505684390C1FE0B1C1A6CE9A7B687A
CMM_MTM_SLS,083,CMM_VLOGP_BGRFC_0052003788,00505684390C1FE1869728071DC6288F
CMM_MTM_SLS,083,CMM_VLOGP_BGRFC_0052003789,00505684390C1FE1869728071DD1288F
CMM_MTM_SLS,083,CMM_VLOGP_BGRFC_0052003793,00505684390C1FE0B2BAC2731D54687A
CMM_MTM_SLS,083,CMM_VLOGP_BGRFC_0052003794,00505684390C1FE186972854672BE88F
CMM_MTM_SLS,083,CMM_VLOGP_BGRFC_0052003795,00505684390C1FE18697287945CFC88F
CMM_MTM_SLS,083,CMM_VLOGP_BGRFC_0052003799,00505684390C1FE0B2EC8CA2F81CA87A
CMM_MTM_SLS,083,CMM_VLOGP_BGRFC_0052003800,00505684390C1FE1869728C3AC72E88F
CMM_MTM_SLS,083,CMM_VLOGP_BGRFC_0052003801,00505684390C1FE1908CAB8388556896
CMM_MTM_SLS,083,CMM_VLOGP_BGRFC_0052003802,00505684390C1FE0B3898C15BE08487A
CMM_MTM_SLS,083,CMM_VLOGP_BGRFC_0052003803,00505684390C1FE0B389CA8584E3687A
CMM_MTM_SLS,083,CMM_VLOGP_BGRFC_0052003805,00505684390C1FE0B3DA1043C929C87A
CMM_MTM_SLS,083,CMM_VLOGP_BGRFC_0052003807,00505684390C1FE1869728D83D2A688F
CMM_MTM_SLS,083,CMM_VLOGP_BGRFC_0052003808,00505684390C1FE0B3F26BFA267D087A
CMM_MTM_SLS,083,CMM_VLOGP_BGRFC_0052003809,00505684390C1FE0B3F4C7D5FCE9087A
CMM_MTM_SLS,083,CMM_VLOGP_BGRFC_0052003810,00505684390C1FE0B3F4D271E2E0487A
CMM_MTM_SLS,083,CMM_VLOGP_BGRFC_0052003811,00505684390C1FE0B3F4EC0D1C9EC87A
CMM_MTM_SLS,083,CMM_VLOGP_BGRFC_0052003812,00505684390C1FE0B3F5940617D9C87A
CMM_MTM_SLS,083,CMM_VLOGP_BGRFC_0052003813,00505684390C1FE0B3F5A7D53B8F487A
CMM_MTM_SLS,083,CMM_VLOGP_BGRFC_0052003814,00505684390C1FE0B3F5B79784A8C87A
CMM_MTM_SLS,083,CMM_VLOGP_BGRFC_0052003815,00505684390C1FE0B3F5C6A23658A87A
CMM_MTM_SLS,083,CMM_VLOGP_BGRFC_0052003820,00505684390C1FE0B49D94B7BB89E87B
CMM_MTM_SLS,083,CMM_VLOGP_BGRFC_0052003821,00505684390C1FE0B4869AB58FCCE87B
CMM_MTM_SLS,083,CMM_VLOGP_BGRFC_0052003825,00505684390C1FE0B4888A9FA49E487B
CMM_MTM_SLS,083,CMM_VLOGP_BGRFC_0052003835,00505684390C1FE0B4A2847C33A0287B
CMM_MTM_SLS,083,CMM_VLOGP_BGRFC_0052003836,00505684390C1FE0B4A4952DD3E3C87B
CMM_MTM_SLS,083,CMM_VLOGP_BGRFC_0052003837,00505684390C1FE181FE95654D310889
CMM_MTM_SLS,083,CMM_VLOGP_BGRFC_0052003844,00505684390C1FE1869729AA6584C88F
CMM_MTM_SLS,083,CMM_VLOGP_BGRFC_0052003848,00505684390C1FE0B5EB123DEF92A87B
CMM_MTM_SLS,083,CMM_VLOGP_BGRFC_0052003849,00505684390C1FE0B5EB77396B30487B
CMM_MTM_SLS,083,CMM_VLOGP_BGRFC_0052003850,00505684390C1FE0B5EBA21B9A95C87B
CMM_MTM_SLS,083,CMM_VLOGP_BGRFC_0052003861,00505684390C1FE0B7846AD0D2D6687B
CMM_MTM_SLS,083,CMM_VLOGP_BGRFC_0052003862,00505684390C1FE0B7A58E1B6596C87B
CMM_MTM_SLS,083,CMM_VLOGP_BGRFC_0052003865,00505684390C1FE0B88007369395687B
CMM_MTM_SLS,083,CMM_VLOGP_BGRFC_0052003866,00505684390C1FE186972AB13E61488F
CMM_MTM_SLS,083,CMM_VLOGP_BGRFC_0052003867,00505684390C1FE0B8B17DE9AF63A87C
CMM_MTM_SLS,083,CMM_VLOGP_BGRFC_0052003868,00505684390C1FE186972BC7F768A88F
CMM_MTM_SLS,083,CMM_VLOGP_BGRFC_0052003877,00505684390C1FE0BAE759BF289B8880
CMM_MTM_SLS,083,CMM_VLOGP_BGRFC_0052003878,00505684390C1FE0BAE85CC1F8A1E880
CMM_MTM_SLS,083,CMM_VLOGP_BGRFC_0052003880,00505684390C1FE0BB9A5629B4CDA881
CMM_MTM_SLS,083,CMM_VLOGP_BGRFC_0052003892,00505684390C1FE0BBF32D6E8DC04881
CMM_MTM_SLS,083,CMM_VLOGP_BGRFC_0052003894,00505684390C1FE0BC8B1E5A9FDD2881
CMM_MTM_SLS,083,CMM_VLOGP_BGRFC_0052003895,00505684390C1FE0BC8B4B228FF22881
CMM_MTM_SLS,083,CMM_VLOGP_BGRFC_0052003896,00505684390C1FE0BC8EBAEB1D008881
CMM_MTM_SLS,083,CMM_VLOGP_BGRFC_0052003898,00505684390C1FE0BC90F4918DB02881
CMM_MTM_SLS,083,CMM_VLOGP_BGRFC_0052003899,00505684390C1FE0BC910AEC787A0881
CMM_MTM_SLS,083,CMM_VLOGP_BGRFC_0052003900,00505684390C1FE0BC912669012FC881
CMM_MTM_SLS,083,CMM_VLOGP_BGRFC_0052003902,00505684390C1FE0BDF68D4ECDF36887
CMM_MTM_SLS,083,CMM_VLOGP_BGRFC_0052003903,00505684390C1FE18DE158B640958896
CMM_MTM_SLS,083,CMM_VLOGP_BGRFC_0052003904,00505684390C1FE0BED4C6C831DCE887
CMM_MTM_SLS,083,CMM_VLOGP_BGRFC_0052003905,00505684390C1FE0BED4E14F156C2887
CMM_MTM_SLS,083,CMM_VLOGP_BGRFC_0052003907,00505684390C1FE0BED755C3E41CE887
CMM_MTM_SLS,083,CMM_VLOGP_BGRFC_0052003910,00505684390C1FE186972E23CAA5E88F
CMM_MTM_SLS,083,CMM_VLOGP_BGRFC_0052003912,00505684390C1FE180AA327BD595C889
CMM_MTM_SLS,083,CMM_VLOGP_BGRFC_0052003916,00505684390C1FE181CED701A2FB2889
CMM_MTM_SLS,083,CMM_VLOGP_BGRFC_0052003922,00505684390C1FE18287A4633046A889
CMM_MTM_SLS,083,CMM_VLOGP_BGRFC_0052003926,00505684390C1FE182FACDF6E7EFC889
CMM_MTM_SLS,083,CMM_VLOGP_BGRFC_0052003928,00505684390C1FE183831DB85D590889
CMM_MTM_SLS,083,CMM_VLOGP_BGRFC_0052003929,00505684390C1FE18383272615D44889
CMM_MTM_SLS,083,CMM_VLOGP_BGRFC_0052003930,00505684390C1FE186973146B8E7288F
CMM_MTM_SLS,083,CMM_VLOGP_BGRFC_0052003931,00505684390C1FE186973194F2D0888F
CMM_MTM_SLS,083,CMM_VLOGP_BGRFC_0052003951,00505684390C1FE183C82CE275170889
CMM_MTM_SLS,083,CMM_VLOGP_BGRFC_0052003952,00505684390C1FE183C84423772F2889
CMM_MTM_SLS,083,CMM_VLOGP_BGRFC_0052003963,00505684390C1FE1908CBA12555B2896
CMM_MTM_SLS,083,CMM_VLOGP_BGRFC_0052003970,00505684390C1FE184E143C1B864288D
CMM_MTM_SLS,083,CMM_VLOGP_BGRFC_0052003971,00505684390C1FE1908C7E09123E6896
CMM_MTM_SLS,083,CMM_VLOGP_BGRFC_0052003972,00505684390C1FE1908CBA5EBE7A6896
CMM_MTM_SLS,083,CMM_VLOGP_BGRFC_0052003977,00505684390C1FE18BFCFF740D7BE895
CMM_MTM_SLS,083,CMM_VLOGP_BGRFC_0052003979,00505684390C1FE1908CBA88376AA896
CMM_MTM_SLS,083,CMM_VLOGP_BGRFC_0052003987,00505684390C1FE187A5C1E06FC6C88F
CMM_MTM_SLS,083,CMM_VLOGP_BGRFC_0052003989,00505684390C1FE187AD3695581DE88F
CMM_MTM_SLS,083,CMM_VLOGP_BGRFC_0052003995,00505684390C1FE18DE1562BF5614896
CMM_MTM_SLS,083,CMM_VLOGP_BGRFC_0052004004,00505684390C1FE18CE398AEEE556896
CMM_MTM_SLS,083,CMM_VLOGP_BGRFC_0052004005,00505684390C1FE188EC9A3D04142891
CMM_MTM_SLS,083,CMM_VLOGP_BGRFC_0052004006,00505684390C1FE188EEEDF3D49E6891
CMM_MTM_SLS,083,CMM_VLOGP_BGRFC_0052004009,00505684390C1FE188F2737543810891
CMM_MTM_SLS,083,CMM_VLOGP_BGRFC_0052004010,00505684390C1FE18DE1569FD1AA0896
CMM_MTM_SLS,083,CMM_VLOGP_BGRFC_0052004011,00505684390C1FE1899A0BBA50BC0891
CMM_MTM_SLS,083,CMM_VLOGP_BGRFC_0052004016,00505684390C1FE18DE156D73BFC4896
CMM_MTM_SLS,083,CMM_VLOGP_BGRFC_0052004017,00505684390C1FE18DE1571087F14896
CMM_MTM_SLS,083,CMM_VLOGP_BGRFC_0052004019,00505684390C1FE18BCD457B8EB92894
CMM_MTM_SLS,083,CMM_VLOGP_BGRFC_0052004021,00505684390C1FE18BE53C7CC3C16895
CMM_MTM_SLS,083,CMM_VLOGP_BGRFC_0052004023,00505684390C1FE18DE15853ECBA8896
CMM_MTM_SLS,083,CMM_VLOGP_BGRFC_0052004024,00505684390C1FE18DE15868947FC896
CMM_MTM_SLS,083,CMM_VLOGP_BGRFC_0052004025,00505684390C1FE18DE158A367B1A896
CMM_MTM_SLS,083,CMM_VLOGP_BGRFC_0052004028,00505684390C1FE18DE158ED78F46896
CMM_MTM_SLS,083,CMM_VLOGP_BGRFC_0052004029,00505684390C1FE18DE1591434852896
CMM_MTM_SLS,083,CMM_VLOGP_BGRFC_0052004030,00505684390C1FE18DE1593A340B2896
CMM_MTM_SLS,083,CMM_VLOGP_BGRFC_0052004031,00505684390C1FE18DE1595FE8418896
CMM_MTM_SLS,083,CMM_VLOGP_BGRFC_0052004032,00505684390C1FE18DE159996252E896
CMM_MTM_SLS,083,CMM_VLOGP_BGRFC_0052004033,00505684390C1FE18DE159BF66036896
CMM_MTM_SLS,083,CMM_VLOGP_BGRFC_0052004034,00505684390C1FE18DE15A0AE34D0896
CMM_MTM_SLS,083,CMM_VLOGP_BGRFC_0052004036,00505684390C1FE18DEA01DA08522896
CMM_MTM_SLS,083,CMM_VLOGP_BGRFC_0052004037,00505684390C1FE18DEB4EAA7C362896
CMM_MTM_SLS,083,CMM_VLOGP_BGRFC_0052004038,00505684390C1FE18DEBAF6D27F9E896
CMM_MTM_SLS,083,CMM_VLOGP_BGRFC_0052004048,00505684390C1FE18FDBEFF2059E4896
CMM_MTM_SLS,083,CMM_VLOGP_BGRFC_0052004052,00505684390C1FE18FF84A6C46FC4896
CMM_MTM_SLS,083,CMM_VLOGP_BGRFC_0052004060,00505684390C1FE190F5ADFB3CB14896
CMM_MTM_SLS,083,CMM_VLOGP_BGRFC_0052004061,00505684390C1FE190FC93D81EACA896
CMM_MTM_SLS,083,CMM_VLOGP_BGRFC_0052004068,00505684390C1FE195CC9F5CF5E9489A
CMM_MTM_SLS,083,CMM_VLOGP_BGRFC_0052004069,00505684390C1FE191DCA47F19044899
CMM_MTM_SLS,083,CMM_VLOGP_BGRFC_0052004070,00505684390C1FE191DCB983732F6899
CMM_MTM_SLS,083,CMM_VLOGP_BGRFC_0052004073,00505684390C1FE195CCF091A3D7889A
CMM_MTM_SLS,083,CMM_VLOGP_BGRFC_0052004074,00505684390C1FE195CCF0ACA417689A
CMM_MTM_SLS,083,CMM_VLOGP_BGRFC_0052004076,00505684390C1FE195CD31E9B23B289A
CMM_MTM_SLS,083,CMM_VLOGP_BGRFC_0052004078,00505684390C1FE195CCF0DF691FC89A
CMM_MTM_SLS,083,CMM_VLOGP_BGRFC_0052004079,00505684390C1FE192C1AF5BC07A4899
CMM_MTM_SLS,083,CMM_VLOGP_BGRFC_0052004082,00505684390C1FE192D432E424406899
CMM_MTM_SLS,083,CMM_VLOGP_BGRFC_0052004083,00505684390C1FE192D9317F51458899
CMM_MTM_SLS,083,CMM_VLOGP_BGRFC_0052004084,00505684390C1FE192D956492E16C899
CMM_MTM_SLS,083,CMM_VLOGP_BGRFC_0052004086,00505684390C1FE192F2357C2D614899
CMM_MTM_SLS,083,CMM_VLOGP_BGRFC_0052004087,00505684390C1FE192F297E910F58899
CMM_MTM_SLS,083,CMM_VLOGP_BGRFC_0052004088,00505684390C1FE192F2A77DF64C2899
CMM_MTM_SLS,083,CMM_VLOGP_BGRFC_0052004093,00505684390C1FE1938AAD1F3C61E899
CMM_MTM_SLS,083,CMM_VLOGP_BGRFC_0052004099,00505684390C1FE1938F5A5E9F332899
CMM_MTM_SLS,083,CMM_VLOGP_BGRFC_0052004106,00505684390C1FE193ADA83F45F14899
CMM_MTM_SLS,083,CMM_VLOGP_BGRFC_0052004108,00505684390C1FE193AFE8C83CDA4899
CMM_MTM_SLS,083,CMM_VLOGP_BGRFC_0052004113,00505684390C1FE194EB7261C3D66899
CMM_MTM_SLS,083,CMM_VLOGP_BGRFC_0052004116,00505684390C1FE193F0F92B550BC899
CMM_MTM_SLS,083,CMM_VLOGP_BGRFC_0052004126,00505684390C1FE1958CAFB987AB4899
CMM_MTM_SLS,083,CMM_VLOGP_BGRFC_0052004128,00505684390C1FE1959D2EFC51ABA899
CMM_MTM_SLS,083,CMM_VLOGP_BGRFC_0052004135,00505684390C1FE195B79AB263CBE89A
CMM_MTM_SLS,083,CMM_VLOGP_BGRFC_0052004137,00505684390C1FE195BDD8A097A7A89A
CMM_MTM_SLS,083,CMM_VLOGP_BGRFC_0055000085,00505684390C1FE092EB5BC271B46832
CMM_MTM_SLS,083,CMM_VLOGP_BGRFC_0055000096,00505684390C1FE0A1C6665CD7448849
CMM_MTM_SLS,083,CMM_VLOGP_BGRFC_0055000097,00505684390C1FE0A1C6664B67E24849
CMM_MTM_SLS,083,CMM_VLOGP_BGRFC_0055000098,00505684390C1FE0A1C6661EF6686849
CMM_MTM_SLS,083,CMM_VLOGP_BGRFC_0055000099,00505684390C1FE0A1C666C7F56D0849
CMM_MTM_SLS,083,CMM_VLOGP_BGRFC_0055000100,00505684390C1FE0A1C67EFA4AC30849
CMM_MTM_SLS,083,CMM_VLOGP_BGRFC_0055000101,00505684390C1FE0A1C67F242EFC4849
CMM_MTM_SLS,083,CMM_VLOGP_BGRFC_0055000102,00505684390C1FE0A1C68103DDCEC849
CMM_MTM_SLS,083,CMM_VLOGP_BGRFC_0055000103,00505684390C1FE0A1C6815E1AC68849
CMM_MTM_SLS,083,CMM_VLOGP_BGRFC_0055000104,00505684390C1FE1869747F427E9A88F
CMM_MTM_SLS,083,CMM_VLOGP_BGRFC_0055000105,00505684390C1FE1869720ACBC52488F
CMM_MTM_SLS,083,CMM_VLOGP_BGRFC_0058000006,00505684390C1FE097B54333C7238832
CMM_MTM_SLS,083,CMM_VLOGP_BGRFC_0058000014,00505684390C1FE0A6CB9B7803EC2853
CMM_MTM_SLS,083,CMM_VLOGP_BGRFC_0058000015,00505684390C1FE1908C7BD41766E896
CMM_MTM_SLS,083,CMM_VLOGP_BGRFC_0058000016,00505684390C1FE1908C7BED05EFA896
CMM_MTM_SLS,083,CMM_VLOGP_BGRFC_0058000017,00505684390C1FE0A6CB9C81E108A853
CMM_MTM_SLS,083,CMM_VLOGP_BGRFC_0058000018,00505684390C1FE0B6B86F3DA5E0487B
CMM_MTM_SLS,083,CMM_VLOGP_BGRFC_0058000021,00505684390C1FE0A6CB9CDE5EB40853
CMM_MTM_SLS,083,CMM_VLOGP_BGRFC_0058000022,00505684390C1FE097B3B82AFFFB4832
CMM_MTM_SLS,083,CMM_VLOGP_BGRFC_0058000023,00505684390C1FE18ACC680D40820894
CMM_MTM_SLS,083,CMM_VLOGP_BGRFC_0058000024,00505684390C1FE18ACC683495978894
CMM_MTM_SLS,083,CMM_VLOGP_BGRFC_0058000026,00505684390C1FE18AA2C31F9144C891
CMM_MTM_SLS,083,CMM_VLOGP_BGRFC_0058000027,00505684390C1FE097B3B87207634832
CMM_MTM_SLS,083,CMM_VLOGP_BGRFC_0058000032,00505684390C1FE097B3B8C60E18C832
CMM_MTM_SLS,083,CMM_VLOGP_BGRFC_0058000033,00505684390C1FE1908C7C06264FE896
CMM_MTM_SLS,083,CMM_VLOGP_BGRFC_0058000034,00505684390C1FE1908C7C157F52C896
CMM_MTM_SLS,083,CMM_VLOGP_BGRFC_0058000035,00505684390C1FE097B3B90A09FD6832
CMM_MTM_SLS,083,CMM_VLOGP_BGRFC_0058000036,00505684390C1FE097B3B9596ED32832
CMM_MTM_SLS,083,CMM_VLOGP_BGRFC_0058000037,00505684390C1FE097B3B9909180A832
CMM_MTM_SLS,083,CMM_VLOGP_BGRFC_0058000038,00505684390C1FE097B3B9E08E3D0832
CMM_MTM_SLS,083,CMM_VLOGP_BGRFC_0058000039,00505684390C1FE18ACC6B5CA2218894
CMM_MTM_SLS,083,CMM_VLOGP_BGRFC_0058000041,00505684390C1FE097B3BA1143568832
CMM_MTM_SLS,083,CMM_VLOGP_BGRFC_0058000042,00505684390C1FE097B3BA5328B40832
CMM_MTM_SLS,083,CMM_VLOGP_BGRFC_0058000045,00505684390C1FE097B3BA9DD0DBA832
CMM_MTM_SLS,083,CMM_VLOGP_BGRFC_0058000046,00505684390C1FE097B3BAC3F3DAC832
CMM_MTM_SLS,083,CMM_VLOGP_BGRFC_0058000047,00505684390C1FE097B3BB0E0883A832
CMM_MTM_SLS,083,CMM_VLOGP_BGRFC_0058000048,00505684390C1FE097B3BB3A42080832
CMM_MTM_SLS,083,CMM_VLOGP_BGRFC_0058000049,00505684390C1FE097B3BB85F7B10832
CMM_MTM_SLS,083,CMM_VLOGP_BGRFC_0058000050,00505684390C1FE097B3BBCDE0B26832
CMM_MTM_SLS,083,CMM_VLOGP_BGRFC_0058000053,00505684390C1FE097B3BBF8F8A38832
CMM_MTM_SLS,083,CMM_VLOGP_BGRFC_0058000056,00505684390C1FE097B3BC84F8380832
CMM_MTM_SLS,083,CMM_VLOGP_BGRFC_0058000057,00505684390C1FE097B3BD00B0360832
CMM_MTM_SLS,083,CMM_VLOGP_BGRFC_0058000060,00505684390C1FE0A2CAE99A5F0A0849
CMM_MTM_SLS,083,CMM_VLOGP_BGRFC_0058000062,00505684390C1FE0A2B8781D535E4849
CMM_MTM_SLS,083,CMM_VLOGP_BGRFC_0058000065,00505684390C1FE0A5FE6F7CECF40851
CMM_MTM_SLS,083,CMM_VLOGP_BGRFC_0058000073,00505684390C1FE0AECCD355D519A879
CMM_MTM_SLS,083,CMM_VLOGP_BGRFC_0058000074,00505684390C1FE0AFCB302B794F2879
CMM_MTM_SLS,083,CMM_VLOGP_BGRFC_0058000076,00505684390C1FE186C01674396D088F
CMM_MTM_SLS,083,CMM_VLOGP_BGRFC_0058000077,00505684390C1FE195BF6DCDAA07889A
CMM_MTM_SLS,083,CMM_VLOGP_BGRFC_0058000078,00505684390C1FE195CC9B3C7C26289A
CMM_MTM_SLS,083,CMM_VLOGP_BGRFC_0058000079,00505684390C1FE195CC9B41D83BC89A
CMM_MTM_SLS,083,CMM_VLOGP_BGRFC_0058000080,00505684390C1FE183E7BEDE4FFD0889
CMM_MTM_SLS,083,CMM_VLOGP_BGRFC_0058000081,00505684390C1FE188F07CDB694F0891
CMM_MTM_SLS,083,CMM_VLOGP_BGRFC_0058000082,00505684390C1FE191F98F43C1010899
CMM_MTM_SLS,083,CMM_VLOGP_BGRFC_0058000083,00505684390C1FE1949C9EB717F70899
CMM_MTM_SLS,083,CMM_VLOGP_BGRFC_0058000084,00505684390C1FE1928ABDAC6CBB8899
CMM_MTM_SLS,083,CMM_VLOGP_BGRFC_0058000085,00505684390C1FE1949C9F1FCC15C899
CMM_MTM_SLS,083,CMM_VLOGP_BGRFC_0058000086,00505684390C1FE1949C9FAEE1A6E899
CMM_MTM_SLS,083,CMM_VLOGP_BGRFC_0058000090,00505684390C1FE1959D4FFE4B00C899
CMM_MTM_SLS,083,CMM_VLOGP_BGRFC_0064000154,00505684390C1FE099F25205F2F1A832
CMM_MTM_SLS,083,CMM_VLOGP_BGRFC_0064000487,00505684390C1FE099F2522E1FF2E832
CMM_MTM_SLS,083,CMM_VLOGP_BGRFC_0064001000,00505684390C1FE092EB1CFD3C224832
CMM_MTM_SLS,083,CMM_VLOGP_BGRFC_0064001226,00505684390C1FE184E53210240D888D
CMM_MTM_SLS,083,CMM_VLOGP_BGRFC_0064001249,00505684390C1FE097B4FC7A25408832
CMM_MTM_SLS,083,CMM_VLOGP_BGRFC_0064001252,00505684390C1FE097B4FD49712DE832
CMM_MTM_SLS,083,CMM_VLOGP_BGRFC_0064001253,00505684390C1FE097B4FD96261CA832
CMM_MTM_SLS,083,CMM_VLOGP_BGRFC_0064001264,00505684390C1FE097B4BD453A168832
CMM_MTM_SLS,083,CMM_VLOGP_BGRFC_0064001266,00505684390C1FE097B419284304C832
CMM_MTM_SLS,083,CMM_VLOGP_BGRFC_0064001285,00505684390C1FE097B4BDAE659FA832
CMM_MTM_SLS,083,CMM_VLOGP_BGRFC_0064001286,00505684390C1FE097B4BDF7D0984832
CMM_MTM_SLS,083,CMM_VLOGP_BGRFC_0064001311,00505684390C1FE097B4BEDEFA01E832
CMM_MTM_SLS,083,CMM_VLOGP_BGRFC_0064001313,00505684390C1FE181FE1460E5210889
CMM_MTM_SLS,083,CMM_VLOGP_BGRFC_0064001317,00505684390C1FE181FE147FC0224889
CMM_MTM_SLS,083,CMM_VLOGP_BGRFC_0064001323,00505684390C1FE097B4C0B81AC54832
CMM_MTM_SLS,083,CMM_VLOGP_BGRFC_0064001326,00505684390C1FE097B41B2A61592832
CMM_MTM_SLS,083,CMM_VLOGP_BGRFC_0064001327,00505684390C1FE097B4C10740784832
CMM_MTM_SLS,083,CMM_VLOGP_BGRFC_0064001328,00505684390C1FE097B4C17CAB730832
CMM_MTM_SLS,083,CMM_VLOGP_BGRFC_0064001329,00505684390C1FE097B41B77F495A832
CMM_MTM_SLS,083,CMM_VLOGP_BGRFC_0064001330,00505684390C1FE097B4C1E9E119A832
CMM_MTM_SLS,083,CMM_VLOGP_BGRFC_0064001331,00505684390C1FE097B41BD55E704832
CMM_MTM_SLS,083,CMM_VLOGP_BGRFC_0064001333,00505684390C1FE097B4C25C44DCE832
CMM_MTM_SLS,083,CMM_VLOGP_BGRFC_0064001334,00505684390C1FE097B4C28575C74832
CMM_MTM_SLS,083,CMM_VLOGP_BGRFC_0064001335,00505684390C1FE184E41BCBA8E6488D
CMM_MTM_SLS,083,CMM_VLOGP_BGRFC_0064001337,00505684390C1FE097B41C03980C6832
CMM_MTM_SLS,083,CMM_VLOGP_BGRFC_0064001338,00505684390C1FE097B41C4B2458E832
CMM_MTM_SLS,083,CMM_VLOGP_BGRFC_0064001339,00505684390C1FE097B41CA7361E2832
CMM_MTM_SLS,083,CMM_VLOGP_BGRFC_0064001340,00505684390C1FE097B41CF3284D2832
CMM_MTM_SLS,083,CMM_VLOGP_BGRFC_0064001341,00505684390C1FE097B41D3FCEC60832
CMM_MTM_SLS,083,CMM_VLOGP_BGRFC_0064001342,00505684390C1FE097B4C33F9D6AC832
CMM_MTM_SLS,083,CMM_VLOGP_BGRFC_0064001343,00505684390C1FE097B4C3E180078832
CMM_MTM_SLS,083,CMM_VLOGP_BGRFC_0064001345,00505684390C1FE097B4C453A09B4832
CMM_MTM_SLS,083,CMM_VLOGP_BGRFC_0064001346,00505684390C1FE097B41D9073410832
CMM_MTM_SLS,083,CMM_VLOGP_BGRFC_0064001350,00505684390C1FE097B3B6244CEF8832
CMM_MTM_SLS,083,CMM_VLOGP_BGRFC_0064001352,00505684390C1FE097B41DB2CCD1A832
CMM_MTM_SLS,083,CMM_VLOGP_BGRFC_0064001358,00505684390C1FE097B4C499E3A30832
CMM_MTM_SLS,083,CMM_VLOGP_BGRFC_0064001362,00505684390C1FE097B41E37DB75A832
CMM_MTM_SLS,083,CMM_VLOGP_BGRFC_0064001364,00505684390C1FE097B41EABC2CDA832
CMM_MTM_SLS,083,CMM_VLOGP_BGRFC_0064001365,00505684390C1FE097B41EE5A0A00832
CMM_MTM_SLS,083,CMM_VLOGP_BGRFC_0064001366,00505684390C1FE097B41F1BF4E30832
CMM_MTM_SLS,083,CMM_VLOGP_BGRFC_0064001370,00505684390C1FE097B41F8F45B06832
CMM_MTM_SLS,083,CMM_VLOGP_BGRFC_0064001371,00505684390C1FE097B41FC7CF706832
CMM_MTM_SLS,083,CMM_VLOGP_BGRFC_0064001373,00505684390C1FE097B4203D01D12832
CMM_MTM_SLS,083,CMM_VLOGP_BGRFC_0064001374,00505684390C1FE097B42086FEE9C832
CMM_MTM_SLS,083,CMM_VLOGP_BGRFC_0064001375,00505684390C1FE097B420AF5D70C832
CMM_MTM_SLS,083,CMM_VLOGP_BGRFC_0064001382,00505684390C1FE097B4C66100204832
CMM_MTM_SLS,083,CMM_VLOGP_BGRFC_0064001383,00505684390C1FE097B4C689070A8832
CMM_MTM_SLS,083,CMM_VLOGP_BGRFC_0064001384,00505684390C1FE097B4C6D72DF84832
CMM_MTM_SLS,083,CMM_VLOGP_BGRFC_0064001386,00505684390C1FE097B420FA3EDD2832
CMM_MTM_SLS,083,CMM_VLOGP_BGRFC_0064001393,00505684390C1FE097B42146B9F94832
CMM_MTM_SLS,083,CMM_VLOGP_BGRFC_0064001396,00505684390C1FE097B3BBCB0E632832
CMM_MTM_SLS,083,CMM_VLOGP_BGRFC_0064001397,00505684390C1FE097B3BC1A6B5EE832
CMM_MTM_SLS,083,CMM_VLOGP_BGRFC_0064001398,00505684390C1FE097B3BC41D4314832
CMM_MTM_SLS,083,CMM_VLOGP_BGRFC_0064001399,00505684390C1FE097B3BC64C5994832
CMM_MTM_SLS,083,CMM_VLOGP_BGRFC_0064001401,00505684390C1FE097B4C7B7F039A832
CMM_MTM_SLS,083,CMM_VLOGP_BGRFC_0064001402,00505684390C1FE097B4C8052B914832
CMM_MTM_SLS,083,CMM_VLOGP_BGRFC_0064001404,00505684390C1FE097B4226D6C49C832
CMM_MTM_SLS,083,CMM_VLOGP_BGRFC_0064001405,00505684390C1FE097B422C17E6AC832
CMM_MTM_SLS,083,CMM_VLOGP_BGRFC_0064001407,00505684390C1FE097B422ED1404A832
CMM_MTM_SLS,083,CMM_VLOGP_BGRFC_0064001408,00505684390C1FE097B42323D321E832
CMM_MTM_SLS,083,CMM_VLOGP_BGRFC_0064001413,00505684390C1FE097B42394CE21E832
CMM_MTM_SLS,083,CMM_VLOGP_BGRFC_0064001417,00505684390C1FE097B423CF48F3A832
CMM_MTM_SLS,083,CMM_VLOGP_BGRFC_0064001420,00505684390C1FE097B423EDE7A48832
CMM_MTM_SLS,083,CMM_VLOGP_BGRFC_0064001421,00505684390C1FE097B4C89DF5EB6832
CMM_MTM_SLS,083,CMM_VLOGP_BGRFC_0064001422,00505684390C1FE097B4C8C5DA53A832
CMM_MTM_SLS,083,CMM_VLOGP_BGRFC_0064001426,00505684390C1FE184E6957FD76CE88D
CMM_MTM_SLS,083,CMM_VLOGP_BGRFC_0064001430,00505684390C1FE097B3BD2425F0A832
CMM_MTM_SLS,083,CMM_VLOGP_BGRFC_0064001435,00505684390C1FE097B4255E2E2A6832
CMM_MTM_SLS,083,CMM_VLOGP_BGRFC_0064001439,00505684390C1FE097B426087D5A2832
CMM_MTM_SLS,083,CMM_VLOGP_BGRFC_0064001440,00505684390C1FE097B4263441E22832
CMM_MTM_SLS,083,CMM_VLOGP_BGRFC_0064001441,00505684390C1FE097B4CA67936C6832
CMM_MTM_SLS,083,CMM_VLOGP_BGRFC_0064001444,00505684390C1FE097B3BD4B5E7E8832
CMM_MTM_SLS,083,CMM_VLOGP_BGRFC_0064001445,00505684390C1FE097B3BD7187974832
CMM_MTM_SLS,083,CMM_VLOGP_BGRFC_0064001446,00505684390C1FE097B4CA90C8002832
CMM_MTM_SLS,083,CMM_VLOGP_BGRFC_0064001453,00505684390C1FE097B4CB4EE1D10832
CMM_MTM_SLS,083,CMM_VLOGP_BGRFC_0064001474,00505684390C1FE184E6993A40F6288D
CMM_MTM_SLS,083,CMM_VLOGP_BGRFC_0064001479,00505684390C1FE097B42848CBB16832
CMM_MTM_SLS,083,CMM_VLOGP_BGRFC_0064001510,00505684390C1FE097B428CC621BE832
CMM_MTM_SLS,083,CMM_VLOGP_BGRFC_0064001511,00505684390C1FE097B4290565B82832
CMM_MTM_SLS,083,CMM_VLOGP_BGRFC_0064001512,00505684390C1FE097B4CC7D31496832
CMM_MTM_SLS,083,CMM_VLOGP_BGRFC_0064001513,00505684390C1FE097B4292B2587C832
CMM_MTM_SLS,083,CMM_VLOGP_BGRFC_0064001514,00505684390C1FE097B3B30109A9E832
CMM_MTM_SLS,083,CMM_VLOGP_BGRFC_0064001515,00505684390C1FE184E697BC9AA4288D
CMM_MTM_SLS,083,CMM_VLOGP_BGRFC_0064001516,00505684390C1FE097B3B36F53672832
CMM_MTM_SLS,083,CMM_VLOGP_BGRFC_0064001518,00505684390C1FE097B4CD3DD6BEC832
CMM_MTM_SLS,083,CMM_VLOGP_BGRFC_0064001531,00505684390C1FE184E4BA105C02088D
CMM_MTM_SLS,083,CMM_VLOGP_BGRFC_0064001533,00505684390C1FE097B3B3C93C020832
CMM_MTM_SLS,083,CMM_VLOGP_BGRFC_0064001535,00505684390C1FE183C8BD108CF72889
CMM_MTM_SLS,083,CMM_VLOGP_BGRFC_0064001536,00505684390C1FE097B42E05328A0832
CMM_MTM_SLS,083,CMM_VLOGP_BGRFC_0064001537,00505684390C1FE097B42E3EC2E5E832
CMM_MTM_SLS,083,CMM_VLOGP_BGRFC_0064001546,00505684390C1FE097B509BDA5C16832
CMM_MTM_SLS,083,CMM_VLOGP_BGRFC_0064001547,00505684390C1FE18ACC66A39DA48894
CMM_MTM_SLS,083,CMM_VLOGP_BGRFC_0064001549,00505684390C1FE097B3BDBDF296E832
CMM_MTM_SLS,083,CMM_VLOGP_BGRFC_0064001553,00505684390C1FE184E6BF399E52488D
CMM_MTM_SLS,083,CMM_VLOGP_BGRFC_0064001555,00505684390C1FE097B50A54AFC86832
CMM_MTM_SLS,083,CMM_VLOGP_BGRFC_0064001569,00505684390C1FE1908D1A37BE9AE896
CMM_MTM_SLS,083,CMM_VLOGP_BGRFC_0064001572,00505684390C1FE183C8BCEC58958889
CMM_MTM_SLS,083,CMM_VLOGP_BGRFC_0064001573,00505684390C1FE183C8BCEC58938889
CMM_MTM_SLS,083,CMM_VLOGP_BGRFC_0064001574,00505684390C1FE183C8BCE7C001A889
CMM_MTM_SLS,083,CMM_VLOGP_BGRFC_0064001591,00505684390C1FE097B3CE9335E30832
CMM_MTM_SLS,083,CMM_VLOGP_BGRFC_0064001597,00505684390C1FE184E6BE9452FC088D
CMM_MTM_SLS,083,CMM_VLOGP_BGRFC_0064001598,00505684390C1FE184E6BEC99E4CC88D
CMM_MTM_SLS,083,CMM_VLOGP_BGRFC_0064001623,00505684390C1FE097B434234B170832
CMM_MTM_SLS,083,CMM_VLOGP_BGRFC_0064001624,00505684390C1FE097B4345B121E4832
CMM_MTM_SLS,083,CMM_VLOGP_BGRFC_0064001625,00505684390C1FE097B43491526E0832
CMM_MTM_SLS,083,CMM_VLOGP_BGRFC_0064001626,00505684390C1FE097B4D64220B4C832
CMM_MTM_SLS,083,CMM_VLOGP_BGRFC_0064001629,00505684390C1FE097B4D6A143110832
CMM_MTM_SLS,083,CMM_VLOGP_BGRFC_0064001630,00505684390C1FE097B4D6FD8A3FA832
CMM_MTM_SLS,083,CMM_VLOGP_BGRFC_0064001631,00505684390C1FE097B4D75DF30DA832
CMM_MTM_SLS,083,CMM_VLOGP_BGRFC_0064001632,00505684390C1FE097B4D7AAA5C8A832
CMM_MTM_SLS,083,CMM_VLOGP_BGRFC_0064001634,00505684390C1FE182FD1EA7E026C889
CMM_MTM_SLS,083,CMM_VLOGP_BGRFC_0064001637,00505684390C1FE184E6BBF1C331288D
CMM_MTM_SLS,083,CMM_VLOGP_BGRFC_0064001639,00505684390C1FE097B434DEBBC72832
CMM_MTM_SLS,083,CMM_VLOGP_BGRFC_0064001648,00505684390C1FE18ACCAAC3AD74E894
CMM_MTM_SLS,083,CMM_VLOGP_BGRFC_0064001649,00505684390C1FE18DE161F4567DC896
CMM_MTM_SLS,083,CMM_VLOGP_BGRFC_0064001650,00505684390C1FE18ACCAAC3AD788894
CMM_MTM_SLS,083,CMM_VLOGP_BGRFC_0064001651,00505684390C1FE18ACCAAEA08C0A894
CMM_MTM_SLS,083,CMM_VLOGP_BGRFC_0064001653,00505684390C1FE18DE16217A672A896
CMM_MTM_SLS,083,CMM_VLOGP_BGRFC_0064001654,00505684390C1FE097B5457D74E7E832
CMM_MTM_SLS,083,CMM_VLOGP_BGRFC_0064001659,00505684390C1FE181FED8F887E1A889
CMM_MTM_SLS,083,CMM_VLOGP_BGRFC_0064001669,00505684390C1FE184E6BBA57540E88D
CMM_MTM_SLS,083,CMM_VLOGP_BGRFC_0064001670,00505684390C1FE183C596D3B0B02889
CMM_MTM_SLS,083,CMM_VLOGP_BGRFC_0064001671,00505684390C1FE183C8BC9FCEDD8889
CMM_MTM_SLS,083,CMM_VLOGP_BGRFC_0064001672,00505684390C1FE183C8BC7F9B328889
CMM_MTM_SLS,083,CMM_VLOGP_BGRFC_0064001675,00505684390C1FE183C8BC61DFAB6889
CMM_MTM_SLS,083,CMM_VLOGP_BGRFC_0064001676,00505684390C1FE183C8BC3E954B4889
CMM_MTM_SLS,083,CMM_VLOGP_BGRFC_0064001706,00505684390C1FE0A6BF5D6FAABB8852
CMM_MTM_SLS,083,CMM_VLOGP_BGRFC_0064001707,00505684390C1FE0A6BF5DAC1D938852
CMM_MTM_SLS,083,CMM_VLOGP_BGRFC_0064001712,00505684390C1FE184E6BC3EB0C8A88D
CMM_MTM_SLS,083,CMM_VLOGP_BGRFC_0064001726,00505684390C1FE097B3B27DE3F3C832
CMM_MTM_SLS,083,CMM_VLOGP_BGRFC_0064001735,00505684390C1FE0A6BF5EEDB02C2852
CMM_MTM_SLS,083,CMM_VLOGP_BGRFC_0064001736,00505684390C1FE0A6BF30F5053E4852
CMM_MTM_SLS,083,CMM_VLOGP_BGRFC_0064001737,00505684390C1FE181FEA035ADA9C889
CMM_MTM_SLS,083,CMM_VLOGP_BGRFC_0064001738,00505684390C1FE097B3B4A4468B4832
CMM_MTM_SLS,083,CMM_VLOGP_BGRFC_0064001739,00505684390C1FE097B43A509FFFC832
CMM_MTM_SLS,083,CMM_VLOGP_BGRFC_0064001740,00505684390C1FE184E6A6A2C16B088D
CMM_MTM_SLS,083,CMM_VLOGP_BGRFC_0064001741,00505684390C1FE097B3B4CCB307C832
CMM_MTM_SLS,083,CMM_VLOGP_BGRFC_0064001743,00505684390C1FE181FEDBD7E057E889
CMM_MTM_SLS,083,CMM_VLOGP_BGRFC_0064001744,00505684390C1FE181FEDBF91E952889
CMM_MTM_SLS,083,CMM_VLOGP_BGRFC_0064001745,00505684390C1FE0A6BF5F9AC60AC852
CMM_MTM_SLS,083,CMM_VLOGP_BGRFC_0064001746,00505684390C1FE0A6BF5FD23ACB6852
CMM_MTM_SLS,083,CMM_VLOGP_BGRFC_0064001747,00505684390C1FE0A6BF5FF700AD4852
CMM_MTM_SLS,083,CMM_VLOGP_BGRFC_0064001748,00505684390C1FE181FEDC1A53A9A889
CMM_MTM_SLS,083,CMM_VLOGP_BGRFC_0064001749,00505684390C1FE097B3B5FDE18C8832
CMM_MTM_SLS,083,CMM_VLOGP_BGRFC_0064001751,00505684390C1FE0A6BF606A88E02852
CMM_MTM_SLS,083,CMM_VLOGP_BGRFC_0064001752,00505684390C1FE0A6BF60906D1D4852
CMM_MTM_SLS,083,CMM_VLOGP_BGRFC_0064001753,00505684390C1FE0A6BF60DD8D96A852
CMM_MTM_SLS,083,CMM_VLOGP_BGRFC_0064001754,00505684390C1FE0A6BF61038C3C2852
CMM_MTM_SLS,083,CMM_VLOGP_BGRFC_0064001755,00505684390C1FE181FEA0594875A889
CMM_MTM_SLS,083,CMM_VLOGP_BGRFC_0064001756,00505684390C1FE181FEA083B4800889
CMM_MTM_SLS,083,CMM_VLOGP_BGRFC_0064001757,00505684390C1FE181FEA0A77E02A889
CMM_MTM_SLS,083,CMM_VLOGP_BGRFC_0064001758,00505684390C1FE097B43AFD257EA832
CMM_MTM_SLS,083,CMM_VLOGP_BGRFC_0064001760,00505684390C1FE092EABEAE08E3A832
CMM_MTM_SLS,083,CMM_VLOGP_BGRFC_0064001761,00505684390C1FE181FEDC3FC4368889
CMM_MTM_SLS,083,CMM_VLOGP_BGRFC_0064001762,00505684390C1FE092EABECF14ECA832
CMM_MTM_SLS,083,CMM_VLOGP_BGRFC_0064001764,00505684390C1FE097B43B4968806832
CMM_MTM_SLS,083,CMM_VLOGP_BGRFC_0064001765,00505684390C1FE097B43B7F64ED2832
CMM_MTM_SLS,083,CMM_VLOGP_BGRFC_0064001766,00505684390C1FE097B43C2E70A94832
CMM_MTM_SLS,083,CMM_VLOGP_BGRFC_0064001767,00505684390C1FE097B3C19853DC6832
CMM_MTM_SLS,083,CMM_VLOGP_BGRFC_0064001769,00505684390C1FE0A6BF61AEE95C2852
CMM_MTM_SLS,083,CMM_VLOGP_BGRFC_0064001770,00505684390C1FE0A6BF61AEE9634852
CMM_MTM_SLS,083,CMM_VLOGP_BGRFC_0064001783,00505684390C1FE097B4E3358FD18832
CMM_MTM_SLS,083,CMM_VLOGP_BGRFC_0064001784,00505684390C1FE184E6A67E9CF9288D
CMM_MTM_SLS,083,CMM_VLOGP_BGRFC_0064001785,00505684390C1FE184E6A659B4B0688D
CMM_MTM_SLS,083,CMM_VLOGP_BGRFC_0064001789,00505684390C1FE0A6BF62F3C66E8852
CMM_MTM_SLS,083,CMM_VLOGP_BGRFC_0064001791,00505684390C1FE182FD201231AE4889
CMM_MTM_SLS,083,CMM_VLOGP_BGRFC_0064001805,00505684390C1FE181FEDD37DC442889
CMM_MTM_SLS,083,CMM_VLOGP_BGRFC_0064001806,00505684390C1FE0A6BF6483DC1CE852
CMM_MTM_SLS,083,CMM_VLOGP_BGRFC_0064001807,00505684390C1FE0A6BF64BCC4B3C852
CMM_MTM_SLS,083,CMM_VLOGP_BGRFC_0064001820,00505684390C1FE097B44B24FE21C832
CMM_MTM_SLS,083,CMM_VLOGP_BGRFC_0064001824,00505684390C1FE097B44F72BC4E4832
CMM_MTM_SLS,083,CMM_VLOGP_BGRFC_0064001825,00505684390C1FE182FD2130D14F2889
CMM_MTM_SLS,083,CMM_VLOGP_BGRFC_0064001826,00505684390C1FE0A6BF65428C712852
CMM_MTM_SLS,083,CMM_VLOGP_BGRFC_0064001827,00505684390C1FE0A6BF6568DD004852
CMM_MTM_SLS,083,CMM_VLOGP_BGRFC_0064001828,00505684390C1FE0A6BF3D533F312852
CMM_MTM_SLS,083,CMM_VLOGP_BGRFC_0064001829,00505684390C1FE0A6BF3D7BE466A852
CMM_MTM_SLS,083,CMM_VLOGP_BGRFC_0064001832,00505684390C1FE097B451ECE9CF6832
CMM_MTM_SLS,083,CMM_VLOGP_BGRFC_0064001833,00505684390C1FE0A6BF3E3B1DC46852
CMM_MTM_SLS,083,CMM_VLOGP_BGRFC_0064001834,00505684390C1FE097B453A619CC2832
CMM_MTM_SLS,083,CMM_VLOGP_BGRFC_0064001836,00505684390C1FE0A6BF3F30B03F6852
CMM_MTM_SLS,083,CMM_VLOGP_BGRFC_0064001837,00505684390C1FE0A6BF3F7D03A7A852
CMM_MTM_SLS,083,CMM_VLOGP_BGRFC_0064001843,00505684390C1FE097B45B33F3178832
CMM_MTM_SLS,083,CMM_VLOGP_BGRFC_0064001845,00505684390C1FE181FEA83FCBD90889
CMM_MTM_SLS,083,CMM_VLOGP_BGRFC_0064001846,00505684390C1FE0A6BF6626FBAF2852
CMM_MTM_SLS,083,CMM_VLOGP_BGRFC_0064001848,00505684390C1FE097B461F269EFC832
CMM_MTM_SLS,083,CMM_VLOGP_BGRFC_0064001849,00505684390C1FE097B463D08202E832
CMM_MTM_SLS,083,CMM_VLOGP_BGRFC_0064001850,00505684390C1FE099DA77E6701AC832
CMM_MTM_SLS,083,CMM_VLOGP_BGRFC_0064001851,00505684390C1FE097B4693140184832
CMM_MTM_SLS,083,CMM_VLOGP_BGRFC_0064001854,00505684390C1FE097B46BDBD0D8A832
CMM_MTM_SLS,083,CMM_VLOGP_BGRFC_0064001858,00505684390C1FE097B4714C18CAE832
CMM_MTM_SLS,083,CMM_VLOGP_BGRFC_0064001859,00505684390C1FE097B473384E4F4832
CMM_MTM_SLS,083,CMM_VLOGP_BGRFC_0064001860,00505684390C1FE097B474F144BCC832
CMM_MTM_SLS,083,CMM_VLOGP_BGRFC_0064001861,00505684390C1FE097B4769568B0C832
CMM_MTM_SLS,083,CMM_VLOGP_BGRFC_0064001862,00505684390C1FE097B4674E607C2832
CMM_MTM_SLS,083,CMM_VLOGP_BGRFC_0064001863,00505684390C1FE097B47C3088D3C832
CMM_MTM_SLS,083,CMM_VLOGP_BGRFC_0064001864,00505684390C1FE097B3D7F3083BC832
CMM_MTM_SLS,083,CMM_VLOGP_BGRFC_0064001865,00505684390C1FE097B481FC541B2832
CMM_MTM_SLS,083,CMM_VLOGP_BGRFC_0064001866,00505684390C1FE097B487911477E832
CMM_MTM_SLS,083,CMM_VLOGP_BGRFC_0064001867,00505684390C1FE097B3D8422F46E832
CMM_MTM_SLS,083,CMM_VLOGP_BGRFC_0064001868,00505684390C1FE097B48C2FCF690832
CMM_MTM_SLS,083,CMM_VLOGP_BGRFC_0064001871,00505684390C1FE097B3D8A3ED706832
CMM_MTM_SLS,083,CMM_VLOGP_BGRFC_0064001872,00505684390C1FE0A6BF5B5CA2B1C852
CMM_MTM_SLS,083,CMM_VLOGP_BGRFC_0064001877,00505684390C1FE1908C83620143A896
CMM_MTM_SLS,083,CMM_VLOGP_BGRFC_0064001879,00505684390C1FE097B4923200DFC832
CMM_MTM_SLS,083,CMM_VLOGP_BGRFC_0064001880,00505684390C1FE097B49702832B8832
CMM_MTM_SLS,083,CMM_VLOGP_BGRFC_0064001881,00505684390C1FE0A6BF688C32D76852
CMM_MTM_SLS,083,CMM_VLOGP_BGRFC_0064001884,00505684390C1FE097B4997529486832
CMM_MTM_SLS,083,CMM_VLOGP_BGRFC_0064001885,00505684390C1FE097B49F1389DCE832
CMM_MTM_SLS,083,CMM_VLOGP_BGRFC_0064001887,00505684390C1FE097B4A51EBA7D0832
CMM_MTM_SLS,083,CMM_VLOGP_BGRFC_0064001888,00505684390C1FE097B4AB0F5681E832
CMM_MTM_SLS,083,CMM_VLOGP_BGRFC_0064001889,00505684390C1FE097B4B06E51D88832
CMM_MTM_SLS,083,CMM_VLOGP_BGRFC_0064001890,00505684390C1FE097B4B5CAA7AEC832
CMM_MTM_SLS,083,CMM_VLOGP_BGRFC_0064001900,00505684390C1FE097B545B8D3B70832
CMM_MTM_SLS,083,CMM_VLOGP_BGRFC_0064001901,00505684390C1FE097B4B740D63F6832
CMM_MTM_SLS,083,CMM_VLOGP_BGRFC_0064001902,00505684390C1FE0A6BF69260DB48852
CMM_MTM_SLS,083,CMM_VLOGP_BGRFC_0064001903,00505684390C1FE097B3D8F451DC6832
CMM_MTM_SLS,083,CMM_VLOGP_BGRFC_0064001904,00505684390C1FE0A6BF69B544F50852
CMM_MTM_SLS,083,CMM_VLOGP_BGRFC_0064001906,00505684390C1FE0A6BF6A2057AE2852
CMM_MTM_SLS,083,CMM_VLOGP_BGRFC_0064001908,00505684390C1FE097B4B8850D5D0832
CMM_MTM_SLS,083,CMM_VLOGP_BGRFC_0064001910,00505684390C1FE0A6BF744EDA3BE852
CMM_MTM_SLS,083,CMM_VLOGP_BGRFC_0064001912,00505684390C1FE0A6BF74E844022852
CMM_MTM_SLS,083,CMM_VLOGP_BGRFC_0064001913,00505684390C1FE097B54D9B43544832
CMM_MTM_SLS,083,CMM_VLOGP_BGRFC_0064001914,00505684390C1FE097B5518EB52AC832
CMM_MTM_SLS,083,CMM_VLOGP_BGRFC_0064001916,00505684390C1FE097B5560AA0B02832
CMM_MTM_SLS,083,CMM_VLOGP_BGRFC_0064001918,00505684390C1FE092DE0CBB84650832
CMM_MTM_SLS,083,CMM_VLOGP_BGRFC_0064001919,00505684390C1FE0A6BF7AF42A3F8852
CMM_MTM_SLS,083,CMM_VLOGP_BGRFC_0064001921,00505684390C1FE0938B6C7CF0820832
CMM_MTM_SLS,083,CMM_VLOGP_BGRFC_0064001929,00505684390C1FE096DACDCDD39AE832
CMM_MTM_SLS,083,CMM_VLOGP_BGRFC_0064001932,00505684390C1FE097B3D9D554562832
CMM_MTM_SLS,083,CMM_VLOGP_BGRFC_0064001933,00505684390C1FE1908C836201490896
CMM_MTM_SLS,083,CMM_VLOGP_BGRFC_0064001936,00505684390C1FE1908C83895F7EA896
CMM_MTM_SLS,083,CMM_VLOGP_BGRFC_0064001938,00505684390C1FE1908C83C164252896
CMM_MTM_SLS,083,CMM_VLOGP_BGRFC_0064001939,00505684390C1FE0989A399C41788832
CMM_MTM_SLS,083,CMM_VLOGP_BGRFC_0064001944,00505684390C1FE098DA61EF62536832
CMM_MTM_SLS,083,CMM_VLOGP_BGRFC_0064001945,00505684390C1FE0A4C2AA13915B4851
CMM_MTM_SLS,083,CMM_VLOGP_BGRFC_0064001946,00505684390C1FE09A8C6FCE3F646832
CMM_MTM_SLS,083,CMM_VLOGP_BGRFC_0064001949,00505684390C1FE099E147C90B46C832
CMM_MTM_SLS,083,CMM_VLOGP_BGRFC_0064001950,00505684390C1FE09FC2C7E43FCCC849
CMM_MTM_SLS,083,CMM_VLOGP_BGRFC_0064001952,00505684390C1FE09FC2BF16AD154849
CMM_MTM_SLS,083,CMM_VLOGP_BGRFC_0064001953,00505684390C1FE0A6BF6DC3D0C6A852
CMM_MTM_SLS,083,CMM_VLOGP_BGRFC_0064001954,00505684390C1FE0A6BF6DEACDA10852
CMM_MTM_SLS,083,CMM_VLOGP_BGRFC_0064001959,00505684390C1FE1908CC0D6EF328896
CMM_MTM_SLS,083,CMM_VLOGP_BGRFC_0064001969,00505684390C1FE09E892F74E9EC4834
CMM_MTM_SLS,083,CMM_VLOGP_BGRFC_0064001970,00505684390C1FE181FED0DB2C05E889
CMM_MTM_SLS,083,CMM_VLOGP_BGRFC_0064001971,00505684390C1FE09EA37F8DB154C834
CMM_MTM_SLS,083,CMM_VLOGP_BGRFC_0064001972,00505684390C1FE09EA3963FB23EE834
CMM_MTM_SLS,083,CMM_VLOGP_BGRFC_0064001987,00505684390C1FE0AEB6C8D9882E2878
CMM_MTM_SLS,083,CMM_VLOGP_BGRFC_0064001990,00505684390C1FE0AEC7E402BEEBE879
CMM_MTM_SLS,083,CMM_VLOGP_BGRFC_0064001991,00505684390C1FE181FEE8424F24A889
CMM_MTM_SLS,083,CMM_VLOGP_BGRFC_0064001993,00505684390C1FE1908CC2A3A1990896
CMM_MTM_SLS,083,CMM_VLOGP_BGRFC_0064002001,00505684390C1FE0A59986764A646851
CMM_MTM_SLS,083,CMM_VLOGP_BGRFC_0064002003,00505684390C1FE0A59CCA1FF5FCA851
CMM_MTM_SLS,083,CMM_VLOGP_BGRFC_0064002004,00505684390C1FE182FD2464DCFA8889
CMM_MTM_SLS,083,CMM_VLOGP_BGRFC_0064002007,00505684390C1FE181FEE9F5D4F0C889
CMM_MTM_SLS,083,CMM_VLOGP_BGRFC_0064002008,00505684390C1FE181FED1007AD64889
CMM_MTM_SLS,083,CMM_VLOGP_BGRFC_0064002009,00505684390C1FE0A68F598ABE768851
CMM_MTM_SLS,083,CMM_VLOGP_BGRFC_0064002010,00505684390C1FE0A893679E4C21E856
CMM_MTM_SLS,083,CMM_VLOGP_BGRFC_0064002011,00505684390C1FE186AFD0A0B062488F
CMM_MTM_SLS,083,CMM_VLOGP_BGRFC_0064002016,00505684390C1FE181FEEAB45B8FA889
CMM_MTM_SLS,083,CMM_VLOGP_BGRFC_0064002018,00505684390C1FE0B4AB83C39579687B
CMM_MTM_SLS,083,CMM_VLOGP_BGRFC_0064002019,00505684390C1FE0AA8D0A0367DB2865
CMM_MTM_SLS,083,CMM_VLOGP_BGRFC_0064002021,00505684390C1FE0AAA968FCEB13C865
CMM_MTM_SLS,083,CMM_VLOGP_BGRFC_0064002024,00505684390C1FE0AECCF8A4C69D6879
CMM_MTM_SLS,083,CMM_VLOGP_BGRFC_0064002026,00505684390C1FE0A8FB32C87E802856
CMM_MTM_SLS,083,CMM_VLOGP_BGRFC_0064002028,00505684390C1FE182FD25235ECD8889
CMM_MTM_SLS,083,CMM_VLOGP_BGRFC_0064002029,00505684390C1FE0A89286018E06E856
CMM_MTM_SLS,083,CMM_VLOGP_BGRFC_0064002030,00505684390C1FE0A89329C75841A856
CMM_MTM_SLS,083,CMM_VLOGP_BGRFC_0064002031,00505684390C1FE0A893642EEED58856
CMM_MTM_SLS,083,CMM_VLOGP_BGRFC_0064002032,00505684390C1FE0A893B6BF9908E856
CMM_MTM_SLS,083,CMM_VLOGP_BGRFC_0064002040,00505684390C1FE182FD26425AC3A889
CMM_MTM_SLS,083,CMM_VLOGP_BGRFC_0064002044,00505684390C1FE0AEB91647DC27A878
CMM_MTM_SLS,083,CMM_VLOGP_BGRFC_0064002047,00505684390C1FE0AEB4EBB5AEA1C878
CMM_MTM_SLS,083,CMM_VLOGP_BGRFC_0064002048,00505684390C1FE186974D47DC32288F
CMM_MTM_SLS,083,CMM_VLOGP_BGRFC_0064002049,00505684390C1FE0AFF304AAA5F86879
CMM_MTM_SLS,083,CMM_VLOGP_BGRFC_0064002061,00505684390C1FE0B2C9596152A4C87A
CMM_MTM_SLS,083,CMM_VLOGP_BGRFC_0064002062,00505684390C1FE0B2C968A53C41887A
CMM_MTM_SLS,083,CMM_VLOGP_BGRFC_0064002063,00505684390C1FE0B2C9ED1F9FEFE87A
CMM_MTM_SLS,083,CMM_VLOGP_BGRFC_0064002064,00505684390C1FE0B4ABA143D93CE87B
CMM_MTM_SLS,083,CMM_VLOGP_BGRFC_0064002065,00505684390C1FE0B4ACF9B5BAB5A87B
CMM_MTM_SLS,083,CMM_VLOGP_BGRFC_0064002069,00505684390C1FE0B4CCD56984D2487B
CMM_MTM_SLS,083,CMM_VLOGP_BGRFC_0064002074,00505684390C1FE0B597F0633F7AA87B
CMM_MTM_SLS,083,CMM_VLOGP_BGRFC_0064002078,00505684390C1FE0BDC77AAE32FBC887
CMM_MTM_SLS,083,CMM_VLOGP_BGRFC_0064002082,00505684390C1FE180AA84BDA59A8889
CMM_MTM_SLS,083,CMM_VLOGP_BGRFC_0064002083,00505684390C1FE180BEC9DAE3682889
CMM_MTM_SLS,083,CMM_VLOGP_BGRFC_0064002086,00505684390C1FE180EE86372D0C0889
CMM_MTM_SLS,083,CMM_VLOGP_BGRFC_0064002096,00505684390C1FE181CA57153ECB2889
CMM_MTM_SLS,083,CMM_VLOGP_BGRFC_0064002100,00505684390C1FE181CFFAE40DAD0889
CMM_MTM_SLS,083,CMM_VLOGP_BGRFC_0064002102,00505684390C1FE181FE88236933A889
CMM_MTM_SLS,083,CMM_VLOGP_BGRFC_0064002105,00505684390C1FE186974E1C72CDA88F
CMM_MTM_SLS,083,CMM_VLOGP_BGRFC_0064002111,00505684390C1FE183822D6DF309C889
CMM_MTM_SLS,083,CMM_VLOGP_BGRFC_0064002112,00505684390C1FE18382475719694889
CMM_MTM_SLS,083,CMM_VLOGP_BGRFC_0064002119,00505684390C1FE186974E9EB5A6088F
CMM_MTM_SLS,083,CMM_VLOGP_BGRFC_0064002122,00505684390C1FE18DE15F56471BA896
CMM_MTM_SLS,083,CMM_VLOGP_BGRFC_0064002132,00505684390C1FE18BFD644C10F40895
CMM_MTM_SLS,083,CMM_VLOGP_BGRFC_0064002133,00505684390C1FE18BFD64676F02A895
CMM_MTM_SLS,083,CMM_VLOGP_BGRFC_0064002136,00505684390C1FE18BFD6480E384A895
CMM_MTM_SLS,083,CMM_VLOGP_BGRFC_0064002137,00505684390C1FE18BFD649C7A5D8895
CMM_MTM_SLS,083,CMM_VLOGP_BGRFC_0064002139,00505684390C1FE185835B97D762A88D
CMM_MTM_SLS,083,CMM_VLOGP_BGRFC_0064002141,00505684390C1FE185DB3A898F9EA88E
CMM_MTM_SLS,083,CMM_VLOGP_BGRFC_0064002142,00505684390C1FE18DE1617246B9E896
CMM_MTM_SLS,083,CMM_VLOGP_BGRFC_0064002146,00505684390C1FE18A91A93C3C984891
CMM_MTM_SLS,083,CMM_VLOGP_BGRFC_0064002149,00505684390C1FE18FC768814F638896
CMM_MTM_SLS,083,CMM_VLOGP_BGRFC_0064002152,00505684390C1FE18A923EE31B8AC891
CMM_MTM_SLS,083,CMM_VLOGP_BGRFC_0064002159,00505684390C1FE18788A675630C288F
CMM_MTM_SLS,083,CMM_VLOGP_BGRFC_0064002160,00505684390C1FE18BFD651A94082895
CMM_MTM_SLS,083,CMM_VLOGP_BGRFC_0064002161,00505684390C1FE18BFD653C09C98895
CMM_MTM_SLS,083,CMM_VLOGP_BGRFC_0064002165,00505684390C1FE187BE35AC7D04088F
CMM_MTM_SLS,083,CMM_VLOGP_BGRFC_0064002167,00505684390C1FE187C2F744A1B5488F
CMM_MTM_SLS,083,CMM_VLOGP_BGRFC_0064002168,00505684390C1FE187C37A3E112B888F
CMM_MTM_SLS,083,CMM_VLOGP_BGRFC_0064002169,00505684390C1FE187C399770A37888F
CMM_MTM_SLS,083,CMM_VLOGP_BGRFC_0064002170,00505684390C1FE18BFD657CAD290895
CMM_MTM_SLS,083,CMM_VLOGP_BGRFC_0064002171,00505684390C1FE18DE1623D86918896
CMM_MTM_SLS,083,CMM_VLOGP_BGRFC_0064002172,00505684390C1FE187D805187AD94891
CMM_MTM_SLS,083,CMM_VLOGP_BGRFC_0064002173,00505684390C1FE18BFD65A2A2218895
CMM_MTM_SLS,083,CMM_VLOGP_BGRFC_0064002175,00505684390C1FE188F0A690A0442891
CMM_MTM_SLS,083,CMM_VLOGP_BGRFC_0064002176,00505684390C1FE189E8C784E90FA891
CMM_MTM_SLS,083,CMM_VLOGP_BGRFC_0064002196,00505684390C1FE18D886461BD1E4896
CMM_MTM_SLS,083,CMM_VLOGP_BGRFC_0064002199,00505684390C1FE18E9A854B34C5C896
CMM_MTM_SLS,083,CMM_VLOGP_BGRFC_0064002210,00505684390C1FE18F9DB7B6A3562896
CMM_MTM_SLS,083,CMM_VLOGP_BGRFC_0064002211,00505684390C1FE18FC781F42E880896
CMM_MTM_SLS,083,CMM_VLOGP_BGRFC_0064002212,00505684390C1FE18FC94C646E318896
CMM_MTM_SLS,083,CMM_VLOGP_BGRFC_0064002213,00505684390C1FE18FC97C13DF91A896
CMM_MTM_SLS,083,CMM_VLOGP_BGRFC_0064002214,00505684390C1FE18FC9885BF639A896
CMM_MTM_SLS,083,CMM_VLOGP_BGRFC_0064002215,00505684390C1FE18FC9BFE38147E896
CMM_MTM_SLS,083,CMM_VLOGP_BGRFC_0064002216,00505684390C1FE18FE8BF394975A896
CMM_MTM_SLS,083,CMM_VLOGP_BGRFC_0064002218,00505684390C1FE190E7932717D6C896
CMM_MTM_SLS,083,CMM_VLOGP_BGRFC_0064002232,00505684390C1FE193DEE3366B84C899
CMM_MTM_SLS,083,CMM_VLOGP_BGRFC_0064002238,00505684390C1FE193EBCBB1A1992899
CMM_MTM_SLS,083,CMM_VLOGP_BGRFC_0064002242,00505684390C1FE1958B9EB6B9ABC899
CMM_MTM_SLS,083,CMM_VLOGP_BGRFC_0064002244,00505684390C1FE195A06455AF88089A
CMM_MTM_SLS,083,CMM_VLOGP_BGRFC_0064002246,00505684390C1FE195B878641BB0689A
CMM_MTM_SLS,083,CMM_VLOGP_BGRFC_0066001172,00505684390C1FE092EAE8C205914832
CMM_MTM_SLS,083,CMM_VLOGP_BGRFC_0066001407,00505684390C1FE092EAE204158B2832
CMM_MTM_SLS,083,CMM_VLOGP_BGRFC_0066001464,00505684390C1FE0A8932127E7336856
CMM_MTM_SLS,083,CMM_VLOGP_BGRFC_0066001465,00505684390C1FE180EBA30DCD97C889
CMM_MTM_SLS,083,CMM_VLOGP_BGRFC_0066001466,00505684390C1FE180EBCCB43AF58889
CMM_MTM_SLS,083,CMM_VLOGP_BGRFC_0067000286,00505684390C1FE092EB101DB204A832
CMM_MTM_SLS,083,CMM_VLOGP_BGRFC_0067000538,00505684390C1FE092EAD31A20774832
CMM_MTM_SLS,083,CMM_VLOGP_BGRFC_0067000555,00505684390C1FE092EAEAC54838E832
CMM_MTM_SLS,083,CMM_VLOGP_BGRFC_0067000576,00505684390C1FE092EB05294C490832
CMM_MTM_SLS,083,CMM_VLOGP_BGRFC_0067000599,00505684390C1FE0AEB8F1BFC53BA878
CMM_MTM_SLS,083,CMM_VLOGP_BGRFC_0067000633,00505684390C1FE092EAC3FF68394832
CMM_MTM_SLS,083,CMM_VLOGP_BGRFC_0067000666,00505684390C1FE09F8FB8AC6E370846
CMM_MTM_SLS,083,CMM_VLOGP_BGRFC_0067000667,00505684390C1FE09A90FD1730DFE832
CMM_MTM_SLS,083,CMM_VLOGP_BGRFC_0067000671,00505684390C1FE0AEB8FA7589916878
CMM_MTM_SLS,083,CMM_VLOGP_BGRFC_0067000672,00505684390C1FE0A7EC1E6744B28856
CMM_MTM_SLS,083,CMM_VLOGP_BGRFC_0067000677,00505684390C1FE18697524BBC28488F
CMM_MTM_SLS,083,CMM_VLOGP_BGRFC_0067000679,00505684390C1FE0BB91BE866030A881
CMM_MTM_SLS,083,CMM_VLOGP_BGRFC_0067000683,00505684390C1FE190F66AC731246896
CMM_MTM_SLS,083,CMM_VLOGP_BGRFC_1200000003,00505684390C1FE092EB6C73A4946832
CMM_MTM_SLS,083,CMM_VLOGP_BGRFC_1200000008,00505684390C1FE0AEBC8051CE594878
CMM_MTM_SLS,083,CMM_VLOGP_BGRFC_1200000015,00505684390C1FE09F9892E5CCE72846
CMM_MTM_SLS,083,CMM_VLOGP_BGRFC_1200000024,00505684390C1FE097B43C3E0F790832
CMM_MTM_SLS,083,CMM_VLOGP_BGRFC_1200000025,00505684390C1FE18DE163E31224C896
CMM_MTM_SLS,083,CMM_VLOGP_BGRFC_1200000027,00505684390C1FE18D9C215EC20E2896
CMM_MTM_SLS,083,CMM_VLOGP_BGRFC_1200000028,00505684390C1FE18D9C21EA90A00896
CMM_MTM_SLS,083,CMM_VLOGP_BGRFC_1200000029,00505684390C1FE18D9C2257BC6D2896
CMM_MTM_SLS,083,CMM_VLOGP_BGRFC_1200000031,00505684390C1FE18D9C22C28AA78896
CMM_MTM_SLS,083,CMM_VLOGP_BGRFC_1200000034,00505684390C1FE18D9C231659BFA896
CMM_MTM_SLS,083,CMM_VLOGP_BGRFC_1200000035,00505684390C1FE18D9C2399DF10E896
CMM_MTM_SLS,083,CMM_VLOGP_BGRFC_1200000051,00505684390C1FE18DE16D6402824896
CMM_MTM_SLS,083,CMM_VLOGP_BGRFC_1200000052,00505684390C1FE18DE16E6336EF4896
CMM_MTM_SLS,083,CMM_VLOGP_BGRFC_1200000053,00505684390C1FE18DE16E926097C896
CMM_MTM_SLS,083,CMM_VLOGP_BGRFC_1200000054,00505684390C1FE18DE16F85A98B4896
CMM_MTM_SLS,083,CMM_VLOGP_BGRFC_1200000055,00505684390C1FE18D9C278F9C48A896
CMM_MTM_SLS,083,CMM_VLOGP_BGRFC_1200000056,00505684390C1FE18D9C27E613BD4896
CMM_MTM_SLS,083,CMM_VLOGP_BGRFC_1200000064,00505684390C1FE18D9C2C9FA49F0896
CMM_MTM_SLS,083,CMM_VLOGP_BGRFC_1200000130,00505684390C1FE18D9C46B470F50896
CMM_MTM_SLS,083,CMM_VLOGP_BGRFC_1200000131,00505684390C1FE18D9C46FC8AE2C896
CMM_MTM_SLS,083,CMM_VLOGP_BGRFC_1200000138,00505684390C1FE18D9C4AC94ED0E896
CMM_MTM_SLS,083,CMM_VLOGP_BGRFC_1200000145,00505684390C1FE18D9C4EBBFAF50896
CMM_MTM_SLS,083,CMM_VLOGP_BGRFC_1200000153,00505684390C1FE18D9C53BCD029C896
CMM_MTM_SLS,083,CMM_VLOGP_BGRFC_1200000160,00505684390C1FE092CFDA69FBD3A832
CMM_MTM_SLS,083,CMM_VLOGP_BGRFC_1200000171,00505684390C1FE18D9C5E283FD6E896
CMM_MTM_SLS,083,CMM_VLOGP_BGRFC_1200000183,00505684390C1FE18D9C609C658DC896
CMM_MTM_SLS,083,CMM_VLOGP_BGRFC_1200000184,00505684390C1FE0A2AA1BA675DC4849
CMM_MTM_SLS,083,CMM_VLOGP_BGRFC_1200000189,00505684390C1FE18D9C645D17014896
CMM_MTM_SLS,083,CMM_VLOGP_BGRFC_1200000190,00505684390C1FE18D9C64B97657A896
CMM_MTM_SLS,083,CMM_VLOGP_BGRFC_1200000191,00505684390C1FE18D9C64F53D2A8896
CMM_MTM_SLS,083,CMM_VLOGP_BGRFC_1200000195,00505684390C1FE18D9C661FDE254896
CMM_MTM_SLS,083,CMM_VLOGP_BGRFC_1200000196,00505684390C1FE18D9C6685AFE48896
CMM_MTM_SLS,083,CMM_VLOGP_BGRFC_1200000225,00505684390C1FE0ACE7F4B8E7088865
CMM_MTM_SLS,083,CMM_VLOGP_BGRFC_1200000226,00505684390C1FE0ACE8467FF02A0865
CMM_MTM_SLS,083,CMM_VLOGP_BGRFC_1200000228,00505684390C1FE182FD267282FBE889
CMM_MTM_SLS,083,CMM_VLOGP_BGRFC_1200000235,00505684390C1FE18D9C6D2A5034A896
CMM_MTM_SLS,083,CMM_VLOGP_BGRFC_1200000246,00505684390C1FE0AD9312644A2EA865
CMM_MTM_SLS,083,CMM_VLOGP_BGRFC_1200000247,00505684390C1FE0AD932AC9182D4865
CMM_MTM_SLS,083,CMM_VLOGP_BGRFC_1200000248,00505684390C1FE0AD933980DEAE0865
CMM_MTM_SLS,083,CMM_VLOGP_BGRFC_1200000249,00505684390C1FE0AD933EAB155E8865
CMM_MTM_SLS,083,CMM_VLOGP_BGRFC_1200000250,00505684390C1FE0AD9354A1E93C8866
CMM_MTM_SLS,083,CMM_VLOGP_BGRFC_1200000251,00505684390C1FE0AD9359763D6E8866
CMM_MTM_SLS,083,CMM_VLOGP_BGRFC_1200000252,00505684390C1FE0AD9374099F4E4866
CMM_MTM_SLS,083,CMM_VLOGP_BGRFC_1200000253,00505684390C1FE18D9C6D6F0014A896
CMM_MTM_SLS,083,CMM_VLOGP_BGRFC_1200000254,00505684390C1FE0AD93825B480BC866
CMM_MTM_SLS,083,CMM_VLOGP_BGRFC_1300000103,00505684390C1FE181F39C720B9C4889
CMM_MTM_SLS,083,CMM_VLOGP_BGRFC_1300000107,00505684390C1FE181FE1515AF6A6889
CMM_MTM_SLS,083,CMM_VLOGP_BGRFC_1300000139,00505684390C1FE192943B7B3FE46899
CMM_MTM_SLS,083,CMM_VLOGP_BGRFC_1300000141,00505684390C1FE180804E5CA4DE8889
CMM_MTM_SLS,083,CMM_VLOGP_BGRFC_1300000146,00505684390C1FE180C0B241D1A58889
CMM_MTM_SLS,083,CMM_VLOGP_BGRFC_1300000148,00505684390C1FE180F6477860464889
CMM_MTM_SLS,083,CMM_VLOGP_BGRFC_1300000149,00505684390C1FE181872E3A4D6E8889
CMM_MTM_SLS,083,CMM_VLOGP_BGRFC_1300000153,00505684390C1FE187DDA84B9B660891
CMM_MTM_SLS,083,CMM_VLOGP_BGRFC_1300000158,00505684390C1FE181C1AC58AE934889
CMM_MTM_SLS,083,CMM_VLOGP_BGRFC_1300000165,00505684390C1FE182E07CA029994889
CMM_MTM_SLS,083,CMM_VLOGP_BGRFC_1300000170,00505684390C1FE183CEE2B0B3DCC889
CMM_MTM_SLS,083,CMM_VLOGP_BGRFC_1300000173,00505684390C1FE1849EFF752344C88B
CMM_MTM_SLS,083,CMM_VLOGP_BGRFC_1300000177,00505684390C1FE187C9AF62C111C891
CMM_MTM_SLS,083,CMM_VLOGP_BGRFC_1600000000,00505684390C1FE181E995C4683A4889
CMM_MTM_SLS,083,CMM_VLOGP_BGRFC_1600000002,00505684390C1FE092EACAC039E74832
CMM_MTM_SLS,083,CMM_VLOGP_BGRFC_1600000006,00505684390C1FE0AEB8F56B5BAEC878
CMM_MTM_SLS,083,CMM_VLOGP_BGRFC_1600000056,00505684390C1FE092EB63DB0A43C832
CMM_MTM_SLS,083,CMM_VLOGP_BGRFC_1600000057,00505684390C1FE092EB68EBF0714832
CMM_MTM_SLS,083,CMM_VLOGP_BGRFC_1600000072,00505684390C1FE092EAF5AC10BF8832
CMM_MTM_SLS,083,CMM_VLOGP_BGRFC_1600000113,00505684390C1FE09F8FBB2431832846
CMM_MTM_SLS,083,CMM_VLOGP_BGRFC_1600000117,00505684390C1FE0A6CB8BD324570853
CMM_MTM_SLS,083,CMM_VLOGP_BGRFC_1600000118,00505684390C1FE092EACAC09120A832
CMM_MTM_SLS,083,CMM_VLOGP_BGRFC_1600000121,00505684390C1FE099F2545624896832
CMM_MTM_SLS,083,CMM_VLOGP_BGRFC_1600000131,00505684390C1FE0A6CB7D59074BA853
CMM_MTM_SLS,083,CMM_VLOGP_BGRFC_1600000207,00505684390C1FE094AAA59267714832
CMM_MTM_SLS,083,CMM_VLOGP_BGRFC_1600000208,00505684390C1FE092FFB52EE463A832
CMM_MTM_SLS,083,CMM_VLOGP_BGRFC_1600000210,00505684390C1FE092EB0D6F79ED4832
CMM_MTM_SLS,083,CMM_VLOGP_BGRFC_1600000474,00505684390C1FE09F988C319DDE4846
CMM_MTM_SLS,083,CMM_VLOGP_BGRFC_1600000510,00505684390C1FE09F9226549FCFA846
CMM_MTM_SLS,083,CMM_VLOGP_BGRFC_1600000527,00505684390C1FE092EB1B9A53740832
CMM_MTM_SLS,083,CMM_VLOGP_BGRFC_1600000529,00505684390C1FE0A6CB79205EF8A853
CMM_MTM_SLS,083,CMM_VLOGP_BGRFC_1600000688,00505684390C1FE0A9B345B4C7C06863
CMM_MTM_SLS,083,CMM_VLOGP_BGRFC_1600000748,00505684390C1FE092EAC0052CFA0832
CMM_MTM_SLS,083,CMM_VLOGP_BGRFC_1600000812,00505684390C1FE09F8F987B35D24846
CMM_MTM_SLS,083,CMM_VLOGP_BGRFC_1600000813,00505684390C1FE092EAC15EB0F6E832
CMM_MTM_SLS,083,CMM_VLOGP_BGRFC_1600000910,00505684390C1FE182E2C5436F66A889
CMM_MTM_SLS,083,CMM_VLOGP_BGRFC_1600000913,00505684390C1FE186C02B53DC4EE88F
CMM_MTM_SLS,083,CMM_VLOGP_BGRFC_1600000960,00505684390C1FE094AAC72BF8146832
CMM_MTM_SLS,083,CMM_VLOGP_BGRFC_1600000961,00505684390C1FE092FFC0E37F528832
CMM_MTM_SLS,083,CMM_VLOGP_BGRFC_1600000963,00505684390C1FE092EB16F73D19E832
CMM_MTM_SLS,083,CMM_VLOGP_BGRFC_1600001019,00505684390C1FE0AEB8F2CD9357E878
CMM_MTM_SLS,083,CMM_VLOGP_BGRFC_1600001020,00505684390C1FE09F988EA6A4A66846
CMM_MTM_SLS,083,CMM_VLOGP_BGRFC_1600001033,00505684390C1FE186A33BC2156DC88F
CMM_MTM_SLS,083,CMM_VLOGP_BGRFC_1600001043,00505684390C1FE186BFA3E25808088F
CMM_MTM_SLS,083,CMM_VLOGP_BGRFC_1600001111,00505684390C1FE097B43C2110C08832
CMM_MTM_SLS,083,CMM_VLOGP_BGRFC_1600001152,00505684390C1FE18DE2075429BA6896
CMM_MTM_SLS,083,CMM_VLOGP_BGRFC_1600001153,00505684390C1FE18DE2082BC164C896
CMM_MTM_SLS,083,CMM_VLOGP_BGRFC_1600001155,00505684390C1FE18DE2086413CFE896
CMM_MTM_SLS,083,CMM_VLOGP_BGRFC_1600001156,00505684390C1FE0A6C134C72A99E852
CMM_MTM_SLS,083,CMM_VLOGP_BGRFC_1600001157,00505684390C1FE097B4C79344D06832
CMM_MTM_SLS,083,CMM_VLOGP_BGRFC_1600001161,00505684390C1FE184F518567FBB288D
CMM_MTM_SLS,083,CMM_VLOGP_BGRFC_1600001165,00505684390C1FE185C7528F44F7288E
CMM_MTM_SLS,083,CMM_VLOGP_BGRFC_1600001173,00505684390C1FE185C7BC483B7B288E
CMM_MTM_SLS,083,CMM_VLOGP_BGRFC_1600001184,00505684390C1FE185DF9BC0D68B088F
CMM_MTM_SLS,083,CMM_VLOGP_BGRFC_1600001193,00505684390C1FE18D9C8DF610A64896
CMM_MTM_SLS,083,CMM_VLOGP_BGRFC_1600001195,00505684390C1FE097B43C2AD7118832
CMM_MTM_SLS,083,CMM_VLOGP_BGRFC_1600001196,00505684390C1FE097B57CD74BF2C832
CMM_MTM_SLS,083,CMM_VLOGP_BGRFC_1600001207,00505684390C1FE18DE21E24C76AC896
CMM_MTM_SLS,083,CMM_VLOGP_BGRFC_1600001208,00505684390C1FE097B43EA88C7F6832
CMM_MTM_SLS,083,CMM_VLOGP_BGRFC_1600001212,00505684390C1FE18DE220ADA00AE896
CMM_MTM_SLS,083,CMM_VLOGP_BGRFC_1600001213,00505684390C1FE185E2D4ADCFD5A88F
CMM_MTM_SLS,083,CMM_VLOGP_BGRFC_1600001215,00505684390C1FE18D9C9242569B0896
CMM_MTM_SLS,083,CMM_VLOGP_BGRFC_1600001218,00505684390C1FE184E1360D71F9688D
CMM_MTM_SLS,083,CMM_VLOGP_BGRFC_1600001263,00505684390C1FE18DE23482F7884896
CMM_MTM_SLS,083,CMM_VLOGP_BGRFC_1600001264,00505684390C1FE18DE23569B0EC4896
CMM_MTM_SLS,083,CMM_VLOGP_BGRFC_1600001265,00505684390C1FE18DE23625D7970896
CMM_MTM_SLS,083,CMM_VLOGP_BGRFC_1600001266,00505684390C1FE18DE23648F1992896
CMM_MTM_SLS,083,CMM_VLOGP_BGRFC_1600001267,00505684390C1FE18DE23720125A4896
CMM_MTM_SLS,083,CMM_VLOGP_BGRFC_1600001275,00505684390C1FE18DE23B3472B56896
CMM_MTM_SLS,083,CMM_VLOGP_BGRFC_1600001276,00505684390C1FE18DE23C0E171EA896
CMM_MTM_SLS,083,CMM_VLOGP_BGRFC_1600001284,00505684390C1FE097B43C04ADBCE832
CMM_MTM_SLS,083,CMM_VLOGP_BGRFC_1600001285,00505684390C1FE18DE15DEC31250896
CMM_MTM_SLS,083,CMM_VLOGP_BGRFC_1600001292,00505684390C1FE18DE23D978D528896
CMM_MTM_SLS,083,CMM_VLOGP_BGRFC_1600001294,00505684390C1FE18DE23E8F52ED2896
CMM_MTM_SLS,083,CMM_VLOGP_BGRFC_1600001297,00505684390C1FE18DE15EC9A1D60896
CMM_MTM_SLS,083,CMM_VLOGP_BGRFC_1600001300,00505684390C1FE18DE16F114091C896
CMM_MTM_SLS,083,CMM_VLOGP_BGRFC_1600001301,00505684390C1FE18DE15F7F9E682896
CMM_MTM_SLS,083,CMM_VLOGP_BGRFC_1600001303,00505684390C1FE185E2F351D952088F
CMM_MTM_SLS,083,CMM_VLOGP_BGRFC_1600001304,00505684390C1FE18DE160802CE80896
CMM_MTM_SLS,083,CMM_VLOGP_BGRFC_1600001306,00505684390C1FE18DE1616AB9390896
CMM_MTM_SLS,083,CMM_VLOGP_BGRFC_1600001308,00505684390C1FE18DE161A6EBE34896
CMM_MTM_SLS,083,CMM_VLOGP_BGRFC_1600001312,00505684390C1FE18DE1626AB495A896
CMM_MTM_SLS,083,CMM_VLOGP_BGRFC_1600001313,00505684390C1FE18DE1630FA5C68896
CMM_MTM_SLS,083,CMM_VLOGP_BGRFC_1600001314,00505684390C1FE18DE1640BC8C82896
CMM_MTM_SLS,083,CMM_VLOGP_BGRFC_1600001315,00505684390C1FE188B5A04F2F8E0891
CMM_MTM_SLS,083,CMM_VLOGP_BGRFC_1600001316,00505684390C1FE0A6BF900712774852
CMM_MTM_SLS,083,CMM_VLOGP_BGRFC_1600001317,00505684390C1FE18DE242F4F6136896
CMM_MTM_SLS,083,CMM_VLOGP_BGRFC_1600001323,00505684390C1FE18DE170F53B2AC896
CMM_MTM_SLS,083,CMM_VLOGP_BGRFC_1600001329,00505684390C1FE18DE171D17CFA6896
CMM_MTM_SLS,083,CMM_VLOGP_BGRFC_1600001330,00505684390C1FE18DE171FA6FC3E896
CMM_MTM_SLS,083,CMM_VLOGP_BGRFC_1600001331,00505684390C1FE18DE172EC6C4A6896
CMM_MTM_SLS,083,CMM_VLOGP_BGRFC_1600001332,00505684390C1FE18DE17327C11AA896
CMM_MTM_SLS,083,CMM_VLOGP_BGRFC_1600001339,00505684390C1FE1858FF361D90F488D
CMM_MTM_SLS,083,CMM_VLOGP_BGRFC_1600001345,00505684390C1FE18DE173C17E11A896
CMM_MTM_SLS,083,CMM_VLOGP_BGRFC_1600001352,00505684390C1FE18DE16732D9CBC896
CMM_MTM_SLS,083,CMM_VLOGP_BGRFC_1600001359,00505684390C1FE18DE167DA058D8896
CMM_MTM_SLS,083,CMM_VLOGP_BGRFC_1600001366,00505684390C1FE0A6BF90C8011F0852
CMM_MTM_SLS,083,CMM_VLOGP_BGRFC_1600001372,00505684390C1FE18DE171D78D2A4896
CMM_MTM_SLS,083,CMM_VLOGP_BGRFC_1600001374,00505684390C1FE18DE172B948270896
CMM_MTM_SLS,083,CMM_VLOGP_BGRFC_1600001383,00505684390C1FE18DE24F2722AAC896
CMM_MTM_SLS,083,CMM_VLOGP_BGRFC_1600001384,00505684390C1FE18DE1739353216896
CMM_MTM_SLS,083,CMM_VLOGP_BGRFC_1600001385,00505684390C1FE18DE173C43FA4A896
CMM_MTM_SLS,083,CMM_VLOGP_BGRFC_1600001395,00505684390C1FE18DE2503C2166A896
CMM_MTM_SLS,083,CMM_VLOGP_BGRFC_1600001397,00505684390C1FE18ACC73C3940D6894
CMM_MTM_SLS,083,CMM_VLOGP_BGRFC_1600001398,00505684390C1FE18D9A1917365F0896
CMM_MTM_SLS,083,CMM_VLOGP_BGRFC_1600001399,00505684390C1FE18DE1763E16C10896
CMM_MTM_SLS,083,CMM_VLOGP_BGRFC_1600001400,00505684390C1FE18D9A197656168896
CMM_MTM_SLS,083,CMM_VLOGP_BGRFC_1600001401,00505684390C1FE18D829FDF55BAE896
CMM_MTM_SLS,083,CMM_VLOGP_BGRFC_1600001402,00505684390C1FE18DE175A0820EA896
CMM_MTM_SLS,083,CMM_VLOGP_BGRFC_1600001418,00505684390C1FE18D9A19D1A5ADE896
CMM_MTM_SLS,083,CMM_VLOGP_BGRFC_1600001419,00505684390C1FE18D9A19EA88908896
CMM_MTM_SLS,083,CMM_VLOGP_BGRFC_1600001420,00505684390C1FE18D82A64BF182A896
CMM_MTM_SLS,083,CMM_VLOGP_BGRFC_1600001421,00505684390C1FE18DE178D6412BE896
CMM_MTM_SLS,083,CMM_VLOGP_BGRFC_1600001422,00505684390C1FE18D82A75376AFE896
CMM_MTM_SLS,083,CMM_VLOGP_BGRFC_1600001423,00505684390C1FE18D82AB0BEDA9E896
CMM_MTM_SLS,083,CMM_VLOGP_BGRFC_1600001428,00505684390C1FE18D9AC3218700E896
CMM_MTM_SLS,083,CMM_VLOGP_BGRFC_1600001434,00505684390C1FE18DE16A703E3AC896
CMM_MTM_SLS,083,CMM_VLOGP_BGRFC_1600001435,00505684390C1FE18DE16B40FD3D0896
CMM_MTM_SLS,083,CMM_VLOGP_BGRFC_1600001436,00505684390C1FE18DE16C069D68A896
CMM_MTM_SLS,083,CMM_VLOGP_BGRFC_1600001437,00505684390C1FE18DE16CFCC9694896
CMM_MTM_SLS,083,CMM_VLOGP_BGRFC_1600001441,00505684390C1FE18DE251D4B607C896
CMM_MTM_SLS,083,CMM_VLOGP_BGRFC_1600001445,00505684390C1FE18DE2545576624896
CMM_MTM_SLS,083,CMM_VLOGP_BGRFC_1600001446,00505684390C1FE18DE2552616068896
CMM_MTM_SLS,083,CMM_VLOGP_BGRFC_1600001448,00505684390C1FE18DE255EE335B2896
CMM_MTM_SLS,083,CMM_VLOGP_BGRFC_1600001450,00505684390C1FE18DE256665C8D0896
CMM_MTM_SLS,083,CMM_VLOGP_BGRFC_1600001451,00505684390C1FE18DE25758FE884896
CMM_MTM_SLS,083,CMM_VLOGP_BGRFC_1600001452,00505684390C1FE18DE257742C026896
CMM_MTM_SLS,083,CMM_VLOGP_BGRFC_1600001453,00505684390C1FE18DE258437C054896
CMM_MTM_SLS,083,CMM_VLOGP_BGRFC_1600001454,00505684390C1FE18DE259250F210896
CMM_MTM_SLS,083,CMM_VLOGP_BGRFC_1600001455,00505684390C1FE18DE259D327768896
CMM_MTM_SLS,083,CMM_VLOGP_BGRFC_1600001456,00505684390C1FE18DE25A77A78B4896
CMM_MTM_SLS,083,CMM_VLOGP_BGRFC_1600001458,00505684390C1FE18DE25AC5F3C9C896
CMM_MTM_SLS,083,CMM_VLOGP_BGRFC_1600001459,00505684390C1FE18DE25BB5216AC896
CMM_MTM_SLS,083,CMM_VLOGP_BGRFC_1600001460,00505684390C1FE18DE25BFC9172A896
CMM_MTM_SLS,083,CMM_VLOGP_BGRFC_1600001461,00505684390C1FE18DE17D5CC315C896
CMM_MTM_SLS,083,CMM_VLOGP_BGRFC_1600001462,00505684390C1FE18DE17664B009A896
CMM_MTM_SLS,083,CMM_VLOGP_BGRFC_1600001463,00505684390C1FE18DE25CF830BCC896
CMM_MTM_SLS,083,CMM_VLOGP_BGRFC_1600001464,00505684390C1FE18DE25DF55F924896
CMM_MTM_SLS,083,CMM_VLOGP_BGRFC_1600001465,00505684390C1FE18DE25EB23D3E2896
CMM_MTM_SLS,083,CMM_VLOGP_BGRFC_1600001466,00505684390C1FE18DE25FBF1E458896
CMM_MTM_SLS,083,CMM_VLOGP_BGRFC_1600001467,00505684390C1FE18DE25FF4E5604896
CMM_MTM_SLS,083,CMM_VLOGP_BGRFC_1600001469,00505684390C1FE18DE2602A9ED90896
CMM_MTM_SLS,083,CMM_VLOGP_BGRFC_1600001474,00505684390C1FE18DE17E112814C896
CMM_MTM_SLS,083,CMM_VLOGP_BGRFC_1600001475,00505684390C1FE18DE17E3855878896
CMM_MTM_SLS,083,CMM_VLOGP_BGRFC_1600001476,00505684390C1FE18DE170C573E36896
CMM_MTM_SLS,083,CMM_VLOGP_BGRFC_1600001477,00505684390C1FE18DE17F0DC014A896
CMM_MTM_SLS,083,CMM_VLOGP_BGRFC_1600001478,00505684390C1FE18DE1769CC188A896
CMM_MTM_SLS,083,CMM_VLOGP_BGRFC_1600001481,00505684390C1FE18DE17F4934556896
CMM_MTM_SLS,083,CMM_VLOGP_BGRFC_1600001482,00505684390C1FE18D82AC50F4D26896
CMM_MTM_SLS,083,CMM_VLOGP_BGRFC_1600001485,00505684390C1FE09680E2EEECA54832
CMM_MTM_SLS,083,CMM_VLOGP_BGRFC_1600001495,00505684390C1FE18D9AC4D34C53A896
CMM_MTM_SLS,083,CMM_VLOGP_BGRFC_1600001496,00505684390C1FE18DE26317886B0896
CMM_MTM_SLS,083,CMM_VLOGP_BGRFC_1600001512,00505684390C1FE1908C84481C4CC896
CMM_MTM_SLS,083,CMM_VLOGP_BGRFC_1600001513,00505684390C1FE1908C846999552896
CMM_MTM_SLS,083,CMM_VLOGP_BGRFC_1600001516,00505684390C1FE18DE2654C2FB1C896
CMM_MTM_SLS,083,CMM_VLOGP_BGRFC_1600001517,00505684390C1FE0BAF152CFA95EA880
CMM_MTM_SLS,083,CMM_VLOGP_BGRFC_1600001519,00505684390C1FE1908C8484F13E2896
CMM_MTM_SLS,083,CMM_VLOGP_BGRFC_1600001521,00505684390C1FE1908C84AD65234896
CMM_MTM_SLS,083,CMM_VLOGP_BGRFC_1600001522,00505684390C1FE18DE2676559F48896
CMM_MTM_SLS,083,CMM_VLOGP_BGRFC_1600001550,00505684390C1FE1908CC8EF17EC0896
CMM_MTM_SLS,083,CMM_VLOGP_BGRFC_1600001558,00505684390C1FE1908C84EBF1C82896
CMM_MTM_SLS,083,CMM_VLOGP_BGRFC_1600001559,00505684390C1FE1908C8508E4364896
CMM_MTM_SLS,083,CMM_VLOGP_BGRFC_1600001560,00505684390C1FE09B910C3D41BF0832
CMM_MTM_SLS,083,CMM_VLOGP_BGRFC_1600001562,00505684390C1FE18DE1755C6560E896
CMM_MTM_SLS,083,CMM_VLOGP_BGRFC_1600001572,00505684390C1FE18D9ACD48CB170896
CMM_MTM_SLS,083,CMM_VLOGP_BGRFC_1600001582,00505684390C1FE0A6901206DD07A851
CMM_MTM_SLS,083,CMM_VLOGP_BGRFC_1600001587,00505684390C1FE18D9ACF7D92430896
CMM_MTM_SLS,083,CMM_VLOGP_BGRFC_1600001591,00505684390C1FE1908C8B26A26F0896
CMM_MTM_SLS,083,CMM_VLOGP_BGRFC_1600001594,00505684390C1FE18DE177A343DA6896
CMM_MTM_SLS,083,CMM_VLOGP_BGRFC_1600001597,00505684390C1FE0ABEA3313EE8F6865
CMM_MTM_SLS,083,CMM_VLOGP_BGRFC_1600001600,00505684390C1FE18DE178660CC2A896
CMM_MTM_SLS,083,CMM_VLOGP_BGRFC_1600001601,00505684390C1FE0AC85126096366865
CMM_MTM_SLS,083,CMM_VLOGP_BGRFC_1600001603,00505684390C1FE18DE187A4A04EC896
CMM_MTM_SLS,083,CMM_VLOGP_BGRFC_1600001604,00505684390C1FE18DE17945E54F4896
CMM_MTM_SLS,083,CMM_VLOGP_BGRFC_1600001605,00505684390C1FE18DE17A283D61E896
CMM_MTM_SLS,083,CMM_VLOGP_BGRFC_1600001606,00505684390C1FE18DE17AB8E0C6A896
CMM_MTM_SLS,083,CMM_VLOGP_BGRFC_1600001607,00505684390C1FE18DE17AE317ABA896
CMM_MTM_SLS,083,CMM_VLOGP_BGRFC_1600001608,00505684390C1FE0AE967A54133C8875
CMM_MTM_SLS,083,CMM_VLOGP_BGRFC_1600001610,00505684390C1FE186BFA2F86A34088F
CMM_MTM_SLS,083,CMM_VLOGP_BGRFC_1600001615,00505684390C1FE18D9A3FB66A7B2896
CMM_MTM_SLS,083,CMM_VLOGP_BGRFC_1600001619,00505684390C1FE18D9A401318482896
CMM_MTM_SLS,083,CMM_VLOGP_BGRFC_1600001621,00505684390C1FE18D9A404BAC010896
CMM_MTM_SLS,083,CMM_VLOGP_BGRFC_1600001623,00505684390C1FE18D9A40A96CAE6896
CMM_MTM_SLS,083,CMM_VLOGP_BGRFC_1600001629,00505684390C1FE0AFDD07870479E879
CMM_MTM_SLS,083,CMM_VLOGP_BGRFC_1600001637,00505684390C1FE0B6B7BCFB0B98C87B
CMM_MTM_SLS,083,CMM_VLOGP_BGRFC_1600001674,00505684390C1FE193BF68ABBEB1C899
CMM_MTM_SLS,083,CMM_VLOGP_BGRFC_1600001682,00505684390C1FE18893844EE995E891
CMM_MTM_SLS,083,CMM_VLOGP_BGRFC_1600001690,00505684390C1FE19293C57B2288A899
CMM_MTM_SLS,083,CMM_VLOGP_BGRFC_1600001693,00505684390C1FE18BB703DE25518894
CMM_MTM_SLS,083,CMM_VLOGP_BGRFC_1600001694,00505684390C1FE18BBED8AA7F5EC894
CMM_MTM_SLS,083,CMM_VLOGP_BGRFC_1600001695,00505684390C1FE18BEC42E7B3866895
CMM_MTM_SLS,083,CMM_VLOGP_BGRFC_1600001715,00505684390C1FE1908C854127658896
CMM_MTM_SLS,083,CMM_VLOGP_BGRFC_1600001716,00505684390C1FE18D9B24439D5B2896
CMM_MTM_SLS,083,CMM_VLOGP_BGRFC_1600001728,00505684390C1FE190D01E74FBBAE896
CMM_MTM_SLS,083,CMM_VLOGP_BGRFC_1600001730,00505684390C1FE190E814C9C3DEA896
CMM_MTM_SLS,083,CMM_VLOGP_BGRFC_1600001743,00505684390C1FE1919B85C608380899
CMM_MTM_SLS,083,CMM_VLOGP_BGRFC_1600001745,00505684390C1FE191AF6921E2600899
CMM_MTM_SLS,083,CMM_VLOGP_BGRFC_1600001747,00505684390C1FE193A983B2D7746899
CMM_MTM_SLS,083,CMM_VLOGP_BGRFC_1600001763,00505684390C1FE194F5F4ACAFFEC899
CMM_MTM_SLS,083,CMM_VLOGP_BGRFC_1700000187,00505684390C1FE181E98E6D30422889
CMM_MTM_SLS,083,CMM_VLOGP_BGRFC_1700000234,00505684390C1FE181E98E929CFE8889
CMM_MTM_SLS,083,CMM_VLOGP_BGRFC_1700000306,00505684390C1FE0A6CB799128202853
CMM_MTM_SLS,083,CMM_VLOGP_BGRFC_1700000320,00505684390C1FE181E99416403C4889
CMM_MTM_SLS,083,CMM_VLOGP_BGRFC_1700000363,00505684390C1FE181E994467A466889
CMM_MTM_SLS,083,CMM_VLOGP_BGRFC_1700000406,00505684390C1FE181E992614A004889
CMM_MTM_SLS,083,CMM_VLOGP_BGRFC_1700000407,00505684390C1FE181E992614A018889
CMM_MTM_SLS,083,CMM_VLOGP_BGRFC_1700000429,00505684390C1FE181E992614A02C889
CMM_MTM_SLS,083,CMM_VLOGP_BGRFC_1700000463,00505684390C1FE181E9934BD2AC6889
CMM_MTM_SLS,083,CMM_VLOGP_BGRFC_1700000471,00505684390C1FE181E993A8125AE889
CMM_MTM_SLS,083,CMM_VLOGP_BGRFC_1700000482,00505684390C1FE181E99416403AE889
CMM_MTM_SLS,083,CMM_VLOGP_BGRFC_1700000483,00505684390C1FE181E993F63B08A889
CMM_MTM_SLS,083,CMM_VLOGP_BGRFC_1700000499,00505684390C1FE09BD6E891E1402832
CMM_MTM_SLS,083,CMM_VLOGP_BGRFC_1700000513,00505684390C1FE181E994A054F70889
CMM_MTM_SLS,083,CMM_VLOGP_BGRFC_1700000581,00505684390C1FE181E995E1792F8889
CMM_MTM_SLS,083,CMM_VLOGP_BGRFC_1700000652,00505684390C1FE181E99644CFC90889
CMM_MTM_SLS,083,CMM_VLOGP_BGRFC_1700000669,00505684390C1FE181E996B336840889
CMM_MTM_SLS,083,CMM_VLOGP_BGRFC_1700000702,00505684390C1FE181E99808F225E889
CMM_MTM_SLS,083,CMM_VLOGP_BGRFC_1700000723,00505684390C1FE181E99844BC59E889
CMM_MTM_SLS,083,CMM_VLOGP_BGRFC_1700000729,00505684390C1FE181E99808F2272889
CMM_MTM_SLS,083,CMM_VLOGP_BGRFC_1700000767,00505684390C1FE181E998A21413A889
CMM_MTM_SLS,083,CMM_VLOGP_BGRFC_1700000791,00505684390C1FE181E999BFEAFDA889
CMM_MTM_SLS,083,CMM_VLOGP_BGRFC_1700000796,00505684390C1FE181E99A6E8951C889
CMM_MTM_SLS,083,CMM_VLOGP_BGRFC_1700000797,00505684390C1FE181E99A4A8FC92889
CMM_MTM_SLS,083,CMM_VLOGP_BGRFC_1700000805,00505684390C1FE181E999E86A676889
CMM_MTM_SLS,083,CMM_VLOGP_BGRFC_1700000806,00505684390C1FE181E999E86A68C889
CMM_MTM_SLS,083,CMM_VLOGP_BGRFC_1700000810,00505684390C1FE181E99A4A8FC7C889
CMM_MTM_SLS,083,CMM_VLOGP_BGRFC_1700000823,00505684390C1FE181E99B7955A30889
CMM_MTM_SLS,083,CMM_VLOGP_BGRFC_1700000824,00505684390C1FE0ABD8439F802CE865
CMM_MTM_SLS,083,CMM_VLOGP_BGRFC_1700000825,00505684390C1FE09F95B1D332612846
CMM_MTM_SLS,083,CMM_VLOGP_BGRFC_1700000826,00505684390C1FE181E99BADA76A8889
CMM_MTM_SLS,083,CMM_VLOGP_BGRFC_1700000829,00505684390C1FE181E99C2C52C8C889
CMM_MTM_SLS,083,CMM_VLOGP_BGRFC_1700000834,00505684390C1FE181E99BC93341C889
CMM_MTM_SLS,083,CMM_VLOGP_BGRFC_1700000890,00505684390C1FE181E99CE524892889
CMM_MTM_SLS,083,CMM_VLOGP_BGRFC_1700000935,00505684390C1FE181E99D40F12D6889
CMM_MTM_SLS,083,CMM_VLOGP_BGRFC_1700001024,00505684390C1FE092FFC1D8FF7B4832
CMM_MTM_SLS,083,CMM_VLOGP_BGRFC_1700001033,00505684390C1FE092EB17CDB9F4E832
CMM_MTM_SLS,083,CMM_VLOGP_BGRFC_1700001458,00505684390C1FE18699A7CE223E888F
CMM_MTM_SLS,083,CMM_VLOGP_BGRFC_1700001462,00505684390C1FE187C8DDE2BDB90891
CMM_MTM_SLS,083,CMM_VLOGP_BGRFC_1700001498,00505684390C1FE186971D92EF3B888F
CMM_MTM_SLS,083,CMM_VLOGP_BGRFC_1700001509,00505684390C1FE186FB5BDAD2EF088F
CMM_MTM_SLS,083,CMM_VLOGP_BGRFC_1700001570,00505684390C1FE092EB1EA65AD2A832
CMM_MTM_SLS,083,CMM_VLOGP_BGRFC_1700001919,00505684390C1FE092EB239303DF4832
CMM_MTM_SLS,083,CMM_VLOGP_BGRFC_1700001963,00505684390C1FE186BFC02E6962288F
CMM_MTM_SLS,083,CMM_VLOGP_BGRFC_1700002429,00505684390C1FE092FFCD78DAE60832
CMM_MTM_SLS,083,CMM_VLOGP_BGRFC_1700002431,00505684390C1FE092EB25A569920832
CMM_MTM_SLS,083,CMM_VLOGP_BGRFC_1700002791,00505684390C1FE0949136CEB595C832
CMM_MTM_SLS,083,CMM_VLOGP_BGRFC_1700002795,00505684390C1FE092FFD0B23B90E832
CMM_MTM_SLS,083,CMM_VLOGP_BGRFC_1700002825,00505684390C1FE092EB2D065D478832
CMM_MTM_SLS,083,CMM_VLOGP_BGRFC_1700003039,00505684390C1FE186C05998B949488F
CMM_MTM_SLS,083,CMM_VLOGP_BGRFC_1700003236,00505684390C1FE092EB4752E2EBE832
CMM_MTM_SLS,083,CMM_VLOGP_BGRFC_1700003433,00505684390C1FE0AEB8E65F29D72878
CMM_MTM_SLS,083,CMM_VLOGP_BGRFC_1700003477,00505684390C1FE186971F029886E88F
CMM_MTM_SLS,083,CMM_VLOGP_BGRFC_1700003524,00505684390C1FE092EB51AEADC6A832
CMM_MTM_SLS,083,CMM_VLOGP_BGRFC_1700003680,00505684390C1FE09F942335ECCC8846
CMM_MTM_SLS,083,CMM_VLOGP_BGRFC_1700003704,00505684390C1FE186BFA7F3FBFA688F
CMM_MTM_SLS,083,CMM_VLOGP_BGRFC_1700003722,00505684390C1FE0A6CB3425C0974853
CMM_MTM_SLS,083,CMM_VLOGP_BGRFC_1700003899,00505684390C1FE092EB6511B1984832
CMM_MTM_SLS,083,CMM_VLOGP_BGRFC_1700004207,00505684390C1FE09380164A7F278832
CMM_MTM_SLS,083,CMM_VLOGP_BGRFC_1700004724,00505684390C1FE092EB5FC6476EA832
CMM_MTM_SLS,083,CMM_VLOGP_BGRFC_1700005064,00505684390C1FE092EB6FE44AEBA832
CMM_MTM_SLS,083,CMM_VLOGP_BGRFC_1700005173,00505684390C1FE184E3ED92C396E88D
CMM_MTM_SLS,083,CMM_VLOGP_BGRFC_1700005190,00505684390C1FE18DE286D6243F2896
CMM_MTM_SLS,083,CMM_VLOGP_BGRFC_1700005191,00505684390C1FE18DE286FB3DEC6896
CMM_MTM_SLS,083,CMM_VLOGP_BGRFC_1700005192,00505684390C1FE18DE287F27D7D2896
CMM_MTM_SLS,083,CMM_VLOGP_BGRFC_1700005229,00505684390C1FE18DE2B05F81942896
CMM_MTM_SLS,083,CMM_VLOGP_BGRFC_1700005230,00505684390C1FE184C9C2D66689E88D
CMM_MTM_SLS,083,CMM_VLOGP_BGRFC_1700005246,00505684390C1FE18DE2B2699CC0E896
CMM_MTM_SLS,083,CMM_VLOGP_BGRFC_1700005265,00505684390C1FE18DE2BDFE017B0896
CMM_MTM_SLS,083,CMM_VLOGP_BGRFC_1700005266,00505684390C1FE184E12CF938FBE88D
CMM_MTM_SLS,083,CMM_VLOGP_BGRFC_1700005267,00505684390C1FE184E12D234D3D488D
CMM_MTM_SLS,083,CMM_VLOGP_BGRFC_1700005320,00505684390C1FE18DE2DEB25F46C896
CMM_MTM_SLS,083,CMM_VLOGP_BGRFC_1700005321,00505684390C1FE18DE2DEF93C8D0896
CMM_MTM_SLS,083,CMM_VLOGP_BGRFC_1700005340,00505684390C1FE18DE2E9395866A896
CMM_MTM_SLS,083,CMM_VLOGP_BGRFC_1700005347,00505684390C1FE18DE2EF4FBD810896
CMM_MTM_SLS,083,CMM_VLOGP_BGRFC_1700005365,00505684390C1FE097B43F23BD09E832
CMM_MTM_SLS,083,CMM_VLOGP_BGRFC_1700005375,00505684390C1FE18DE3046DC1CB8896
CMM_MTM_SLS,083,CMM_VLOGP_BGRFC_1700005391,00505684390C1FE18DE31255B67B6896
CMM_MTM_SLS,083,CMM_VLOGP_BGRFC_1700005432,00505684390C1FE18DE32D69ADBAA896
CMM_MTM_SLS,083,CMM_VLOGP_BGRFC_1700005436,00505684390C1FE0ACFDE267A0A26865
CMM_MTM_SLS,083,CMM_VLOGP_BGRFC_1700005476,00505684390C1FE18DE34ADF09FF0896
CMM_MTM_SLS,083,CMM_VLOGP_BGRFC_1700005493,00505684390C1FE18DE350A2654CC896
CMM_MTM_SLS,083,CMM_VLOGP_BGRFC_1700005517,00505684390C1FE18DE35836F2FD2896
CMM_MTM_SLS,083,CMM_VLOGP_BGRFC_1700005528,00505684390C1FE18DE35B112EB16896
CMM_MTM_SLS,083,CMM_VLOGP_BGRFC_1700005541,00505684390C1FE18DE36342A02FC896
CMM_MTM_SLS,083,CMM_VLOGP_BGRFC_1700005544,00505684390C1FE18DE364CDCAC78896
CMM_MTM_SLS,083,CMM_VLOGP_BGRFC_1700005548,00505684390C1FE18DE36827F5420896
CMM_MTM_SLS,083,CMM_VLOGP_BGRFC_1700005551,00505684390C1FE0BE93EF73A9914887
CMM_MTM_SLS,083,CMM_VLOGP_BGRFC_1700005557,00505684390C1FE0A6980B4CBC054851
CMM_MTM_SLS,083,CMM_VLOGP_BGRFC_1700005580,00505684390C1FE18DE36B80513A0896
CMM_MTM_SLS,083,CMM_VLOGP_BGRFC_1700005581,00505684390C1FE18DE36C164F414896
CMM_MTM_SLS,083,CMM_VLOGP_BGRFC_1700005582,00505684390C1FE18DE36C519BA38896
CMM_MTM_SLS,083,CMM_VLOGP_BGRFC_1700005583,00505684390C1FE18DE36D2F54B08896
CMM_MTM_SLS,083,CMM_VLOGP_BGRFC_1700005586,00505684390C1FE1908C8BFADC122896
CMM_MTM_SLS,083,CMM_VLOGP_BGRFC_1700005588,00505684390C1FE18D9A3D87E808E896
CMM_MTM_SLS,083,CMM_VLOGP_BGRFC_1700005590,00505684390C1FE18DE36D9EF4DC2896
CMM_MTM_SLS,083,CMM_VLOGP_BGRFC_1700005591,00505684390C1FE18DE36FD71E3FE896
CMM_MTM_SLS,083,CMM_VLOGP_BGRFC_1700005597,00505684390C1FE18DE371CCC677E896
CMM_MTM_SLS,083,CMM_VLOGP_BGRFC_1700005608,00505684390C1FE18DE1B3435BE3C896
CMM_MTM_SLS,083,CMM_VLOGP_BGRFC_1700005612,00505684390C1FE18DE37741AF480896
CMM_MTM_SLS,083,CMM_VLOGP_BGRFC_1700005621,00505684390C1FE18D9A3DED57172896
CMM_MTM_SLS,083,CMM_VLOGP_BGRFC_1700005622,00505684390C1FE097B3DB099BCA6832
CMM_MTM_SLS,083,CMM_VLOGP_BGRFC_1700005624,00505684390C1FE18DE37840E574C896
CMM_MTM_SLS,083,CMM_VLOGP_BGRFC_1700005625,00505684390C1FE18DE379507A596896
CMM_MTM_SLS,083,CMM_VLOGP_BGRFC_1700005628,00505684390C1FE18DE379B08C84E896
CMM_MTM_SLS,083,CMM_VLOGP_BGRFC_1700005630,00505684390C1FE18D9A3E4FE1126896
CMM_MTM_SLS,083,CMM_VLOGP_BGRFC_1700005631,00505684390C1FE18DE37A7DF0C8A896
CMM_MTM_SLS,083,CMM_VLOGP_BGRFC_1700005632,00505684390C1FE18DE37AAF7A49A896
CMM_MTM_SLS,083,CMM_VLOGP_BGRFC_1700005642,00505684390C1FE1858FF7F2D684A88D
CMM_MTM_SLS,083,CMM_VLOGP_BGRFC_1700005643,00505684390C1FE18DE37B123FC14896
CMM_MTM_SLS,083,CMM_VLOGP_BGRFC_1700005644,00505684390C1FE18DE37B73D6A68896
CMM_MTM_SLS,083,CMM_VLOGP_BGRFC_1700005646,00505684390C1FE18D9A3EAB4ADE6896
CMM_MTM_SLS,083,CMM_VLOGP_BGRFC_1700005647,00505684390C1FE097B447AB0138C832
CMM_MTM_SLS,083,CMM_VLOGP_BGRFC_1700005649,00505684390C1FE18D9AE0A283946896
CMM_MTM_SLS,083,CMM_VLOGP_BGRFC_1700005656,00505684390C1FE1858C1078B0D0088D
CMM_MTM_SLS,083,CMM_VLOGP_BGRFC_1700005657,00505684390C1FE18D9A3F03C65DA896
CMM_MTM_SLS,083,CMM_VLOGP_BGRFC_1700005665,00505684390C1FE188A7C012429A4891
CMM_MTM_SLS,083,CMM_VLOGP_BGRFC_1700005667,00505684390C1FE18D9AE4A4FDD5E896
CMM_MTM_SLS,083,CMM_VLOGP_BGRFC_1700005677,00505684390C1FE18D9A402B84BE6896
CMM_MTM_SLS,083,CMM_VLOGP_BGRFC_1700005703,00505684390C1FE18D9A4093CAD86896
CMM_MTM_SLS,083,CMM_VLOGP_BGRFC_1700005704,00505684390C1FE18D9A40D1D43B6896
CMM_MTM_SLS,083,CMM_VLOGP_BGRFC_1700005708,00505684390C1FE18D9A413A773E6896
CMM_MTM_SLS,083,CMM_VLOGP_BGRFC_1700005710,00505684390C1FE18D9A41A2E9914896
CMM_MTM_SLS,083,CMM_VLOGP_BGRFC_1700005711,00505684390C1FE18D9A420AE979A896
CMM_MTM_SLS,083,CMM_VLOGP_BGRFC_1700005712,00505684390C1FE18D9A425B7DDFA896
CMM_MTM_SLS,083,CMM_VLOGP_BGRFC_1700005713,00505684390C1FE18D9A42A20535E896
CMM_MTM_SLS,083,CMM_VLOGP_BGRFC_1700005716,00505684390C1FE18D9A42FC5A3EA896
CMM_MTM_SLS,083,CMM_VLOGP_BGRFC_1700005717,00505684390C1FE1908C8D1214EE0896
CMM_MTM_SLS,083,CMM_VLOGP_BGRFC_1700005718,00505684390C1FE1908C8D5438626896
CMM_MTM_SLS,083,CMM_VLOGP_BGRFC_1700005719,00505684390C1FE1908C8D5DB7ACC896
CMM_MTM_SLS,083,CMM_VLOGP_BGRFC_1700005721,00505684390C1FE18D9A4359F3362896
CMM_MTM_SLS,083,CMM_VLOGP_BGRFC_1700005722,00505684390C1FE1908C8D8D632A6896
CMM_MTM_SLS,083,CMM_VLOGP_BGRFC_1700005724,00505684390C1FE18D9A43AAD9D3C896
CMM_MTM_SLS,083,CMM_VLOGP_BGRFC_1700005726,00505684390C1FE18D9A441570648896
CMM_MTM_SLS,083,CMM_VLOGP_BGRFC_1700005735,00505684390C1FE18D9A4461BACC2896
CMM_MTM_SLS,083,CMM_VLOGP_BGRFC_1700005738,00505684390C1FE1858FF93B4254288D
CMM_MTM_SLS,083,CMM_VLOGP_BGRFC_1700005739,00505684390C1FE18D9A44C72A334896
CMM_MTM_SLS,083,CMM_VLOGP_BGRFC_1700005748,00505684390C1FE18DE1E67B45400896
CMM_MTM_SLS,083,CMM_VLOGP_BGRFC_1700005750,00505684390C1FE18D9AEDB1BC1B4896
CMM_MTM_SLS,083,CMM_VLOGP_BGRFC_1700005752,00505684390C1FE18D9AEDF9EBE58896
CMM_MTM_SLS,083,CMM_VLOGP_BGRFC_1700005755,00505684390C1FE18DE1D4BA4A6DE896
CMM_MTM_SLS,083,CMM_VLOGP_BGRFC_1700005759,00505684390C1FE18D9AEE428080C896
CMM_MTM_SLS,083,CMM_VLOGP_BGRFC_1700005760,00505684390C1FE1908C8DC823DF4896
CMM_MTM_SLS,083,CMM_VLOGP_BGRFC_1700005761,00505684390C1FE18D9AEE9F5D0C8896
CMM_MTM_SLS,083,CMM_VLOGP_BGRFC_1700005763,00505684390C1FE1908C8DEBE2064896
CMM_MTM_SLS,083,CMM_VLOGP_BGRFC_1700005764,00505684390C1FE18D9AEEEBE4BB0896
CMM_MTM_SLS,083,CMM_VLOGP_BGRFC_1700005765,00505684390C1FE1908C8E0C67C78896
CMM_MTM_SLS,083,CMM_VLOGP_BGRFC_1700005766,00505684390C1FE18D9AEF3D0B278896
CMM_MTM_SLS,083,CMM_VLOGP_BGRFC_1700005767,00505684390C1FE1908C8E37208C8896
CMM_MTM_SLS,083,CMM_VLOGP_BGRFC_1700005770,00505684390C1FE18D9AF015139E0896
CMM_MTM_SLS,083,CMM_VLOGP_BGRFC_1700005771,00505684390C1FE18DAD7E2729F3E896
CMM_MTM_SLS,083,CMM_VLOGP_BGRFC_1700005772,00505684390C1FE18DAD7E7808DA6896
CMM_MTM_SLS,083,CMM_VLOGP_BGRFC_1700005774,00505684390C1FE18D9A459276D44896
CMM_MTM_SLS,083,CMM_VLOGP_BGRFC_1700005776,00505684390C1FE18D9AF4955D4E6896
CMM_MTM_SLS,083,CMM_VLOGP_BGRFC_1700005778,00505684390C1FE18D9A466777844896
CMM_MTM_SLS,083,CMM_VLOGP_BGRFC_1700005790,00505684390C1FE18D9A46BEC063E896
CMM_MTM_SLS,083,CMM_VLOGP_BGRFC_1700005797,00505684390C1FE0BDF9AED110B96887
CMM_MTM_SLS,083,CMM_VLOGP_BGRFC_1700005799,00505684390C1FE0BE9460FD87980887
CMM_MTM_SLS,083,CMM_VLOGP_BGRFC_1700005801,00505684390C1FE0BE9460FD87982887
CMM_MTM_SLS,083,CMM_VLOGP_BGRFC_1700005802,00505684390C1FE0BE9460FD87984887
CMM_MTM_SLS,083,CMM_VLOGP_BGRFC_1700005807,00505684390C1FE18D9A46FCC2112896
CMM_MTM_SLS,083,CMM_VLOGP_BGRFC_1700005809,00505684390C1FE18DAD80786CA82896
CMM_MTM_SLS,083,CMM_VLOGP_BGRFC_1700005810,00505684390C1FE18D9AF87A9574A896
CMM_MTM_SLS,083,CMM_VLOGP_BGRFC_1700005825,00505684390C1FE18D9A475CDE4A4896
CMM_MTM_SLS,083,CMM_VLOGP_BGRFC_1700005835,00505684390C1FE188BA990585164891
CMM_MTM_SLS,083,CMM_VLOGP_BGRFC_1700005837,00505684390C1FE18D9A48C5D7E5E896
CMM_MTM_SLS,083,CMM_VLOGP_BGRFC_1700005842,00505684390C1FE18DE39663A3C6A896
CMM_MTM_SLS,083,CMM_VLOGP_BGRFC_1700005844,00505684390C1FE18DE1EA769C424896
CMM_MTM_SLS,083,CMM_VLOGP_BGRFC_1700005845,00505684390C1FE18ACC8230884F2894
CMM_MTM_SLS,083,CMM_VLOGP_BGRFC_1700005852,00505684390C1FE18D9A449BB1E94896
CMM_MTM_SLS,083,CMM_VLOGP_BGRFC_1700005856,00505684390C1FE18D9A4906D9534896
CMM_MTM_SLS,083,CMM_VLOGP_BGRFC_1700005865,00505684390C1FE1908C8F0175084896
CMM_MTM_SLS,083,CMM_VLOGP_BGRFC_1700005867,00505684390C1FE18DE215133C2AC896
CMM_MTM_SLS,083,CMM_VLOGP_BGRFC_1700005869,00505684390C1FE18D9AFCD7F9C3C896
CMM_MTM_SLS,083,CMM_VLOGP_BGRFC_1700005870,00505684390C1FE1908C8F1BE21B6896
CMM_MTM_SLS,083,CMM_VLOGP_BGRFC_1700005878,00505684390C1FE18D9AFD732A7E2896
CMM_MTM_SLS,083,CMM_VLOGP_BGRFC_1700005879,00505684390C1FE1908C8F3B61A8A896
CMM_MTM_SLS,083,CMM_VLOGP_BGRFC_1700005880,00505684390C1FE18D9AFDB4EE434896
CMM_MTM_SLS,083,CMM_VLOGP_BGRFC_1700005881,00505684390C1FE1908C8F81CB788896
CMM_MTM_SLS,083,CMM_VLOGP_BGRFC_1700005885,00505684390C1FE18D9AFEDAB3480896
CMM_MTM_SLS,083,CMM_VLOGP_BGRFC_1700005886,00505684390C1FE1908C8FB6F1A20896
CMM_MTM_SLS,083,CMM_VLOGP_BGRFC_1700005888,00505684390C1FE18D9AFF2019DBE896
CMM_MTM_SLS,083,CMM_VLOGP_BGRFC_1700005895,00505684390C1FE1908C8FD8DB2F8896
CMM_MTM_SLS,083,CMM_VLOGP_BGRFC_1700005898,00505684390C1FE1858FF671C2B0088D
CMM_MTM_SLS,083,CMM_VLOGP_BGRFC_1700005900,00505684390C1FE18DE3A5F7EBEC8896
CMM_MTM_SLS,083,CMM_VLOGP_BGRFC_1700005903,00505684390C1FE18DE1F9F06094A896
CMM_MTM_SLS,083,CMM_VLOGP_BGRFC_1700005906,00505684390C1FE18D9AFFF047980896
CMM_MTM_SLS,083,CMM_VLOGP_BGRFC_1700005909,00505684390C1FE18D9B004407B38896
CMM_MTM_SLS,083,CMM_VLOGP_BGRFC_1700005910,00505684390C1FE1908CE47821C6E896
CMM_MTM_SLS,083,CMM_VLOGP_BGRFC_1700005912,00505684390C1FE1908CE501AD682896
CMM_MTM_SLS,083,CMM_VLOGP_BGRFC_1700005914,00505684390C1FE1908CE5A855B34896
CMM_MTM_SLS,083,CMM_VLOGP_BGRFC_1700005921,00505684390C1FE1908CC4B9E2D52896
CMM_MTM_SLS,083,CMM_VLOGP_BGRFC_1700005922,00505684390C1FE18ACCBB7A4D308894
CMM_MTM_SLS,083,CMM_VLOGP_BGRFC_1700005923,00505684390C1FE18D9ACB2AFC290896
CMM_MTM_SLS,083,CMM_VLOGP_BGRFC_1700005925,00505684390C1FE18D9ACB622F410896
CMM_MTM_SLS,083,CMM_VLOGP_BGRFC_1700005930,00505684390C1FE1908CE66880D6C896
CMM_MTM_SLS,083,CMM_VLOGP_BGRFC_1700005931,00505684390C1FE18D9A4A0BC65C8896
CMM_MTM_SLS,083,CMM_VLOGP_BGRFC_1700005933,00505684390C1FE18D9ACBB1878B4896
CMM_MTM_SLS,083,CMM_VLOGP_BGRFC_1700005936,00505684390C1FE18D9B0AFC51C84896
CMM_MTM_SLS,083,CMM_VLOGP_BGRFC_1700005937,00505684390C1FE18D9A4A64B218E896
CMM_MTM_SLS,083,CMM_VLOGP_BGRFC_1700005938,00505684390C1FE18DE20171468F0896
CMM_MTM_SLS,083,CMM_VLOGP_BGRFC_1700005941,00505684390C1FE18DE3B395960C6896
CMM_MTM_SLS,083,CMM_VLOGP_BGRFC_1700005946,00505684390C1FE18D9B0B3CBC02A896
CMM_MTM_SLS,083,CMM_VLOGP_BGRFC_1700005948,00505684390C1FE1908CE7FFC88BA896
CMM_MTM_SLS,083,CMM_VLOGP_BGRFC_1700005949,00505684390C1FE18D9ACBDE33114896
CMM_MTM_SLS,083,CMM_VLOGP_BGRFC_1700005953,00505684390C1FE18DE2030E80E0E896
CMM_MTM_SLS,083,CMM_VLOGP_BGRFC_1700005954,00505684390C1FE18DE20341458C6896
CMM_MTM_SLS,083,CMM_VLOGP_BGRFC_1700005955,00505684390C1FE18D9ACD1D8CE8C896
CMM_MTM_SLS,083,CMM_VLOGP_BGRFC_1700005967,00505684390C1FE18D9ACD48CB17A896
CMM_MTM_SLS,083,CMM_VLOGP_BGRFC_1700005976,00505684390C1FE18DAD4D4DEB51A896
CMM_MTM_SLS,083,CMM_VLOGP_BGRFC_1700005981,00505684390C1FE18DE23B0F22CA0896
CMM_MTM_SLS,083,CMM_VLOGP_BGRFC_1700005982,00505684390C1FE18DE23BF463C4C896
CMM_MTM_SLS,083,CMM_VLOGP_BGRFC_1700005983,00505684390C1FE18DE20CAA53F8A896
CMM_MTM_SLS,083,CMM_VLOGP_BGRFC_1700005984,00505684390C1FE18D9ACE85D286C896
CMM_MTM_SLS,083,CMM_VLOGP_BGRFC_1700005985,00505684390C1FE18D9ACEAA0BD64896
CMM_MTM_SLS,083,CMM_VLOGP_BGRFC_1700005986,00505684390C1FE18DE20E95FDA66896
CMM_MTM_SLS,083,CMM_VLOGP_BGRFC_1700005987,00505684390C1FE18D9ACF470F402896
CMM_MTM_SLS,083,CMM_VLOGP_BGRFC_1700005988,00505684390C1FE18D9ACFA0689B2896
CMM_MTM_SLS,083,CMM_VLOGP_BGRFC_1700005989,00505684390C1FE18D9ACFC905E10896
CMM_MTM_SLS,083,CMM_VLOGP_BGRFC_1700005991,00505684390C1FE18DE210A566CC8896
CMM_MTM_SLS,083,CMM_VLOGP_BGRFC_1700005992,00505684390C1FE18D9AD0793BD62896
CMM_MTM_SLS,083,CMM_VLOGP_BGRFC_1700005993,00505684390C1FE18DE2123517B62896
CMM_MTM_SLS,083,CMM_VLOGP_BGRFC_1700005994,00505684390C1FE18DE21302346F8896
CMM_MTM_SLS,083,CMM_VLOGP_BGRFC_1700005995,00505684390C1FE18DE23CB3B1340896
CMM_MTM_SLS,083,CMM_VLOGP_BGRFC_1700005996,00505684390C1FE18DE2131E2B290896
CMM_MTM_SLS,083,CMM_VLOGP_BGRFC_1700005997,00505684390C1FE18DE23CDAD86CE896
CMM_MTM_SLS,083,CMM_VLOGP_BGRFC_1700005998,00505684390C1FE18DE23CF998502896
CMM_MTM_SLS,083,CMM_VLOGP_BGRFC_1700005999,00505684390C1FE18DE213583A094896
CMM_MTM_SLS,083,CMM_VLOGP_BGRFC_1700006000,00505684390C1FE18DE213583A10E896
CMM_MTM_SLS,083,CMM_VLOGP_BGRFC_1700006001,00505684390C1FE18DE21394BEE66896
CMM_MTM_SLS,083,CMM_VLOGP_BGRFC_1700006002,00505684390C1FE18D9A4AA645966896
CMM_MTM_SLS,083,CMM_VLOGP_BGRFC_1700006005,00505684390C1FE18DE213CFA8EBE896
CMM_MTM_SLS,083,CMM_VLOGP_BGRFC_1700006006,00505684390C1FE18DE214A5D5A46896
CMM_MTM_SLS,083,CMM_VLOGP_BGRFC_1700006007,00505684390C1FE18DE21581D71EE896
CMM_MTM_SLS,083,CMM_VLOGP_BGRFC_1700006008,00505684390C1FE18DE216257494A896
CMM_MTM_SLS,083,CMM_VLOGP_BGRFC_1700006009,00505684390C1FE18DE2166FB2B6C896
CMM_MTM_SLS,083,CMM_VLOGP_BGRFC_1700006010,00505684390C1FE18DE21757B7DA4896
CMM_MTM_SLS,083,CMM_VLOGP_BGRFC_1700006011,00505684390C1FE18DE2177190928896
CMM_MTM_SLS,083,CMM_VLOGP_BGRFC_1700006012,00505684390C1FE18DE218582432A896
CMM_MTM_SLS,083,CMM_VLOGP_BGRFC_1700006013,00505684390C1FE18DE218CB22BF6896
CMM_MTM_SLS,083,CMM_VLOGP_BGRFC_1700006014,00505684390C1FE18DE21914028F8896
CMM_MTM_SLS,083,CMM_VLOGP_BGRFC_1700006015,00505684390C1FE18DE219D571732896
CMM_MTM_SLS,083,CMM_VLOGP_BGRFC_1700006016,00505684390C1FE18DE21ADA2F810896
CMM_MTM_SLS,083,CMM_VLOGP_BGRFC_1700006017,00505684390C1FE0AEFAC6BEF989C879
CMM_MTM_SLS,083,CMM_VLOGP_BGRFC_1700006018,00505684390C1FE0AEFAC6E45F300879
CMM_MTM_SLS,083,CMM_VLOGP_BGRFC_1700006019,00505684390C1FE0AEFAC72FD2D48879
CMM_MTM_SLS,083,CMM_VLOGP_BGRFC_1700006020,00505684390C1FE1908C906056174896
CMM_MTM_SLS,083,CMM_VLOGP_BGRFC_1700006021,00505684390C1FE1908C9073A096A896
CMM_MTM_SLS,083,CMM_VLOGP_BGRFC_1700006022,00505684390C1FE1908C90A746126896
CMM_MTM_SLS,083,CMM_VLOGP_BGRFC_1700006023,00505684390C1FE097B45BE84F81A832
CMM_MTM_SLS,083,CMM_VLOGP_BGRFC_1700006024,00505684390C1FE18DAD5B4A6178C896
CMM_MTM_SLS,083,CMM_VLOGP_BGRFC_1700006026,00505684390C1FE188BC2F5EC91C2891
CMM_MTM_SLS,083,CMM_VLOGP_BGRFC_1700006029,00505684390C1FE1908C90C010E0E896
CMM_MTM_SLS,083,CMM_VLOGP_BGRFC_1700006030,00505684390C1FE1908C90F15A2A0896
CMM_MTM_SLS,083,CMM_VLOGP_BGRFC_1700006031,00505684390C1FE18DE3C2626B8EC896
CMM_MTM_SLS,083,CMM_VLOGP_BGRFC_1700006032,00505684390C1FE18D9B13CA945E4896
CMM_MTM_SLS,083,CMM_VLOGP_BGRFC_1700006033,00505684390C1FE18D9A4AF150DDC896
CMM_MTM_SLS,083,CMM_VLOGP_BGRFC_1700006035,00505684390C1FE18DE24562D9BC8896
CMM_MTM_SLS,083,CMM_VLOGP_BGRFC_1700006036,00505684390C1FE18D9A4B32317F4896
CMM_MTM_SLS,083,CMM_VLOGP_BGRFC_1700006041,00505684390C1FE18DE3C41D15968896
CMM_MTM_SLS,083,CMM_VLOGP_BGRFC_1700006043,00505684390C1FE18DE3C6959F65C896
CMM_MTM_SLS,083,CMM_VLOGP_BGRFC_1700006044,00505684390C1FE0BE8E32EDC62EE887
CMM_MTM_SLS,083,CMM_VLOGP_BGRFC_1700006047,00505684390C1FE18D9AD81EB2F7E896
CMM_MTM_SLS,083,CMM_VLOGP_BGRFC_1700006048,00505684390C1FE18D9AD86B02EAC896
CMM_MTM_SLS,083,CMM_VLOGP_BGRFC_1700006049,00505684390C1FE18D9AD8C80DE50896
CMM_MTM_SLS,083,CMM_VLOGP_BGRFC_1700006050,00505684390C1FE18DE229A23FD04896
CMM_MTM_SLS,083,CMM_VLOGP_BGRFC_1700006055,00505684390C1FE18D9AD96AA2FE4896
CMM_MTM_SLS,083,CMM_VLOGP_BGRFC_1700006057,00505684390C1FE1908C912AE0230896
CMM_MTM_SLS,083,CMM_VLOGP_BGRFC_1700006058,00505684390C1FE18D9ADA5D63CD2896
CMM_MTM_SLS,083,CMM_VLOGP_BGRFC_1700006060,00505684390C1FE18D9B14C15F1E0896
CMM_MTM_SLS,083,CMM_VLOGP_BGRFC_1700006061,00505684390C1FE18D9B151541B18896
CMM_MTM_SLS,083,CMM_VLOGP_BGRFC_1700006062,00505684390C1FE18D9B1566C302C896
CMM_MTM_SLS,083,CMM_VLOGP_BGRFC_1700006063,00505684390C1FE18D9B15964963A896
CMM_MTM_SLS,083,CMM_VLOGP_BGRFC_1700006066,00505684390C1FE18DE24E2BFB0AA896
CMM_MTM_SLS,083,CMM_VLOGP_BGRFC_1700006069,00505684390C1FE09A8C5A4910D9E832
CMM_MTM_SLS,083,CMM_VLOGP_BGRFC_1700006070,00505684390C1FE1908C91D573EF0896
CMM_MTM_SLS,083,CMM_VLOGP_BGRFC_1700006071,00505684390C1FE18D9ADA9575736896
CMM_MTM_SLS,083,CMM_VLOGP_BGRFC_1700006072,00505684390C1FE18D9ADAD5193F8896
CMM_MTM_SLS,083,CMM_VLOGP_BGRFC_1700006073,00505684390C1FE18D9ADB0862AEA896
CMM_MTM_SLS,083,CMM_VLOGP_BGRFC_1700006074,00505684390C1FE18D9ADB338759A896
CMM_MTM_SLS,083,CMM_VLOGP_BGRFC_1700006075,00505684390C1FE18D9B17038362C896
CMM_MTM_SLS,083,CMM_VLOGP_BGRFC_1700006076,00505684390C1FE18D9B174CDE9A4896
CMM_MTM_SLS,083,CMM_VLOGP_BGRFC_1700006077,00505684390C1FE18D9ADBA426C00896
CMM_MTM_SLS,083,CMM_VLOGP_BGRFC_1700006078,00505684390C1FE18D9B17801DA20896
CMM_MTM_SLS,083,CMM_VLOGP_BGRFC_1700006081,00505684390C1FE18D9ADBFE540BA896
CMM_MTM_SLS,083,CMM_VLOGP_BGRFC_1700006083,00505684390C1FE18D9B17C5E2DB6896
CMM_MTM_SLS,083,CMM_VLOGP_BGRFC_1700006084,00505684390C1FE18D9ADC3BB2C7C896
CMM_MTM_SLS,083,CMM_VLOGP_BGRFC_1700006087,00505684390C1FE18DE23829ABCBC896
CMM_MTM_SLS,083,CMM_VLOGP_BGRFC_1700006088,00505684390C1FE18DE2387302320896
CMM_MTM_SLS,083,CMM_VLOGP_BGRFC_1700006090,00505684390C1FE18DE239612685A896
CMM_MTM_SLS,083,CMM_VLOGP_BGRFC_1700006092,00505684390C1FE1908CCAAFD7E70896
CMM_MTM_SLS,083,CMM_VLOGP_BGRFC_1700006094,00505684390C1FE18D9ADD92C0810896
CMM_MTM_SLS,083,CMM_VLOGP_BGRFC_1700006096,00505684390C1FE18DAD624AA1DF8896
CMM_MTM_SLS,083,CMM_VLOGP_BGRFC_1700006105,00505684390C1FE18D9B1CFB06FC0896
CMM_MTM_SLS,083,CMM_VLOGP_BGRFC_1700006109,00505684390C1FE18DE2426AE7870896
CMM_MTM_SLS,083,CMM_VLOGP_BGRFC_1700006110,00505684390C1FE18DE2432A0EBB2896
CMM_MTM_SLS,083,CMM_VLOGP_BGRFC_1700006111,00505684390C1FE18DE243B8CCD72896
CMM_MTM_SLS,083,CMM_VLOGP_BGRFC_1700006112,00505684390C1FE18DE2449BD86FE896
CMM_MTM_SLS,083,CMM_VLOGP_BGRFC_1700006113,00505684390C1FE18DE24549BAAE8896
CMM_MTM_SLS,083,CMM_VLOGP_BGRFC_1700006114,00505684390C1FE18DE2456BDAE92896
CMM_MTM_SLS,083,CMM_VLOGP_BGRFC_1700006115,00505684390C1FE18DE24673CF386896
CMM_MTM_SLS,083,CMM_VLOGP_BGRFC_1700006116,00505684390C1FE18DE2473AD9A8A896
CMM_MTM_SLS,083,CMM_VLOGP_BGRFC_1700006117,00505684390C1FE18DE2478A93AB8896
CMM_MTM_SLS,083,CMM_VLOGP_BGRFC_1700006119,00505684390C1FE18D9AE3E91BB54896
CMM_MTM_SLS,083,CMM_VLOGP_BGRFC_1700006120,00505684390C1FE18D9AE43961C18896
CMM_MTM_SLS,083,CMM_VLOGP_BGRFC_1700006122,00505684390C1FE1908CF06C5DAC0896
CMM_MTM_SLS,083,CMM_VLOGP_BGRFC_1700006124,00505684390C1FE1908CF08A6E3C0896
CMM_MTM_SLS,083,CMM_VLOGP_BGRFC_1700006125,00505684390C1FE18D9B1F928B722896
CMM_MTM_SLS,083,CMM_VLOGP_BGRFC_1700006128,00505684390C1FE18D9A698CD8936896
CMM_MTM_SLS,083,CMM_VLOGP_BGRFC_1700006129,00505684390C1FE18D9A69D6428F2896
CMM_MTM_SLS,083,CMM_VLOGP_BGRFC_1700006132,00505684390C1FE18D9A6A2058F48896
CMM_MTM_SLS,083,CMM_VLOGP_BGRFC_1700006133,00505684390C1FE18D9AE485B32C4896
CMM_MTM_SLS,083,CMM_VLOGP_BGRFC_1700006134,00505684390C1FE18D9AE4BC2B0E6896
CMM_MTM_SLS,083,CMM_VLOGP_BGRFC_1700006135,00505684390C1FE18D9A6A6926C24896
CMM_MTM_SLS,083,CMM_VLOGP_BGRFC_1700006136,00505684390C1FE18D9AE508BF764896
CMM_MTM_SLS,083,CMM_VLOGP_BGRFC_1700006137,00505684390C1FE18D9A6AAFD2B24896
CMM_MTM_SLS,083,CMM_VLOGP_BGRFC_1700006138,00505684390C1FE18D9AE55093A9C896
CMM_MTM_SLS,083,CMM_VLOGP_BGRFC_1700006142,00505684390C1FE18D9A6B0137CE4896
CMM_MTM_SLS,083,CMM_VLOGP_BGRFC_1700006147,00505684390C1FE18D9AE574ECCDA896
CMM_MTM_SLS,083,CMM_VLOGP_BGRFC_1700006212,00505684390C1FE18D9B20BAA7070896
CMM_MTM_SLS,083,CMM_VLOGP_BGRFC_1700006215,00505684390C1FE1908CDD5B49634896
CMM_MTM_SLS,083,CMM_VLOGP_BGRFC_1700006217,00505684390C1FE1908CDD6C1E49C896
CMM_MTM_SLS,083,CMM_VLOGP_BGRFC_1700006219,00505684390C1FE1908CDD9D5A6F4896
CMM_MTM_SLS,083,CMM_VLOGP_BGRFC_1700006221,00505684390C1FE1908CDDB1BE074896
CMM_MTM_SLS,083,CMM_VLOGP_BGRFC_1700006224,00505684390C1FE1908CDDD942100896
CMM_MTM_SLS,083,CMM_VLOGP_BGRFC_1700006227,00505684390C1FE1908CF2B8EB264896
CMM_MTM_SLS,083,CMM_VLOGP_BGRFC_1700006228,00505684390C1FE1908CF2DD4AB64896
CMM_MTM_SLS,083,CMM_VLOGP_BGRFC_1700006229,00505684390C1FE18D9B26BD98BDA896
CMM_MTM_SLS,083,CMM_VLOGP_BGRFC_1700006230,00505684390C1FE1908CF32492912896
CMM_MTM_SLS,083,CMM_VLOGP_BGRFC_1700006231,00505684390C1FE18D9B27D73F94C896
CMM_MTM_SLS,083,CMM_VLOGP_BGRFC_1700006232,00505684390C1FE18D9B280DCE266896
CMM_MTM_SLS,083,CMM_VLOGP_BGRFC_1700006233,00505684390C1FE18D9B28755834E896
CMM_MTM_SLS,083,CMM_VLOGP_BGRFC_1700006234,00505684390C1FE18D9B0FEEC2446896
CMM_MTM_SLS,083,CMM_VLOGP_BGRFC_1700006235,00505684390C1FE18D9B28B417E2E896
CMM_MTM_SLS,083,CMM_VLOGP_BGRFC_1700006237,00505684390C1FE18D9B102A3C194896
CMM_MTM_SLS,083,CMM_VLOGP_BGRFC_1700006238,00505684390C1FE18D9B10841C1F0896
CMM_MTM_SLS,083,CMM_VLOGP_BGRFC_1700006239,00505684390C1FE18D9B29257D900896
CMM_MTM_SLS,083,CMM_VLOGP_BGRFC_1700006242,00505684390C1FE18D9B10C8549BC896
CMM_MTM_SLS,083,CMM_VLOGP_BGRFC_1700006251,00505684390C1FE1908CF41256D48896
CMM_MTM_SLS,083,CMM_VLOGP_BGRFC_1700006252,00505684390C1FE18D9B2A787A962896
CMM_MTM_SLS,083,CMM_VLOGP_BGRFC_1700006253,00505684390C1FE1908CE0844FE22896
CMM_MTM_SLS,083,CMM_VLOGP_BGRFC_1700006254,00505684390C1FE18D9A6C160DDA6896
CMM_MTM_SLS,083,CMM_VLOGP_BGRFC_1700006255,00505684390C1FE18D9A6C483F2E4896
CMM_MTM_SLS,083,CMM_VLOGP_BGRFC_1700006256,00505684390C1FE18D9A6C8FD5A26896
CMM_MTM_SLS,083,CMM_VLOGP_BGRFC_1700006259,00505684390C1FE18D9A6CD92C16C896
CMM_MTM_SLS,083,CMM_VLOGP_BGRFC_1700006261,00505684390C1FE18D9A6D2585FA4896
CMM_MTM_SLS,083,CMM_VLOGP_BGRFC_1700006262,00505684390C1FE18DE2777A28932896
CMM_MTM_SLS,083,CMM_VLOGP_BGRFC_1700006263,00505684390C1FE18D9B2CEF64C56896
CMM_MTM_SLS,083,CMM_VLOGP_BGRFC_1700006264,00505684390C1FE18D9B2D0EE5126896
CMM_MTM_SLS,083,CMM_VLOGP_BGRFC_1700006265,00505684390C1FE18D9B2D4CD143E896
CMM_MTM_SLS,083,CMM_VLOGP_BGRFC_1700006267,00505684390C1FE18D9A6D6D97088896
CMM_MTM_SLS,083,CMM_VLOGP_BGRFC_1700006269,00505684390C1FE18D9A6DA622C24896
CMM_MTM_SLS,083,CMM_VLOGP_BGRFC_1700006271,00505684390C1FE18D9A6E034F574896
CMM_MTM_SLS,083,CMM_VLOGP_BGRFC_1700006273,00505684390C1FE18D9A6E3C918F4896
CMM_MTM_SLS,083,CMM_VLOGP_BGRFC_1700006276,00505684390C1FE18D9B2EB67F900896
CMM_MTM_SLS,083,CMM_VLOGP_BGRFC_1700006277,00505684390C1FE1908CF623EA086896
CMM_MTM_SLS,083,CMM_VLOGP_BGRFC_1700006281,00505684390C1FE1908CF65ADCB74896
CMM_MTM_SLS,083,CMM_VLOGP_BGRFC_1700006284,00505684390C1FE1908CF688A5B3C896
CMM_MTM_SLS,083,CMM_VLOGP_BGRFC_1700006286,00505684390C1FE1908CF6AF9C6B4896
CMM_MTM_SLS,083,CMM_VLOGP_BGRFC_1700006288,00505684390C1FE1908CF6CEBC7BA896
CMM_MTM_SLS,083,CMM_VLOGP_BGRFC_1700006291,00505684390C1FE1908CF73E0329C896
CMM_MTM_SLS,083,CMM_VLOGP_BGRFC_1700006292,00505684390C1FE18D9B34F8194AE896
CMM_MTM_SLS,083,CMM_VLOGP_BGRFC_1700006293,00505684390C1FE18D9B354E1A168896
CMM_MTM_SLS,083,CMM_VLOGP_BGRFC_1700006297,00505684390C1FE1908C9580AC8AE896
CMM_MTM_SLS,083,CMM_VLOGP_BGRFC_1700006298,00505684390C1FE18D9A705B29C0C896
CMM_MTM_SLS,083,CMM_VLOGP_BGRFC_1700006302,00505684390C1FE18D9A71A5B2304896
CMM_MTM_SLS,083,CMM_VLOGP_BGRFC_1700006303,00505684390C1FE1908C96629A40C896
CMM_MTM_SLS,083,CMM_VLOGP_BGRFC_1700006304,00505684390C1FE1908C9675DFA48896
CMM_MTM_SLS,083,CMM_VLOGP_BGRFC_1700006309,00505684390C1FE18D9A74F6EEB06896
CMM_MTM_SLS,083,CMM_VLOGP_BGRFC_1700006312,00505684390C1FE18DE2981AAD978896
CMM_MTM_SLS,083,CMM_VLOGP_BGRFC_1700006314,00505684390C1FE18D9B3976379B4896
CMM_MTM_SLS,083,CMM_VLOGP_BGRFC_1700006315,00505684390C1FE184F4B323993F288D
CMM_MTM_SLS,083,CMM_VLOGP_BGRFC_1700006317,00505684390C1FE18D9B3B49EDD48896
CMM_MTM_SLS,083,CMM_VLOGP_BGRFC_1700006318,00505684390C1FE1908CFA1988DD8896
CMM_MTM_SLS,083,CMM_VLOGP_BGRFC_1700006321,00505684390C1FE18D9B1AECDBEE8896
CMM_MTM_SLS,083,CMM_VLOGP_BGRFC_1700006322,00505684390C1FE18D9B1B42B2510896
CMM_MTM_SLS,083,CMM_VLOGP_BGRFC_1700006323,00505684390C1FE18D9B1B8E096BC896
CMM_MTM_SLS,083,CMM_VLOGP_BGRFC_1700006345,00505684390C1FE18D9B3C6A0463C896
CMM_MTM_SLS,083,CMM_VLOGP_BGRFC_1700006355,00505684390C1FE18D9B1EB06E074896
CMM_MTM_SLS,083,CMM_VLOGP_BGRFC_1700006356,00505684390C1FE18D9B1F0ADDEB0896
CMM_MTM_SLS,083,CMM_VLOGP_BGRFC_1700006366,00505684390C1FE18DE2B73B654E4896
CMM_MTM_SLS,083,CMM_VLOGP_BGRFC_1700006396,00505684390C1FE18DE2BDCFEF3EE896
CMM_MTM_SLS,083,CMM_VLOGP_BGRFC_1700006397,00505684390C1FE1908CE8CF2B57E896
CMM_MTM_SLS,083,CMM_VLOGP_BGRFC_1700006400,00505684390C1FE1908CE926D3830896
CMM_MTM_SLS,083,CMM_VLOGP_BGRFC_1700006402,00505684390C1FE1908CFCD8B5524896
CMM_MTM_SLS,083,CMM_VLOGP_BGRFC_1700006403,00505684390C1FE1908CE94FE9E2C896
CMM_MTM_SLS,083,CMM_VLOGP_BGRFC_1700006409,00505684390C1FE18DE2DF1D8628E896
CMM_MTM_SLS,083,CMM_VLOGP_BGRFC_1700006410,00505684390C1FE18DE2E01B9D432896
CMM_MTM_SLS,083,CMM_VLOGP_BGRFC_1700006413,00505684390C1FE095D7358F06926832
CMM_MTM_SLS,083,CMM_VLOGP_BGRFC_1700006420,00505684390C1FE188A72328E3CC8891
CMM_MTM_SLS,083,CMM_VLOGP_BGRFC_1700006423,00505684390C1FE18DE2CAA83663C896
CMM_MTM_SLS,083,CMM_VLOGP_BGRFC_1700006429,00505684390C1FE18D9B462F97970896
CMM_MTM_SLS,083,CMM_VLOGP_BGRFC_1700006438,00505684390C1FE18D9B478469CB8896
CMM_MTM_SLS,083,CMM_VLOGP_BGRFC_1700006439,00505684390C1FE1908CFE7E76FF6896
CMM_MTM_SLS,083,CMM_VLOGP_BGRFC_1700006440,00505684390C1FE1908CFEA63ECD2896
CMM_MTM_SLS,083,CMM_VLOGP_BGRFC_1700006441,00505684390C1FE1908CFED6BC55E896
CMM_MTM_SLS,083,CMM_VLOGP_BGRFC_1700006442,00505684390C1FE1908CFF0846FA0896
CMM_MTM_SLS,083,CMM_VLOGP_BGRFC_1700006444,00505684390C1FE092F90D293A864832
CMM_MTM_SLS,083,CMM_VLOGP_BGRFC_1700006456,00505684390C1FE1908CFF2F10F64896
CMM_MTM_SLS,083,CMM_VLOGP_BGRFC_1700006459,00505684390C1FE094B9BFA32D21E832
CMM_MTM_SLS,083,CMM_VLOGP_BGRFC_1700006463,00505684390C1FE1908CFF6200A1A896
CMM_MTM_SLS,083,CMM_VLOGP_BGRFC_1700006465,00505684390C1FE096E2783911834832
CMM_MTM_SLS,083,CMM_VLOGP_BGRFC_1700006472,00505684390C1FE095FAD6F44A01A832
CMM_MTM_SLS,083,CMM_VLOGP_BGRFC_1700006473,00505684390C1FE096823C6AB120C832
CMM_MTM_SLS,083,CMM_VLOGP_BGRFC_1700006477,00505684390C1FE1908D001242A58896
CMM_MTM_SLS,083,CMM_VLOGP_BGRFC_1700006478,00505684390C1FE096ADEDC19B7F4832
CMM_MTM_SLS,083,CMM_VLOGP_BGRFC_1700006479,00505684390C1FE1908D003421E1C896
CMM_MTM_SLS,083,CMM_VLOGP_BGRFC_1700006481,00505684390C1FE096B1666354E3A832
CMM_MTM_SLS,083,CMM_VLOGP_BGRFC_1700006482,00505684390C1FE096B1BC199D6CA832
CMM_MTM_SLS,083,CMM_VLOGP_BGRFC_1700006486,00505684390C1FE1908C97FBB8086896
CMM_MTM_SLS,083,CMM_VLOGP_BGRFC_1700006488,00505684390C1FE096FC70CFB43A2832
CMM_MTM_SLS,083,CMM_VLOGP_BGRFC_1700006490,00505684390C1FE09780C628636A2832
CMM_MTM_SLS,083,CMM_VLOGP_BGRFC_1700006492,00505684390C1FE1908C982915E84896
CMM_MTM_SLS,083,CMM_VLOGP_BGRFC_1700006493,00505684390C1FE0979052C41F90C832
CMM_MTM_SLS,083,CMM_VLOGP_BGRFC_1700006496,00505684390C1FE097AC33D594926832
CMM_MTM_SLS,083,CMM_VLOGP_BGRFC_1700006499,00505684390C1FE098970F4A88076832
CMM_MTM_SLS,083,CMM_VLOGP_BGRFC_1700006508,00505684390C1FE098C4721987A36832
CMM_MTM_SLS,083,CMM_VLOGP_BGRFC_1700006509,00505684390C1FE098C51C500072A832
CMM_MTM_SLS,083,CMM_VLOGP_BGRFC_1700006511,00505684390C1FE098C6F6F195D16832
CMM_MTM_SLS,083,CMM_VLOGP_BGRFC_1700006512,00505684390C1FE098C986AAEA662832
CMM_MTM_SLS,083,CMM_VLOGP_BGRFC_1700006513,00505684390C1FE098CCE0EA609EA832
CMM_MTM_SLS,083,CMM_VLOGP_BGRFC_1700006518,00505684390C1FE098F1BB0881392832
CMM_MTM_SLS,083,CMM_VLOGP_BGRFC_1700006519,00505684390C1FE098F2ED4A5B438832
CMM_MTM_SLS,083,CMM_VLOGP_BGRFC_1700006520,00505684390C1FE098F70A9DB76CE832
CMM_MTM_SLS,083,CMM_VLOGP_BGRFC_1700006521,00505684390C1FE1908CEEC15089A896
CMM_MTM_SLS,083,CMM_VLOGP_BGRFC_1700006533,00505684390C1FE1908D01853639C896
CMM_MTM_SLS,083,CMM_VLOGP_BGRFC_1700006551,00505684390C1FE1908C982C364AA896
CMM_MTM_SLS,083,CMM_VLOGP_BGRFC_1700006552,00505684390C1FE1908C986F5AA64896
CMM_MTM_SLS,083,CMM_VLOGP_BGRFC_1700006559,00505684390C1FE09A898BABCB62E832
CMM_MTM_SLS,083,CMM_VLOGP_BGRFC_1700006561,00505684390C1FE18D9B458D14414896
CMM_MTM_SLS,083,CMM_VLOGP_BGRFC_1700006562,00505684390C1FE1908D024C24ECC896
CMM_MTM_SLS,083,CMM_VLOGP_BGRFC_1700006563,00505684390C1FE18DE30F0163B88896
CMM_MTM_SLS,083,CMM_VLOGP_BGRFC_1700006564,00505684390C1FE18DE3DE6B41622896
CMM_MTM_SLS,083,CMM_VLOGP_BGRFC_1700006565,00505684390C1FE09ABDF8B05FD3E832
CMM_MTM_SLS,083,CMM_VLOGP_BGRFC_1700006566,00505684390C1FE09AE16FD3013F6832
CMM_MTM_SLS,083,CMM_VLOGP_BGRFC_1700006567,00505684390C1FE1908CF20899468896
CMM_MTM_SLS,083,CMM_VLOGP_BGRFC_1700006572,00505684390C1FE09AE5510363D36832
CMM_MTM_SLS,083,CMM_VLOGP_BGRFC_1700006574,00505684390C1FE1908CF2E1DE7FC896
CMM_MTM_SLS,083,CMM_VLOGP_BGRFC_1700006576,00505684390C1FE1908D026B084EC896
CMM_MTM_SLS,083,CMM_VLOGP_BGRFC_1700006579,00505684390C1FE09E8AE19B87090834
CMM_MTM_SLS,083,CMM_VLOGP_BGRFC_1700006580,00505684390C1FE1908CF403FCDA6896
CMM_MTM_SLS,083,CMM_VLOGP_BGRFC_1700006585,00505684390C1FE0ACC95BFAECD4C865
CMM_MTM_SLS,083,CMM_VLOGP_BGRFC_1700006586,00505684390C1FE18D9B52298A1A6896
CMM_MTM_SLS,083,CMM_VLOGP_BGRFC_1700006590,00505684390C1FE09BBCE330889CC832
CMM_MTM_SLS,083,CMM_VLOGP_BGRFC_1700006591,00505684390C1FE09BBDB6788377E832
CMM_MTM_SLS,083,CMM_VLOGP_BGRFC_1700006592,00505684390C1FE09BBDFFCB0BF12832
CMM_MTM_SLS,083,CMM_VLOGP_BGRFC_1700006593,00505684390C1FE09BBEEFAB360D0832
CMM_MTM_SLS,083,CMM_VLOGP_BGRFC_1700006594,00505684390C1FE09BBFE869E0F18832
CMM_MTM_SLS,083,CMM_VLOGP_BGRFC_1700006597,00505684390C1FE09BC6BB77A0E58832
CMM_MTM_SLS,083,CMM_VLOGP_BGRFC_1700006598,00505684390C1FE09BC7E37B90976832
CMM_MTM_SLS,083,CMM_VLOGP_BGRFC_1700006599,00505684390C1FE18D9B548E7E6FA896
CMM_MTM_SLS,083,CMM_VLOGP_BGRFC_1700006600,00505684390C1FE18D9B54DD4AB4E896
CMM_MTM_SLS,083,CMM_VLOGP_BGRFC_1700006601,00505684390C1FE18D9B55374EA60896
CMM_MTM_SLS,083,CMM_VLOGP_BGRFC_1700006602,00505684390C1FE18D9B557053B40896
CMM_MTM_SLS,083,CMM_VLOGP_BGRFC_1700006603,00505684390C1FE18D9B55AB08522896
CMM_MTM_SLS,083,CMM_VLOGP_BGRFC_1700006604,00505684390C1FE18D9B55FA65948896
CMM_MTM_SLS,083,CMM_VLOGP_BGRFC_1700006605,00505684390C1FE18D9B5657360E8896
CMM_MTM_SLS,083,CMM_VLOGP_BGRFC_1700006610,00505684390C1FE09C9CF720618C6832
CMM_MTM_SLS,083,CMM_VLOGP_BGRFC_1700006616,00505684390C1FE09CA7C430014A0832
CMM_MTM_SLS,083,CMM_VLOGP_BGRFC_1700006617,00505684390C1FE09CA8733061174832
CMM_MTM_SLS,083,CMM_VLOGP_BGRFC_1700006621,00505684390C1FE09CA97E6F9A7A0832
CMM_MTM_SLS,083,CMM_VLOGP_BGRFC_1700006628,00505684390C1FE18DE3EB36CCCFE896
CMM_MTM_SLS,083,CMM_VLOGP_BGRFC_1700006629,00505684390C1FE09CB9A3E200B50832
CMM_MTM_SLS,083,CMM_VLOGP_BGRFC_1700006630,00505684390C1FE09CBA67E590F32832
CMM_MTM_SLS,083,CMM_VLOGP_BGRFC_1700006631,00505684390C1FE18DE3146C0DE36896
CMM_MTM_SLS,083,CMM_VLOGP_BGRFC_1700006632,00505684390C1FE09CC4EB91233D2832
CMM_MTM_SLS,083,CMM_VLOGP_BGRFC_1700006640,00505684390C1FE09CDC06F58FD74834
CMM_MTM_SLS,083,CMM_VLOGP_BGRFC_1700006642,00505684390C1FE09CEA7AEA5B36C834
CMM_MTM_SLS,083,CMM_VLOGP_BGRFC_1700006643,00505684390C1FE09CEBAAAFF913C834
CMM_MTM_SLS,083,CMM_VLOGP_BGRFC_1700006694,00505684390C1FE18D9B615EDFA30896
CMM_MTM_SLS,083,CMM_VLOGP_BGRFC_1700006695,00505684390C1FE1908D0490BFB20896
CMM_MTM_SLS,083,CMM_VLOGP_BGRFC_1700006697,00505684390C1FE09E82FCA2EDDE8834
CMM_MTM_SLS,083,CMM_VLOGP_BGRFC_1700006698,00505684390C1FE18DE323BB1A2D4896
CMM_MTM_SLS,083,CMM_VLOGP_BGRFC_1700006713,00505684390C1FE18D9B65CCD7A84896
CMM_MTM_SLS,083,CMM_VLOGP_BGRFC_1700006721,00505684390C1FE09F9A1B6737AAE846
CMM_MTM_SLS,083,CMM_VLOGP_BGRFC_1700006722,00505684390C1FE1908D0626FF342896
CMM_MTM_SLS,083,CMM_VLOGP_BGRFC_1700006724,00505684390C1FE18D9B90F054D88896
CMM_MTM_SLS,083,CMM_VLOGP_BGRFC_1700006729,00505684390C1FE18DE334BDB5C22896
CMM_MTM_SLS,083,CMM_VLOGP_BGRFC_1700006735,00505684390C1FE09FBBE638F740E849
CMM_MTM_SLS,083,CMM_VLOGP_BGRFC_1700006758,00505684390C1FE188A75E2F932DA891
CMM_MTM_SLS,083,CMM_VLOGP_BGRFC_1700006765,00505684390C1FE1908D08D668AC4896
CMM_MTM_SLS,083,CMM_VLOGP_BGRFC_1700006768,00505684390C1FE1908D08F98C14E896
CMM_MTM_SLS,083,CMM_VLOGP_BGRFC_1700006772,00505684390C1FE184F4820301FA088D
CMM_MTM_SLS,083,CMM_VLOGP_BGRFC_1700006773,00505684390C1FE18D9B990B624D8896
CMM_MTM_SLS,083,CMM_VLOGP_BGRFC_1700006777,00505684390C1FE184F907378794C88D
CMM_MTM_SLS,083,CMM_VLOGP_BGRFC_1700006779,00505684390C1FE0A0E7308324C9C849
CMM_MTM_SLS,083,CMM_VLOGP_BGRFC_1700006780,00505684390C1FE1908D0FADF12DC896
CMM_MTM_SLS,083,CMM_VLOGP_BGRFC_1700006785,00505684390C1FE1908D0B1908BAC896
CMM_MTM_SLS,083,CMM_VLOGP_BGRFC_1700006789,00505684390C1FE1908D0B3B98C58896
CMM_MTM_SLS,083,CMM_VLOGP_BGRFC_1700006790,00505684390C1FE1908D0B6105636896
CMM_MTM_SLS,083,CMM_VLOGP_BGRFC_1700006791,00505684390C1FE1908D0B8381470896
CMM_MTM_SLS,083,CMM_VLOGP_BGRFC_1700006795,00505684390C1FE1908D0FDF104D2896
CMM_MTM_SLS,083,CMM_VLOGP_BGRFC_1700006818,00505684390C1FE18DE3F567AE184896
CMM_MTM_SLS,083,CMM_VLOGP_BGRFC_1700006823,00505684390C1FE0AED28C0F6ECE8879
CMM_MTM_SLS,083,CMM_VLOGP_BGRFC_1700006827,00505684390C1FE0A1F63DB4099DA849
CMM_MTM_SLS,083,CMM_VLOGP_BGRFC_1700006828,00505684390C1FE18DE3F5A283850896
CMM_MTM_SLS,083,CMM_VLOGP_BGRFC_1700006831,00505684390C1FE18D9B9FDEE4E28896
CMM_MTM_SLS,083,CMM_VLOGP_BGRFC_1700006832,00505684390C1FE186BFA37BAE85888F
CMM_MTM_SLS,083,CMM_VLOGP_BGRFC_1700006843,00505684390C1FE0A7ECBEBEE985A856
CMM_MTM_SLS,083,CMM_VLOGP_BGRFC_1700006845,00505684390C1FE0A3975373D2F00849
CMM_MTM_SLS,083,CMM_VLOGP_BGRFC_1700006846,00505684390C1FE18DE3F684B916E896
CMM_MTM_SLS,083,CMM_VLOGP_BGRFC_1700006850,00505684390C1FE0ACE4105473EBE865
CMM_MTM_SLS,083,CMM_VLOGP_BGRFC_1700006854,00505684390C1FE0A7ECB02FF97E2856
CMM_MTM_SLS,083,CMM_VLOGP_BGRFC_1700006878,00505684390C1FE0A4CBACCD355E6851
CMM_MTM_SLS,083,CMM_VLOGP_BGRFC_1700006886,00505684390C1FE18D9BA44583C9C896
CMM_MTM_SLS,083,CMM_VLOGP_BGRFC_1700006893,00505684390C1FE1808CC0FFB5516889
CMM_MTM_SLS,083,CMM_VLOGP_BGRFC_1700006894,00505684390C1FE0A6942CB55FC02851
CMM_MTM_SLS,083,CMM_VLOGP_BGRFC_1700006895,00505684390C1FE0A6944EC088C2A851
CMM_MTM_SLS,083,CMM_VLOGP_BGRFC_1700006896,00505684390C1FE0A69467A255C7E851
CMM_MTM_SLS,083,CMM_VLOGP_BGRFC_1700006897,00505684390C1FE0A6948C3780F42851
CMM_MTM_SLS,083,CMM_VLOGP_BGRFC_1700006903,00505684390C1FE18D9B9BFC413CC896
CMM_MTM_SLS,083,CMM_VLOGP_BGRFC_1700006905,00505684390C1FE0AA9F7F044EE96865
CMM_MTM_SLS,083,CMM_VLOGP_BGRFC_1700006906,00505684390C1FE0AAB71FBE99FD4865
CMM_MTM_SLS,083,CMM_VLOGP_BGRFC_1700006910,00505684390C1FE0A7D55FEFDF8AA856
CMM_MTM_SLS,083,CMM_VLOGP_BGRFC_1700006911,00505684390C1FE1908D16C3B1242896
CMM_MTM_SLS,083,CMM_VLOGP_BGRFC_1700006923,00505684390C1FE0AA9FDE85BA59C865
CMM_MTM_SLS,083,CMM_VLOGP_BGRFC_1700006924,00505684390C1FE0AAB18E55C114C865
CMM_MTM_SLS,083,CMM_VLOGP_BGRFC_1700006925,00505684390C1FE0AAB5C53A20AA2865
CMM_MTM_SLS,083,CMM_VLOGP_BGRFC_1700006926,00505684390C1FE0ABB08F9CDBFD8865
CMM_MTM_SLS,083,CMM_VLOGP_BGRFC_1700006928,00505684390C1FE18D9BA71F99328896
CMM_MTM_SLS,083,CMM_VLOGP_BGRFC_1700006929,00505684390C1FE188A765DE05414891
CMM_MTM_SLS,083,CMM_VLOGP_BGRFC_1700006930,00505684390C1FE0ABE259C3D7228865
CMM_MTM_SLS,083,CMM_VLOGP_BGRFC_1700006933,00505684390C1FE0ABE74680C8760865
CMM_MTM_SLS,083,CMM_VLOGP_BGRFC_1700006939,00505684390C1FE0AC932AA0B4A96865
CMM_MTM_SLS,083,CMM_VLOGP_BGRFC_1700006940,00505684390C1FE0AC937DC64FA2C865
CMM_MTM_SLS,083,CMM_VLOGP_BGRFC_1700006941,00505684390C1FE0AC93CE32760C8865
CMM_MTM_SLS,083,CMM_VLOGP_BGRFC_1700006942,00505684390C1FE0AC940D8A6978A865
CMM_MTM_SLS,083,CMM_VLOGP_BGRFC_1700006943,00505684390C1FE0AC9452E9760DA865
CMM_MTM_SLS,083,CMM_VLOGP_BGRFC_1700006944,00505684390C1FE18D9BAD0738E70896
CMM_MTM_SLS,083,CMM_VLOGP_BGRFC_1700006945,00505684390C1FE0AC9760CE583B4865
CMM_MTM_SLS,083,CMM_VLOGP_BGRFC_1700006949,00505684390C1FE0AC9A139CD181E865
CMM_MTM_SLS,083,CMM_VLOGP_BGRFC_1700006955,00505684390C1FE0ACDF3A11AC59A865
CMM_MTM_SLS,083,CMM_VLOGP_BGRFC_1700006964,00505684390C1FE0BE924A65984B6887
CMM_MTM_SLS,083,CMM_VLOGP_BGRFC_1700006968,00505684390C1FE188A790C9D2178891
CMM_MTM_SLS,083,CMM_VLOGP_BGRFC_1700006969,00505684390C1FE1908D17FBB96DA896
CMM_MTM_SLS,083,CMM_VLOGP_BGRFC_1700006970,00505684390C1FE188A7A23BA1D76891
CMM_MTM_SLS,083,CMM_VLOGP_BGRFC_1700006985,00505684390C1FE0AEE58AA57A1BA879
CMM_MTM_SLS,083,CMM_VLOGP_BGRFC_1700006986,00505684390C1FE18DE3FA984D480896
CMM_MTM_SLS,083,CMM_VLOGP_BGRFC_1700006987,00505684390C1FE18DE3FB7B289BE896
CMM_MTM_SLS,083,CMM_VLOGP_BGRFC_1700006989,00505684390C1FE0AEF88DE2887A2879
CMM_MTM_SLS,083,CMM_VLOGP_BGRFC_1700006990,00505684390C1FE0AEF92A83671F2879
CMM_MTM_SLS,083,CMM_VLOGP_BGRFC_1700006991,00505684390C1FE0AEFE02E332CD8879
CMM_MTM_SLS,083,CMM_VLOGP_BGRFC_1700006992,00505684390C1FE1908D198383AE6896
CMM_MTM_SLS,083,CMM_VLOGP_BGRFC_1700006993,00505684390C1FE1908D19BB307F0896
CMM_MTM_SLS,083,CMM_VLOGP_BGRFC_1700006994,00505684390C1FE0AFA7496EAD13E879
CMM_MTM_SLS,083,CMM_VLOGP_BGRFC_1700007000,00505684390C1FE18DE3FD5DF978A896
CMM_MTM_SLS,083,CMM_VLOGP_BGRFC_1700007004,00505684390C1FE0AFE0EDA23AB58879
CMM_MTM_SLS,083,CMM_VLOGP_BGRFC_1700007006,00505684390C1FE0AFF9F8098A086879
CMM_MTM_SLS,083,CMM_VLOGP_BGRFC_1700007007,00505684390C1FE0AFFEDA4C24BCE879
CMM_MTM_SLS,083,CMM_VLOGP_BGRFC_1700007008,00505684390C1FE0B08AA5745354E879
CMM_MTM_SLS,083,CMM_VLOGP_BGRFC_1700007010,00505684390C1FE0B08CAF16148A8879
CMM_MTM_SLS,083,CMM_VLOGP_BGRFC_1700007015,00505684390C1FE0B0940E2CFC784879
CMM_MTM_SLS,083,CMM_VLOGP_BGRFC_1700007016,00505684390C1FE0B097D816E6800879
CMM_MTM_SLS,083,CMM_VLOGP_BGRFC_1700007017,00505684390C1FE0B0983100B7DB4879
CMM_MTM_SLS,083,CMM_VLOGP_BGRFC_1700007019,00505684390C1FE0B0A45F96B9BA4879
CMM_MTM_SLS,083,CMM_VLOGP_BGRFC_1700007022,00505684390C1FE0B0A97B32767BC879
CMM_MTM_SLS,083,CMM_VLOGP_BGRFC_1700007023,00505684390C1FE0B0ADDBC7E26C0879
CMM_MTM_SLS,083,CMM_VLOGP_BGRFC_1700007025,00505684390C1FE0B0F0232D7C77C879
CMM_MTM_SLS,083,CMM_VLOGP_BGRFC_1700007027,00505684390C1FE1908D28AE6EBD4896
CMM_MTM_SLS,083,CMM_VLOGP_BGRFC_1700007028,00505684390C1FE1908D28DAA548C896
CMM_MTM_SLS,083,CMM_VLOGP_BGRFC_1700007029,00505684390C1FE1908D28E2BD1E4896
CMM_MTM_SLS,083,CMM_VLOGP_BGRFC_1700007030,00505684390C1FE0B0F6AB90DDA8C879
CMM_MTM_SLS,083,CMM_VLOGP_BGRFC_1700007031,00505684390C1FE0B0F714210CD9C879
CMM_MTM_SLS,083,CMM_VLOGP_BGRFC_1700007035,00505684390C1FE18DE40923E1046896
CMM_MTM_SLS,083,CMM_VLOGP_BGRFC_1700007037,00505684390C1FE0B0FC648C72E5C879
CMM_MTM_SLS,083,CMM_VLOGP_BGRFC_1700007040,00505684390C1FE1908D2C66DAF4E896
CMM_MTM_SLS,083,CMM_VLOGP_BGRFC_1700007043,00505684390C1FE1908D2D9818F3E896
CMM_MTM_SLS,083,CMM_VLOGP_BGRFC_1700007046,00505684390C1FE1908D2EDC2AD9C896
CMM_MTM_SLS,083,CMM_VLOGP_BGRFC_1700007049,00505684390C1FE1908D2F043687C896
CMM_MTM_SLS,083,CMM_VLOGP_BGRFC_1700007053,00505684390C1FE1908D302CEEA7C896
CMM_MTM_SLS,083,CMM_VLOGP_BGRFC_1700007057,00505684390C1FE1908D32A6ECC2C896
CMM_MTM_SLS,083,CMM_VLOGP_BGRFC_1700007061,00505684390C1FE0B192011C068F487A
CMM_MTM_SLS,083,CMM_VLOGP_BGRFC_1700007063,00505684390C1FE0B1A40F567725A87A
CMM_MTM_SLS,083,CMM_VLOGP_BGRFC_1700007070,00505684390C1FE1908D3632C963E896
CMM_MTM_SLS,083,CMM_VLOGP_BGRFC_1700007071,00505684390C1FE186BFA24F3FDCA88F
CMM_MTM_SLS,083,CMM_VLOGP_BGRFC_1700007079,00505684390C1FE0B292667863EF087A
CMM_MTM_SLS,083,CMM_VLOGP_BGRFC_1700007081,00505684390C1FE0B293FFDC277AA87A
CMM_MTM_SLS,083,CMM_VLOGP_BGRFC_1700007082,00505684390C1FE0B29FC00B6AB7487A
CMM_MTM_SLS,083,CMM_VLOGP_BGRFC_1700007086,00505684390C1FE0B2BDA86E7E0E687A
CMM_MTM_SLS,083,CMM_VLOGP_BGRFC_1700007087,00505684390C1FE0B2A79C37FB5D087A
CMM_MTM_SLS,083,CMM_VLOGP_BGRFC_1700007088,00505684390C1FE0B2AA003A65FE887A
CMM_MTM_SLS,083,CMM_VLOGP_BGRFC_1700007090,00505684390C1FE0B2B9DE6AE764087A
CMM_MTM_SLS,083,CMM_VLOGP_BGRFC_1700007113,00505684390C1FE0B2E9BB59577D887A
CMM_MTM_SLS,083,CMM_VLOGP_BGRFC_1700007114,00505684390C1FE0B2EAD18AEA0D287A
CMM_MTM_SLS,083,CMM_VLOGP_BGRFC_1700007115,00505684390C1FE0B2EAD20C8542887A
CMM_MTM_SLS,083,CMM_VLOGP_BGRFC_1700007116,00505684390C1FE0B2EAD2870FFE087A
CMM_MTM_SLS,083,CMM_VLOGP_BGRFC_1700007117,00505684390C1FE0B2EAD3319C9DA87A
CMM_MTM_SLS,083,CMM_VLOGP_BGRFC_1700007118,00505684390C1FE0B2EAD3A032EEE87A
CMM_MTM_SLS,083,CMM_VLOGP_BGRFC_1700007119,00505684390C1FE0B2EAD40166AE087A
CMM_MTM_SLS,083,CMM_VLOGP_BGRFC_1700007121,00505684390C1FE0B2EC1D829F1B087A
CMM_MTM_SLS,083,CMM_VLOGP_BGRFC_1700007122,00505684390C1FE0B2EEB5D30B41087A
CMM_MTM_SLS,083,CMM_VLOGP_BGRFC_1700007126,00505684390C1FE0B2F56DF0DBE2C87A
CMM_MTM_SLS,083,CMM_VLOGP_BGRFC_1700007128,00505684390C1FE0B383D7DE914D887A
CMM_MTM_SLS,083,CMM_VLOGP_BGRFC_1700007129,00505684390C1FE0B38430228B87887A
CMM_MTM_SLS,083,CMM_VLOGP_BGRFC_1700007132,00505684390C1FE0B386EADAA448287A
CMM_MTM_SLS,083,CMM_VLOGP_BGRFC_1700007139,00505684390C1FE0B3D16F76A335A87A
CMM_MTM_SLS,083,CMM_VLOGP_BGRFC_1700007146,00505684390C1FE0B3D820E86A16087A
CMM_MTM_SLS,083,CMM_VLOGP_BGRFC_1700007148,00505684390C1FE0B3D944B7DE50287A
CMM_MTM_SLS,083,CMM_VLOGP_BGRFC_1700007156,00505684390C1FE0B3E06935B3D2A87A
CMM_MTM_SLS,083,CMM_VLOGP_BGRFC_1700007173,00505684390C1FE0B3F951388AC0E87B
CMM_MTM_SLS,083,CMM_VLOGP_BGRFC_1700007176,00505684390C1FE18D9CCB66D81F4896
CMM_MTM_SLS,083,CMM_VLOGP_BGRFC_1700007177,00505684390C1FE1908D26485D054896
CMM_MTM_SLS,083,CMM_VLOGP_BGRFC_1700007186,00505684390C1FE18D9BDF43A5374896
CMM_MTM_SLS,083,CMM_VLOGP_BGRFC_1700007196,00505684390C1FE0B4A3D14FFFFBC87B
CMM_MTM_SLS,083,CMM_VLOGP_BGRFC_1700007197,00505684390C1FE0B4A4084CD85B087B
CMM_MTM_SLS,083,CMM_VLOGP_BGRFC_1700007211,00505684390C1FE0B5B549791D0EC87B
CMM_MTM_SLS,083,CMM_VLOGP_BGRFC_1700007212,00505684390C1FE0B5B56C6FF2C4E87B
CMM_MTM_SLS,083,CMM_VLOGP_BGRFC_1700007217,00505684390C1FE0BEF68C740EE5A887
CMM_MTM_SLS,083,CMM_VLOGP_BGRFC_1700007226,00505684390C1FE0B6FB6FDA0D15E87B
CMM_MTM_SLS,083,CMM_VLOGP_BGRFC_1700007230,00505684390C1FE186BFA29B0E4D488F
CMM_MTM_SLS,083,CMM_VLOGP_BGRFC_1700007237,00505684390C1FE0B7F97F7D9E03287B
CMM_MTM_SLS,083,CMM_VLOGP_BGRFC_1700007240,00505684390C1FE1958A67307BCA2899
CMM_MTM_SLS,083,CMM_VLOGP_BGRFC_1700007253,00505684390C1FE0BAD7591361FE6880
CMM_MTM_SLS,083,CMM_VLOGP_BGRFC_1700007254,00505684390C1FE18D9D0570056CC896
CMM_MTM_SLS,083,CMM_VLOGP_BGRFC_1700007255,00505684390C1FE0BAEE9A6E6DFFE880
CMM_MTM_SLS,083,CMM_VLOGP_BGRFC_1700007256,00505684390C1FE0BB80FA2C0F1B4880
CMM_MTM_SLS,083,CMM_VLOGP_BGRFC_1700007257,00505684390C1FE18D9A58C6ADC98896
CMM_MTM_SLS,083,CMM_VLOGP_BGRFC_1700007258,00505684390C1FE0BBAF3C0E9678A881
CMM_MTM_SLS,083,CMM_VLOGP_BGRFC_1700007259,00505684390C1FE0BBAF4A6020C2E881
CMM_MTM_SLS,083,CMM_VLOGP_BGRFC_1700007263,00505684390C1FE0BC9145EF3CA9E881
CMM_MTM_SLS,083,CMM_VLOGP_BGRFC_1700007268,00505684390C1FE0BC974493698E2881
CMM_MTM_SLS,083,CMM_VLOGP_BGRFC_1700007269,00505684390C1FE0BC976AAF9F70E881
CMM_MTM_SLS,083,CMM_VLOGP_BGRFC_1700007270,00505684390C1FE0BCA71E5EBE44A885
CMM_MTM_SLS,083,CMM_VLOGP_BGRFC_1700007271,00505684390C1FE0BCA73BABA0C42885
CMM_MTM_SLS,083,CMM_VLOGP_BGRFC_1700007272,00505684390C1FE0BCA757B42AC9E885
CMM_MTM_SLS,083,CMM_VLOGP_BGRFC_1700007273,00505684390C1FE0BCA76DAA44D0E885
CMM_MTM_SLS,083,CMM_VLOGP_BGRFC_1700007275,00505684390C1FE0BCACABA93F64A885
CMM_MTM_SLS,083,CMM_VLOGP_BGRFC_1700007276,00505684390C1FE0BCAE070F2A84A885
CMM_MTM_SLS,083,CMM_VLOGP_BGRFC_1700007280,00505684390C1FE0BCCA56CE00B2C886
CMM_MTM_SLS,083,CMM_VLOGP_BGRFC_1700007281,00505684390C1FE0BCCB093534E36886
CMM_MTM_SLS,083,CMM_VLOGP_BGRFC_1700007282,00505684390C1FE0BCCB9CFF42532886
CMM_MTM_SLS,083,CMM_VLOGP_BGRFC_1700007283,00505684390C1FE0BCDDF146D98EA886
CMM_MTM_SLS,083,CMM_VLOGP_BGRFC_1700007284,00505684390C1FE0BCDF44E846062886
CMM_MTM_SLS,083,CMM_VLOGP_BGRFC_1700007285,00505684390C1FE195CDDA6F2A1C289A
CMM_MTM_SLS,083,CMM_VLOGP_BGRFC_1700007286,00505684390C1FE195CDDA96D679C89A
CMM_MTM_SLS,083,CMM_VLOGP_BGRFC_1700007287,00505684390C1FE195CDDABD87FA889A
CMM_MTM_SLS,083,CMM_VLOGP_BGRFC_1700007288,00505684390C1FE195CDDAE47D89C89A
CMM_MTM_SLS,083,CMM_VLOGP_BGRFC_1700007290,00505684390C1FE190F85AEA06D52896
CMM_MTM_SLS,083,CMM_VLOGP_BGRFC_1700007301,00505684390C1FE195CDDB152FA9A89A
CMM_MTM_SLS,083,CMM_VLOGP_BGRFC_1700007310,00505684390C1FE0BED7AFD8A6FC6887
CMM_MTM_SLS,083,CMM_VLOGP_BGRFC_1700007311,00505684390C1FE18D9BFC3A6F2F4896
CMM_MTM_SLS,083,CMM_VLOGP_BGRFC_1700007315,00505684390C1FE0BEF419CE2CDEC887
CMM_MTM_SLS,083,CMM_VLOGP_BGRFC_1700007316,00505684390C1FE18D9A5988CAAC4896
CMM_MTM_SLS,083,CMM_VLOGP_BGRFC_1700007317,00505684390C1FE18D9A59CDBA364896
CMM_MTM_SLS,083,CMM_VLOGP_BGRFC_1700007318,00505684390C1FE0BEF68CC1D03F8887
CMM_MTM_SLS,083,CMM_VLOGP_BGRFC_1700007319,00505684390C1FE0BEF68CF6F5F34887
CMM_MTM_SLS,083,CMM_VLOGP_BGRFC_1700007320,00505684390C1FE0BEF68D1E7B92C887
CMM_MTM_SLS,083,CMM_VLOGP_BGRFC_1700007321,00505684390C1FE0BEF68D5843D9E887
CMM_MTM_SLS,083,CMM_VLOGP_BGRFC_1700007322,00505684390C1FE0BEF68D784EADC887
CMM_MTM_SLS,083,CMM_VLOGP_BGRFC_1700007323,00505684390C1FE0BEF68DB483F10887
CMM_MTM_SLS,083,CMM_VLOGP_BGRFC_1700007324,00505684390C1FE0BEF68DDDE6C4E887
CMM_MTM_SLS,083,CMM_VLOGP_BGRFC_1700007325,00505684390C1FE0BEF68E01F2EE4887
CMM_MTM_SLS,083,CMM_VLOGP_BGRFC_1700007326,00505684390C1FE0BEF68E39446A0887
CMM_MTM_SLS,083,CMM_VLOGP_BGRFC_1700007327,00505684390C1FE0BF828D15D77CC887
CMM_MTM_SLS,083,CMM_VLOGP_BGRFC_1700007328,00505684390C1FE0BF82A7F30A88C887
CMM_MTM_SLS,083,CMM_VLOGP_BGRFC_1700007329,00505684390C1FE0BF84662D225E6887
CMM_MTM_SLS,083,CMM_VLOGP_BGRFC_1700007330,00505684390C1FE0BF8466658C8D0887
CMM_MTM_SLS,083,CMM_VLOGP_BGRFC_1700007331,00505684390C1FE18D9A5A12093E4896
CMM_MTM_SLS,083,CMM_VLOGP_BGRFC_1700007332,00505684390C1FE18D9A5A5088892896
CMM_MTM_SLS,083,CMM_VLOGP_BGRFC_1700007333,00505684390C1FE187872038934E888F
CMM_MTM_SLS,083,CMM_VLOGP_BGRFC_1700007340,00505684390C1FE0BFFFD79332EE6889
CMM_MTM_SLS,083,CMM_VLOGP_BGRFC_1700007343,00505684390C1FE1809B7A28B7732889
CMM_MTM_SLS,083,CMM_VLOGP_BGRFC_1700007378,00505684390C1FE180AA59FFE5C5E889
CMM_MTM_SLS,083,CMM_VLOGP_BGRFC_1700007381,00505684390C1FE180B253F693FA0889
CMM_MTM_SLS,083,CMM_VLOGP_BGRFC_1700007389,00505684390C1FE1858C14F4B539488D
CMM_MTM_SLS,083,CMM_VLOGP_BGRFC_1700007404,00505684390C1FE1908D88D5D2B5C896
CMM_MTM_SLS,083,CMM_VLOGP_BGRFC_1700007412,00505684390C1FE180E8743FAA228889
CMM_MTM_SLS,083,CMM_VLOGP_BGRFC_1700007415,00505684390C1FE180F0B1EF9D968889
CMM_MTM_SLS,083,CMM_VLOGP_BGRFC_1700007418,00505684390C1FE181B377D0DA728889
CMM_MTM_SLS,083,CMM_VLOGP_BGRFC_1700007420,00505684390C1FE181B83D283083C889
CMM_MTM_SLS,083,CMM_VLOGP_BGRFC_1700007421,00505684390C1FE181B8898889084889
CMM_MTM_SLS,083,CMM_VLOGP_BGRFC_1700007422,00505684390C1FE18D9A5AA6DAC98896
CMM_MTM_SLS,083,CMM_VLOGP_BGRFC_1700007423,00505684390C1FE18D9A5AE762C24896
CMM_MTM_SLS,083,CMM_VLOGP_BGRFC_1700007449,00505684390C1FE18D9A5BFEDD278896
CMM_MTM_SLS,083,CMM_VLOGP_BGRFC_1700007452,00505684390C1FE181FAF74C046A2889
CMM_MTM_SLS,083,CMM_VLOGP_BGRFC_1700007453,00505684390C1FE1908C8FD74439A896
CMM_MTM_SLS,083,CMM_VLOGP_BGRFC_1700007454,00505684390C1FE1908C8FFEDB6A8896
CMM_MTM_SLS,083,CMM_VLOGP_BGRFC_1700007455,00505684390C1FE18D9BFFE8BE5AC896
CMM_MTM_SLS,083,CMM_VLOGP_BGRFC_1700007457,00505684390C1FE18287BFC57CB98889
CMM_MTM_SLS,083,CMM_VLOGP_BGRFC_1700007458,00505684390C1FE18287C03B0FEEC889
CMM_MTM_SLS,083,CMM_VLOGP_BGRFC_1700007459,00505684390C1FE18287C08F90FE8889
CMM_MTM_SLS,083,CMM_VLOGP_BGRFC_1700007461,00505684390C1FE1908D2E066C75C896
CMM_MTM_SLS,083,CMM_VLOGP_BGRFC_1700007470,00505684390C1FE182E336E7F1840889
CMM_MTM_SLS,083,CMM_VLOGP_BGRFC_1700007472,00505684390C1FE182E39CBD60048889
CMM_MTM_SLS,083,CMM_VLOGP_BGRFC_1700007474,00505684390C1FE1908D92F52BCC4896
CMM_MTM_SLS,083,CMM_VLOGP_BGRFC_1700007475,00505684390C1FE1908D92F52BCE2896
CMM_MTM_SLS,083,CMM_VLOGP_BGRFC_1700007479,00505684390C1FE1908D943ABB518896
CMM_MTM_SLS,083,CMM_VLOGP_BGRFC_1700007480,00505684390C1FE1908D943ABB536896
CMM_MTM_SLS,083,CMM_VLOGP_BGRFC_1700007481,00505684390C1FE18395F450AF236889
CMM_MTM_SLS,083,CMM_VLOGP_BGRFC_1700007484,00505684390C1FE182EB13D3D9454889
CMM_MTM_SLS,083,CMM_VLOGP_BGRFC_1700007490,00505684390C1FE1908D94B5E9A8C896
CMM_MTM_SLS,083,CMM_VLOGP_BGRFC_1700007492,00505684390C1FE182FB5A4F2C702889
CMM_MTM_SLS,083,CMM_VLOGP_BGRFC_1700007507,00505684390C1FE1908D961B30750896
CMM_MTM_SLS,083,CMM_VLOGP_BGRFC_1700007508,00505684390C1FE1908D963730E46896
CMM_MTM_SLS,083,CMM_VLOGP_BGRFC_1700007515,00505684390C1FE18D9A5C4D87AB0896
CMM_MTM_SLS,083,CMM_VLOGP_BGRFC_1700007516,00505684390C1FE18D9A5C986A788896
CMM_MTM_SLS,083,CMM_VLOGP_BGRFC_1700007526,00505684390C1FE1908C9150FBB1A896
CMM_MTM_SLS,083,CMM_VLOGP_BGRFC_1700007527,00505684390C1FE1908C918A0F7A0896
CMM_MTM_SLS,083,CMM_VLOGP_BGRFC_1700007529,00505684390C1FE1908D99E47C6EC896
CMM_MTM_SLS,083,CMM_VLOGP_BGRFC_1700007531,00505684390C1FE18D9A5D80E998C896
CMM_MTM_SLS,083,CMM_VLOGP_BGRFC_1700007545,00505684390C1FE183B7AA103859A889
CMM_MTM_SLS,083,CMM_VLOGP_BGRFC_1700007559,00505684390C1FE1908D9ACD76050896
CMM_MTM_SLS,083,CMM_VLOGP_BGRFC_1700007561,00505684390C1FE195CCB6690BF4C89A
CMM_MTM_SLS,083,CMM_VLOGP_BGRFC_1700007564,00505684390C1FE195CCB6890B25C89A
CMM_MTM_SLS,083,CMM_VLOGP_BGRFC_1700007567,00505684390C1FE18D9A514CEC21A896
CMM_MTM_SLS,083,CMM_VLOGP_BGRFC_1700007568,00505684390C1FE18D9C0E4A6F694896
CMM_MTM_SLS,083,CMM_VLOGP_BGRFC_1700007569,00505684390C1FE1908D2F806892C896
CMM_MTM_SLS,083,CMM_VLOGP_BGRFC_1700007570,00505684390C1FE1908D2FA3FC410896
CMM_MTM_SLS,083,CMM_VLOGP_BGRFC_1700007577,00505684390C1FE18490DC43E591488B
CMM_MTM_SLS,083,CMM_VLOGP_BGRFC_1700007580,00505684390C1FE1908DA0D3CE952896
CMM_MTM_SLS,083,CMM_VLOGP_BGRFC_1700007586,00505684390C1FE18795A6DC98B8688F
CMM_MTM_SLS,083,CMM_VLOGP_BGRFC_1700007588,00505684390C1FE188A385D87D6F4891
CMM_MTM_SLS,083,CMM_VLOGP_BGRFC_1700007591,00505684390C1FE1908C9236A6D16896
CMM_MTM_SLS,083,CMM_VLOGP_BGRFC_1700007592,00505684390C1FE1908C924A5429C896
CMM_MTM_SLS,083,CMM_VLOGP_BGRFC_1700007611,00505684390C1FE184BBFD14150F288D
CMM_MTM_SLS,083,CMM_VLOGP_BGRFC_1700007612,00505684390C1FE184BC2601D1D3888D
CMM_MTM_SLS,083,CMM_VLOGP_BGRFC_1700007613,00505684390C1FE1908C92782194E896
CMM_MTM_SLS,083,CMM_VLOGP_BGRFC_1700007614,00505684390C1FE1908C9296DDD7E896
CMM_MTM_SLS,083,CMM_VLOGP_BGRFC_1700007635,00505684390C1FE18D9C235AA2338896
CMM_MTM_SLS,083,CMM_VLOGP_BGRFC_1700007640,00505684390C1FE18D9A5DCE0B79C896
CMM_MTM_SLS,083,CMM_VLOGP_BGRFC_1700007645,00505684390C1FE1908DA41399CCC896
CMM_MTM_SLS,083,CMM_VLOGP_BGRFC_1700007646,00505684390C1FE1908DA43E119AE896
CMM_MTM_SLS,083,CMM_VLOGP_BGRFC_1700007647,00505684390C1FE1908DA46D38620896
CMM_MTM_SLS,083,CMM_VLOGP_BGRFC_1700007650,00505684390C1FE1908DA48E1FAC8896
CMM_MTM_SLS,083,CMM_VLOGP_BGRFC_1700007651,00505684390C1FE1908DA4B256838896
CMM_MTM_SLS,083,CMM_VLOGP_BGRFC_1700007653,00505684390C1FE186D712A8C241E88F
CMM_MTM_SLS,083,CMM_VLOGP_BGRFC_1700007661,00505684390C1FE1908DA755051FA896
CMM_MTM_SLS,083,CMM_VLOGP_BGRFC_1700007663,00505684390C1FE1908DA77278A1C896
CMM_MTM_SLS,083,CMM_VLOGP_BGRFC_1700007664,00505684390C1FE1908DA7D1A176C896
CMM_MTM_SLS,083,CMM_VLOGP_BGRFC_1700007666,00505684390C1FE1908DA8A35547A896
CMM_MTM_SLS,083,CMM_VLOGP_BGRFC_1700007667,00505684390C1FE1908DA8A355498896
CMM_MTM_SLS,083,CMM_VLOGP_BGRFC_1700007668,00505684390C1FE1908DA8C9D01EE896
CMM_MTM_SLS,083,CMM_VLOGP_BGRFC_1700007669,00505684390C1FE194C00AC045A68899
CMM_MTM_SLS,083,CMM_VLOGP_BGRFC_1700007671,00505684390C1FE18D9A5E0CDC4A2896
CMM_MTM_SLS,083,CMM_VLOGP_BGRFC_1700007674,00505684390C1FE18D9DEAD1F8590896
CMM_MTM_SLS,083,CMM_VLOGP_BGRFC_1700007676,00505684390C1FE1908DA93B99304896
CMM_MTM_SLS,083,CMM_VLOGP_BGRFC_1700007677,00505684390C1FE187ADE750E625288F
CMM_MTM_SLS,083,CMM_VLOGP_BGRFC_1700007678,00505684390C1FE190F8695880AEE896
CMM_MTM_SLS,083,CMM_VLOGP_BGRFC_1700007679,00505684390C1FE1908C92E977D46896
CMM_MTM_SLS,083,CMM_VLOGP_BGRFC_1700007682,00505684390C1FE190F86C95338EE896
CMM_MTM_SLS,083,CMM_VLOGP_BGRFC_1700007691,00505684390C1FE187DCDF37184F8891
CMM_MTM_SLS,083,CMM_VLOGP_BGRFC_1700007692,00505684390C1FE187DD008898042891
CMM_MTM_SLS,083,CMM_VLOGP_BGRFC_1700007708,00505684390C1FE1908DA9C71F5A8896
CMM_MTM_SLS,083,CMM_VLOGP_BGRFC_1700007709,00505684390C1FE1908DA9EDD0B5C896
CMM_MTM_SLS,083,CMM_VLOGP_BGRFC_1700007714,00505684390C1FE18D9A5805F1232896
CMM_MTM_SLS,083,CMM_VLOGP_BGRFC_1700007722,00505684390C1FE18D9A5976A68D8896
CMM_MTM_SLS,083,CMM_VLOGP_BGRFC_1700007730,00505684390C1FE188DC2A516174C891
CMM_MTM_SLS,083,CMM_VLOGP_BGRFC_1700007749,00505684390C1FE18D9A5AE4DCB38896
CMM_MTM_SLS,083,CMM_VLOGP_BGRFC_1700007750,00505684390C1FE1908C94B51CDC8896
CMM_MTM_SLS,083,CMM_VLOGP_BGRFC_1700007751,00505684390C1FE18984A2A6F184E891
CMM_MTM_SLS,083,CMM_VLOGP_BGRFC_1700007767,00505684390C1FE18DE49B471624E896
CMM_MTM_SLS,083,CMM_VLOGP_BGRFC_1700007768,00505684390C1FE189F4C187A817E891
CMM_MTM_SLS,083,CMM_VLOGP_BGRFC_1700007769,00505684390C1FE18A82A249820A8891
CMM_MTM_SLS,083,CMM_VLOGP_BGRFC_1700007771,00505684390C1FE18A8BF809D9354891
CMM_MTM_SLS,083,CMM_VLOGP_BGRFC_1700007772,00505684390C1FE18A8BF820FFDFC891
CMM_MTM_SLS,083,CMM_VLOGP_BGRFC_1700007773,00505684390C1FE18D9A5D409335E896
CMM_MTM_SLS,083,CMM_VLOGP_BGRFC_1700007776,00505684390C1FE18A8D063E75644891
CMM_MTM_SLS,083,CMM_VLOGP_BGRFC_1700007777,00505684390C1FE18A8D066F5D2E6891
CMM_MTM_SLS,083,CMM_VLOGP_BGRFC_1700007778,00505684390C1FE18D9A5DDC5E4AA896
CMM_MTM_SLS,083,CMM_VLOGP_BGRFC_1700007779,00505684390C1FE18AA0EA21A0BFC891
CMM_MTM_SLS,083,CMM_VLOGP_BGRFC_1700007780,00505684390C1FE18AA0EA4807A46891
CMM_MTM_SLS,083,CMM_VLOGP_BGRFC_1700007781,00505684390C1FE18D9A5E4392DA6896
CMM_MTM_SLS,083,CMM_VLOGP_BGRFC_1700007788,00505684390C1FE18ABFB0EEF5DA6894
CMM_MTM_SLS,083,CMM_VLOGP_BGRFC_1700007803,00505684390C1FE18D9DF47F05658896
CMM_MTM_SLS,083,CMM_VLOGP_BGRFC_1700007829,00505684390C1FE18CE3C1BDA39DA896
CMM_MTM_SLS,083,CMM_VLOGP_BGRFC_1700007830,00505684390C1FE18CE3C1E261202896
CMM_MTM_SLS,083,CMM_VLOGP_BGRFC_1700007842,00505684390C1FE18D94A95149C5C896
CMM_MTM_SLS,083,CMM_VLOGP_BGRFC_1700007852,00505684390C1FE18DEA32E5B4798896
CMM_MTM_SLS,083,CMM_VLOGP_BGRFC_1700007854,00505684390C1FE18DEBE33BF3AC8896
CMM_MTM_SLS,083,CMM_VLOGP_BGRFC_1700007869,00505684390C1FE18FF8669735D68896
CMM_MTM_SLS,083,CMM_VLOGP_BGRFC_1700007875,00505684390C1FE190AEA66676190896
CMM_MTM_SLS,083,CMM_VLOGP_BGRFC_1700007876,00505684390C1FE190AECD26B584C896
CMM_MTM_SLS,083,CMM_VLOGP_BGRFC_1700007880,00505684390C1FE195CE2C46D51FE89A
CMM_MTM_SLS,083,CMM_VLOGP_BGRFC_1700007913,00505684390C1FE1919B85571C4BA899
CMM_MTM_SLS,083,CMM_VLOGP_BGRFC_1700007941,00505684390C1FE192D7CC5E8E124899
CMM_MTM_SLS,083,CMM_VLOGP_BGRFC_1700007942,00505684390C1FE19386FC9C4F7AE899
CMM_MTM_SLS,083,CMM_VLOGP_BGRFC_1700007944,00505684390C1FE195CD83EFCF29C89A
CMM_MTM_SLS,083,CMM_VLOGP_BGRFC_1700007947,00505684390C1FE1938F711160E48899
CMM_MTM_SLS,083,CMM_VLOGP_BGRFC_1700007964,00505684390C1FE1949F05AFEF02C899
CMM_MTM_SLS,083,CMM_VLOGP_BGRFC_1700007974,00505684390C1FE194864B79BE95C899
CMM_MTM_SLS,083,CMM_VLOGP_BGRFC_1700007976,00505684390C1FE1949E079FBD11A899
CMM_MTM_SLS,083,CMM_VLOGP_BGRFC_1700007989,00505684390C1FE194F90C97FF9CC899
CMM_MTM_SLS,083,CMM_VLOGP_BGRFC_1700007994,00505684390C1FE1958FE6A2A9448899
CMM_MTM_SLS,083,CMM_VLOGP_BGRFC_1700008010,00505684390C1FE195A897C39595889A
CMM_MTM_SLS,083,CMM_VLOGP_BGRFC_2100000012,00505684390C1FE0A6CB790C2B66A853
CMM_MTM_SLS,083,CMM_VLOGP_BGRFC_2100000017,00505684390C1FE186BFC0FFBACC688F
CMM_MTM_SLS,083,CMM_VLOGP_BGRFC_2100000020,00505684390C1FE186C1E94D120CE88F
CMM_MTM_SLS,083,CMM_VLOGP_BGRFC_2100000146,00505684390C1FE09F988BF8D40A6846
CMM_MTM_SLS,083,CMM_VLOGP_BGRFC_2100000190,00505684390C1FE092EACC8C81D36832
CMM_MTM_SLS,083,CMM_VLOGP_BGRFC_2100000607,00505684390C1FE092EACF96E0754832
CMM_MTM_SLS,083,CMM_VLOGP_BGRFC_2100001050,00505684390C1FE092EACAC23BBFA832
CMM_MTM_SLS,083,CMM_VLOGP_BGRFC_2100001103,00505684390C1FE09F8F98944C500846
CMM_MTM_SLS,083,CMM_VLOGP_BGRFC_2100001422,00505684390C1FE092EACC64C4A60832
CMM_MTM_SLS,083,CMM_VLOGP_BGRFC_2100001662,00505684390C1FE092EAD13B29776832
CMM_MTM_SLS,083,CMM_VLOGP_BGRFC_2200000000,00505684390C1FE186C1E964B72F688F
CMM_MTM_SLS,083,CMM_VLOGP_BGRFC_2200000139,00505684390C1FE0A7F052D9D996A856
CMM_MTM_SLS,083,CMM_VLOGP_BGRFC_2200000342,00505684390C1FE092EAD00D99136832
CMM_MTM_SLS,083,CMM_VLOGP_BGRFC_2200000622,00505684390C1FE092EACB0C28A82832
CMM_MTM_SLS,083,CMM_VLOGP_BGRFC_2200000920,00505684390C1FE092EAD0A512B16832
CMM_MTM_SLS,083,CMM_VLOGP_BGRFC_2200001190,00505684390C1FE09F8F9B89306F8846
CMM_MTM_SLS,083,CMM_VLOGP_BGRFC_2200001213,00505684390C1FE092EC41E394616832
CMM_MTM_SLS,083,CMM_VLOGP_BGRFC_2200001268,00505684390C1FE189D7047B32C42891
CMM_TRM_FTR_BGRFC,083,FTR_SAVEID_BGRFC_Q_TF0000000000000002230,00505684390C1FE0AFF0CD03DD5D2879
CMM_TRM_FTR_BGRFC,083,FTR_SAVEID_BGRFC_Q_TF0000000000000002263,00505684390C1FE0B0896D66286BC879
CMM_TRM_FTR_BGRFC,083,FTR_SAVEID_BGRFC_Q_TF0000000000000002298,00505684390C1FE193D9D0E9BF7A2899
CMM_TRM_FTR_BGRFC,083,FTR_SAVEID_BGRFC_Q_TF0000000000000002299,00505684390C1FE193D9D0D7854D4899
CMM_TRM_FTR_BGRFC,083,FTR_SAVEID_BGRFC_Q_TF0000000000000002300,00505684390C1FE193D9D0D784D3A899
CMM_TRM_FTR_BGRFC,083,FTR_SAVEID_BGRFC_Q_TF0000000000000002301,00505684390C1FE193D9D0D7854BA899
CMM_TRM_FTR_BGRFC,083,FTR_SAVEID_BGRFC_Q_TF0000000000000002302,00505684390C1FE193D9D0D784D7C899
CMM_TRM_FTR_BGRFC,083,FTR_SAVEID_BGRFC_Q_TF0000000000000002303,00505684390C1FE192D3C89F1CCC6899
CMM_TRM_FTR_BGRFC,083,FTR_SAVEID_BGRFC_Q_TF0000000000000002304,00505684390C1FE193D9D0D784D24899
CMM_TRM_FTR_BGRFC,083,FTR_SAVEID_BGRFC_Q_TF0000000000000002305,00505684390C1FE192D6CDDA6B380899
CMM_TRM_FTR_BGRFC,083,FTR_SAVEID_BGRFC_Q_TF0000000000000002306,00505684390C1FE193D9D0E9BFA3C899
CMM_TRM_FTR_BGRFC,083,FTR_SAVEID_BGRFC_Q_TF0000000000000002307,00505684390C1FE193D9D0D784DB4899
CMM_TRM_FTR_BGRFC,083,FTR_SAVEID_BGRFC_Q_TF0000000000000002308,00505684390C1FE192D3C88415B32899
CMM_TRM_FTR_BGRFC,083,FTR_SAVEID_BGRFC_Q_TF0000000000000002309,00505684390C1FE193D9D0D784E30899
CMM_TRM_FTR_BGRFC,083,FTR_SAVEID_BGRFC_Q_TF0000000000000002310,00505684390C1FE192D3C8852E3D0899
CMM_TRM_FTR_BGRFC,083,FTR_SAVEID_BGRFC_Q_TF0000000000000002311,00505684390C1FE193D9D0D785028899
CMM_TRM_FTR_BGRFC,083,FTR_SAVEID_BGRFC_Q_TF0000000000000002312,00505684390C1FE193D9D0D785056899
CMM_TRM_FTR_BGRFC,083,FTR_SAVEID_BGRFC_Q_TF0000000000000002313,00505684390C1FE193D9D0D784DC0899
CMM_TRM_FTR_BGRFC,083,FTR_SAVEID_BGRFC_Q_TF0000000000000002314,00505684390C1FE192D6CD931C1CE899
CMM_TRM_FTR_BGRFC,083,FTR_SAVEID_BGRFC_Q_TF0000000000000002315,00505684390C1FE192D6CD91CB06C899
CMM_TRM_FTR_BGRFC,083,FTR_SAVEID_BGRFC_Q_TF0000000000000002316,00505684390C1FE192D6CD9FB82A0899
CMM_TRM_FTR_BGRFC,083,FTR_SAVEID_BGRFC_Q_TF0000000000000002317,00505684390C1FE193D9D0D785834899
CMM_TRM_FTR_BGRFC,083,FTR_SAVEID_BGRFC_Q_TF0000000000000002318,00505684390C1FE193D9D0D7852C4899
CMM_TRM_FTR_BGRFC,083,FTR_SAVEID_BGRFC_Q_TF0000000000000002319,00505684390C1FE192D6CDDA6AF4E899
CMM_TRM_FTR_BGRFC,083,FTR_SAVEID_BGRFC_Q_TF0000000000000002320,00505684390C1FE192D6CFDFCB4AE899
CMM_TRM_FTR_BGRFC,083,FTR_SAVEID_BGRFC_Q_TF0000000000000002321,00505684390C1FE193D9D0D784C8E899
CMM_TRM_FTR_BGRFC,083,FTR_SAVEID_BGRFC_Q_TF0000000000000002322,00505684390C1FE192D6D21576ED4899
CMM_TRM_FTR_BGRFC,083,FTR_SAVEID_BGRFC_Q_TF0000000000000002323,00505684390C1FE193D9D0D78570E899
CMM_TRM_FTR_BGRFC,083,FTR_SAVEID_BGRFC_Q_TF0000000000000002324,00505684390C1FE193D9D0D784EA2899
CMM_TRM_FTR_BGRFC,083,FTR_SAVEID_BGRFC_Q_TF0000000000000002325,00505684390C1FE193D9D0D784FBC899
CMM_TRM_FTR_BGRFC,083,FTR_SAVEID_BGRFC_Q_TF0000000000000002326,00505684390C1FE193D9D0D7851C0899
CMM_TRM_FTR_BGRFC,083,FTR_SAVEID_BGRFC_Q_TF0000000000000002327,00505684390C1FE193D9D0D785054899
CMM_TRM_FTR_BGRFC,083,FTR_SAVEID_BGRFC_Q_TF0000000000000002328,00505684390C1FE193D9D0D785092899
CMM_TRM_FTR_BGRFC,083,FTR_SAVEID_BGRFC_Q_TF0000000000000002329,00505684390C1FE192D6CD886F226899
CMM_TRM_FTR_BGRFC,083,FTR_SAVEID_BGRFC_Q_TF0000000000000002330,00505684390C1FE193D9D0D784DB2899
CMM_TRM_FTR_BGRFC,083,FTR_SAVEID_BGRFC_Q_TF0000000000000002331,00505684390C1FE193D9D0D784E62899
CMM_TRM_FTR_BGRFC,083,FTR_SAVEID_BGRFC_Q_TF0000000000000002332,00505684390C1FE193D9D0D784CAA899
CMM_TRM_FTR_BGRFC,083,FTR_SAVEID_BGRFC_Q_TF0000000000000002333,00505684390C1FE193D9D0D784F7C899
CMM_TRM_FTR_BGRFC,083,FTR_SAVEID_BGRFC_Q_TF0000000000000002334,00505684390C1FE193D9D0D784F14899
CMM_TRM_FTR_BGRFC,083,FTR_SAVEID_BGRFC_Q_TF0000000000000002335,00505684390C1FE192D3C8B3CB5FE899
CMM_TRM_FTR_BGRFC,083,FTR_SAVEID_BGRFC_Q_TF0000000000000002336,00505684390C1FE193D9D0D784FAC899
CMM_TRM_FTR_BGRFC,083,FTR_SAVEID_BGRFC_Q_TF0000000000000002337,00505684390C1FE193D9D0D785244899
CMM_TRM_FTR_BGRFC,083,FTR_SAVEID_BGRFC_Q_TF0000000000000002338,00505684390C1FE192D6CD7862C32899
CMM_TRM_FTR_BGRFC,083,FTR_SAVEID_BGRFC_Q_TF0000000000000002339,00505684390C1FE193D9D0D785066899
CMM_TRM_FTR_BGRFC,083,FTR_SAVEID_BGRFC_Q_TF0000000000000002340,00505684390C1FE192D3C8A95E992899
CMM_TRM_FTR_BGRFC,083,FTR_SAVEID_BGRFC_Q_TF0000000000000002341,00505684390C1FE193D9D0D784C2E899
CMM_TRM_FTR_BGRFC,083,FTR_SAVEID_BGRFC_Q_TF0000000000000002342,00505684390C1FE193D9D0D784C3A899
CMM_TRM_FTR_BGRFC,083,FTR_SAVEID_BGRFC_Q_TF0000000000000002343,00505684390C1FE193D9D0D784DC4899
CMM_TRM_FTR_BGRFC,083,FTR_SAVEID_BGRFC_Q_TF0000000000000002344,00505684390C1FE193D9D0D78519E899
CMM_TRM_FTR_BGRFC,083,FTR_SAVEID_BGRFC_Q_TF0000000000000002345,00505684390C1FE193D9D0D7851AA899
CMM_TRM_FTR_BGRFC,083,FTR_SAVEID_BGRFC_Q_TF0000000000000002346,00505684390C1FE193D9D0D78507A899
CMM_TRM_FTR_BGRFC,083,FTR_SAVEID_BGRFC_Q_TF0000000000000002347,00505684390C1FE193D9D0D784FB2899
CMM_TRM_FTR_BGRFC,083,FTR_SAVEID_BGRFC_Q_TF0000000000000002348,00505684390C1FE193D9D0D785678899
CMM_TRM_FTR_BGRFC,083,FTR_SAVEID_BGRFC_Q_TF0000000000000002349,00505684390C1FE192D6CFE9D4DB0899
CMM_TRM_FTR_BGRFC,083,FTR_SAVEID_BGRFC_Q_TF0000000000000002350,00505684390C1FE193D9D0D785372899
CMM_TRM_FTR_BGRFC,083,FTR_SAVEID_BGRFC_Q_TF0000000000000002351,00505684390C1FE192D6CDAB0BA86899
CMM_TRM_FTR_BGRFC,083,FTR_SAVEID_BGRFC_Q_TF0000000000000002352,00505684390C1FE192D6CDC06EBE4899
CMM_TRM_FTR_BGRFC,083,FTR_SAVEID_BGRFC_Q_TF0000000000000002353,00505684390C1FE193D9D0D784E34899
CMM_TRM_FTR_BGRFC,083,FTR_SAVEID_BGRFC_Q_TF0000000000000002354,00505684390C1FE193D9D0D784FEE899
CMM_TRM_FTR_BGRFC,083,FTR_SAVEID_BGRFC_Q_TF0000000000000002355,00505684390C1FE192D3BAE238CAA899
CMM_TRM_FTR_BGRFC,083,FTR_SAVEID_BGRFC_Q_TF0000000000000002356,00505684390C1FE192D3C89E37532899
CMM_TRM_FTR_BGRFC,083,FTR_SAVEID_BGRFC_Q_TF0000000000000002357,00505684390C1FE192D3C8A5E7CFC899
CMM_TRM_FTR_BGRFC,083,FTR_SAVEID_BGRFC_Q_TF0000000000000002358,00505684390C1FE193D9D0D784C3E899
CMM_TRM_FTR_BGRFC,083,FTR_SAVEID_BGRFC_Q_TF0000000000000002359,00505684390C1FE193D9D0D7855D0899
CMM_TRM_FTR_BGRFC,083,FTR_SAVEID_BGRFC_Q_TF0000000000000002360,00505684390C1FE193D9D0D7856C2899
CMM_TRM_FTR_BGRFC,083,FTR_SAVEID_BGRFC_Q_TF0000000000000002361,00505684390C1FE193D9D0D784DF2899
CMM_TRM_FTR_BGRFC,083,FTR_SAVEID_BGRFC_Q_TF0000000000000002362,00505684390C1FE193D9D0D784FCA899
CMM_TRM_FTR_BGRFC,083,FTR_SAVEID_BGRFC_Q_TF0000000000000002363,00505684390C1FE193D9D0D784D6A899
CMM_TRM_FTR_BGRFC,083,FTR_SAVEID_BGRFC_Q_TF0000000000000002364,00505684390C1FE192D3BBFA1122A899
CMM_TRM_FTR_BGRFC,083,FTR_SAVEID_BGRFC_Q_TF0000000000000002365,00505684390C1FE192D3C88C31C1E899
CMM_TRM_FTR_BGRFC,083,FTR_SAVEID_BGRFC_Q_TF0000000000000002366,00505684390C1FE193D9D0D784DEC899
CMM_TRM_FTR_BGRFC,083,FTR_SAVEID_BGRFC_Q_TF0000000000000002367,00505684390C1FE193D9D0D785008899
CMM_TRM_FTR_BGRFC,083,FTR_SAVEID_BGRFC_Q_TF0000000000000002368,00505684390C1FE193D9D0D784F2A899
CMM_TRM_FTR_BGRFC,083,FTR_SAVEID_BGRFC_Q_TF0000000000000002369,00505684390C1FE193D9D0D784C54899
CMM_TRM_FTR_BGRFC,083,FTR_SAVEID_BGRFC_Q_TF0000000000000002370,00505684390C1FE193D9D0D784C7C899
CMM_TRM_FTR_BGRFC,083,FTR_SAVEID_BGRFC_Q_TF0000000000000002371,00505684390C1FE193D9D0D7856A6899
CMM_TRM_FTR_BGRFC,083,FTR_SAVEID_BGRFC_Q_TF0000000000000002372,00505684390C1FE193D9D0D784E90899
CMM_TRM_FTR_BGRFC,083,FTR_SAVEID_BGRFC_Q_TF0000000000000002373,00505684390C1FE192D3C88C319D2899
CMM_TRM_FTR_BGRFC,083,FTR_SAVEID_BGRFC_Q_TF0000000000000002374,00505684390C1FE192D3C881BE0B6899
CMM_TRM_FTR_BGRFC,083,FTR_SAVEID_BGRFC_Q_TF0000000000000002375,00505684390C1FE193D9D0D784F1A899
CMM_TRM_FTR_BGRFC,083,FTR_SAVEID_BGRFC_Q_TF0000000000000002376,00505684390C1FE192D6CD7C9AF58899
CMM_TRM_FTR_BGRFC,083,FTR_SAVEID_BGRFC_Q_TF0000000000000002377,00505684390C1FE192D3C890C6F18899
CMM_TRM_FTR_BGRFC,083,FTR_SAVEID_BGRFC_Q_TF0000000000000002378,00505684390C1FE193D9D0D784CD8899
CMM_TRM_FTR_BGRFC,083,FTR_SAVEID_BGRFC_Q_TF0000000000000002379,00505684390C1FE193D9D0D784DF4899
CMM_TRM_FTR_BGRFC,083,FTR_SAVEID_BGRFC_Q_TF0000000000000002380,00505684390C1FE193D9D0D784D98899
CMM_TRM_FTR_BGRFC,083,FTR_SAVEID_BGRFC_Q_TF0000000000000002381,00505684390C1FE192D6CDDA6B6DA899
CMM_TRM_FTR_BGRFC,083,FTR_SAVEID_BGRFC_Q_TF0000000000000002382,00505684390C1FE193D9D0D784C24899
CMM_TRM_FTR_BGRFC,083,FTR_SAVEID_BGRFC_Q_TF0000000000000002383,00505684390C1FE193D9D0D78511E899
CMM_TRM_FTR_BGRFC,083,FTR_SAVEID_BGRFC_Q_TF0000000000000002384,00505684390C1FE193D9D0D784E9E899
CMM_TRM_FTR_BGRFC,083,FTR_SAVEID_BGRFC_Q_TF0000000000000002385,00505684390C1FE193D9D0D784F98899
CMM_TRM_FTR_BGRFC,083,FTR_SAVEID_BGRFC_Q_TF0000000000000002386,00505684390C1FE193D9D0D785352899
CMM_TRM_FTR_BGRFC,083,FTR_SAVEID_BGRFC_Q_TF0000000000000002387,00505684390C1FE193D9D0D784F16899
CMM_TRM_FTR_BGRFC,083,FTR_SAVEID_BGRFC_Q_TF0000000000000002388,00505684390C1FE193D9D0D78527A899
CMM_TRM_FTR_BGRFC,083,FTR_SAVEID_BGRFC_Q_TF0000000000000002389,00505684390C1FE193D9D0D784CD4899
CMM_TRM_FTR_BGRFC,083,FTR_SAVEID_BGRFC_Q_TF0000000000000002390,00505684390C1FE193D9D0D784C30899
CMM_TRM_FTR_BGRFC,083,FTR_SAVEID_BGRFC_Q_TF0000000000000002391,00505684390C1FE193D9D0D784CCC899
CMM_TRM_FTR_BGRFC,083,FTR_SAVEID_BGRFC_Q_TF0000000000000002392,00505684390C1FE192D6CD7AFB860899
CMM_TRM_FTR_BGRFC,083,FTR_SAVEID_BGRFC_Q_TF0000000000000002393,00505684390C1FE193D9D0D784E08899
CMM_TRM_FTR_BGRFC,083,FTR_SAVEID_BGRFC_Q_TF0000000000000002394,00505684390C1FE193D9D0D784E28899
CMM_TRM_FTR_BGRFC,083,FTR_SAVEID_BGRFC_Q_TF0000000000000002395,00505684390C1FE193D9D0D78521C899
CMM_TRM_FTR_BGRFC,083,FTR_SAVEID_BGRFC_Q_TF0000000000000002396,00505684390C1FE192D3BAE87BC0A899
CMM_TRM_FTR_BGRFC,083,FTR_SAVEID_BGRFC_Q_TF0000000000000002397,00505684390C1FE193D9D0D78513C899
CMM_TRM_FTR_BGRFC,083,FTR_SAVEID_BGRFC_Q_TF0000000000000002398,00505684390C1FE193D9D0D784C2A899
CMM_TRM_FTR_BGRFC,083,FTR_SAVEID_BGRFC_Q_TF0000000000000002399,00505684390C1FE192D6CFE33D192899
CMM_TRM_FTR_BGRFC,083,FTR_SAVEID_BGRFC_Q_TF0000000000000002400,00505684390C1FE193D9D0D784C50899
CMM_TRM_FTR_BGRFC,083,FTR_SAVEID_BGRFC_Q_TF0000000000000002401,00505684390C1FE192D6CD9B3712C899
CMM_TRM_FTR_BGRFC,083,FTR_SAVEID_BGRFC_Q_TF0000000000000002402,00505684390C1FE192D3C8AB163E0899
CMM_TRM_FTR_BGRFC,083,FTR_SAVEID_BGRFC_Q_TF0000000000000002403,00505684390C1FE192D6CDAB0BE5A899
CMM_TRM_FTR_BGRFC,083,FTR_SAVEID_BGRFC_Q_TF0000000000000002404,00505684390C1FE193D9D0D7852CC899
CMM_TRM_FTR_BGRFC,083,FTR_SAVEID_BGRFC_Q_TF0000000000000002405,00505684390C1FE193D9D0D784F68899
CMM_TRM_FTR_BGRFC,083,FTR_SAVEID_BGRFC_Q_TF0000000000000002406,00505684390C1FE192D6CDA9B1DEC899
CMM_TRM_FTR_BGRFC,083,FTR_SAVEID_BGRFC_Q_TF0000000000000002407,00505684390C1FE193D9D0D7851FE899
CMM_TRM_FTR_BGRFC,083,FTR_SAVEID_BGRFC_Q_TF0000000000000002408,00505684390C1FE193D9D0D784CB8899
CMM_TRM_FTR_BGRFC,083,FTR_SAVEID_BGRFC_Q_TF0000000000000002409,00505684390C1FE193D9D0D784C1E899
CMM_TRM_FTR_BGRFC,083,FTR_SAVEID_BGRFC_Q_TF0000000000000002410,00505684390C1FE193D9D0D784C5C899
CMM_TRM_FTR_BGRFC,083,FTR_SAVEID_BGRFC_Q_TF0000000000000002411,00505684390C1FE192D6CD8E86058899
CMM_TRM_FTR_BGRFC,083,FTR_SAVEID_BGRFC_Q_TF0000000000000002412,00505684390C1FE193D9D0D784CA4899
CMM_TRM_FTR_BGRFC,083,FTR_SAVEID_BGRFC_Q_TF0000000000000002413,00505684390C1FE192D3BC0099ACA899
CMM_TRM_FTR_BGRFC,083,FTR_SAVEID_BGRFC_Q_TF0000000000000002414,00505684390C1FE193D9D0D785498899
CMM_TRM_FTR_BGRFC,083,FTR_SAVEID_BGRFC_Q_TF0000000000000002415,00505684390C1FE193D9D0D784F5A899
CMM_TRM_FTR_BGRFC,083,FTR_SAVEID_BGRFC_Q_TF0000000000000002416,00505684390C1FE193D9D0D7851DE899
CMM_TRM_FTR_BGRFC,083,FTR_SAVEID_BGRFC_Q_TF0000000000000002417,00505684390C1FE192D3C88C318F8899
CMM_TRM_FTR_BGRFC,083,FTR_SAVEID_BGRFC_Q_TF0000000000000002418,00505684390C1FE193D9D0D784C9A899
CMM_TRM_FTR_BGRFC,083,FTR_SAVEID_BGRFC_Q_TF0000000000000002419,00505684390C1FE193D9D0D784E3A899
CMM_TRM_FTR_BGRFC,083,FTR_SAVEID_BGRFC_Q_TF0000000000000002420,00505684390C1FE193D9D0D784DFE899
CMM_TRM_FTR_BGRFC,083,FTR_SAVEID_BGRFC_Q_TF0000000000000002421,00505684390C1FE192D3C8A5E812A899
CMM_TRM_FTR_BGRFC,083,FTR_SAVEID_BGRFC_Q_TF0000000000000002422,00505684390C1FE193D9D0D78540E899
CMM_TRM_FTR_BGRFC,083,FTR_SAVEID_BGRFC_Q_TF0000000000000002423,00505684390C1FE193D9D0D7857E4899
CMM_TRM_FTR_BGRFC,083,FTR_SAVEID_BGRFC_Q_TF0000000000000002424,00505684390C1FE193D9D0D785002899
CMM_TRM_FTR_BGRFC,083,FTR_SAVEID_BGRFC_Q_TF0000000000000002425,00505684390C1FE193D9D0D784E42899
CMM_TRM_FTR_BGRFC,083,FTR_SAVEID_BGRFC_Q_TF0000000000000002426,00505684390C1FE192D3BE547C076899
CMM_TRM_FTR_BGRFC,083,FTR_SAVEID_BGRFC_Q_TF0000000000000002427,00505684390C1FE193D9D0D784EDE899
CMM_TRM_FTR_BGRFC,083,FTR_SAVEID_BGRFC_Q_TF0000000000000002428,00505684390C1FE192D3BD1AE225C899
CMM_TRM_FTR_BGRFC,083,FTR_SAVEID_BGRFC_Q_TF0000000000000002429,00505684390C1FE193D9D0D7854D0899
CMM_TRM_FTR_BGRFC,083,FTR_SAVEID_BGRFC_Q_TF0000000000000002430,00505684390C1FE193D9D0D784C90899
CMM_TRM_FTR_BGRFC,083,FTR_SAVEID_BGRFC_Q_TF0000000000000002431,00505684390C1FE192D3C88C315A0899
CMM_TRM_FTR_BGRFC,083,FTR_SAVEID_BGRFC_Q_TF0000000000000002432,00505684390C1FE192D3C8B3CBD5A899
CMM_TRM_FTR_BGRFC,083,FTR_SAVEID_BGRFC_Q_TF0000000000000002433,00505684390C1FE192D3C8B533D02899
CMM_TRM_FTR_BGRFC,083,FTR_SAVEID_BGRFC_Q_TF0000000000000002434,00505684390C1FE192D6CD90220B0899
CMM_TRM_FTR_BGRFC,083,FTR_SAVEID_BGRFC_Q_TF0000000000000002435,00505684390C1FE193D9D0D784DB0899
CMM_TRM_FTR_BGRFC,083,FTR_SAVEID_BGRFC_Q_TF0000000000000002436,00505684390C1FE192D3BD28DF606899
CMM_TRM_FTR_BGRFC,083,FTR_SAVEID_BGRFC_Q_TF0000000000000002437,00505684390C1FE193D9D0D784E54899
CMM_TRM_FTR_BGRFC,083,FTR_SAVEID_BGRFC_Q_TF0000000000000002438,00505684390C1FE192D3BE62C00F4899
CMM_TRM_FTR_BGRFC,083,FTR_SAVEID_BGRFC_Q_TF0000000000000002439,00505684390C1FE193D9D0D784C32899
CMM_TRM_FTR_BGRFC,083,FTR_SAVEID_BGRFC_Q_TF0000000000000002440,00505684390C1FE192D6CD7AFBA1A899
CMM_TRM_FTR_BGRFC,083,FTR_SAVEID_BGRFC_Q_TF0000000000000002441,00505684390C1FE193D9D0D785564899
CMM_TRM_FTR_BGRFC,083,FTR_SAVEID_BGRFC_Q_TF0000000000000002442,00505684390C1FE193D9D0D785158899
CMM_TRM_FTR_BGRFC,083,FTR_SAVEID_BGRFC_Q_TF0000000000000002443,00505684390C1FE192D3BD28DEFDE899
CMM_TRM_FTR_BGRFC,083,FTR_SAVEID_BGRFC_Q_TF0000000000000002444,00505684390C1FE193D9D0D784CA8899
CMM_TRM_FTR_BGRFC,083,FTR_SAVEID_BGRFC_Q_TF0000000000000002445,00505684390C1FE193D9D0D7852B6899
CMM_TRM_FTR_BGRFC,083,FTR_SAVEID_BGRFC_Q_TF0000000000000002446,00505684390C1FE193D9D0D784F38899
CMM_TRM_FTR_BGRFC,083,FTR_SAVEID_BGRFC_Q_TF0000000000000002447,00505684390C1FE192D3C8A546302899
CMM_TRM_FTR_BGRFC,083,FTR_SAVEID_BGRFC_Q_TF0000000000000002448,00505684390C1FE193D9D0D784D08899
CMM_TRM_FTR_BGRFC,083,FTR_SAVEID_BGRFC_Q_TF0000000000000002449,00505684390C1FE193D9D0D784FF2899
CMM_TRM_FTR_BGRFC,083,FTR_SAVEID_BGRFC_Q_TF0000000000000002450,00505684390C1FE193D9D0D78561E899
CMM_TRM_FTR_BGRFC,083,FTR_SAVEID_BGRFC_Q_TF0000000000000002451,00505684390C1FE193D9D0D785668899
CMM_TRM_FTR_BGRFC,083,FTR_SAVEID_BGRFC_Q_TF0000000000000002452,00505684390C1FE193D9D0D78507C899
CMM_TRM_FTR_BGRFC,083,FTR_SAVEID_BGRFC_Q_TF0000000000000002453,00505684390C1FE193D9D0D784D6E899
CMM_TRM_FTR_BGRFC,083,FTR_SAVEID_BGRFC_Q_TF0000000000000002454,00505684390C1FE192D3C89A12B7C899
CMM_TRM_FTR_BGRFC,083,FTR_SAVEID_BGRFC_Q_TF0000000000000002455,00505684390C1FE192D3C8B3CB2FC899
CMM_TRM_FTR_BGRFC,083,FTR_SAVEID_BGRFC_Q_TF0000000000000002456,00505684390C1FE192D3BAF0B474E899
CMM_TRM_FTR_BGRFC,083,FTR_SAVEID_BGRFC_Q_TF0000000000000002457,00505684390C1FE193D9D0D785140899
CMM_TRM_FTR_BGRFC,083,FTR_SAVEID_BGRFC_Q_TF0000000000000002458,00505684390C1FE193D9D0D78548E899
CMM_TRM_FTR_BGRFC,083,FTR_SAVEID_BGRFC_Q_TF0000000000000002459,00505684390C1FE193D9D0D784DD4899
CMM_TRM_FTR_BGRFC,083,FTR_SAVEID_BGRFC_Q_TF0000000000000002460,00505684390C1FE193D9D0D784D1C899
CMM_TRM_FTR_BGRFC,083,FTR_SAVEID_BGRFC_Q_TF0000000000000002461,00505684390C1FE192D6CDA9B1A40899
CMM_TRM_FTR_BGRFC,083,FTR_SAVEID_BGRFC_Q_TF0000000000000002462,00505684390C1FE192D3BD28DF2FC899
CMM_TRM_FTR_BGRFC,083,FTR_SAVEID_BGRFC_Q_TF0000000000000002463,00505684390C1FE193D9D0D784F72899
CMM_TRM_FTR_BGRFC,083,FTR_SAVEID_BGRFC_Q_TF0000000000000002464,00505684390C1FE192D6CDDA6AFB0899
CMM_TRM_FTR_BGRFC,083,FTR_SAVEID_BGRFC_Q_TF0000000000000002465,00505684390C1FE193D9D0D784F74899
CMM_TRM_FTR_BGRFC,083,FTR_SAVEID_BGRFC_Q_TF0000000000000002466,00505684390C1FE193D9D0D784F12899
CMM_TRM_FTR_BGRFC,083,FTR_SAVEID_BGRFC_Q_TF0000000000000002467,00505684390C1FE193D9D0D785034899
CMM_TRM_FTR_BGRFC,083,FTR_SAVEID_BGRFC_Q_TF0000000000000002468,00505684390C1FE193D9D0D7857CE899
CMM_TRM_FTR_BGRFC,083,FTR_SAVEID_BGRFC_Q_TF0000000000000002469,00505684390C1FE192D6CDD2B8236899
CMM_TRM_FTR_BGRFC,083,FTR_SAVEID_BGRFC_Q_TF0000000000000002470,00505684390C1FE192D6CDDA6AFA4899
CMM_TRM_FTR_BGRFC,083,FTR_SAVEID_BGRFC_Q_TF0000000000000002471,00505684390C1FE192D6CDDA6B0E2899
CMM_TRM_FTR_BGRFC,083,FTR_SAVEID_BGRFC_Q_TF0000000000000002472,00505684390C1FE193D9D0D78548C899
CMM_TRM_FTR_BGRFC,083,FTR_SAVEID_BGRFC_Q_TF0000000000000002473,00505684390C1FE193D9D0D785266899
CMM_TRM_FTR_BGRFC,083,FTR_SAVEID_BGRFC_Q_TF0000000000000002474,00505684390C1FE193D9D0D784EC8899
CMM_TRM_FTR_BGRFC,083,FTR_SAVEID_BGRFC_Q_TF0000000000000002475,00505684390C1FE193D9D0D784F06899
CMM_TRM_FTR_BGRFC,083,FTR_SAVEID_BGRFC_Q_TF0000000000000002476,00505684390C1FE193D9D0D784E64899
CMM_TRM_FTR_BGRFC,083,FTR_SAVEID_BGRFC_Q_TF0000000000000002477,00505684390C1FE193D9D0D785316899
CMM_TRM_FTR_BGRFC,083,FTR_SAVEID_BGRFC_Q_TF0000000000000002478,00505684390C1FE193D9D0D784D32899
CMM_TRM_FTR_BGRFC,083,FTR_SAVEID_BGRFC_Q_TF0000000000000002479,00505684390C1FE192D6CDC06E4BE899
CMM_TRM_FTR_BGRFC,083,FTR_SAVEID_BGRFC_Q_TF0000000000000002480,00505684390C1FE193D9D0D784EE6899
CMM_TRM_FTR_BGRFC,083,FTR_SAVEID_BGRFC_Q_TF0000000000000002481,00505684390C1FE193D9D0D78538C899
CMM_TRM_FTR_BGRFC,083,FTR_SAVEID_BGRFC_Q_TF0000000000000002482,00505684390C1FE193D9D0D784FC0899
CMM_TRM_FTR_BGRFC,083,FTR_SAVEID_BGRFC_Q_TF0000000000000002483,00505684390C1FE192D6CD8F15C90899
CMM_TRM_FTR_BGRFC,083,FTR_SAVEID_BGRFC_Q_TF0000000000000002484,00505684390C1FE193D9D0D784F1C899
CMM_TRM_FTR_BGRFC,083,FTR_SAVEID_BGRFC_Q_TF0000000000000002485,00505684390C1FE193D9D0D784F3C899
CMM_TRM_FTR_BGRFC,083,FTR_SAVEID_BGRFC_Q_TF0000000000000002486,00505684390C1FE192D6D0E7BBDD4899
CMM_TRM_FTR_BGRFC,083,FTR_SAVEID_BGRFC_Q_TF0000000000000002487,00505684390C1FE192D6CFE9D56EA899
CMM_TRM_FTR_BGRFC,083,FTR_SAVEID_BGRFC_Q_TF0000000000000002488,00505684390C1FE192D3C8B53390E899
CMM_TRM_FTR_BGRFC,083,FTR_SAVEID_BGRFC_Q_TF0000000000000002489,00505684390C1FE193D9D0D784D26899
CMM_TRM_FTR_BGRFC,083,FTR_SAVEID_BGRFC_Q_TF0000000000000002490,00505684390C1FE192D3BE62C0106899
CMM_TRM_FTR_BGRFC,083,FTR_SAVEID_BGRFC_Q_TF0000000000000002491,00505684390C1FE193D9D0D785654899
CMM_TRM_FTR_BGRFC,083,FTR_SAVEID_BGRFC_Q_TF0000000000000002492,00505684390C1FE193D9D0D784E60899
CMM_TRM_FTR_BGRFC,083,FTR_SAVEID_BGRFC_Q_TF0000000000000002493,00505684390C1FE193D9D0D784D2E899
CMM_TRM_FTR_BGRFC,083,FTR_SAVEID_BGRFC_Q_TF0000000000000002494,00505684390C1FE192D3BD1402D50899
CMM_TRM_FTR_BGRFC,083,FTR_SAVEID_BGRFC_Q_TF0000000000000002495,00505684390C1FE193D9D0D784F30899
CMM_TRM_FTR_BGRFC,083,FTR_SAVEID_BGRFC_Q_TF0000000000000002496,00505684390C1FE192D3C89A12D14899
CMM_TRM_FTR_BGRFC,083,FTR_SAVEID_BGRFC_Q_TF0000000000000002497,00505684390C1FE193D9D0D78524A899
CMM_TRM_FTR_BGRFC,083,FTR_SAVEID_BGRFC_Q_TF0000000000000002498,00505684390C1FE193D9D0D785184899
CMM_TRM_FTR_BGRFC,083,FTR_SAVEID_BGRFC_Q_TF0000000000000002499,00505684390C1FE193D9D0D784C96899
CMM_TRM_FTR_BGRFC,083,FTR_SAVEID_BGRFC_Q_TF0000000000000002500,00505684390C1FE192D3C88C31D9C899
CMM_TRM_FTR_BGRFC,083,FTR_SAVEID_BGRFC_Q_TF0000000000000002501,00505684390C1FE193D9D0E9BF50A899
CMM_TRM_FTR_BGRFC,083,FTR_SAVEID_BGRFC_Q_TF0000000000000002502,00505684390C1FE192D6CD6E2EFCE899
CMM_TRM_FTR_BGRFC,083,FTR_SAVEID_BGRFC_Q_TF0000000000000002503,00505684390C1FE193D9D0D7858B6899
CMM_TRM_FTR_BGRFC,083,FTR_SAVEID_BGRFC_Q_TF0000000000000002504,00505684390C1FE193D9D0D7852EE899
CMM_TRM_FTR_BGRFC,083,FTR_SAVEID_BGRFC_Q_TF0000000000000002505,00505684390C1FE193D9D0D784E7C899
CMM_TRM_FTR_BGRFC,083,FTR_SAVEID_BGRFC_Q_TF0000000000000002506,00505684390C1FE193D9D0D784FDE899
CMM_TRM_FTR_BGRFC,083,FTR_SAVEID_BGRFC_Q_TF0000000000000002507,00505684390C1FE192D6CD9E23A96899
CMM_TRM_FTR_BGRFC,083,FTR_SAVEID_BGRFC_Q_TF0000000000000002508,00505684390C1FE193D9D0D7852B4899
CMM_TRM_FTR_BGRFC,083,FTR_SAVEID_BGRFC_Q_TF0000000000000002509,00505684390C1FE193D9D0D784E4E899
CMM_TRM_FTR_BGRFC,083,FTR_SAVEID_BGRFC_Q_TF0000000000000002510,00505684390C1FE193D9D0D784C6C899
CMM_TRM_FTR_BGRFC,083,FTR_SAVEID_BGRFC_Q_TF0000000000000002511,00505684390C1FE193D9D0D784E88899
CMM_TRM_FTR_BGRFC,083,FTR_SAVEID_BGRFC_Q_TF0000000000000002512,00505684390C1FE193D9D0D78553A899
CMM_TRM_FTR_BGRFC,083,FTR_SAVEID_BGRFC_Q_TF0000000000000002513,00505684390C1FE193D9D0D784DAA899
CMM_TRM_FTR_BGRFC,083,FTR_SAVEID_BGRFC_Q_TF0000000000000002514,00505684390C1FE192D6CDD2B841A899
CMM_TRM_FTR_BGRFC,083,FTR_SAVEID_BGRFC_Q_TF0000000000000002515,00505684390C1FE193D9D0D784E46899
CMM_TRM_FTR_BGRFC,083,FTR_SAVEID_BGRFC_Q_TF0000000000000002516,00505684390C1FE193D9D0D784F7A899
CMM_TRM_FTR_BGRFC,083,FTR_SAVEID_BGRFC_Q_TF0000000000000002517,00505684390C1FE193D9D0D78508C899
CMM_TRM_FTR_BGRFC,083,FTR_SAVEID_BGRFC_Q_TF0000000000000002518,00505684390C1FE193D9D0D784C6A899
CMM_TRM_FTR_BGRFC,083,FTR_SAVEID_BGRFC_Q_TF0000000000000002519,00505684390C1FE193D9D0D784DC2899
CMM_TRM_FTR_BGRFC,083,FTR_SAVEID_BGRFC_Q_TF0000000000000002520,00505684390C1FE193D9D0D784FB6899
CMM_TRM_FTR_BGRFC,083,FTR_SAVEID_BGRFC_Q_TF0000000000000002521,00505684390C1FE192D6CD9752ABC899
CMM_TRM_FTR_BGRFC,083,FTR_SAVEID_BGRFC_Q_TF0000000000000002522,00505684390C1FE193D9D0D784DDA899
CMM_TRM_FTR_BGRFC,083,FTR_SAVEID_BGRFC_Q_TF0000000000000002523,00505684390C1FE192D3BAE2385FC899
CMM_TRM_FTR_BGRFC,083,FTR_SAVEID_BGRFC_Q_TF0000000000000002524,00505684390C1FE193D9D0D784C8C899
CMM_TRM_FTR_BGRFC,083,FTR_SAVEID_BGRFC_Q_TF0000000000000002525,00505684390C1FE193D9D0D785A3C899
CMM_TRM_FTR_BGRFC,083,FTR_SAVEID_BGRFC_Q_TF0000000000000002526,00505684390C1FE193D9D0D784FC4899
CMM_TRM_FTR_BGRFC,083,FTR_SAVEID_BGRFC_Q_TF0000000000000002527,00505684390C1FE193D9D0D784FD0899
CMM_TRM_FTR_BGRFC,083,FTR_SAVEID_BGRFC_Q_TF0000000000000002528,00505684390C1FE192D3BD1403114899
CMM_TRM_FTR_BGRFC,083,FTR_SAVEID_BGRFC_Q_TF0000000000000002529,00505684390C1FE192D3BAF0B4374899
CMM_TRM_FTR_BGRFC,083,FTR_SAVEID_BGRFC_Q_TF0000000000000002530,00505684390C1FE193D9D0D78513E899
CMM_TRM_FTR_BGRFC,083,FTR_SAVEID_BGRFC_Q_TF0000000000000002531,00505684390C1FE192D6CD9FB7A7A899
CMM_TRM_FTR_BGRFC,083,FTR_SAVEID_BGRFC_Q_TF0000000000000002532,00505684390C1FE193D9D0D785514899
CMM_TRM_FTR_BGRFC,083,FTR_SAVEID_BGRFC_Q_TF0000000000000002533,00505684390C1FE193D9D0D785402899
CMM_TRM_FTR_BGRFC,083,FTR_SAVEID_BGRFC_Q_TF0000000000000002534,00505684390C1FE193D9D0D7850F2899
CMM_TRM_FTR_BGRFC,083,FTR_SAVEID_BGRFC_Q_TF0000000000000002535,00505684390C1FE193D9D0D78515C899
CMM_TRM_FTR_BGRFC,083,FTR_SAVEID_BGRFC_Q_TF0000000000000002536,00505684390C1FE193D9D0D785070899
CMM_TRM_FTR_BGRFC,083,FTR_SAVEID_BGRFC_Q_TF0000000000000002537,00505684390C1FE193D9D0D784F5E899
CMM_TRM_FTR_BGRFC,083,FTR_SAVEID_BGRFC_Q_TF0000000000000002538,00505684390C1FE192D6CD931BC8C899
CMM_TRM_FTR_BGRFC,083,FTR_SAVEID_BGRFC_Q_TF0000000000000002539,00505684390C1FE193D9D0D785BFE899
CMM_TRM_FTR_BGRFC,083,FTR_SAVEID_BGRFC_Q_TF0000000000000002540,00505684390C1FE193D9D0D784C7E899
CMM_TRM_FTR_BGRFC,083,FTR_SAVEID_BGRFC_Q_TF0000000000000002541,00505684390C1FE193D9D0D784D8E899
CMM_TRM_FTR_BGRFC,083,FTR_SAVEID_BGRFC_Q_TF0000000000000002542,00505684390C1FE192D6CD7FE6EEC899
CMM_TRM_FTR_BGRFC,083,FTR_SAVEID_BGRFC_Q_TF0000000000000002543,00505684390C1FE192D6CFF713410899
CMM_TRM_FTR_BGRFC,083,FTR_SAVEID_BGRFC_Q_TF0000000000000002544,00505684390C1FE192D3BE47C3A14899
CMM_TRM_FTR_BGRFC,083,FTR_SAVEID_BGRFC_Q_TF0000000000000002545,00505684390C1FE193D9D0D785064899
CMM_TRM_FTR_BGRFC,083,FTR_SAVEID_BGRFC_Q_TF0000000000000002546,00505684390C1FE193D9D0D785304899
CMM_TRM_FTR_BGRFC,083,FTR_SAVEID_BGRFC_Q_TF0000000000000002547,00505684390C1FE193D9D0D7851A4899
CMM_TRM_FTR_BGRFC,083,FTR_SAVEID_BGRFC_Q_TF0000000000000002548,00505684390C1FE193D9D0D784C42899
CMM_TRM_FTR_BGRFC,083,FTR_SAVEID_BGRFC_Q_TF0000000000000002549,00505684390C1FE192D3C8B533C9E899
CMM_TRM_FTR_BGRFC,083,FTR_SAVEID_BGRFC_Q_TF0000000000000002550,00505684390C1FE193D9D0D784E02899
CMM_TRM_FTR_BGRFC,083,FTR_SAVEID_BGRFC_Q_TF0000000000000002551,00505684390C1FE193D9D0D784C2C899
CMM_TRM_FTR_BGRFC,083,FTR_SAVEID_BGRFC_Q_TF0000000000000002552,00505684390C1FE192D3BE547BF06899
CMM_TRM_FTR_BGRFC,083,FTR_SAVEID_BGRFC_Q_TF0000000000000002553,00505684390C1FE193D9D0D7852A8899
CMM_TRM_FTR_BGRFC,083,FTR_SAVEID_BGRFC_Q_TF0000000000000002554,00505684390C1FE193D9D0D784F04899
CMM_TRM_FTR_BGRFC,083,FTR_SAVEID_BGRFC_Q_TF0000000000000002555,00505684390C1FE193D9D0D785384899
CMM_TRM_FTR_BGRFC,083,FTR_SAVEID_BGRFC_Q_TF0000000000000002556,00505684390C1FE193D9D0D784E20899
CMM_TRM_FTR_BGRFC,083,FTR_SAVEID_BGRFC_Q_TF0000000000000002557,00505684390C1FE192D3C88F4E1D0899
CMM_TRM_FTR_BGRFC,083,FTR_SAVEID_BGRFC_Q_TF0000000000000002558,00505684390C1FE193D9D0D785308899
CMM_TRM_FTR_BGRFC,083,FTR_SAVEID_BGRFC_Q_TF0000000000000002559,00505684390C1FE192D3BE47C39A8899
CMM_TRM_FTR_BGRFC,083,FTR_SAVEID_BGRFC_Q_TF0000000000000002560,00505684390C1FE192D6CECCCDDF8899
CMM_TRM_FTR_BGRFC,083,FTR_SAVEID_BGRFC_Q_TF0000000000000002561,00505684390C1FE192D3BE547BDFE899
CMM_TRM_FTR_BGRFC,083,FTR_SAVEID_BGRFC_Q_TF0000000000000002562,00505684390C1FE193D9D0D784CE0899
CMM_TRM_FTR_BGRFC,083,FTR_SAVEID_BGRFC_Q_TF0000000000000002563,00505684390C1FE193D9D0D784D40899
CMM_TRM_FTR_BGRFC,083,FTR_SAVEID_BGRFC_Q_TF0000000000000002564,00505684390C1FE193D9D0D784E9A899
CMM_TRM_FTR_BGRFC,083,FTR_SAVEID_BGRFC_Q_TF0000000000000002565,00505684390C1FE193D9D0D785068899
CMM_TRM_FTR_BGRFC,083,FTR_SAVEID_BGRFC_Q_TF0000000000000002566,00505684390C1FE192D3C8A546320899
CMM_TRM_FTR_BGRFC,083,FTR_SAVEID_BGRFC_Q_TF0000000000000002567,00505684390C1FE192D3B986F0D52899
CMM_TRM_FTR_BGRFC,083,FTR_SAVEID_BGRFC_Q_TF0000000000000002568,00505684390C1FE193D9D0D784DC6899
CMM_TRM_FTR_BGRFC,083,FTR_SAVEID_BGRFC_Q_TF0000000000000002569,00505684390C1FE193D9D0D784C5E899
CMM_TRM_FTR_BGRFC,083,FTR_SAVEID_BGRFC_Q_TF0000000000000002570,00505684390C1FE193D9D0D784C38899
CMM_TRM_FTR_BGRFC,083,FTR_SAVEID_BGRFC_Q_TF0000000000000002571,00505684390C1FE193D9D0D7852BC899
CMM_TRM_FTR_BGRFC,083,FTR_SAVEID_BGRFC_Q_TF0000000000000002572,00505684390C1FE192D3BE547B648899
CMM_TRM_FTR_BGRFC,083,FTR_SAVEID_BGRFC_Q_TF0000000000000002573,00505684390C1FE193D9D0D784CC4899
CMM_TRM_FTR_BGRFC,083,FTR_SAVEID_BGRFC_Q_TF0000000000000002574,00505684390C1FE193D9D0D784C9C899
CMM_TRM_FTR_BGRFC,083,FTR_SAVEID_BGRFC_Q_TF0000000000000002575,00505684390C1FE193D9D0D785046899
CMM_TRM_FTR_BGRFC,083,FTR_SAVEID_BGRFC_Q_TF0000000000000002576,00505684390C1FE193D9D0D784FF8899
CMM_TRM_FTR_BGRFC,083,FTR_SAVEID_BGRFC_Q_TF0000000000000002577,00505684390C1FE193D9D0D784E8E899
CMM_TRM_FTR_BGRFC,083,FTR_SAVEID_BGRFC_Q_TF0000000000000002578,00505684390C1FE192D6CED8EABEA899
CMM_TRM_FTR_BGRFC,083,FTR_SAVEID_BGRFC_Q_TF0000000000000002579,00505684390C1FE193D9D0D784CD2899
CMM_TRM_FTR_BGRFC,083,FTR_SAVEID_BGRFC_Q_TF0000000000000002580,00505684390C1FE192D6CD9752788899
CMM_TRM_FTR_BGRFC,083,FTR_SAVEID_BGRFC_Q_TF0000000000000002581,00505684390C1FE192D3C88C31EE4899
CMM_TRM_FTR_BGRFC,083,FTR_SAVEID_BGRFC_Q_TF0000000000000002582,00505684390C1FE192D3BADB0DDC2899
CMM_TRM_FTR_BGRFC,083,FTR_SAVEID_BGRFC_Q_TF0000000000000002583,00505684390C1FE192D3C8C9F84EC899
CMM_TRM_FTR_BGRFC,083,FTR_SAVEID_BGRFC_Q_TF0000000000000002584,00505684390C1FE193D9D0D78539C899
CMM_TRM_FTR_BGRFC,083,FTR_SAVEID_BGRFC_Q_TF0000000000000002585,00505684390C1FE192D3BAF0B437E899
CMM_TRM_FTR_BGRFC,083,FTR_SAVEID_BGRFC_Q_TF0000000000000002586,00505684390C1FE192D3C8851DD58899
CMM_TRM_FTR_BGRFC,083,FTR_SAVEID_BGRFC_Q_TF0000000000000002587,00505684390C1FE193D9D0D7850F8899
CMM_TRM_FTR_BGRFC,083,FTR_SAVEID_BGRFC_Q_TF0000000000000002588,00505684390C1FE193D9D0D784D0C899
CMM_TRM_FTR_BGRFC,083,FTR_SAVEID_BGRFC_Q_TF0000000000000002589,00505684390C1FE193D9D0D78518C899
CMM_TRM_FTR_BGRFC,083,FTR_SAVEID_BGRFC_Q_TF0000000000000002590,00505684390C1FE192D3BE49C8846899
CMM_TRM_FTR_BGRFC,083,FTR_SAVEID_BGRFC_Q_TF0000000000000002591,00505684390C1FE193D9D0D784CBE899
CMM_TRM_FTR_BGRFC,083,FTR_SAVEID_BGRFC_Q_TF0000000000000002592,00505684390C1FE192D6CDD2B84AE899
CMM_TRM_FTR_BGRFC,083,FTR_SAVEID_BGRFC_Q_TF0000000000000002593,00505684390C1FE193D9D0D784E26899
CMM_TRM_FTR_BGRFC,083,FTR_SAVEID_BGRFC_Q_TF0000000000000002594,00505684390C1FE192D3C89E374F2899
CMM_TRM_FTR_BGRFC,083,FTR_SAVEID_BGRFC_Q_TF0000000000000002595,00505684390C1FE193D9D0D784F26899
CMM_TRM_FTR_BGRFC,083,FTR_SAVEID_BGRFC_Q_TF0000000000000002596,00505684390C1FE193D9D0D78513A899
CMM_TRM_FTR_BGRFC,083,FTR_SAVEID_BGRFC_Q_TF0000000000000002597,00505684390C1FE193D9D0D785160899
CMM_TRM_FTR_BGRFC,083,FTR_SAVEID_BGRFC_Q_TF0000000000000002598,00505684390C1FE193D9D0D7852FC899
CMM_TRM_FTR_BGRFC,083,FTR_SAVEID_BGRFC_Q_TF0000000000000002599,00505684390C1FE193D9D0D785658899
CMM_TRM_FTR_BGRFC,083,FTR_SAVEID_BGRFC_Q_TF0000000000000002600,00505684390C1FE193D9D0D784D12899
CMM_TRM_FTR_BGRFC,083,FTR_SAVEID_BGRFC_Q_TF0000000000000002601,00505684390C1FE192D6CED8E9D1C899
CMM_TRM_FTR_BGRFC,083,FTR_SAVEID_BGRFC_Q_TF0000000000000002602,00505684390C1FE193D9D0D784C76899
CMM_TRM_FTR_BGRFC,083,FTR_SAVEID_BGRFC_Q_TF0000000000000002603,00505684390C1FE193D9D0D784C48899
CMM_TRM_FTR_BGRFC,083,FTR_SAVEID_BGRFC_Q_TF0000000000000002604,00505684390C1FE192D6CDAB0C630899
CMM_TRM_FTR_BGRFC,083,FTR_SAVEID_BGRFC_Q_TF0000000000000002605,00505684390C1FE193D9D0D784EAA899
CMM_TRM_FTR_BGRFC,083,FTR_SAVEID_BGRFC_Q_TF0000000000000002606,00505684390C1FE193D9D0D784F3A899
CMM_TRM_FTR_BGRFC,083,FTR_SAVEID_BGRFC_Q_TF0000000000000002607,00505684390C1FE192D6CD742242A899
CMM_TRM_FTR_BGRFC,083,FTR_SAVEID_BGRFC_Q_TF0000000000000002608,00505684390C1FE193D9D0D784C62899
CMM_TRM_FTR_BGRFC,083,FTR_SAVEID_BGRFC_Q_TF0000000000000002609,00505684390C1FE193D9D0D784DE4899
CMM_TRM_FTR_BGRFC,083,FTR_SAVEID_BGRFC_Q_TF0000000000000002610,00505684390C1FE193D9D0D785592899
CMM_TRM_FTR_BGRFC,083,FTR_SAVEID_BGRFC_Q_TF0000000000000002611,00505684390C1FE193D9D0D784D28899
CMM_TRM_FTR_BGRFC,083,FTR_SAVEID_BGRFC_Q_TF0000000000000002612,00505684390C1FE193D9D0D784DBA899
CMM_TRM_FTR_BGRFC,083,FTR_SAVEID_BGRFC_Q_TF0000000000000002613,00505684390C1FE192D3C8CA132D4899
CMM_TRM_FTR_BGRFC,083,FTR_SAVEID_BGRFC_Q_TF0000000000000002614,00505684390C1FE193D9D0D785A0A899
CMM_TRM_FTR_BGRFC,083,FTR_SAVEID_BGRFC_Q_TF0000000000000002615,00505684390C1FE193D9D0D785466899
CMM_TRM_FTR_BGRFC,083,FTR_SAVEID_BGRFC_Q_TF0000000000000002616,00505684390C1FE193D9D0D7850F0899
CMM_TRM_FTR_BGRFC,083,FTR_SAVEID_BGRFC_Q_TF0000000000000002617,00505684390C1FE193D9D0D784ED2899
CMM_TRM_FTR_BGRFC,083,FTR_SAVEID_BGRFC_Q_TF0000000000000002618,00505684390C1FE193D9D0D784FA0899
CMM_TRM_FTR_BGRFC,083,FTR_SAVEID_BGRFC_Q_TF0000000000000002619,00505684390C1FE193D9D0D784E4C899
CMM_TRM_FTR_BGRFC,083,FTR_SAVEID_BGRFC_Q_TF0000000000000002620,00505684390C1FE193D9D0D785150899
CMM_TRM_FTR_BGRFC,083,FTR_SAVEID_BGRFC_Q_TF0000000000000002621,00505684390C1FE193D9D0D785510899
CMM_TRM_FTR_BGRFC,083,FTR_SAVEID_BGRFC_Q_TF0000000000000002622,00505684390C1FE193D9D0D784C3C899
CMM_TRM_FTR_BGRFC,083,FTR_SAVEID_BGRFC_Q_TF0000000000000002623,00505684390C1FE193D9D0D7853C6899
CMM_TRM_FTR_BGRFC,083,FTR_SAVEID_BGRFC_Q_TF0000000000000002624,00505684390C1FE193D9D0D784FDA899
CMM_TRM_FTR_BGRFC,083,FTR_SAVEID_BGRFC_Q_TF0000000000000002625,00505684390C1FE193D9D0D784EEC899
CMM_TRM_FTR_BGRFC,083,FTR_SAVEID_BGRFC_Q_TF0000000000000002626,00505684390C1FE193D9D0D785200899
CMM_TRM_FTR_BGRFC,083,FTR_SAVEID_BGRFC_Q_TF0000000000000002627,00505684390C1FE192D6D0EE29BE2899
CMM_TRM_FTR_BGRFC,083,FTR_SAVEID_BGRFC_Q_TF0000000000000002628,00505684390C1FE192D6D0E18C5C6899
CMM_TRM_FTR_BGRFC,083,FTR_SAVEID_BGRFC_Q_TF0000000000000002629,00505684390C1FE192D6CEE5C77B8899
CMM_TRM_FTR_BGRFC,083,FTR_SAVEID_BGRFC_Q_TF0000000000000002630,00505684390C1FE192D6CD835DED0899
CMM_TRM_FTR_BGRFC,083,FTR_SAVEID_BGRFC_Q_TF0000000000000002631,00505684390C1FE193D9D0D784D96899
CMM_TRM_FTR_BGRFC,083,FTR_SAVEID_BGRFC_Q_TF0000000000000002632,00505684390C1FE192D6CECD9C8D8899
CMM_TRM_FTR_BGRFC,083,FTR_SAVEID_BGRFC_Q_TF0000000000000002633,00505684390C1FE193D9D0D7855FE899
CMM_TRM_FTR_BGRFC,083,FTR_SAVEID_BGRFC_Q_TF0000000000000002634,00505684390C1FE192D3C8B533C4E899
CMM_TRM_FTR_BGRFC,083,FTR_SAVEID_BGRFC_Q_TF0000000000000002635,00505684390C1FE193D9D0D78519A899
CMM_TRM_FTR_BGRFC,083,FTR_SAVEID_BGRFC_Q_TF0000000000000002636,00505684390C1FE193D9D0D7850BC899
CMM_TRM_FTR_BGRFC,083,FTR_SAVEID_BGRFC_Q_TF0000000000000002637,00505684390C1FE192D3BBD78A95A899
CMM_TRM_FTR_BGRFC,083,FTR_SAVEID_BGRFC_Q_TF0000000000000002638,00505684390C1FE193D9D0D78508E899
CMM_TRM_FTR_BGRFC,083,FTR_SAVEID_BGRFC_Q_TF0000000000000002639,00505684390C1FE193D9D0D784D7A899
CMM_TRM_FTR_BGRFC,083,FTR_SAVEID_BGRFC_Q_TF0000000000000002640,00505684390C1FE192D6CDC06DFDA899
CMM_TRM_FTR_BGRFC,083,FTR_SAVEID_BGRFC_Q_TF0000000000000002641,00505684390C1FE192D6CECD9C7A4899
CMM_TRM_FTR_BGRFC,083,FTR_SAVEID_BGRFC_Q_TF0000000000000002642,00505684390C1FE193D9D0D7855F4899
CMM_TRM_FTR_BGRFC,083,FTR_SAVEID_BGRFC_Q_TF0000000000000002643,00505684390C1FE193D9D0D785240899
CMM_TRM_FTR_BGRFC,083,FTR_SAVEID_BGRFC_Q_TF0000000000000002644,00505684390C1FE193D9D0D7850CC899
CMM_TRM_FTR_BGRFC,083,FTR_SAVEID_BGRFC_Q_TF0000000000000002645,00505684390C1FE193D9D0D784F2E899
CMM_TRM_FTR_BGRFC,083,FTR_SAVEID_BGRFC_Q_TF0000000000000002646,00505684390C1FE193D9D0D784F4C899
CMM_TRM_FTR_BGRFC,083,FTR_SAVEID_BGRFC_Q_TF0000000000000002647,00505684390C1FE193D9D0D784FC6899
CMM_TRM_FTR_BGRFC,083,FTR_SAVEID_BGRFC_Q_TF0000000000000002648,00505684390C1FE193D9D0D784CEA899
CMM_TRM_FTR_BGRFC,083,FTR_SAVEID_BGRFC_Q_TF0000000000000002649,00505684390C1FE192D6CDC06DE9C899
CMM_TRM_FTR_BGRFC,083,FTR_SAVEID_BGRFC_Q_TF0000000000000002650,00505684390C1FE193D9D0D785770899
CMM_TRM_FTR_BGRFC,083,FTR_SAVEID_BGRFC_Q_TF0000000000000002651,00505684390C1FE193D9D0D784DA0899
CMM_TRM_FTR_BGRFC,083,FTR_SAVEID_BGRFC_Q_TF0000000000000002652,00505684390C1FE193D9D0D78532C899
CMM_TRM_FTR_BGRFC,083,FTR_SAVEID_BGRFC_Q_TF0000000000000002653,00505684390C1FE193D9D0D784C64899
CMM_TRM_FTR_BGRFC,083,FTR_SAVEID_BGRFC_Q_TF0000000000000002654,00505684390C1FE193D9D0D784E76899
CMM_TRM_FTR_BGRFC,083,FTR_SAVEID_BGRFC_Q_TF0000000000000002655,00505684390C1FE193D9D0D784FBA899
CMM_TRM_FTR_BGRFC,083,FTR_SAVEID_BGRFC_Q_TF0000000000000002656,00505684390C1FE193D9D0D7852DC899
CMM_TRM_FTR_BGRFC,083,FTR_SAVEID_BGRFC_Q_TF0000000000000002657,00505684390C1FE193D9D0D784FE2899
CMM_TRM_FTR_BGRFC,083,FTR_SAVEID_BGRFC_Q_TF0000000000000002658,00505684390C1FE192D3C8B533956899
CMM_TRM_FTR_BGRFC,083,FTR_SAVEID_BGRFC_Q_TF0000000000000002659,00505684390C1FE193D9D0D784D9E899
CMM_TRM_FTR_BGRFC,083,FTR_SAVEID_BGRFC_Q_TF0000000000000002660,00505684390C1FE193D9D0D784D00899
CMM_TRM_FTR_BGRFC,083,FTR_SAVEID_BGRFC_Q_TF0000000000000002661,00505684390C1FE193D9D0D785506899
CMM_TRM_FTR_BGRFC,083,FTR_SAVEID_BGRFC_Q_TF0000000000000002662,00505684390C1FE193D9D0D784C88899
CMM_TRM_FTR_BGRFC,083,FTR_SAVEID_BGRFC_Q_TF0000000000000002663,00505684390C1FE193D9D0D7850D4899
CMM_TRM_FTR_BGRFC,083,FTR_SAVEID_BGRFC_Q_TF0000000000000002664,00505684390C1FE193D9D0D785260899
CMM_TRM_FTR_BGRFC,083,FTR_SAVEID_BGRFC_Q_TF0000000000000002665,00505684390C1FE193D9D0D785234899
CMM_TRM_FTR_BGRFC,083,FTR_SAVEID_BGRFC_Q_TF0000000000000002666,00505684390C1FE192D6CD95832E4899
CMM_TRM_FTR_BGRFC,083,FTR_SAVEID_BGRFC_Q_TF0000000000000002667,00505684390C1FE192D6CDCBF28A0899
CMM_TRM_FTR_BGRFC,083,FTR_SAVEID_BGRFC_Q_TF0000000000000002668,00505684390C1FE193D9D0D784E48899
CMM_TRM_FTR_BGRFC,083,FTR_SAVEID_BGRFC_Q_TF0000000000000002669,00505684390C1FE193D9D0D784D2A899
CMM_TRM_FTR_BGRFC,083,FTR_SAVEID_BGRFC_Q_TF0000000000000002670,00505684390C1FE193D9D0D784DE8899
CMM_TRM_FTR_BGRFC,083,FTR_SAVEID_BGRFC_Q_TF0000000000000002671,00505684390C1FE193D9D0E9BF450899
CMM_TRM_FTR_BGRFC,083,FTR_SAVEID_BGRFC_Q_TF0000000000000002672,00505684390C1FE193D9D0D784D2C899
CMM_TRM_FTR_BGRFC,083,FTR_SAVEID_BGRFC_Q_TF0000000000000002673,00505684390C1FE193D9D0D785874899
CMM_TRM_FTR_BGRFC,083,FTR_SAVEID_BGRFC_Q_TF0000000000000002674,00505684390C1FE192D6CDAB0BB46899
CMM_TRM_FTR_BGRFC,083,FTR_SAVEID_BGRFC_Q_TF0000000000000002675,00505684390C1FE193D9D0D784EBC899
CMM_TRM_FTR_BGRFC,083,FTR_SAVEID_BGRFC_Q_TF0000000000000002676,00505684390C1FE193D9D0D784FD2899
CMM_TRM_FTR_BGRFC,083,FTR_SAVEID_BGRFC_Q_TF0000000000000002677,00505684390C1FE193D9D0D785BDC899
CMM_TRM_FTR_BGRFC,083,FTR_SAVEID_BGRFC_Q_TF0000000000000002678,00505684390C1FE193D9D0D784CEE899
CMM_TRM_FTR_BGRFC,083,FTR_SAVEID_BGRFC_Q_TF0000000000000002679,00505684390C1FE192D6CD7FE75E2899
CMM_TRM_FTR_BGRFC,083,FTR_SAVEID_BGRFC_Q_TF0000000000000002680,00505684390C1FE193D9D0D7855B0899
CMM_TRM_FTR_BGRFC,083,FTR_SAVEID_BGRFC_Q_TF0000000000000002681,00505684390C1FE193D9D0D785048899
CMM_TRM_FTR_BGRFC,083,FTR_SAVEID_BGRFC_Q_TF0000000000000002682,00505684390C1FE192D6CDB665E6A899
CMM_TRM_FTR_BGRFC,083,FTR_SAVEID_BGRFC_Q_TF0000000000000002683,00505684390C1FE193D9D0D784D14899
CMM_TRM_FTR_BGRFC,083,FTR_SAVEID_BGRFC_Q_TF0000000000000002684,00505684390C1FE192D3BE62C02EA899
CMM_TRM_FTR_BGRFC,083,FTR_SAVEID_BGRFC_Q_TF0000000000000002685,00505684390C1FE193D9D0D784EFA899
CMM_TRM_FTR_BGRFC,083,FTR_SAVEID_BGRFC_Q_TF0000000000000002686,00505684390C1FE193D9D0D784F44899
CMM_TRM_FTR_BGRFC,083,FTR_SAVEID_BGRFC_Q_TF0000000000000002687,00505684390C1FE193D9D0D784F36899
CMM_TRM_FTR_BGRFC,083,FTR_SAVEID_BGRFC_Q_TF0000000000000002688,00505684390C1FE193D9D0D784EF4899
CMM_TRM_FTR_BGRFC,083,FTR_SAVEID_BGRFC_Q_TF0000000000000002689,00505684390C1FE192D3C89F1D336899
CMM_TRM_FTR_BGRFC,083,FTR_SAVEID_BGRFC_Q_TF0000000000000002690,00505684390C1FE193D9D0D78546E899
CMM_TRM_FTR_BGRFC,083,FTR_SAVEID_BGRFC_Q_TF0000000000000002691,00505684390C1FE193D9D0D784C80899
CMM_TRM_FTR_BGRFC,083,FTR_SAVEID_BGRFC_Q_TF0000000000000002692,00505684390C1FE193D9D0D785830899
CMM_TRM_FTR_BGRFC,083,FTR_SAVEID_BGRFC_Q_TF0000000000000002693,00505684390C1FE193D9D0D784D3E899
CMM_TRM_FTR_BGRFC,083,FTR_SAVEID_BGRFC_Q_TF0000000000000002694,00505684390C1FE192D3BD140309C899
CMM_TRM_FTR_BGRFC,083,FTR_SAVEID_BGRFC_Q_TF0000000000000002695,00505684390C1FE192D6CD9B36F24899
CMM_TRM_FTR_BGRFC,083,FTR_SAVEID_BGRFC_Q_TF0000000000000002696,00505684390C1FE192D3C8AB15DDC899
CMM_TRM_FTR_BGRFC,083,FTR_SAVEID_BGRFC_Q_TF0000000000000002697,00505684390C1FE193D9D0D784FCE899
CMM_TRM_FTR_BGRFC,083,FTR_SAVEID_BGRFC_Q_TF0000000000000002698,00505684390C1FE193D9D0D784F0E899
CMM_TRM_FTR_BGRFC,083,FTR_SAVEID_BGRFC_Q_TF0000000000000002699,00505684390C1FE192D6CDA57C0D6899
CMM_TRM_FTR_BGRFC,083,FTR_SAVEID_BGRFC_Q_TF0000000000000002700,00505684390C1FE192D6CFE9D47AA899
CMM_TRM_FTR_BGRFC,083,FTR_SAVEID_BGRFC_Q_TF0000000000000002701,00505684390C1FE192D6D0FB214F4899
CMM_TRM_FTR_BGRFC,083,FTR_SAVEID_BGRFC_Q_TF0000000000000002702,00505684390C1FE193D9D0D784C60899
CMM_TRM_FTR_BGRFC,083,FTR_SAVEID_BGRFC_Q_TF0000000000000002703,00505684390C1FE192D3C8B3CBD32899
CMM_TRM_FTR_BGRFC,083,FTR_SAVEID_BGRFC_Q_TF0000000000000002704,00505684390C1FE193D9D0D7851BC899
CMM_TRM_FTR_BGRFC,083,FTR_SAVEID_BGRFC_Q_TF0000000000000002705,00505684390C1FE193D9D0D784F52899
CMM_TRM_FTR_BGRFC,083,FTR_SAVEID_BGRFC_Q_TF0000000000000002706,00505684390C1FE193D9D0D78501E899
CMM_TRM_FTR_BGRFC,083,FTR_SAVEID_BGRFC_Q_TF0000000000000002707,00505684390C1FE192D3C88C31F5E899
CMM_TRM_FTR_BGRFC,083,FTR_SAVEID_BGRFC_Q_TF0000000000000002708,00505684390C1FE192D6CD9B37B9C899
CMM_TRM_FTR_BGRFC,083,FTR_SAVEID_BGRFC_Q_TF0000000000000002709,00505684390C1FE193D9D0D784E70899
CMM_TRM_FTR_BGRFC,083,FTR_SAVEID_BGRFC_Q_TF0000000000000002710,00505684390C1FE192D3BBFA11686899
CMM_TRM_FTR_BGRFC,083,FTR_SAVEID_BGRFC_Q_TF0000000000000002711,00505684390C1FE193D9D0D784C22899
CMM_TRM_FTR_BGRFC,083,FTR_SAVEID_BGRFC_Q_TF0000000000000002712,00505684390C1FE192D3C89A12CFA899
CMM_TRM_FTR_BGRFC,083,FTR_SAVEID_BGRFC_Q_TF0000000000000002713,00505684390C1FE193D9D0D784DE0899
CMM_TRM_FTR_BGRFC,083,FTR_SAVEID_BGRFC_Q_TF0000000000000002714,00505684390C1FE192D3BE547BAFE899
CMM_TRM_FTR_BGRFC,083,FTR_SAVEID_BGRFC_Q_TF0000000000000002715,00505684390C1FE192D6CDB66579C899
CMM_TRM_FTR_BGRFC,083,FTR_SAVEID_BGRFC_Q_TF0000000000000002716,00505684390C1FE192D6CDA09F93A899
CMM_TRM_FTR_BGRFC,083,FTR_SAVEID_BGRFC_Q_TF0000000000000002717,00505684390C1FE193D9D0D784F02899
CMM_TRM_FTR_BGRFC,083,FTR_SAVEID_BGRFC_Q_TF0000000000000002718,00505684390C1FE193D9D0D784DAE899
CMM_TRM_FTR_BGRFC,083,FTR_SAVEID_BGRFC_Q_TF0000000000000002719,00505684390C1FE193D9D0D785350899
CMM_TRM_FTR_BGRFC,083,FTR_SAVEID_BGRFC_Q_TF0000000000000002720,00505684390C1FE193D9D0D784CDC899
CMM_TRM_FTR_BGRFC,083,FTR_SAVEID_BGRFC_Q_TF0000000000000002721,00505684390C1FE193D9D0D784CF8899
CMM_TRM_FTR_BGRFC,083,FTR_SAVEID_BGRFC_Q_TF0000000000000002722,00505684390C1FE192D6CD9022012899
CMM_TRM_FTR_BGRFC,083,FTR_SAVEID_BGRFC_Q_TF0000000000000002723,00505684390C1FE193D9D0D784D60899
CMM_TRM_FTR_BGRFC,083,FTR_SAVEID_BGRFC_Q_TF0000000000000002724,00505684390C1FE193D9D0D784FDC899
CMM_TRM_FTR_BGRFC,083,FTR_SAVEID_BGRFC_Q_TF0000000000000002725,00505684390C1FE193D9D0D7850C0899
CMM_TRM_FTR_BGRFC,083,FTR_SAVEID_BGRFC_Q_TF0000000000000002726,00505684390C1FE192D3BE62C0B34899
CMM_TRM_FTR_BGRFC,083,FTR_SAVEID_BGRFC_Q_TF0000000000000002727,00505684390C1FE192D3BD28DF370899
CMM_TRM_FTR_BGRFC,083,FTR_SAVEID_BGRFC_Q_TF0000000000000002728,00505684390C1FE193D9D0D785600899
CMM_TRM_FTR_BGRFC,083,FTR_SAVEID_BGRFC_Q_TF0000000000000002729,00505684390C1FE193D9D0D784D38899
CMM_TRM_FTR_BGRFC,083,FTR_SAVEID_BGRFC_Q_TF0000000000000002730,00505684390C1FE192D6CDB6CC466899
CMM_TRM_FTR_BGRFC,083,FTR_SAVEID_BGRFC_Q_TF0000000000000002731,00505684390C1FE193D9D0D784ED6899
CMM_TRM_FTR_BGRFC,083,FTR_SAVEID_BGRFC_Q_TF0000000000000002732,00505684390C1FE193D9D0D784C26899
CMM_TRM_FTR_BGRFC,083,FTR_SAVEID_BGRFC_Q_TF0000000000000002733,00505684390C1FE192D3BD28DF402899
CMM_TRM_FTR_BGRFC,083,FTR_SAVEID_BGRFC_Q_TF0000000000000002734,00505684390C1FE193D9D0D785282899
CMM_TRM_FTR_BGRFC,083,FTR_SAVEID_BGRFC_Q_TF0000000000000002735,00505684390C1FE193D9D0D785096899
CMM_TRM_FTR_BGRFC,083,FTR_SAVEID_BGRFC_Q_TF0000000000000002736,00505684390C1FE192D3C8AB15A92899
CMM_TRM_FTR_BGRFC,083,FTR_SAVEID_BGRFC_Q_TF0000000000000002737,00505684390C1FE193D9D0D7853BA899
CMM_TRM_FTR_BGRFC,083,FTR_SAVEID_BGRFC_Q_TF0000000000000002738,00505684390C1FE193D9D0D784DBE899
CMM_TRM_FTR_BGRFC,083,FTR_SAVEID_BGRFC_Q_TF0000000000000002739,00505684390C1FE193D9D0D784DA4899
CMM_TRM_FTR_BGRFC,083,FTR_SAVEID_BGRFC_Q_TF0000000000000002740,00505684390C1FE192D3C881BE1F6899
CMM_TRM_FTR_BGRFC,083,FTR_SAVEID_BGRFC_Q_TF0000000000000002741,00505684390C1FE192D3C8AB15EDE899
CMM_TRM_FTR_BGRFC,083,FTR_SAVEID_BGRFC_Q_TF0000000000000002742,00505684390C1FE193D9D0D784D20899
CMM_TRM_FTR_BGRFC,083,FTR_SAVEID_BGRFC_Q_TF0000000000000002743,00505684390C1FE192D6CDB677184899
CMM_TRM_FTR_BGRFC,083,FTR_SAVEID_BGRFC_Q_TF0000000000000002744,00505684390C1FE193D9D0D784F66899
CMM_TRM_FTR_BGRFC,083,FTR_SAVEID_BGRFC_Q_TF0000000000000002745,00505684390C1FE193D9D0D78512C899
CMM_TRM_FTR_BGRFC,083,FTR_SAVEID_BGRFC_Q_TF0000000000000002746,00505684390C1FE193D9D0D784E3E899
CMM_TRM_FTR_BGRFC,083,FTR_SAVEID_BGRFC_Q_TF0000000000000002747,00505684390C1FE192D3BBD78A964899
CMM_TRM_FTR_BGRFC,083,FTR_SAVEID_BGRFC_Q_TF0000000000000002748,00505684390C1FE192D3BE62C0290899
CMM_TRM_FTR_BGRFC,083,FTR_SAVEID_BGRFC_Q_TF0000000000000002749,00505684390C1FE193D9D0E9BF49C899
CMM_TRM_FTR_BGRFC,083,FTR_SAVEID_BGRFC_Q_TF0000000000000002750,00505684390C1FE193D9D0D784CF0899
CMM_TRM_FTR_BGRFC,083,FTR_SAVEID_BGRFC_Q_TF0000000000000002751,00505684390C1FE192D6CD7CCFF32899
CMM_TRM_FTR_BGRFC,083,FTR_SAVEID_BGRFC_Q_TF0000000000000002752,00505684390C1FE192D6CDB631324899
CMM_TRM_FTR_BGRFC,083,FTR_SAVEID_BGRFC_Q_TF0000000000000002753,00505684390C1FE193D9D0D784C68899
CMM_TRM_FTR_BGRFC,083,FTR_SAVEID_BGRFC_Q_TF0000000000000002754,00505684390C1FE193D9D0D784DEE899
CMM_TRM_FTR_BGRFC,083,FTR_SAVEID_BGRFC_Q_TF0000000000000002755,00505684390C1FE193D9D0D784FB0899
CMM_TRM_FTR_BGRFC,083,FTR_SAVEID_BGRFC_Q_TF0000000000000002756,00505684390C1FE193D9D0D784E7E899
CMM_TRM_FTR_BGRFC,083,FTR_SAVEID_BGRFC_Q_TF0000000000000002757,00505684390C1FE193D9D0D785B58899
CMM_TRM_FTR_BGRFC,083,FTR_SAVEID_BGRFC_Q_TF0000000000000002758,00505684390C1FE192D3C8B3CB912899
CMM_TRM_FTR_BGRFC,083,FTR_SAVEID_BGRFC_Q_TF0000000000000002759,00505684390C1FE193D9D0D784CD0899
CMM_TRM_FTR_BGRFC,083,FTR_SAVEID_BGRFC_Q_TF0000000000000002760,00505684390C1FE193D9D0D784E2A899
CMM_TRM_FTR_BGRFC,083,FTR_SAVEID_BGRFC_Q_TF0000000000000002761,00505684390C1FE193D9D0D784EF6899
CMM_TRM_FTR_BGRFC,083,FTR_SAVEID_BGRFC_Q_TF0000000000000002762,00505684390C1FE192D3C8B533B66899
CMM_TRM_FTR_BGRFC,083,FTR_SAVEID_BGRFC_Q_TF0000000000000002763,00505684390C1FE193D9D0D78529A899
CMM_TRM_FTR_BGRFC,083,FTR_SAVEID_BGRFC_Q_TF0000000000000002764,00505684390C1FE193D9D0D78501C899
CMM_TRM_FTR_BGRFC,083,FTR_SAVEID_BGRFC_Q_TF0000000000000002765,00505684390C1FE193D9D0D7857AA899
CMM_TRM_FTR_BGRFC,083,FTR_SAVEID_BGRFC_Q_TF0000000000000002766,00505684390C1FE193D9D0D784E8A899
CMM_TRM_FTR_BGRFC,083,FTR_SAVEID_BGRFC_Q_TF0000000000000002767,00505684390C1FE193D9D0D784E52899
CMM_TRM_FTR_BGRFC,083,FTR_SAVEID_BGRFC_Q_TF0000000000000002768,00505684390C1FE193D9D0D785A50899
CMM_TRM_FTR_BGRFC,083,FTR_SAVEID_BGRFC_Q_TF0000000000000002769,00505684390C1FE192D6CFE33CEE4899
CMM_TRM_FTR_BGRFC,083,FTR_SAVEID_BGRFC_Q_TF0000000000000002770,00505684390C1FE193D9D0D7858BA899
CMM_TRM_FTR_BGRFC,083,FTR_SAVEID_BGRFC_Q_TF0000000000000002771,00505684390C1FE193D9D0D784D44899
CMM_TRM_FTR_BGRFC,083,FTR_SAVEID_BGRFC_Q_TF0000000000000002772,00505684390C1FE193D9D0D784C86899
CMM_TRM_FTR_BGRFC,083,FTR_SAVEID_BGRFC_Q_TF0000000000000002773,00505684390C1FE193D9D0D785412899
CMM_TRM_FTR_BGRFC,083,FTR_SAVEID_BGRFC_Q_TF0000000000000002774,00505684390C1FE193D9D0D785024899
CMM_TRM_FTR_BGRFC,083,FTR_SAVEID_BGRFC_Q_TF0000000000000002775,00505684390C1FE192D3BE49C87FA899
CMM_TRM_FTR_BGRFC,083,FTR_SAVEID_BGRFC_Q_TF0000000000000002776,00505684390C1FE193D9D0D785274899
CMM_TRM_FTR_BGRFC,083,FTR_SAVEID_BGRFC_Q_TF0000000000000002777,00505684390C1FE192D3C89A12DA8899
CMM_TRM_FTR_BGRFC,083,FTR_SAVEID_BGRFC_Q_TF0000000000000002778,00505684390C1FE193D9D0D785192899
CMM_TRM_FTR_BGRFC,083,FTR_SAVEID_BGRFC_Q_TF0000000000000002779,00505684390C1FE193D9D0D784CBC899
CMM_TRM_FTR_BGRFC,083,FTR_SAVEID_BGRFC_Q_TF0000000000000002780,00505684390C1FE193D9D0D785102899
CMM_TRM_FTR_BGRFC,083,FTR_SAVEID_BGRFC_Q_TF0000000000000002781,00505684390C1FE193D9D0D784F0A899
CMM_TRM_FTR_BGRFC,083,FTR_SAVEID_BGRFC_Q_TF0000000000000002782,00505684390C1FE192D3BE47C38FE899
CMM_TRM_FTR_BGRFC,083,FTR_SAVEID_BGRFC_Q_TF0000000000000002783,00505684390C1FE192D3BC009A1B6899
CMM_TRM_FTR_BGRFC,083,FTR_SAVEID_BGRFC_Q_TF0000000000000002784,00505684390C1FE193D9D0D784F84899
CMM_TRM_FTR_BGRFC,083,FTR_SAVEID_BGRFC_Q_TF0000000000000002785,00505684390C1FE192D6CFF713530899
CMM_TRM_FTR_BGRFC,083,FTR_SAVEID_BGRFC_Q_TF0000000000000002786,00505684390C1FE193D9D0D785230899
CMM_TRM_FTR_BGRFC,083,FTR_SAVEID_BGRFC_Q_TF0000000000000002787,00505684390C1FE193D9D0D785632899
CMM_TRM_FTR_BGRFC,083,FTR_SAVEID_BGRFC_Q_TF0000000000000002788,00505684390C1FE192D6CDB631558899
CMM_TRM_FTR_BGRFC,083,FTR_SAVEID_BGRFC_Q_TF0000000000000002789,00505684390C1FE193D9D0D784C40899
CMM_TRM_FTR_BGRFC,083,FTR_SAVEID_BGRFC_Q_TF0000000000000002790,00505684390C1FE192D6CDC06E378899
CMM_TRM_FTR_BGRFC,083,FTR_SAVEID_BGRFC_Q_TF0000000000000002791,00505684390C1FE193D9D0D784CFA899
CMM_TRM_FTR_BGRFC,083,FTR_SAVEID_BGRFC_Q_TF0000000000000002792,00505684390C1FE192D3BC0099BCA899
CMM_TRM_FTR_BGRFC,083,FTR_SAVEID_BGRFC_Q_TF0000000000000002793,00505684390C1FE193D9D0D784CDE899
CMM_TRM_FTR_BGRFC,083,FTR_SAVEID_BGRFC_Q_TF0000000000000002794,00505684390C1FE193D9D0D784E22899
CMM_TRM_FTR_BGRFC,083,FTR_SAVEID_BGRFC_Q_TF0000000000000002795,00505684390C1FE192D3C8A5E8194899
CMM_TRM_FTR_BGRFC,083,FTR_SAVEID_BGRFC_Q_TF0000000000000002796,00505684390C1FE193D9D0D784EB6899
CMM_TRM_FTR_BGRFC,083,FTR_SAVEID_BGRFC_Q_TF0000000000000002797,00505684390C1FE193D9D0D78568E899
CMM_TRM_FTR_BGRFC,083,FTR_SAVEID_BGRFC_Q_TF0000000000000002798,00505684390C1FE192D6CD9B37368899
CMM_TRM_FTR_BGRFC,083,FTR_SAVEID_BGRFC_Q_TF0000000000000002799,00505684390C1FE192D6CDDA6B3E0899
CMM_TRM_FTR_BGRFC,083,FTR_SAVEID_BGRFC_Q_TF0000000000000002800,00505684390C1FE193D9D0D785130899
CMM_TRM_FTR_BGRFC,083,FTR_SAVEID_BGRFC_Q_TF0000000000000002801,00505684390C1FE193D9D0D784ED4899
CMM_TRM_FTR_BGRFC,083,FTR_SAVEID_BGRFC_Q_TF0000000000000002802,00505684390C1FE193D9D0D784E4A899
CMM_TRM_FTR_BGRFC,083,FTR_SAVEID_BGRFC_Q_TF0000000000000002803,00505684390C1FE193D9D0D784F86899
CMM_TRM_FTR_BGRFC,083,FTR_SAVEID_BGRFC_Q_TF0000000000000002804,00505684390C1FE193D9D0D784E38899
CMM_TRM_FTR_BGRFC,083,FTR_SAVEID_BGRFC_Q_TF0000000000000002805,00505684390C1FE192D6D0FB21AC0899
CMM_TRM_FTR_BGRFC,083,FTR_SAVEID_BGRFC_Q_TF0000000000000002806,00505684390C1FE193D9D0D784E66899
CMM_TRM_FTR_BGRFC,083,FTR_SAVEID_BGRFC_Q_TF0000000000000002807,00505684390C1FE193D9D0D785202899
CMM_TRM_FTR_BGRFC,083,FTR_SAVEID_BGRFC_Q_TF0000000000000002808,00505684390C1FE193D9D0D784FD4899
CMM_TRM_FTR_BGRFC,083,FTR_SAVEID_BGRFC_Q_TF0000000000000002809,00505684390C1FE192D3C88C31882899
CMM_TRM_FTR_BGRFC,083,FTR_SAVEID_BGRFC_Q_TF0000000000000002810,00505684390C1FE193D9D0D784DA2899
CMM_TRM_FTR_BGRFC,083,FTR_SAVEID_BGRFC_Q_TF0000000000000002811,00505684390C1FE193D9D0D78516C899
CMM_TRM_FTR_BGRFC,083,FTR_SAVEID_BGRFC_Q_TF0000000000000002812,00505684390C1FE192D6CD8546188899
CMM_TRM_FTR_BGRFC,083,FTR_SAVEID_BGRFC_Q_TF0000000000000002813,00505684390C1FE193D9D0D785060899
CMM_TRM_FTR_BGRFC,083,FTR_SAVEID_BGRFC_Q_TF0000000000000002814,00505684390C1FE193D9D0D785246899
CMM_TRM_FTR_BGRFC,083,FTR_SAVEID_BGRFC_Q_TF0000000000000002815,00505684390C1FE193D9D0D784E5E899
CMM_TRM_FTR_BGRFC,083,FTR_SAVEID_BGRFC_Q_TF0000000000000002816,00505684390C1FE192D6CDB631160899
CMM_TRM_FTR_BGRFC,083,FTR_SAVEID_BGRFC_Q_TF0000000000000002817,00505684390C1FE192C1656FDE606899
CMM_TRM_FTR_BGRFC,083,FTR_SAVEID_BGRFC_Q_TF0000000000000002818,00505684390C1FE192D6CD9B37798899
CMM_TRM_FTR_BGRFC,083,FTR_SAVEID_BGRFC_Q_TF0000000000000002819,00505684390C1FE193D9D0D784D68899
CMM_TRM_FTR_BGRFC,083,FTR_SAVEID_BGRFC_Q_TF0000000000000002820,00505684390C1FE193D9D0D784D52899
CMM_TRM_FTR_BGRFC,083,FTR_SAVEID_BGRFC_Q_TF0000000000000002821,00505684390C1FE193D9D0D784C70899
CMM_TRM_FTR_BGRFC,083,FTR_SAVEID_BGRFC_Q_TF0000000000000002822,00505684390C1FE192D3BD0D86A0A899
CMM_TRM_FTR_BGRFC,083,FTR_SAVEID_BGRFC_Q_TF0000000000000002823,00505684390C1FE193D9D0D784C92899
CMM_TRM_FTR_BGRFC,083,FTR_SAVEID_BGRFC_Q_TF0000000000000002824,00505684390C1FE193D9D0D784C8A899
CMM_TRM_FTR_BGRFC,083,FTR_SAVEID_BGRFC_Q_TF0000000000000002825,00505684390C1FE193D9D0D784DDE899
CMM_TRM_FTR_BGRFC,083,FTR_SAVEID_BGRFC_Q_TF0000000000000002826,00505684390C1FE192D6CDB665EA2899
CMM_TRM_FTR_BGRFC,083,FTR_SAVEID_BGRFC_Q_TF0000000000000002827,00505684390C1FE192D6CDB631096899
CMM_TRM_FTR_BGRFC,083,FTR_SAVEID_BGRFC_Q_TF0000000000000002828,00505684390C1FE193D9D0D784EBE899
CMM_TRM_FTR_BGRFC,083,FTR_SAVEID_BGRFC_Q_TF0000000000000002829,00505684390C1FE192D6CD91CAEE0899
CMM_TRM_FTR_BGRFC,083,FTR_SAVEID_BGRFC_Q_TF0000000000000002830,00505684390C1FE193D9D0D785228899
CMM_TRM_FTR_BGRFC,083,FTR_SAVEID_BGRFC_Q_TF0000000000000002831,00505684390C1FE192D6CED2A3BCA899
CMM_TRM_FTR_BGRFC,083,FTR_SAVEID_BGRFC_Q_TF0000000000000002832,00505684390C1FE193D9D0D785114899
CMM_TRM_FTR_BGRFC,083,FTR_SAVEID_BGRFC_Q_TF0000000000000002833,00505684390C1FE193D9D0D784F64899
CMM_TRM_FTR_BGRFC,083,FTR_SAVEID_BGRFC_Q_TF0000000000000002834,00505684390C1FE193D9D0D785424899
CMM_TRM_FTR_BGRFC,083,FTR_SAVEID_BGRFC_Q_TF0000000000000002835,00505684390C1FE193D9D0D784C34899
CMM_TRM_FTR_BGRFC,083,FTR_SAVEID_BGRFC_Q_TF0000000000000002836,00505684390C1FE193D9D0D784CC6899
CMM_TRM_FTR_BGRFC,083,FTR_SAVEID_BGRFC_Q_TF0000000000000002837,00505684390C1FE192D6CD931C61E899
CMM_TRM_FTR_BGRFC,083,FTR_SAVEID_BGRFC_Q_TF0000000000000002838,00505684390C1FE193D9D0D785172899
FTR_COEX,083,S_1610_0001610003115,00505684390C1FE193D427EDAC9FA899
FTR_COEX,083,S_1640_0001640016692,00505684390C1FE183993A5B32B3A889
FTR_COEX,083,S_1640_0001640016693,00505684390C1FE183993B63EFBB2889
FTR_COEX,083,S_1640_0001640016694,00505684390C1FE18399518986732889
FTR_COEX,083,S_1640_0001640016695,00505684390C1FE183995FD60221A889
FTR_COEX,083,S_1640_0001640016702,00505684390C1FE1839AE2CAFA00A889
FTR_COEX,083,S_1640_0001640016703,00505684390C1FE1839AE35A9A3EE889
FTR_COEX,083,S_1640_0001640016704,00505684390C1FE1839AE3F02015A889
FTR_COEX,083,S_1640_0001640016705,00505684390C1FE1839B01DAAD286889
FTR_COEX,083,S_1640_0001640016706,00505684390C1FE1839B06394C336889
FTR_COEX,083,S_1640_0001640016707,00505684390C1FE1839B0887AB712889
FTR_COEX,083,S_1640_0001640016708,00505684390C1FE1839B17623B706889
FTR_COEX,083,S_1640_0001640016709,00505684390C1FE1839B180BDBF66889
FTR_COEX,083,S_1640_0001640016710,00505684390C1FE1839B18B10DF82889
FTR_COEX,083,S_1640_0001640016711,00505684390C1FE1839BBD368FF44889
FTR_COEX,083,S_1640_0001640016712,00505684390C1FE1839BC5F56A5BA889
FTR_COEX,083,S_1640_0001640016713,00505684390C1FE1839BC6BA77A4C889
FTR_COEX,083,S_1640_0001640016720,00505684390C1FE1839EE67E0BE9A889
FTR_COEX,083,S_1640_0001640016789,00505684390C1FE185CA76820469488E
FTR_COEX,083,S_1640_0001640016822,00505684390C1FE193D99EA808ACC899
FTR_COEX,083,S_1640_0001640016917,00505684390C1FE192C0A0BE70826899
FTR_COEX,083,S_1640_0001640016939,00505684390C1FE193D99F8D1320E899
FTR_COEX,083,S_1640_0001640016976,00505684390C1FE192C0A1A2C985C899
FTR_COEX,083,S_1640_0001640017050,00505684390C1FE192C0A2B0F1B60899
FTR_COEX,083,S_1640_0001640017069,00505684390C1FE192C0A2FAFCDC6899
FTR_COEX,083,S_1640_0001640017088,00505684390C1FE192C0A347B5A82899
FTR_COEX,083,S_1640_0001640017195,00505684390C1FE192C0A512E083A899
FTR_COEX,083,S_1640_0001640017266,00505684390C1FE192C0A6677A8D0899
FTR_COEX,083,S_1640_0001640017269,00505684390C1FE192C0A68F42596899
FTR_COEX,083,S_1640_0001640017272,00505684390C1FE192C0A68F425AE899
FTR_COEX,083,S_1640_0001640017284,00505684390C1FE192C0A6B768836899
FTR_COEX,083,S_1640_0001640017370,00505684390C1FE192C0A858DD0B2899
FTR_COEX,083,S_1640_0001640017382,00505684390C1FE192C0A8803BB2A899
FTR_COEX,083,S_1640_0001640017447,00505684390C1FE192C0A9D50119A899
FTR_COEX,083,S_1640_0001640017482,00505684390C1FE192C0AA6E349F2899
FTR_COEX,083,S_1640_0001640017571,00505684390C1FE192C0AC88F3C9A899
FTR_COEX,083,S_1640_0001640017572,00505684390C1FE192C0AC88F3CA2899
FTR_COEX,083,S_1640_0001640017577,00505684390C1FE192C0ACAA32AA0899
FTR_COEX,083,S_1640_0001640017603,00505684390C1FE192C0AD1C55860899
FTR_COEX,083,S_1640_0001640017626,00505684390C1FE192C0ADB7EAC4E899
FTR_COEX,083,S_1640_0001640017629,00505684390C1FE192C0ADB7EAC66899
FTR_COEX,083,S_1640_0001640017712,00505684390C1FE192C0AF7E6BBF0899
FTR_COEX,083,S_1640_0001640017859,00505684390C1FE192C0B2ECE4B18899
FTR_COEX,083,S_1640_0001640017947,00505684390C1FE193D9A86B54BBA899
FTR_COEX,083,S_1640_0001640017952,00505684390C1FE192C0B50241C58899
FTR_COEX,083,S_1640_0001640017962,00505684390C1FE193D9A890AC1FC899
FTR_COEX,083,S_1640_0001640018447,00505684390C1FE193D9AD1CEBF42899
FTR_COEX,083,S_1640_0001640018916,00505684390C1FE192C0C57913ACE899
FTR_COEX,083,S_1640_0001640019302,00505684390C1FE193D9B575BD9BA899
FTR_COEX,083,S_1640_0001640019475,00505684390C1FE192C0CE69EF1B0899
FTR_COEX,083,S_1640_0001640019579,00505684390C1FE193D9B89698AA6899
FTR_COEX,083,S_1640_0001640020116,00505684390C1FE193D9BDCCEBD0A899
FTR_COEX,083,S_1640_0001640020288,00505684390C1FE193D9BEFE10E6C899
FTR_COEX,083,S_1640_0001640020364,00505684390C1FE192C0DB3A952CE899
FTR_COEX,083,S_1640_0001640020460,00505684390C1FE193D9C0682176A899
FTR_COEX,083,S_1640_0001640020528,00505684390C1FE193D9C0DB6A0DE899
FTR_COEX,083,S_1640_0001640020742,00505684390C1FE193D9C2B7D5A0A899
FTR_COEX,083,S_1640_0001640020757,00505684390C1FE193D9C2DE321D6899
FTR_COEX,083,S_1640_0001640020806,00505684390C1FE193D9C3636ED6E899
FTR_COEX,083,S_1640_0001640020824,00505684390C1FE193D9C38A0B712899
FTR_COEX,083,S_1640_0001640020926,00505684390C1FE192C0E30D70938899
FTR_COEX,083,S_1640_0001640021031,00505684390C1FE192C0E4B14D444899
FTR_COEX,083,S_1640_0001640021060,00505684390C1FE193D9C62509584899
FTR_COEX,083,S_1640_0001640021105,00505684390C1FE193D9C696BFF38899
FTR_COEX,083,S_1640_0001640021235,00505684390C1FE193D9C7902902E899
FTR_COEX,083,S_1640_0001640021445,00505684390C1FE192C0791B3A78E899
FTR_COEX,083,S_1640_0001640021466,00505684390C1FE192C0791B3A836899
FTR_COEX,083,S_1640_0001640021497,00505684390C1FE192C0794127B82899
FTR_COEX,083,S_1640_0001640021567,00505684390C1FE192C0EB8C34FE6899
FTR_COEX,083,S_1640_0001640021594,00505684390C1FE192C0EBD836140899
FTR_COEX,083,S_1640_0001640021614,00505684390C1FE192C079B3693F2899
FTR_COEX,083,S_1640_0001640021679,00505684390C1FE192C079FFFEAEE899
FTR_COEX,083,S_1640_0001640021725,00505684390C1FE193D983FBBCF30899
FTR_COEX,083,S_1640_0001640021769,00505684390C1FE192C0EE86E764E899
FTR_COEX,083,S_1640_0001640021888,00505684390C1FE192C07AE4F7CEA899
FTR_COEX,083,S_1650_0001650006281,00505684390C1FE0AFF0CD03DD5C4879
FTR_COEX,083,S_1650_0001650006282,00505684390C1FE0AFF13B6622212879
FTR_COEX,083,S_1650_0001650006708,00505684390C1FE0B08970ADF3198879
FTR_COEX,083,S_1650_0001650006709,00505684390C1FE0B0896ADB4D8F2879
FTR_COEX,083,S_1650_0001650006891,00505684390C1FE18ECEADF316132896
FTR_COEX,083,S_1650_0001650006893,00505684390C1FE18DE45D136B2A0896
FTR_COEX,083,S_1650_0001650006894,00505684390C1FE18DE523CED8B34896
FTR_COEX,083,S_1650_0001650006895,00505684390C1FE18DF7965893DE0896
FTR_COEX,083,S_1650_0001650006896,00505684390C1FE18DF97537C014E896
FTR_COEX,083,S_1650_0001650006903,00505684390C1FE18FE40001F533A896
WS_BGRFC_INBOUND000,082,%_QRFC_RETRY_A009F701348C11E56DB94A14,00505684390C1FE0A2C4788983F3A849
WS_BGRFC_INBOUND000,082,%_QRFC_RETRY_A046796C402D2BB0B10F71A3,00505684390C1FE0A2FDFAA384A52849
WS_BGRFC_INBOUND000,082,%_QRFC_RETRY_A3AB6994BE7179DE06659BF6,00505684390C1FE0A2FD7BD9B5BD4849
WS_BGRFC_INBOUND000,082,%_QRFC_RETRY_A67F7FE52BA134895F48A721,00505684390C1EEF83BB33842313881F
WS_BGRFC_INBOUND000,082,%_QRFC_RETRY_A7BF7909131530DAE9EBF662,00505684390C1EED9F8C8A746155881D
WS_BGRFC_INBOUND000,082,%_QRFC_RETRY_A97E4A14DC4EBEECF6A60E35,00505684390C1EED99CB860ABCBC481D
WS_BGRFC_INBOUND000,082,%_QRFC_RETRY_AAC290018480014A974E84DF,00505684390C1FE0A2FD24564E36A849
WS_BGRFC_INBOUND000,082,%_QRFC_RETRY_AB7BF2A973BC15CDCBB533A6,00505684390C1EED99CB1AF1084D681D
WS_BGRFC_INBOUND000,082,%_QRFC_RETRY_ACDF62A1FE76C3269B94EDA3,00505684390C1FE0A2FE91C4E58C8849
WS_BGRFC_INBOUND000,082,%_QRFC_RETRY_AD19D98B2505358DCD7DC2FB,00505684390C1EED99CAEA266340C81D
WS_BGRFC_INBOUND000,082,%_QRFC_RETRY_AD46E04C349501DD3F4E2E2E,00505684390C1EDC8B95F5B96811BD84
WS_BGRFC_INBOUND000,082,%_QRFC_RETRY_AE40A2E6D6D7B12110247AAA,00505684390C1FE0A2FE4B7100A5A849
WS_BGRFC_INBOUND000,082,%_QRFC_RETRY_AE9E5708762D937E8C504C95,00505684390C1EED99CAE2DD85D8681D
WS_BGRFC_INBOUND000,082,%_QRFC_RETRY_B20B095743B58E5821EADE40,00505684390C1FE0A2FCD28F9C4F8849
WS_BGRFC_INBOUND000,082,%_QRFC_RETRY_B399AC0141C6131C31125104,00505684390C1EED9F8C8A552D1A081D
WS_BGRFC_INBOUND000,082,%_QRFC_RETRY_B3FBC59CCBAE2F6170F0FAFE,00505684390C1EED9F8C8A9D8DCF281D
WS_BGRFC_INBOUND000,082,%_QRFC_RETRY_B5CEE26B28D616D7F294F2A9,00505684390C1EEFA9B46010D8ABA82A
WS_BGRFC_INBOUND000,082,%_QRFC_RETRY_B83A5476EAE77C2DE2598160,00505684390C1EED9AFFDBF0628C281D
WS_BGRFC_INBOUND000,082,%_QRFC_RETRY_B8483208C0826EFA8BDB73CA,00505684390C1FE0A391D0B298D36849
WS_BGRFC_INBOUND000,082,%_QRFC_RETRY_B883EC36B7DF2B52B182ED1D,00505684390C1EEEADBFBDCBF835A81D
WS_BGRFC_INBOUND000,082,%_QRFC_RETRY_B95E2C01BB03DA93FECFE724,00505684390C1FE0A2C658E077196849
WS_BGRFC_INBOUND000,082,%_QRFC_RETRY_B98C08E0E781B2D43BA9E5AC,00505684390C1FE0A2FE93031F7C8849
WS_BGRFC_INBOUND000,082,%_QRFC_RETRY_BB1BEAE48E9D4A30FC9ED8C8,00505684390C1EEEA7CA36161DC1E81D
WS_BGRFC_INBOUND000,082,%_QRFC_RETRY_BF25F9C66E6FAB6DDA0FFF10,00505684390C1FE0A2FDEC7489618849
WS_BGRFC_INBOUND000,082,%_QRFC_RETRY_C17B42961DD9624BBD9B54CB,00505684390C1EED99CB83631FAD681D
WS_BGRFC_INBOUND000,082,%_QRFC_RETRY_C273489D10C5EABAFBC68659,00505684390C1EEF83BB33842310881F
WS_BGRFC_INBOUND000,082,%_QRFC_RETRY_C31CFC52EACB465860994E0C,00505684390C1EEF89FC4AFAFA2DE825
WS_BGRFC_INBOUND000,082,%_QRFC_RETRY_C41EDD3BD64D1220EDC54070,00505684390C1FE0A3924F5E1894A849
WS_BGRFC_INBOUND000,082,%_QRFC_RETRY_C58773546CD092B5B4671FAB,00505684390C1EED99CB85C56465081D
WS_BGRFC_INBOUND000,082,%_QRFC_RETRY_C5C9E0C43E645FC1F3ADA2CD,00505684390C1EEF89FC48C02C790825
WS_BGRFC_INBOUND000,082,%_QRFC_RETRY_C681CA7D2994B5D803E07602,00505684390C1FE0A2FDEFBB66560849
WS_BGRFC_INBOUND000,082,%_QRFC_RETRY_C8713B03F72042A4E7ED6591,00505684390C1EED99CADC131486481D
WS_BGRFC_INBOUND000,082,%_QRFC_RETRY_CAD7F68C3D2FDC1D8A8D5E70,00505684390C1FE0A3923A3A22F1C849
WS_BGRFC_INBOUND000,082,%_QRFC_RETRY_CB616B4F796217A6094FB436,00505684390C1FE0A2FCC4B08EE66849
WS_BGRFC_INBOUND000,082,%_QRFC_RETRY_CD03F3BC46D6E75416FD02D2,00505684390C1FE0A2FD7D57B2E08849
WS_BGRFC_INBOUND000,082,%_QRFC_RETRY_D14CB52B4E26DF1FECD02FF1,00505684390C1EED9AF7E29EE2E6081D
WS_BGRFC_INBOUND000,082,%_QRFC_RETRY_D19A27212CC87E6A6F8174C5,00505684390C1EED99CB8594EA0D281D
WS_BGRFC_INBOUND000,082,%_QRFC_RETRY_D1CA97B49DD0B06D0E3D99AB,00505684390C1EED9AFBB16CA704281D
WS_BGRFC_INBOUND000,082,%_QRFC_RETRY_D5B69715B9C4F82EE95C62C8,00505684390C1FE0A2E38D227D69A849
WS_BGRFC_INBOUND000,082,%_QRFC_RETRY_D7347E52D10390540942D6D8,00505684390C1FE0A2FD9E9382AEA849
WS_BGRFC_INBOUND000,082,%_QRFC_RETRY_D7BE13A7D7B94E9B6441F694,00505684390C1EDC8B98159EC25B1D84
WS_BGRFC_INBOUND000,082,%_QRFC_RETRY_D96A43B29F2962B4AB3BE294,00505684390C1FE0A2FD05341AFFE849
WS_BGRFC_INBOUND000,082,%_QRFC_RETRY_DB5CB5072D1C8A2F012AFC03,00505684390C1FE0A2FD7BEE7ACAE849
WS_BGRFC_INBOUND000,082,%_QRFC_RETRY_DB812A0DE4F91DA4E2A1C3A0,00505684390C1EED9F8C8AC32986881D
WS_BGRFC_INBOUND000,082,%_QRFC_RETRY_DC41599E4B656873BB943886,00505684390C1EED9AF83DFABA45481D
WS_BGRFC_INBOUND000,082,%_QRFC_RETRY_DDC81D2342248D64A5E1F096,00505684390C1EED99CA40980729881D
WS_BGRFC_INBOUND000,082,%_QRFC_RETRY_DEDF3220BC454F931D8C0A68,00505684390C1EEF83BB33842315881F
WS_BGRFC_INBOUND000,082,%_QRFC_RETRY_DF5584CF1719B0B9610C3B6B,00505684390C1EEF83BB3384230F681F
WS_BGRFC_INBOUND000,082,%_QRFC_RETRY_E06DDE562154FD8E8CEE5765,00505684390C1FE0A2FDB41BB228E849
WS_BGRFC_INBOUND000,082,%_QRFC_RETRY_E0D61EC21F24376A3D47A786,00505684390C1EED93DBFFCC8752C81D
WS_BGRFC_INBOUND000,082,%_QRFC_RETRY_E2C8A053F6FF7132F4BA42C4,00505684390C1EED99CBC736E403481D
WS_BGRFC_INBOUND000,082,%_QRFC_RETRY_E5441895E4A49612B43D7F41,00505684390C1EED99CB85E1D666C81D
WS_BGRFC_INBOUND000,082,%_QRFC_RETRY_E5ABE7785D345F6525E8C803,00505684390C1EED9AF8F0099F47281D
WS_BGRFC_INBOUND000,082,%_QRFC_RETRY_E79688B44E50DAE95E19FA8F,00505684390C1FE0A2FE92AE31180849
WS_BGRFC_INBOUND000,082,%_QRFC_RETRY_E88DAE66580EEFEC833CADD4,00505684390C1FE0A2FEB0758A242849
WS_BGRFC_INBOUND000,082,%_QRFC_RETRY_E9E885266681172C0AB801F2,00505684390C1EEF83BB33842314881F
WS_BGRFC_INBOUND000,082,%_QRFC_RETRY_EBB598CC188CDB066F25C75F,00505684390C1FE0A2FD274C105AE849
WS_BGRFC_INBOUND000,082,%_QRFC_RETRY_EBF8D53A8C06FEB64506159F,00505684390C1EEF98EEE989C013682A
WS_BGRFC_INBOUND000,082,%_QRFC_RETRY_EC114DA349C63694D318FFF5,00505684390C1EEF89FC49C1A1A8A825
WS_BGRFC_INBOUND000,082,%_QRFC_RETRY_ECA20E8D6BFE0E39E8813661,00505684390C1EEF89FC4969AF996825
WS_BGRFC_INBOUND000,082,%_QRFC_RETRY_ED8D1D373125C4ABF9047E79,00505684390C1EED9AFB9FAE2E7B681D
WS_BGRFC_INBOUND000,082,%_QRFC_RETRY_EDBBD9DA2EDDBD18E112AEE7,00505684390C1FE0A2FD7CFC60A66849
WS_BGRFC_INBOUND000,082,%_QRFC_RETRY_F0D48E45677BE7DAE13CC131,00505684390C1FE0A2C53E6D503EC849
WS_BGRFC_INBOUND000,082,%_QRFC_RETRY_F1199E55DD1B13911D996C59,00505684390C1EED9AFFF4303065081D
WS_BGRFC_INBOUND000,082,%_QRFC_RETRY_F199071902BB1E0601999E38,00505684390C1EEF859CF4514CDB681F
WS_BGRFC_INBOUND000,082,%_QRFC_RETRY_F1D759A82E2631DAF0895FD8,00505684390C1FE0A2FEAC6060A18849
WS_BGRFC_INBOUND000,082,%_QRFC_RETRY_F29708654BFC787ED143B384,00505684390C1EED9DD8C073BB16881D
WS_BGRFC_INBOUND000,082,%_QRFC_RETRY_F2C4F9EBB5F35C9B09C114B7,00505684390C1EEF98EEE9D3DBDF682A
WS_BGRFC_INBOUND000,082,%_QRFC_RETRY_F4F04DF0FE2BECD733BB6722,00505684390C1FE096FEAF01C9206832
WS_BGRFC_INBOUND000,082,%_QRFC_RETRY_F5D6C070CB8F272741DFF2EC,00505684390C1EEF89FBF2E9C1DDA825
WS_BGRFC_INBOUND000,082,%_QRFC_RETRY_F756E6EBFFD70C3A2AE1F83F,00505684390C1EEF89FC491C5ED8A825
WS_BGRFC_INBOUND000,082,%_QRFC_RETRY_FA9709AB561AFC496E3C1197,00505684390C1EEFA9C8B9D2139BC82A
WS_BGRFC_INBOUND000,082,%_QRFC_RETRY_FBA25B43F0FECE78ADA5E649,00505684390C1FE0A2FDAA82D2726849
WS_BGRFC_INBOUND000,082,%_QRFC_RETRY_FBCD8AA572CABF1AF6AFEE7A,00505684390C1EEF83BB33842312881F
WS_BGRFC_INBOUND000,082,%_QRFC_RETRY_FC8F5E203792C9A807566B44,00505684390C1EEF8F9FDA6A3790E825
WS_BGRFC_INBOUND000,082,%_QRFC_RETRY_G04D87B48F6838590B647302,00505684390C1EEFA9B461A1F400282A
WS_BGRFC_INBOUND000,082,%_QRFC_RETRY_G12DAB5E4C920F35AEFB81C9,00505684390C1EEF89FC49DEBF7AC825
WS_BGRFC_INBOUND000,082,%_QRFC_RETRY_G1C2EE2DA27900B5896FE0C8,00505684390C1FE0A2FE5676E1EF6849
WS_BGRFC_INBOUND000,082,%_QRFC_RETRY_G337F23959CF98256CF45EBA,00505684390C1EEF83BB33842311881F
WS_BGRFC_INBOUND000,082,%_QRFC_RETRY_G3EF9CC2CBE0CDA57E41431F,00505684390C1EED9F8C8A746156881D
WS_BGRFC_INBOUND000,082,%_QRFC_RETRY_G3FE0A478D3D3D7B5967A6DA,00505684390C1EED99CB85505602081D
WS_BGRFC_INBOUND000,082,%_QRFC_RETRY_G4FBDCCF1EB0CB7E77999C73,00505684390C1EED99CB8594EA0C281D
WS_BGRFC_INBOUND000,082,%_QRFC_RETRY_GC0DEA3DDDD724E81E1C32D6,00505684390C1FE0A2FE920FB3B36849
WS_BGRFC_INBOUND000,082,%_QRFC_RETRY_GFD397D9C8F76A765016EF12,00505684390C1FE0A2FE48A2A0106849
WS_BGRFC_INBOUND000,082,%_QRFC_RETRY_I0DA127BDF9A2277E7A429FA,00505684390C1FE0A2FD2B9CF2F6A849
WS_BGRFC_INBOUND000,082,%_QRFC_RETRY_I2F3ADB5919B862EA71715F9,00505684390C1EEF98EEDAB23A8AA82A
WS_BGRFC_INBOUND000,082,%_QRFC_RETRY_I389C7726C566B72ABCDC3F6,00505684390C1EED99CB85756B7D681D
WS_BGRFC_INBOUND000,082,%_QRFC_RETRY_I5920FF649E61297F807E1B6,00505684390C1FE0A3923D884C154849
WS_BGRFC_INBOUND000,082,%_QRFC_RETRY_I65C0A88CB227F397F71BE18,00505684390C1FE0A2C65E782943C849
WS_BGRFC_INBOUND000,082,%_QRFC_RETRY_I79E4633E1936BEFFBC53972,00505684390C1FE0A2FD07EB672AA849
WS_BGRFC_INBOUND000,082,%_QRFC_RETRY_IA40E9811321437CBA899A2C,00505684390C1EED9F8C8A9D8DCE281D
WS_BGRFC_INBOUND000,082,%_QRFC_RETRY_IFA3494C64ED27F429E6EC1C,00505684390C1EEF89FBF1E2AD84E825
WS_BGRFC_INBOUND000,082,%_QRFC_RETRY_J045719C8009724428C89C98,00505684390C1FE0A2FD12677FFE8849
WS_BGRFC_INBOUND000,082,%_QRFC_RETRY_J0BA80BA3936EBDE9776B86F,00505684390C1FE0A2FCC92C0DF9A849
WS_BGRFC_INBOUND000,082,%_QRFC_RETRY_J30ABADE9D831762D85E9A1F,00505684390C1EEF859F2F3D7DD7A81F
WS_BGRFC_INBOUND000,082,%_QRFC_RETRY_J37955E1AC275E0FAA0B0B5A,00505684390C1FE0A2E3901DDB7D8849
WS_BGRFC_INBOUND000,082,%_QRFC_RETRY_J8E42177826FED61DEEB62BC,00505684390C1EED9AFFC495116CE81D
WS_BGRFC_INBOUND000,082,%_QRFC_RETRY_JA0BD48FA1D2D84C2F085668,00505684390C1EED9AF85DAC4F08E81D
WS_BGRFC_INBOUND000,082,%_QRFC_RETRY_JC684A1D487C577940A6E1E4,00505684390C1EDC8B98143BFE547D84
WS_BGRFC_INBOUND000,082,SRTQC_00505684390C1EDB9DEDD97181581FF6,00505684390C1EDB9DEDD97181587FF6
WS_BGRFC_INBOUND000,082,SRTQC_00505684390C1EDB9DEDD97181591FF6,00505684390C1EDB9DEDD97181597FF6
WS_BGRFC_INBOUND000,082,SRTQC_00505684390C1EDB9DEE0B22DC0CBFF6,00505684390C1EDB9DEE0B22DC0D1FF6
WS_BGRFC_INBOUND000,082,SRTQC_00505684390C1EDB9DEE0B22DC0DBFF6,00505684390C1EDB9DEE0B22DC0E1FF6
WS_BGRFC_INBOUND000,082,SRTQC_00505684390C1EDBB2D0FDFEB3C3F15F,00505684390C1EDBB2D0FE3A46F1D15F
WS_BGRFC_INBOUND000,082,SRTQC_00505684390C1EDBB2D0FE3A46F1715F,00505684390C1EDBB2D0FE3A46F2115F
WS_BGRFC_INBOUND000,082,SRTQC_00505684390C1EDBB2D103AC7981515F,00505684390C1EDBB2D103AC7982D15F
WS_BGRFC_INBOUND000,082,SRTQC_00505684390C1EDBB2D103AC7982515F,00505684390C1EDBB2D103AC7983115F
WS_BGRFC_INBOUND000,082,SRTQC_00505684390C1EDBB2D11C69458A715F,00505684390C1EDBB2D11C69458BF15F
WS_BGRFC_INBOUND000,082,SRTQC_00505684390C1EDBB2D11C69458B715F,00505684390C1EDBB2D11C69458C315F
WS_BGRFC_INBOUND000,082,SRTQC_00505684390C1EDBB2D17384C3C6B15F,00505684390C1EDBB2D17384C3C8315F
WS_BGRFC_INBOUND000,082,SRTQC_00505684390C1EDBB2D17384C3C7B15F,00505684390C1EDBB2D17384C3C8715F
WS_BGRFC_INBOUND000,082,SRTQC_00505684390C1EDBB2D1B24CF9791160,00505684390C1EDBB2D1B24CF97A9160
WS_BGRFC_INBOUND000,082,SRTQC_00505684390C1EDBB2D1B24CF97A1160,00505684390C1EDBB2D1B24CF97AD160
WS_BGRFC_INBOUND000,082,SRTQC_00505684390C1EDBB3D2CC0AA56D7201,00505684390C1EDBB3D2CC0AA56DD201
WS_BGRFC_INBOUND000,082,SRTQC_00505684390C1EDBB695CB3CBB4555B5,00505684390C1EDBB695CB3CBB45B5B5
WS_BGRFC_INBOUND000,082,SRTQC_00505684390C1EDBB6963C3725E4F5B6,00505684390C1EDBB6963C3725E555B6
WS_BGRFC_INBOUND000,082,SRTQC_00505684390C1EDBBECE1B855BEC39E4,00505684390C1EDBBECE1BA8D76F99E4
WS_BGRFC_INBOUND000,082,SRTQC_00505684390C1EDBBECE38CEB77619E4,00505684390C1EDBBECE38CEB77679E4
WS_BGRFC_INBOUND000,082,SRTQC_00505684390C1EDC84931F9D64D6FC17,00505684390C1EDC84931F9D64D81C17
WS_BGRFC_INBOUND000,082,SRTQC_00505684390C1EDC84931F9D64D7BC17,00505684390C1EDC84931F9D64D85C17
WS_BGRFC_INBOUND000,082,SRTQC_00505684390C1EDC8B95F5B968115D84,00505684390C1EDC8B95F5B96811BD84
WS_BGRFC_INBOUND000,082,SRTQC_00505684390C1EDC8B98143BFE541D84,00505684390C1EDC8B98143BFE547D84
WS_BGRFC_INBOUND000,082,SRTQC_00505684390C1EDC8B98159EC25ABD84,00505684390C1EDC8B98159EC25B1D84
WS_BGRFC_INBOUND000,082,SRTQC_00505684390C1EDC8B998169304B5D84,00505684390C1EDC8B998169304C7D84
WS_BGRFC_INBOUND000,082,SRTQC_00505684390C1EDC8B998169304C1D84,00505684390C1EDC8B998169304CBD84
WS_BGRFC_INBOUND000,082,SRTQC_00505684390C1EEB9DFF9932DDD74032,00505684390C1EEB9DFF9932DDD7A032
WS_BGRFC_INBOUND000,082,SRTQC_00505684390C1EEB9DFF9932DDD84032,00505684390C1EEB9DFF9932DDD8A032
WS_BGRFC_INBOUND000,082,SRTQC_00505684390C1EECA0FE77D00F5C65B9,00505684390C1EECA0FE77D00F5CC5B9
WS_BGRFC_INBOUND000,082,SRTQC_00505684390C1EECA0FE77D00F5D65B9,00505684390C1EECA0FE77D00F5DC5B9
WS_BGRFC_INBOUND000,082,SRTQC_00505684390C1EECA0FE96AC5003E5B9,00505684390C1EECA0FE96AC500445B9
WS_BGRFC_INBOUND000,082,SRTQC_00505684390C1EECA0FE96AC5004E5B9,00505684390C1EECA0FE96AC500545B9
WS_BGRFC_INBOUND000,082,SRTQC_00505684390C1EECA0FED76BF09D05B9,00505684390C1EECA0FED76BF09D65B9
WS_BGRFC_INBOUND000,082,SRTQC_00505684390C1EECA0FED76BF09E05B9,00505684390C1EECA0FED76BF09E65B9
WS_BGRFC_INBOUND000,082,SRTQC_00505684390C1EECA0FF10BA6B5E65B9,00505684390C1EECA0FF10BA6B5EC5B9
WS_BGRFC_INBOUND000,082,SRTQC_00505684390C1EECA0FF10BA6B5F65B9,00505684390C1EECA0FF10BA6B5FC5B9
WS_BGRFC_INBOUND000,082,SRTQC_00505684390C1EECA0FF19D7852C25B9,00505684390C1EECA0FF19D7852C85B9
WS_BGRFC_INBOUND000,082,SRTQC_00505684390C1EED83C92FEA7A6CA81D,00505684390C1EED83C92FEA7A6D081D
WS_BGRFC_INBOUND000,082,SRTQC_00505684390C1EED83C932143A61281D,00505684390C1EED83C932143A61881D
WS_BGRFC_INBOUND000,082,SRTQC_00505684390C1EED93DBFFCC8752681D,00505684390C1EED93DBFFCC8752C81D
WS_BGRFC_INBOUND000,082,SRTQC_00505684390C1EED99CA40980729281D,00505684390C1EED99CA40980729881D
WS_BGRFC_INBOUND000,082,SRTQC_00505684390C1EED99CADC131485E81D,00505684390C1EED99CADC131486481D
WS_BGRFC_INBOUND000,082,SRTQC_00505684390C1EED99CAE2DD85D8081D,00505684390C1EED99CAE2DD85D8681D
WS_BGRFC_INBOUND000,082,SRTQC_00505684390C1EED99CAEA266340681D,00505684390C1EED99CAEA266340C81D
WS_BGRFC_INBOUND000,082,SRTQC_00505684390C1EED99CB1AF1084D081D,00505684390C1EED99CB1AF1084D681D
WS_BGRFC_INBOUND000,082,SRTQC_00505684390C1EED99CB83631FAD081D,00505684390C1EED99CB83631FAD681D
WS_BGRFC_INBOUND000,082,SRTQC_00505684390C1EED99CB85505601A81D,00505684390C1EED99CB85505602081D
WS_BGRFC_INBOUND000,082,SRTQC_00505684390C1EED99CB85756B7D081D,00505684390C1EED99CB85756B7D681D
WS_BGRFC_INBOUND000,082,SRTQC_00505684390C1EED99CB8594EA0BC81D,00505684390C1EED99CB8594EA0C281D
WS_BGRFC_INBOUND000,082,SRTQC_00505684390C1EED99CB8594EA0CC81D,00505684390C1EED99CB8594EA0D281D
WS_BGRFC_INBOUND000,082,SRTQC_00505684390C1EED99CB85C56464A81D,00505684390C1EED99CB85C56465081D
WS_BGRFC_INBOUND000,082,SRTQC_00505684390C1EED99CB85E1D666681D,00505684390C1EED99CB85E1D666C81D
WS_BGRFC_INBOUND000,082,SRTQC_00505684390C1EED99CB85E1D667681D,00505684390C1EED99CB860ABCBC481D
WS_BGRFC_INBOUND000,082,SRTQC_00505684390C1EED99CBC6EF9CF1281D,00505684390C1EED99CBC736E403481D
WS_BGRFC_INBOUND000,082,SRTQC_00505684390C1EED9AF7E29EE2E5A81D,00505684390C1EED9AF7E29EE2E6081D
WS_BGRFC_INBOUND000,082,SRTQC_00505684390C1EED9AF835DBC083081D,00505684390C1EED9AF83DFABA45481D
WS_BGRFC_INBOUND000,082,SRTQC_00505684390C1EED9AF85DAC4F08881D,00505684390C1EED9AF85DAC4F08E81D
WS_BGRFC_INBOUND000,082,SRTQC_00505684390C1EED9AF8F0099F46C81D,00505684390C1EED9AF8F0099F47281D
WS_BGRFC_INBOUND000,082,SRTQC_00505684390C1EED9AF90B272F1EC81D,00505684390C1EED9AF90B272F1F281D
WS_BGRFC_INBOUND000,082,SRTQC_00505684390C1EED9AFB9FAE2E7B081D,00505684390C1EED9AFB9FAE2E7B681D
WS_BGRFC_INBOUND000,082,SRTQC_00505684390C1EED9AFBB16CA703C81D,00505684390C1EED9AFBB16CA704281D
WS_BGRFC_INBOUND000,082,SRTQC_00505684390C1EED9AFD4D6F2C46881D,00505684390C1EED9AFD4D6F2C46E81D
WS_BGRFC_INBOUND000,082,SRTQC_00505684390C1EED9AFFC495116C881D,00505684390C1EED9AFFC495116CE81D
WS_BGRFC_INBOUND000,082,SRTQC_00505684390C1EED9AFFDBF0628BC81D,00505684390C1EED9AFFDBF0628C281D
WS_BGRFC_INBOUND000,082,SRTQC_00505684390C1EED9AFFF4303064A81D,00505684390C1EED9AFFF4303065081D
WS_BGRFC_INBOUND000,082,SRTQC_00505684390C1EED9DD8C04BD1B5E81D,00505684390C1EED9DD8C073BB16881D
WS_BGRFC_INBOUND000,082,SRTQC_00505684390C1EED9F8C8A198D98A81D,00505684390C1EED9F8C8A552D1A081D
WS_BGRFC_INBOUND000,082,SRTQC_00505684390C1EED9F8C8A552D1AC81D,00505684390C1EED9F8C8A746155881D
WS_BGRFC_INBOUND000,082,SRTQC_00505684390C1EED9F8C8A746156281D,00505684390C1EED9F8C8A746156881D
WS_BGRFC_INBOUND000,082,SRTQC_00505684390C1EED9F8C8A9D8DCDC81D,00505684390C1EED9F8C8A9D8DCE281D
WS_BGRFC_INBOUND000,082,SRTQC_00505684390C1EED9F8C8A9D8DCEC81D,00505684390C1EED9F8C8A9D8DCF281D
WS_BGRFC_INBOUND000,082,SRTQC_00505684390C1EED9F8C8AC32986281D,00505684390C1EED9F8C8AC32986881D
WS_BGRFC_INBOUND000,082,SRTQC_00505684390C1EEEA7CA36161DC1881D,00505684390C1EEEA7CA36161DC1E81D
WS_BGRFC_INBOUND000,082,SRTQC_00505684390C1EEEADBFBDCBF835481D,00505684390C1EEEADBFBDCBF835A81D
WS_BGRFC_INBOUND000,082,SRTQC_00505684390C1EEF83BB3366CB7D481F,00505684390C1EEF83BB3384230F681F
WS_BGRFC_INBOUND000,082,SRTQC_00505684390C1EEF83BB33842310281F,00505684390C1EEF83BB33842310881F
WS_BGRFC_INBOUND000,082,SRTQC_00505684390C1EEF83BB33842311281F,00505684390C1EEF83BB33842311881F
WS_BGRFC_INBOUND000,082,SRTQC_00505684390C1EEF83BB33842312281F,00505684390C1EEF83BB33842312881F
WS_BGRFC_INBOUND000,082,SRTQC_00505684390C1EEF83BB33842313281F,00505684390C1EEF83BB33842313881F
WS_BGRFC_INBOUND000,082,SRTQC_00505684390C1EEF83BB33842314281F,00505684390C1EEF83BB33842314881F
WS_BGRFC_INBOUND000,082,SRTQC_00505684390C1EEF83BB33842315281F,00505684390C1EEF83BB33842315881F
WS_BGRFC_INBOUND000,082,SRTQC_00505684390C1EEF859CF4514CDB081F,00505684390C1EEF859CF4514CDB681F
WS_BGRFC_INBOUND000,082,SRTQC_00505684390C1EEF859F2F3D7DD7481F,00505684390C1EEF859F2F3D7DD7A81F
WS_BGRFC_INBOUND000,082,SRTQC_00505684390C1EEF89FBF1E2AD848825,00505684390C1EEF89FBF1E2AD84E825
WS_BGRFC_INBOUND000,082,SRTQC_00505684390C1EEF89FBF2E9C1DD4825,00505684390C1EEF89FBF2E9C1DDA825
WS_BGRFC_INBOUND000,082,SRTQC_00505684390C1EEF89FC48C02C78A825,00505684390C1EEF89FC48C02C790825
WS_BGRFC_INBOUND000,082,SRTQC_00505684390C1EEF89FC491C5ED84825,00505684390C1EEF89FC491C5ED8A825
WS_BGRFC_INBOUND000,082,SRTQC_00505684390C1EEF89FC4969AF990825,00505684390C1EEF89FC4969AF996825
WS_BGRFC_INBOUND000,082,SRTQC_00505684390C1EEF89FC49C1A1A84825,00505684390C1EEF89FC49C1A1A8A825
WS_BGRFC_INBOUND000,082,SRTQC_00505684390C1EEF89FC49DEBF7A6825,00505684390C1EEF89FC49DEBF7AC825
WS_BGRFC_INBOUND000,082,SRTQC_00505684390C1EEF89FC4AFAFA2D8825,00505684390C1EEF89FC4AFAFA2DE825
WS_BGRFC_INBOUND000,082,SRTQC_00505684390C1EEF8F9FDA6A37908825,00505684390C1EEF8F9FDA6A3790E825
WS_BGRFC_INBOUND000,082,SRTQC_00505684390C1EEF98EEDAB23A8A482A,00505684390C1EEF98EEDAB23A8AA82A
WS_BGRFC_INBOUND000,082,SRTQC_00505684390C1EEF98EEE989C013082A,00505684390C1EEF98EEE989C013682A
WS_BGRFC_INBOUND000,082,SRTQC_00505684390C1EEF98EEE9D3DBDF082A,00505684390C1EEF98EEE9D3DBDF682A
WS_BGRFC_INBOUND000,082,SRTQC_00505684390C1EEFA9B46010D8AB482A,00505684390C1EEFA9B46010D8ABA82A
WS_BGRFC_INBOUND000,082,SRTQC_00505684390C1EEFA9B461A1F3FFC82A,00505684390C1EEFA9B461A1F400282A
WS_BGRFC_INBOUND000,082,SRTQC_00505684390C1EEFA9C8B9D2139B682A,00505684390C1EEFA9C8B9D2139BC82A
WS_BGRFC_INBOUND000,082,SRTQC_00505684390C1EEFB5FB6CD3240EE831,00505684390C1EEFB5FB6CFA94764831
WS_BGRFC_INBOUND000,082,SRTQC_00505684390C1EEFB5FB7EC2B0C82831,00505684390C1EEFB5FB7EC2B0C88831
WS_BGRFC_INBOUND000,082,SRTQC_00505684390C1EEFB5FB8535EB986831,00505684390C1EEFB5FB8535EB98C831
WS_BGRFC_INBOUND000,082,SRTQC_00505684390C1EEFB5FB9355F9962831,00505684390C1EEFB5FB9355F9968831
WS_BGRFC_INBOUND000,082,SRTQC_00505684390C1EEFB5FB9633B768E831,00505684390C1EEFB5FB9633B7694831
WS_BGRFC_INBOUND000,082,SRTQC_00505684390C1EEFB5FBA6FA5071E831,00505684390C1EEFB5FBA6FA50724831
WS_BGRFC_INBOUND000,082,SRTQC_00505684390C1EEFBAC17044A1412832,00505684390C1EEFBAC17044A141A832
WS_BGRFC_INBOUND000,082,SRTQC_00505684390C1EEFBBA72D5787AC8832,00505684390C1EEFBBA72D5787AD0832
WS_BGRFC_INBOUND000,082,SRTQC_00505684390C1EEFBBBEB1F027992832,00505684390C1EEFBBBEB1F02799A832
WS_BGRFC_INBOUND000,082,SRTQC_00505684390C1EEFBBBF386B758F0832,00505684390C1EEFBBBF386B758F8832
WS_BGRFC_INBOUND000,082,SRTQC_00505684390C1EEFBBD306013F848832,00505684390C1EEFBBD30644FA27E832
WS_BGRFC_INBOUND000,082,SRTQC_00505684390C1EEFBBD4187D3A43E832,00505684390C1EEFBBD4187D3A446832
WS_BGRFC_INBOUND000,082,SRTQC_00505684390C1EEFBBD423D07F71E832,00505684390C1EEFBBD423D07F726832
WS_BGRFC_INBOUND000,082,SRTQC_00505684390C1FE08194C0FDFBB58832,00505684390C1FE08194C0FDFBB5E832
WS_BGRFC_INBOUND000,082,SRTQC_00505684390C1FE08194E4F1EBF40832,00505684390C1FE08194E4F1EBF46832
WS_BGRFC_INBOUND000,082,SRTQC_00505684390C1FE08194EDC89D734832,00505684390C1FE08194EDC89D73A832
WS_BGRFC_INBOUND000,082,SRTQC_00505684390C1FE08194F87BC49AE832,00505684390C1FE08194F87BC49B4832
WS_BGRFC_INBOUND000,082,SRTQC_00505684390C1FE08194FB193C6C4832,00505684390C1FE08194FB193C6CA832
WS_BGRFC_INBOUND000,082,SRTQC_00505684390C1FE0819511BBB5318832,00505684390C1FE0819511BBB531E832
WS_BGRFC_INBOUND000,082,SRTQC_00505684390C1FE081951CCCBE950832,00505684390C1FE081951CCCBE956832
WS_BGRFC_INBOUND000,082,SRTQC_00505684390C1FE081953E3F8FAF4832,00505684390C1FE081953E3F8FAFA832
WS_BGRFC_INBOUND000,082,SRTQC_00505684390C1FE08195480799090832,00505684390C1FE08195480799096832
WS_BGRFC_INBOUND000,082,SRTQC_00505684390C1FE081955366AA9F8832,00505684390C1FE081955366AA9FE832
WS_BGRFC_INBOUND000,082,SRTQC_00505684390C1FE081955844B28DC832,00505684390C1FE081955844B28E2832
WS_BGRFC_INBOUND000,082,SRTQC_00505684390C1FE081955D6153DD8832,00505684390C1FE081955D6153DDE832
WS_BGRFC_INBOUND000,082,SRTQC_00505684390C1FE081957394BDD84832,00505684390C1FE081957394BDD8A832
WS_BGRFC_INBOUND000,082,SRTQC_00505684390C1FE08195830FA266C832,00505684390C1FE08195830FA2672832
WS_BGRFC_INBOUND000,082,SRTQC_00505684390C1FE08195D2E4602C4832,00505684390C1FE08195D2E4602CA832
WS_BGRFC_INBOUND000,082,SRTQC_00505684390C1FE08195D6E3A7C22832,00505684390C1FE08195D6E3A7C28832
WS_BGRFC_INBOUND000,082,SRTQC_00505684390C1FE082927230BBABE832,00505684390C1FE082927230BBAC4832
WS_BGRFC_INBOUND000,082,SRTQC_00505684390C1FE08292B948D744C832,00505684390C1FE08292B948D7452832
WS_BGRFC_INBOUND000,082,SRTQC_00505684390C1FE08292D918581E8832,00505684390C1FE08292D918581EE832
WS_BGRFC_INBOUND000,082,SRTQC_00505684390C1FE082932BEC913F4832,00505684390C1FE082932BEC913FA832
WS_BGRFC_INBOUND000,082,SRTQC_00505684390C1FE082C5F203B7048832,00505684390C1FE082C5F203B704E832
WS_BGRFC_INBOUND000,082,SRTQC_00505684390C1FE082C65AF4B20E8832,00505684390C1FE082C65AF4B20EE832
WS_BGRFC_INBOUND000,082,SRTQC_00505684390C1FE082C6690D42834832,00505684390C1FE082C6690D4283A832
WS_BGRFC_INBOUND000,082,SRTQC_00505684390C1FE082C678892B9C8832,00505684390C1FE082C678892B9CE832
WS_BGRFC_INBOUND000,082,SRTQC_00505684390C1FE082C6C34634AFA832,00505684390C1FE082C6C34634B00832
WS_BGRFC_INBOUND000,082,SRTQC_00505684390C1FE082C6D1A32950C832,00505684390C1FE082C6D1A329512832
WS_BGRFC_INBOUND000,082,SRTQC_00505684390C1FE082C6E29FD0B38832,00505684390C1FE082C6E29FD0B3E832
WS_BGRFC_INBOUND000,082,SRTQC_00505684390C1FE082C6EFFCBAEF6832,00505684390C1FE082C6F025F599C832
WS_BGRFC_INBOUND000,082,SRTQC_00505684390C1FE086D63657D2BA0832,00505684390C1FE086D63657D2BA6832
WS_BGRFC_INBOUND000,082,SRTQC_00505684390C1FE086EE05917AFC6832,00505684390C1FE086EE05917AFCC832
WS_BGRFC_INBOUND000,082,SRTQC_00505684390C1FE086EE16987BBDC832,00505684390C1FE086EE16987BBE2832
WS_BGRFC_INBOUND000,082,SRTQC_00505684390C1FE086EE3AADD210A832,00505684390C1FE086EE3AADD2110832
WS_BGRFC_INBOUND000,082,SRTQC_00505684390C1FE086EFD2810358A832,00505684390C1FE086EFD28103590832
WS_BGRFC_INBOUND000,082,SRTQC_00505684390C1FE086EFE8FE58CD6832,00505684390C1FE086EFE8FE58CDC832
WS_BGRFC_INBOUND000,082,SRTQC_00505684390C1FE086EFF92A612C0832,00505684390C1FE086EFF92A612C6832
WS_BGRFC_INBOUND000,082,SRTQC_00505684390C1FE086F0105E998DE832,00505684390C1FE086F0105E998E4832
WS_BGRFC_INBOUND000,082,SRTQC_00505684390C1FE086F031E5A2754832,00505684390C1FE086F031E5A275A832
WS_BGRFC_INBOUND000,082,SRTQC_00505684390C1FE086F038E4E4F18832,00505684390C1FE086F038E4E4F1E832
WS_BGRFC_INBOUND000,082,SRTQC_00505684390C1FE086F050CAEC124832,00505684390C1FE086F050CAEC12A832
WS_BGRFC_INBOUND000,082,SRTQC_00505684390C1FE086F0FCD3F7D7E832,00505684390C1FE086F0FCD3F7D84832
WS_BGRFC_INBOUND000,082,SRTQC_00505684390C1FE086F12A58CBA0A832,00505684390C1FE086F12A58CBA10832
WS_BGRFC_INBOUND000,082,SRTQC_00505684390C1FE086F1C4F476D1A832,00505684390C1FE086F1C4F476D20832
WS_BGRFC_INBOUND000,082,SRTQC_00505684390C1FE086F1D8B140B5A832,00505684390C1FE086F1D8B140B60832
WS_BGRFC_INBOUND000,082,SRTQC_00505684390C1FE08D9121445C946832,00505684390C1FE08D9121445C94C832
WS_BGRFC_INBOUND000,082,SRTQC_00505684390C1FE08D931F3079EA6832,00505684390C1FE08D931F3079EAC832
WS_BGRFC_INBOUND000,082,SRTQC_00505684390C1FE096FEAF01C9200832,00505684390C1FE096FEAF01C9206832
WS_BGRFC_INBOUND000,082,SRTQC_00505684390C1FE0A2C4788983F32849,00505684390C1FE0A2C4788983F3A849
WS_BGRFC_INBOUND000,082,SRTQC_00505684390C1FE0A2C53E6D503E4849,00505684390C1FE0A2C53E6D503EC849
WS_BGRFC_INBOUND000,082,SRTQC_00505684390C1FE0A2C658E07718E849,00505684390C1FE0A2C658E077196849
WS_BGRFC_INBOUND000,082,SRTQC_00505684390C1FE0A2C65E7829434849,00505684390C1FE0A2C65E782943C849
WS_BGRFC_INBOUND000,082,SRTQC_00505684390C1FE0A2E38D227D692849,00505684390C1FE0A2E38D227D69A849
WS_BGRFC_INBOUND000,082,SRTQC_00505684390C1FE0A2E3901DDB7D0849,00505684390C1FE0A2E3901DDB7D8849
WS_BGRFC_INBOUND000,082,SRTQC_00505684390C1FE0A2FCC4B08EE5E849,00505684390C1FE0A2FCC4B08EE66849
WS_BGRFC_INBOUND000,082,SRTQC_00505684390C1FE0A2FCC92C0DF92849,00505684390C1FE0A2FCC92C0DF9A849
WS_BGRFC_INBOUND000,082,SRTQC_00505684390C1FE0A2FCD28F9C4F0849,00505684390C1FE0A2FCD28F9C4F8849
WS_BGRFC_INBOUND000,082,SRTQC_00505684390C1FE0A2FD05341AFF6849,00505684390C1FE0A2FD05341AFFE849
WS_BGRFC_INBOUND000,082,SRTQC_00505684390C1FE0A2FD07EB672A2849,00505684390C1FE0A2FD07EB672AA849
WS_BGRFC_INBOUND000,082,SRTQC_00505684390C1FE0A2FD12677FFE0849,00505684390C1FE0A2FD12677FFE8849
WS_BGRFC_INBOUND000,082,SRTQC_00505684390C1FE0A2FD24564E362849,00505684390C1FE0A2FD24564E36A849
WS_BGRFC_INBOUND000,082,SRTQC_00505684390C1FE0A2FD274C105A6849,00505684390C1FE0A2FD274C105AE849
WS_BGRFC_INBOUND000,082,SRTQC_00505684390C1FE0A2FD2B9CF2F62849,00505684390C1FE0A2FD2B9CF2F6A849
WS_BGRFC_INBOUND000,082,SRTQC_00505684390C1FE0A2FD7BD9B5BCC849,00505684390C1FE0A2FD7BD9B5BD4849
WS_BGRFC_INBOUND000,082,SRTQC_00505684390C1FE0A2FD7BEE7ACA6849,00505684390C1FE0A2FD7BEE7ACAE849
WS_BGRFC_INBOUND000,082,SRTQC_00505684390C1FE0A2FD7CFC60A5E849,00505684390C1FE0A2FD7CFC60A66849
WS_BGRFC_INBOUND000,082,SRTQC_00505684390C1FE0A2FD7D57B2E00849,00505684390C1FE0A2FD7D57B2E08849
WS_BGRFC_INBOUND000,082,SRTQC_00505684390C1FE0A2FD9E9382AE2849,00505684390C1FE0A2FD9E9382AEA849
WS_BGRFC_INBOUND000,082,SRTQC_00505684390C1FE0A2FDAA82D271E849,00505684390C1FE0A2FDAA82D2726849
WS_BGRFC_INBOUND000,082,SRTQC_00505684390C1FE0A2FDB41BB2286849,00505684390C1FE0A2FDB41BB228E849
WS_BGRFC_INBOUND000,082,SRTQC_00505684390C1FE0A2FDEC7489610849,00505684390C1FE0A2FDEC7489618849
WS_BGRFC_INBOUND000,082,SRTQC_00505684390C1FE0A2FDEFBB66558849,00505684390C1FE0A2FDEFBB66560849
WS_BGRFC_INBOUND000,082,SRTQC_00505684390C1FE0A2FDFAA384A4A849,00505684390C1FE0A2FDFAA384A52849
WS_BGRFC_INBOUND000,082,SRTQC_00505684390C1FE0A2FE48A2A00FE849,00505684390C1FE0A2FE48A2A0106849
WS_BGRFC_INBOUND000,082,SRTQC_00505684390C1FE0A2FE4B7100A52849,00505684390C1FE0A2FE4B7100A5A849
WS_BGRFC_INBOUND000,082,SRTQC_00505684390C1FE0A2FE5676E1EEE849,00505684390C1FE0A2FE5676E1EF6849
WS_BGRFC_INBOUND000,082,SRTQC_00505684390C1FE0A2FE91C4E58C0849,00505684390C1FE0A2FE91C4E58C8849
WS_BGRFC_INBOUND000,082,SRTQC_00505684390C1FE0A2FE920FB3B2E849,00505684390C1FE0A2FE920FB3B36849
WS_BGRFC_INBOUND000,082,SRTQC_00505684390C1FE0A2FE92AE31178849,00505684390C1FE0A2FE92AE31180849
WS_BGRFC_INBOUND000,082,SRTQC_00505684390C1FE0A2FE93031F7C0849,00505684390C1FE0A2FE93031F7C8849
WS_BGRFC_INBOUND000,082,SRTQC_00505684390C1FE0A2FEAC6060A10849,00505684390C1FE0A2FEAC6060A18849
WS_BGRFC_INBOUND000,082,SRTQC_00505684390C1FE0A2FEB0758A23A849,00505684390C1FE0A2FEB0758A242849
WS_BGRFC_INBOUND000,082,SRTQC_00505684390C1FE0A391D0B298D2E849,00505684390C1FE0A391D0B298D36849
WS_BGRFC_INBOUND000,082,SRTQC_00505684390C1FE0A3923A3A22F14849,00505684390C1FE0A3923A3A22F1C849
WS_BGRFC_INBOUND000,082,SRTQC_00505684390C1FE0A3923D884C14C849,00505684390C1FE0A3923D884C154849
WS_BGRFC_INBOUND000,082,SRTQC_00505684390C1FE0A3924F5E18942849,00505684390C1FE0A3924F5E1894A849
WS_BGRFC_INBOUND000,082,SRTQC_00505684390C1FE0A4C0F8E9C71F6851,00505684390C1FE0A4C0F8E9C71FE851
WS_BGRFC_INBOUND000,082,SRTQC_00505684390C1FE0ADAB11E251998867,00505684390C1FE0ADAB1207994FA867
WS_BGRFC_INBOUND000,082,SRTQC_00505684390C1FE0B598AC0FE510E87B,00505684390C1FE0B598AC0FE511687B
WS_BGRFC_INBOUND000,082,SRTQC_00505684390C1FE0B6B5A74B0B0FA87B,00505684390C1FE0B6B5A74B0B10287B
WS_BGRFC_INBOUND000,082,SRTQC_00505684390C1FE0B6B5AE863C5CC87B,00505684390C1FE0B6B5AE863C5D487B
WS_BGRFC_INBOUND000,082,SRTQC_00505684390C1FE0B6B5B7E74D0E687B,00505684390C1FE0B6B5B7E74D0EE87B
WS_BGRFC_INBOUND000,082,SRTQC_00505684390C1FE0B9967AB11A83E87E,00505684390C1FE0B9967AB11A84687E
WS_BGRFC_INBOUND000,082,SRTQC_00505684390C1FE0BD854D8BC586E886,00505684390C1FE0BD854D8BC5876886
WS_BGRFC_INBOUND000,082,SRTQC_00505684390C1FE0BD855411FED84886,00505684390C1FE0BD855411FED8C886
WS_BGRFC_INBOUND000,082,SRTQC_00505684390C1FE0BD855B75E2ED4886,00505684390C1FE0BD855B75E2EDC886
WS_BGRFC_INBOUND000,082,SRTQC_00505684390C1FE0BD9E0DD448EF4886,00505684390C1FE0BD9E0DD448EFC886
WS_BGRFC_INBOUND000,082,SRTQC_00505684390C1FE0BEEE69F1531E8887,00505684390C1FE0BEEE69F1531F0887
WS_BGRFC_INBOUND000,082,SRTQC_00505684390C1FE0BEEE89FB5DBF8887,00505684390C1FE0BEEE89FB5DC00887
WS_BGRFC_INBOUND000,082,SRTQC_00505684390C1FE0BFB6080414876889,00505684390C1FE0BFB608041487E889
WS_BGRFC_INBOUND000,082,SRTQC_00505684390C1FE0BFB60A3D935E6889,00505684390C1FE0BFB60A3D935EE889
WS_BGRFC_INBOUND000,082,SRTQC_00505684390C1FE1809FA334FAD20889,00505684390C1FE1809FA334FAD28889
WS_BGRFC_INBOUND000,082,SRTQC_00505684390C1FE180B4DBCAB93D2889,00505684390C1FE180B4DBCAB93DA889
WS_BGRFC_INBOUND000,082,SRTQC_00505684390C1FE180B719DE5E27C889,00505684390C1FE180B719DE5E284889
WS_BGRFC_INBOUND000,082,SRTQC_00505684390C1FE180B71F2B180BA889,00505684390C1FE180B71F2B180C2889
WS_BGRFC_INBOUND000,082,SRTQC_00505684390C1FE180B7202EAFF42889,00505684390C1FE180B7202EAFF4A889
WS_BGRFC_INBOUND000,082,SRTQC_00505684390C1FE180B7212D00B32889,00505684390C1FE180B7212D00B3A889
WS_BGRFC_INBOUND000,082,SRTQC_00505684390C1FE180B728E827A56889,00505684390C1FE180B728E827A5E889
WS_BGRFC_INBOUND000,082,SRTQC_00505684390C1FE180D1C41288730889,00505684390C1FE180D1C41288738889
WS_BGRFC_INBOUND000,082,SRTQC_00505684390C1FE181B32DEB8BB0C889,00505684390C1FE181B32DEB8BB14889
WS_BGRFC_INBOUND000,082,SRTQC_00505684390C1FE181B3B857EE2B4889,00505684390C1FE181B3B87D3B644889
WS_BGRFC_INBOUND000,082,SRTQC_00505684390C1FE181B3BB7CF6AE6889,00505684390C1FE181B3BB7CF6AEE889
WS_BGRFC_INBOUND000,082,SRTQC_00505684390C1FE181B3DC5449FB4889,00505684390C1FE181B3DC5449FBC889
WS_BGRFC_INBOUND000,082,SRTQC_00505684390C1FE181C71C4D67BFE889,00505684390C1FE181C71C4D67C06889
WS_BGRFC_INBOUND000,082,SRTQC_00505684390C1FE181C71CC0250BA889,00505684390C1FE181C71CC0250C2889
WS_BGRFC_INBOUND000,082,SRTQC_00505684390C1FE181C73058F97FA889,00505684390C1FE181C73058F9802889
WS_BGRFC_INBOUND000,082,SRTQC_00505684390C1FE181C7A40003F8C889,00505684390C1FE181C7A40003F94889
WS_BGRFC_INBOUND000,082,SRTQC_00505684390C1FE181CE52194BE78889,00505684390C1FE181CE52194BE80889
WS_BGRFC_INBOUND000,082,SRTQC_00505684390C1FE181CE86900A142889,00505684390C1FE181CE86900A14A889
WS_BGRFC_INBOUND000,082,SRTQC_00505684390C1FE181CE8D49EEDFE889,00505684390C1FE181CE8D49EEE06889
WS_BGRFC_INBOUND000,082,SRTQC_00505684390C1FE181CE90AF3B54A889,00505684390C1FE181CE90AF3B554889
WS_BGRFC_INBOUND000,082,SRTQC_00505684390C1FE181CEB497CE732889,00505684390C1FE181CEB497CE73C889
WS_BGRFC_INBOUND000,082,SRTQC_00505684390C1FE181E44576038D2889,00505684390C1FE181E4458C3FD30889
WS_BGRFC_INBOUND000,082,SRTQC_00505684390C1FE181E7157AE715E889,00505684390C1FE181E7157AE7166889
WS_BGRFC_INBOUND000,082,SRTQC_00505684390C1FE181E74CB667436889,00505684390C1FE181E74CB66743E889
WS_BGRFC_INBOUND000,082,SRTQC_00505684390C1FE181E76916A873C889,00505684390C1FE181E76916A8746889
WS_BGRFC_INBOUND000,082,SRTQC_00505684390C1FE181E790D704C3E889,00505684390C1FE181E790F3F2F8E889
WS_BGRFC_INBOUND000,082,SRTQC_00505684390C1FE181E84883F2382889,00505684390C1FE181E84883F238A889
WS_BGRFC_INBOUND000,082,SRTQC_00505684390C1FE181E857E0B5032889,00505684390C1FE181E857F543B90889
WS_BGRFC_INBOUND000,082,SRTQC_00505684390C1FE181E8598CC6E1A889,00505684390C1FE181E8598CC6E24889
WS_BGRFC_INBOUND000,082,SRTQC_00505684390C1FE181E88C8425A9E889,00505684390C1FE181E88C8425AA8889
WS_BGRFC_INBOUND000,082,SRTQC_00505684390C1FE181E8DE889DEAA889,00505684390C1FE181E8DE889DEB4889
WS_BGRFC_INBOUND000,082,SRTQC_00505684390C1FE181E91AD6C285E889,00505684390C1FE181E91AD6C2868889
WS_BGRFC_INBOUND000,082,SRTQC_00505684390C1FE181E974F6C9206889,00505684390C1FE181E974F6C9210889
WS_BGRFC_INBOUND000,082,SRTQC_00505684390C1FE181E99C9264E96889,00505684390C1FE181E99C9264EA0889
WS_BGRFC_INBOUND000,082,SRTQC_00505684390C1FE181EACD0017346889,00505684390C1FE181EACD001734E889
WS_BGRFC_INBOUND000,082,SRTQC_00505684390C1FE181EE0EB402CDA889,00505684390C1FE181EE0EB402CE4889
WS_BGRFC_INBOUND000,082,SRTQC_00505684390C1FE18CCD92541DE2A896,00505684390C1FE18CCD92541DE30896
WS_BGRFC_INBOUND000,082,SRTQC_00505684390C1FE18EAD4229D2038896,00505684390C1FE18EAD4229D203E896
WS_BGRFC_INBOUND000,082,SRTQC_00505684390C1FE18EADC8DC04E14896,00505684390C1FE18EADC8DC04E1A896
WS_BGRFC_INBOUND000,082,SRTQC_00505684390C1FE18EADDA8F45F30896,00505684390C1FE18EADDA8F45F36896
WS_BGRFC_INBOUND000,082,SRTQC_00505684390C1FE18EADDB14987B6896,00505684390C1FE18EADDB14987BC896
WS_BGRFC_INBOUND000,082,SRTQC_00505684390C1FE18EAE0FD257EC4896,00505684390C1FE18EAE0FD257ECA896
WS_BGRFC_INBOUND000,082,SRTQC_00505684390C1FE192BC6B2A1F2E6899,00505684390C1FE192BC6B2A1F2EC899
WS_BGRFC_INBOUND000,082,SRTQC_00505684390C1FE192BC6FA978EE8899,00505684390C1FE192BC6FA978EEE899
WS_BGRFC_INBOUND000,082,SRTQC_00505684390C1FE192C313BB398F8899,00505684390C1FE192C313BB398FE899
WS_BGRFC_INBOUND000,082,SRTQP_00505684390C1EEFB8C61F2201C6C832,00505684390C1EEFB8C61F2201C70832
WS_BGRFC_INBOUND000,082,SRTQP_00505684390C1EEFB8C6EE2FB7134832,00505684390C1EEFB8C6EE2FB7138832
WS_BGRFC_INBOUND000,082,SRTQP_00505684390C1EEFB8C7FEE6A792A832,00505684390C1EEFB8C7FEE6A792E832
WS_BGRFC_INBOUND000,082,SRTQP_00505684390C1EEFB8C7FEF805134832,00505684390C1EEFB8C7FEF805138832
WS_BGRFC_INBOUND000,082,SRTQP_00505684390C1EEFB9F0920F04600832,00505684390C1EEFB9F0920F04604832
WS_BGRFC_INBOUND000,082,SRTQP_00505684390C1EEFBAC0408E45830832,00505684390C1EEFBAC0408E45834832
WS_BGRFC_INBOUND000,082,SRTQP_00505684390C1EEFBAC07A873D904832,00505684390C1EEFBAC07A873D908832
WS_BGRFC_INBOUND000,082,SRTQP_00505684390C1EEFBAC0C6D4F7388832,00505684390C1EEFBAC0C6D4F738C832
WS_BGRFC_INBOUND000,082,SRTQP_00505684390C1EEFBAC1511D19B2C832,00505684390C1EEFBAC1511D19B30832
WS_BGRFC_INBOUND000,082,SRTQP_00505684390C1EEFBBBF6067C29EA832,00505684390C1EEFBBBF6067C29EE832
WS_BGRFC_INBOUND000,082,SRTQP_00505684390C1EEFBBD2AC4F636A4832,00505684390C1EEFBBD2AC4F636A8832
WS_BGRFC_INBOUND000,082,SRTQP_00505684390C1EEFBBD83572E2664832,00505684390C1EEFBBD83572E2668832
WS_BGRFC_INBOUND000,082,SRTQP_00505684390C1EEFBBEC579CF63FC832,00505684390C1EEFBBEC579CF6400832
WS_BGRFC_INBOUND000,082,SRTQP_00505684390C1EEFBCD5CC348256C832,00505684390C1EEFBCD5CC3482570832
WS_BGRFC_INBOUND000,082,SRTQP_00505684390C1EEFBCE79BE1A4520832,00505684390C1EEFBCE79BE1A4524832
WS_BGRFC_INBOUND000,082,SRTQP_00505684390C1EEFBCE876575DE08832,00505684390C1EEFBCE876575DE0C832
WS_BGRFC_INBOUND000,082,SRTQP_00505684390C1FE080E218EA08864832,00505684390C1FE080E218EA08868832
WS_BGRFC_INBOUND000,082,SRTQP_00505684390C1FE080E23DF23D12C832,00505684390C1FE080E23DF23D130832
WS_BGRFC_INBOUND000,082,SRTQP_00505684390C1FE080FE67DEFDF08832,00505684390C1FE080FE67DEFDF0C832
WS_BGRFC_INBOUND000,082,SRTQP_00505684390C1FE080FEF990AFBAC832,00505684390C1FE080FEF990AFBB0832
WS_BGRFC_INBOUND000,082,SRTQP_00505684390C1FE080FF161BEF660832,00505684390C1FE080FF161BEF664832
WS_BGRFC_INBOUND000,082,SRTQP_00505684390C1FE080FF18950AD04832,00505684390C1FE080FF18950AD08832
WS_BGRFC_INBOUND000,082,SRTQP_00505684390C1FE080FF1AA15B174832,00505684390C1FE080FF1AA15B178832
WS_BGRFC_INBOUND000,082,SRTQP_00505684390C1FE0819296BD09648832,00505684390C1FE0819296BD0964C832
WS_BGRFC_INBOUND000,082,SRTQP_00505684390C1FE08192B446F39EA832,00505684390C1FE08192B446F39EE832
WS_BGRFC_INBOUND000,082,SRTQP_00505684390C1FE08193A7B798F08832,00505684390C1FE08193A7B798F0C832
WS_BGRFC_INBOUND000,082,SRTQP_00505684390C1FE08193A807DE198832,00505684390C1FE08193A807DE19C832
WS_BGRFC_INBOUND000,082,SRTQP_00505684390C1FE08194A11D31DD4832,00505684390C1FE08194A11D31DD8832
WS_BGRFC_INBOUND000,082,SRTQP_00505684390C1FE08195DF316A30C832,00505684390C1FE08195DF316A310832
WS_BGRFC_INBOUND000,082,SRTQP_00505684390C1FE08291708EFDE80832,00505684390C1FE08291708EFDE84832
WS_BGRFC_INBOUND000,082,SRTQP_00505684390C1FE082930724D1794832,00505684390C1FE082930724D1798832
WS_BGRFC_INBOUND000,082,SRTQP_00505684390C1FE082942EA1AEAB4832,00505684390C1FE082942EA1AEAB8832
WS_BGRFC_INBOUND000,082,SRTQP_00505684390C1FE08294430222212832,00505684390C1FE08294430222216832
WS_BGRFC_INBOUND000,082,SRTQP_00505684390C1FE082A7E04B2C6F8832,00505684390C1FE082A7E04B2C6FC832
WS_BGRFC_INBOUND000,082,SRTQP_00505684390C1FE082A83592244AC832,00505684390C1FE082A83592244B0832
WS_BGRFC_INBOUND000,082,SRTQP_00505684390C1FE082C5BECA916E4832,00505684390C1FE082C5BECA916E8832
WS_BGRFC_INBOUND000,082,SRTQP_00505684390C1FE082C6425CD9E98832,00505684390C1FE082C6425CD9E9C832
WS_BGRFC_INBOUND000,082,SRTQP_00505684390C1FE082C6AF8D26CA4832,00505684390C1FE082C6AF8D26CA8832
WS_BGRFC_INBOUND000,082,SRTQP_00505684390C1FE085D4BD1B68148832,00505684390C1FE085D4BD1B6814C832
WS_BGRFC_INBOUND000,082,SRTQP_00505684390C1FE086A46369C76CE832,00505684390C1FE086A46369C76D2832
WS_BGRFC_INBOUND000,082,SRTQP_00505684390C1FE086BE4181A489C832,00505684390C1FE086BE4181A48A0832
WS_BGRFC_INBOUND000,082,SRTQP_00505684390C1FE086D63620BA858832,00505684390C1FE086D63620BA85C832
WS_BGRFC_INBOUND000,082,SRTQP_00505684390C1FE086EE0581F8FE8832,00505684390C1FE086EE0581F8FEC832
WS_BGRFC_INBOUND000,082,SRTQP_00505684390C1FE086EE16914A2EC832,00505684390C1FE086EE16914A2F0832
WS_BGRFC_INBOUND000,082,SRTQP_00505684390C1FE086EFF9174D3C4832,00505684390C1FE086EFF9174D3C8832
WS_BGRFC_INBOUND000,082,SRTQP_00505684390C1FE086F0105F90B10832,00505684390C1FE086F0105F90B14832
WS_BGRFC_INBOUND000,082,SRTQP_00505684390C1FE086F031DA8C370832,00505684390C1FE086F031DA8C374832
WS_BGRFC_INBOUND000,082,SRTQP_00505684390C1FE087849FCCA4AC8832,00505684390C1FE087849FCCA4ACC832
WS_BGRFC_INBOUND000,082,SRTQP_00505684390C1FE087D0BAA503DCC832,00505684390C1FE087D0BAA503DD0832
WS_BGRFC_INBOUND000,082,SRTQP_00505684390C1FE087D0DB708DACC832,00505684390C1FE087D0DB708DAD0832
WS_BGRFC_INBOUND000,082,SRTQP_00505684390C1FE087EF0C46D3200832,00505684390C1FE087EF0C46D3204832
WS_BGRFC_INBOUND000,082,SRTQP_00505684390C1FE087EF38B1F1256832,00505684390C1FE087EF38B1F125A832
WS_BGRFC_INBOUND000,082,SRTQP_00505684390C1FE08BE36A1482CE8832,00505684390C1FE08BE36A1482CEC832
WS_BGRFC_INBOUND000,082,SRTQP_00505684390C1FE08BFCEC4E81B74832,00505684390C1FE08BFCEC4E81B78832
WS_BGRFC_INBOUND000,082,SRTQP_00505684390C1FE08BFD1C636AD1C832,00505684390C1FE08BFD1C636AD20832
WS_BGRFC_INBOUND000,082,SRTQP_00505684390C1FE08BFD574E52480832,00505684390C1FE08BFD574E52484832
WS_BGRFC_INBOUND000,082,SRTQP_00505684390C1FE08BFD660373860832,00505684390C1FE08BFD660373864832
WS_BGRFC_INBOUND000,082,SRTQP_00505684390C1FE08BFD8EC67E698832,00505684390C1FE08BFD8EC67E69C832
WS_BGRFC_INBOUND000,082,SRTQP_00505684390C1FE08BFE66CDCFE00832,00505684390C1FE08BFE66CDCFE04832
WS_BGRFC_INBOUND000,082,SRTQP_00505684390C1FE08C95ED6AEFDB4832,00505684390C1FE08C95ED6AEFDB8832
WS_BGRFC_INBOUND000,082,SRTQP_00505684390C1FE08C95F5B638994832,00505684390C1FE08C95F5B638998832
WS_BGRFC_INBOUND000,082,SRTQP_00505684390C1FE08C9625BB01B80832,00505684390C1FE08C9625BB01B84832
WS_BGRFC_INBOUND000,082,SRTQP_00505684390C1FE08CB198C8E14C2832,00505684390C1FE08CB198C8E14C6832
WS_BGRFC_INBOUND000,082,SRTQP_00505684390C1FE08CB1A714468C0832,00505684390C1FE08CB1A714468C4832
WS_BGRFC_INBOUND000,082,SRTQP_00505684390C1FE08D93A063007AC832,00505684390C1FE08D93A063007B0832
WS_BGRFC_INBOUND000,082,SRTQP_00505684390C1FE08D93F7A4C928C832,00505684390C1FE08D93F7A4C9290832
WS_BGRFC_INBOUND000,082,SRTQP_00505684390C1FE08D944EB6CAF76832,00505684390C1FE08D944EB6CAF7A832
WS_BGRFC_INBOUND000,082,SRTQP_00505684390C1FE08D9460B04E4E0832,00505684390C1FE08D9460B04E4E4832
WS_BGRFC_INBOUND000,082,SRTQP_00505684390C1FE08D946B983D918832,00505684390C1FE08D946B983D91C832
WS_BGRFC_INBOUND000,082,SRTQP_00505684390C1FE08D948A4900A98832,00505684390C1FE08D948A4900A9C832
WS_BGRFC_INBOUND000,082,SRTQP_00505684390C1FE08D94E92B6A3F8832,00505684390C1FE08D94E92B6A3FC832
WS_BGRFC_INBOUND000,082,SRTQP_00505684390C1FE08D94F48BC1A98832,00505684390C1FE08D94F48BC1A9C832
WS_BGRFC_INBOUND000,082,SRTQP_00505684390C1FE08D9507C70B5DC832,00505684390C1FE08D9507C70B5E0832
WS_BGRFC_INBOUND000,082,SRTQP_00505684390C1FE08D95827CDD2E8832,00505684390C1FE08D95827CDD2EC832
WS_BGRFC_INBOUND000,082,SRTQP_00505684390C1FE08D95C99BEA3F4832,00505684390C1FE08D95C99BEA3F8832
WS_BGRFC_INBOUND000,082,SRTQP_00505684390C1FE08DA7D8F909FB4832,00505684390C1FE08DA7D8F909FB8832
WS_BGRFC_INBOUND000,082,SRTQP_00505684390C1FE08DAC9B7170428832,00505684390C1FE08DAC9B717042C832
WS_BGRFC_INBOUND000,082,SRTQP_00505684390C1FE08DAD189B53C68832,00505684390C1FE08DAD189B53C6C832
WS_BGRFC_INBOUND000,082,SRTQP_00505684390C1FE08DD7D14BA357C832,00505684390C1FE08DD7D14BA3580832
WS_BGRFC_INBOUND000,082,SRTQP_00505684390C1FE08DD7D5368E318832,00505684390C1FE08DD7D5368E31C832
WS_BGRFC_INBOUND000,082,SRTQP_00505684390C1FE08DDD089FBF110832,00505684390C1FE08DDD089FBF114832
WS_BGRFC_INBOUND000,082,SRTQP_00505684390C1FE08DDDF6CC757D8832,00505684390C1FE08DDDF6CC757DC832
WS_BGRFC_INBOUND000,082,SRTQP_00505684390C1FE08DF7935DBB480832,00505684390C1FE08DF7935DBB484832
WS_BGRFC_INBOUND000,082,SRTQP_00505684390C1FE08EC62647A8FD0832,00505684390C1FE08EC62647A8FD4832
WS_BGRFC_INBOUND000,082,SRTQP_00505684390C1FE08EC664B7C28B4832,00505684390C1FE08EC664B7C28B8832
WS_BGRFC_INBOUND000,082,SRTQP_00505684390C1FE08EC7A83CCDD58832,00505684390C1FE08EC7A83CCDD5C832
WS_BGRFC_INBOUND000,082,SRTQP_00505684390C1FE08ED6B2694B790832,00505684390C1FE08ED6B2694B794832
WS_BGRFC_INBOUND000,082,SRTQP_00505684390C1FE08ED6C695B6208832,00505684390C1FE08ED6C695B620C832
WS_BGRFC_INBOUND000,082,SRTQP_00505684390C1FE08F8FA59F82314832,00505684390C1FE08F8FA59F82318832
WS_BGRFC_INBOUND000,082,SRTQP_00505684390C1FE092D06D59E49A8832,00505684390C1FE092D06D59E49AC832
WS_BGRFC_INBOUND000,082,SRTQP_00505684390C1FE093E8F30ECEBE8832,00505684390C1FE093E8F30ECEBEC832
WS_BGRFC_INBOUND000,082,SRTQP_00505684390C1FE093E8FEE10DF40832,00505684390C1FE093E8FEE10DF44832
WS_BGRFC_INBOUND000,082,SRTQP_00505684390C1FE093E90792197B4832,00505684390C1FE093E90792197B8832
WS_BGRFC_INBOUND000,082,SRTQP_00505684390C1FE093E90A833DB84832,00505684390C1FE093E90A833DB88832
WS_BGRFC_INBOUND000,082,SRTQP_00505684390C1FE093E911821203C832,00505684390C1FE093E9118212040832
WS_BGRFC_INBOUND000,082,SRTQP_00505684390C1FE096E31C012121C832,00505684390C1FE096E31C0121220832
WS_BGRFC_INBOUND000,082,SRTQP_00505684390C1FE09792411370298832,00505684390C1FE0979241137029C832
WS_BGRFC_INBOUND000,082,SRTQP_00505684390C1FE099C2FDC54753C832,00505684390C1FE099C2FDC547540832
WS_BGRFC_INBOUND000,082,SRTQP_00505684390C1FE0A0E74AA778D92849,00505684390C1FE0A0E74AA778D96849
WS_BGRFC_INBOUND000,082,SRTQP_00505684390C1FE0ABE825E215C1C865,00505684390C1FE0ABE825E215C20865
WS_BGRFC_INBOUND000,082,SRTQP_00505684390C1FE18B81F75B3A2BC894,00505684390C1FE18B81F75B3A2C0894
WS_BGRFC_INBOUND000,082,SRTQP_00505684390C1FE18B85096BF7BD0894,00505684390C1FE18B85096BF7BD4894
WS_BGRFC_INBOUND000,082,SRTQP_00505684390C1FE18B853F4DA0200894,00505684390C1FE18B853F4DA0204894
WS_BGRFC_INBOUND000,082,SRTQP_00505684390C1FE18B85CFCAE77A0894,00505684390C1FE18B85CFCAE77A4894
WS_BGRFC_INBOUND000,082,SRTQP_00505684390C1FE18B872F416A662894,00505684390C1FE18B872F416A666894
WS_BGRFC_INBOUND000,082,SRTQP_00505684390C1FE18B994CFA0FAB0894,00505684390C1FE18B994CFA0FAB4894
WS_BGRFC_INBOUND000,082,SRTQP_00505684390C1FE18B9CDFD7F28C4894,00505684390C1FE18B9CDFD7F28C8894
WS_BGRFC_INBOUND000,083,SRTQS_00505684390C1ED9BD99ED3EBBDDC0B3,00505684390C1ED9BD99ED5C23B4A0B3
WS_BGRFC_INBOUND000,083,SRTQS_00505684390C1ED9BD99ED3EBBDE60B3,00505684390C1ED9BD99ED5C23B4E0B3
WS_BGRFC_INBOUND000,083,SRTQS_00505684390C1ED9BD99ED5C23ADE0B3,00505684390C1ED9BD99ED5C23B520B3
WS_BGRFC_INBOUND000,083,SRTQS_00505684390C1ED9BD99ED5C23AE80B3,00505684390C1ED9BD99ED5C23B560B3
WS_BGRFC_INBOUND000,083,SRTQS_00505684390C1ED9BD99ED5C23AF20B3,00505684390C1ED9BD99ED5C23B5A0B3
WS_BGRFC_INBOUND000,083,SRTQS_00505684390C1ED9BD99ED5C23AFC0B3,00505684390C1ED9BD99ED5C23B5E0B3
WS_BGRFC_INBOUND000,083,SRTQS_00505684390C1ED9BD99ED5C23B060B3,00505684390C1ED9BD99ED5C23B620B3
WS_BGRFC_INBOUND000,083,SRTQS_00505684390C1ED9BD99ED5C23B100B3,00505684390C1ED9BD99ED5C23B660B3
WS_BGRFC_INBOUND000,083,SRTQS_00505684390C1ED9BD99ED5C23B1A0B3,00505684390C1ED9BD99ED5C23B6A0B3
WS_BGRFC_INBOUND000,083,SRTQS_00505684390C1ED9BD99ED5C23B240B3,00505684390C1ED9BD99ED5C23B6E0B3
WS_BGRFC_INBOUND000,083,SRTQS_00505684390C1ED9BD99ED5C23B2E0B3,00505684390C1ED9BD99ED5C23B720B3
WS_BGRFC_INBOUND000,083,SRTQS_00505684390C1ED9BD99ED5C23B380B3,00505684390C1ED9BD99ED5C23B760B3
WS_BGRFC_INBOUND000,083,SRTQS_00505684390C1ED9BD99ED5C23B420B3,00505684390C1ED9BD99ED5C23B7A0B3
WS_BGRFC_INBOUND000,083,SRTQS_00505684390C1ED9BD99ED76E1C9A0B3,00505684390C1ED9BD99ED76E1CA20B3
WS_BGRFC_INBOUND000,083,SRTQS_00505684390C1ED9BD99ED7B7B7060B3,00505684390C1ED9BD99ED7B7B7220B3
WS_BGRFC_INBOUND000,083,SRTQS_00505684390C1ED9BD99ED7B7B7100B3,00505684390C1ED9BD99ED7B7B7260B3
WS_BGRFC_INBOUND000,083,SRTQS_00505684390C1ED9BD99ED7B7B71A0B3,00505684390C1ED9BD99ED7B7B72A0B3
WS_BGRFC_INBOUND000,083,SRTQS_00505684390C1EDAB1FEA48F4F925595,00505684390C1EDAB1FEA48F4F92B595
WS_BGRFC_INBOUND000,083,SRTQS_00505684390C1EDAB38110211AE61990,00505684390C1EDAB38110211AE67990
WS_BGRFC_INBOUND000,083,SRTQS_00505684390C1EDB80E4273DCC0A3D0F,00505684390C1EDB80E4275C2F58DD0F
WS_BGRFC_INBOUND000,083,SRTQS_00505684390C1EDB80E42F1EE3A17D0F,00505684390C1EDB80E42F1EE3A1DD0F
WS_BGRFC_INBOUND000,083,SRTQS_00505684390C1EDB80E43202B179DD0F,00505684390C1EDB80E43202B17A3D0F
WS_BGRFC_INBOUND000,083,SRTQS_00505684390C1EDB80E43483286A3D0F,00505684390C1EDB80E43483286B5D0F
WS_BGRFC_INBOUND000,083,SRTQS_00505684390C1EDB89800165533F71C6,00505684390C1EDB89800165533FD1C6
WS_BGRFC_INBOUND000,083,SRTQS_00505684390C1EDB8AADC72FC3FAD7FA,00505684390C1EDB8AADC72FC3FC77FA
WS_BGRFC_INBOUND000,083,SRTQS_00505684390C1EDB98ADC8E23F3A44A4,00505684390C1EDB98ADC90E065A04A4
WS_BGRFC_INBOUND000,083,SRTQS_00505684390C1EDB98AF7E0BD32A24BA,00505684390C1EDB98AF7E0BD32B44BA
WS_BGRFC_INBOUND000,083,SRTQS_00505684390C1EDB98AFA7F2BE3D24BB,00505684390C1EDB98AFA7F2BE3D84BB
WS_BGRFC_INBOUND000,083,SRTQS_00505684390C1EDB98AFAA7025E224BB,00505684390C1EDB98AFAA7025E284BB
WS_BGRFC_INBOUND000,083,SRTQS_00505684390C1EDB98FA9E858A09E725,00505684390C1EDB98FA9E858A0A4725
WS_BGRFC_INBOUND000,083,SRTQS_00505684390C1EDB98FAAF23E0616727,00505684390C1EDB98FAAF23E061C727
WS_BGRFC_INBOUND000,083,SRTQS_00505684390C1EDB98FABC72F1B76727,00505684390C1EDB98FABC72F1B88727
WS_BGRFC_INBOUND000,083,SRTQS_00505684390C1EDB98FB02743161272A,00505684390C1EDB98FB02743161872A
WS_BGRFC_INBOUND000,083,SRTQS_00505684390C1EDB98FB0BFE6341272A,00505684390C1EDB98FB0BFE6341872A
WS_BGRFC_INBOUND000,083,SRTQS_00505684390C1EDB98FB11F48E5EE72A,00505684390C1EDB98FB11F48E60072A
WS_BGRFC_INBOUND000,083,SRTQS_00505684390C1EDB98FB240A3812672A,00505684390C1EDB98FB240A3812C72A
WS_BGRFC_INBOUND000,083,SRTQS_00505684390C1EDB98FB703E928DA72D,00505684390C1EDB98FB703E928EC72D
WS_BGRFC_INBOUND000,083,SRTQS_00505684390C1EDB98FCED5165E9E73A,00505684390C1EDB98FCED5165EB073A
WS_BGRFC_INBOUND000,083,SRTQS_00505684390C1EDB998B0CD2E708E7BC,00505684390C1EDB998B0CEDB49F07BC
WS_BGRFC_INBOUND000,083,SRTQS_00505684390C1EDB998B299C5BF827BD,00505684390C1EDB998B29B09351E7BD
WS_BGRFC_INBOUND000,083,SRTQS_00505684390C1EDB998B9FB0181D27BF,00505684390C1EDB998B9FB0181D87BF
WS_BGRFC_INBOUND000,083,SRTQS_00505684390C1EDB998BA3C5FA0DA7BF,00505684390C1EDB998BA3C5FA0E07BF
WS_BGRFC_INBOUND000,083,SRTQS_00505684390C1EDB998BA9BC59C7A7C0,00505684390C1EDB998BA9BC59C807C0
WS_BGRFC_INBOUND000,083,SRTQS_00505684390C1EDB998BB06EB7E927C0,00505684390C1EDB998BB06EB7E9A7C0
WS_BGRFC_INBOUND000,083,SRTQS_00505684390C1EDB99F8FAF12A8F0C2B,00505684390C1EDB99F8FAF12A8FAC2B
WS_BGRFC_INBOUND000,083,SRTQS_00505684390C1EDB99F90836012C8C2C,00505684390C1EDB99F90836012D2C2C
WS_BGRFC_INBOUND000,083,SRTQS_00505684390C1EDB99F9154FE4D2CC2E,00505684390C1EDB99F9154FE4D36C2E
WS_BGRFC_INBOUND000,083,SRTQS_00505684390C1EDB99F921E0F608EC2F,00505684390C1EDB99F921E0F6094C2F
WS_BGRFC_INBOUND000,083,SRTQS_00505684390C1EDB99FF85FD090D6C50,00505684390C1EDB99FF85FD090DCC50
WS_BGRFC_INBOUND000,083,SRTQS_00505684390C1EDBAAA4CB707CD9E066,00505684390C1EDBAAA4CB707CDA6066
WS_BGRFC_INBOUND000,083,SRTQS_00505684390C1EDBABF9DA0E9D7B81DE,00505684390C1EDBABF9DA0E9D7C01DE
WS_BGRFC_INBOUND000,083,SRTQS_00505684390C1EDBABF9DA34421D21DE,00505684390C1EDBABF9DA34421DA1DE
WS_BGRFC_INBOUND000,083,SRTQS_00505684390C1EDBABF9DA5BCBB341DE,00505684390C1EDBABF9DA5BCBB3C1DE
WS_BGRFC_INBOUND000,083,SRTQS_00505684390C1EDBABF9DA8DEFC501DE,00505684390C1EDBABF9DAA6824541DE
WS_BGRFC_INBOUND000,083,SRTQS_00505684390C1EDBABF9DACDFC4CA1DE,00505684390C1EDBABF9DACDFC4D21DE
WS_BGRFC_INBOUND000,083,SRTQS_00505684390C1EDBABF9DAF6AACB41DE,00505684390C1EDBABF9DAF6AACBC1DE
WS_BGRFC_INBOUND000,083,SRTQS_00505684390C1EDBABF9DB20CBE341DE,00505684390C1EDBABF9DB20CBE3C1DE
WS_BGRFC_INBOUND000,083,SRTQS_00505684390C1EDBABF9DB4225C401DE,00505684390C1EDBABF9DB4225C481DE
WS_BGRFC_INBOUND000,083,SRTQS_00505684390C1EDBABF9DB8B9255A1DE,00505684390C1EDBABF9DB8B925621DE
WS_BGRFC_INBOUND000,083,SRTQS_00505684390C1EDBABF9DBB2EFF5A1DE,00505684390C1EDBABF9DBB2EFF621DE
WS_BGRFC_INBOUND000,083,SRTQS_00505684390C1EDBABF9DC30C52021DE,00505684390C1EDBABF9DC30C520A1DE
WS_BGRFC_INBOUND000,083,SRTQS_00505684390C1EDBABF9DC504849E1DE,00505684390C1EDBABF9DC50484A61DE
WS_BGRFC_INBOUND000,083,SRTQS_00505684390C1EDBABF9DE13EB9581DE,00505684390C1EDBABF9DE13EB9601DE
WS_BGRFC_INBOUND000,083,SRTQS_00505684390C1EDBABF9DF931018C1DE,00505684390C1EDBABF9DF93101941DE
WS_BGRFC_INBOUND000,083,SRTQS_00505684390C1EDBAC9E5F984940A2F7,00505684390C1EDBAC9E5FB6A61DA2F7
WS_BGRFC_INBOUND000,083,SRTQS_00505684390C1EDBAC9E6021B7FF02F7,00505684390C1EDBAC9E603DBF3282F7
WS_BGRFC_INBOUND000,083,SRTQS_00505684390C1EDBAD927E6BB6CBA71E,00505684390C1EDBAD927EAA7CCE471E
WS_BGRFC_INBOUND000,083,SRTQS_00505684390C1EDBAD927F3E3845271E,00505684390C1EDBAD927F3E3845A71E
WS_BGRFC_INBOUND000,083,SRTQS_00505684390C1EDBAD927F89C6D6471E,00505684390C1EDBAD927F89C6D6C71E
WS_BGRFC_INBOUND000,083,SRTQS_00505684390C1EDBAD927FB012EDA71E,00505684390C1EDBAD927FB012EE271E
WS_BGRFC_INBOUND000,083,SRTQS_00505684390C1EDBAD927FD64969071E,00505684390C1EDBAD927FD64969871E
WS_BGRFC_INBOUND000,083,SRTQS_00505684390C1EDBAD927FFC651BC71E,00505684390C1EDBAD927FFC651C471E
WS_BGRFC_INBOUND000,083,SRTQS_00505684390C1EDBAD928022F958071E,00505684390C1EDBAD928022F958871E
WS_BGRFC_INBOUND000,083,SRTQS_00505684390C1EDBAD9280467142871E,00505684390C1EDBAD9280467143071E
WS_BGRFC_INBOUND000,083,SRTQS_00505684390C1EDBAD928047204FA71E,00505684390C1EDBAD9280472050071E
WS_BGRFC_INBOUND000,083,SRTQS_00505684390C1EDBAD92806CF7D9E71E,00505684390C1EDBAD92806CF7DA471E
WS_BGRFC_INBOUND000,083,SRTQS_00505684390C1EDBAD92806CF7E0271E,00505684390C1EDBAD92806CF7E0871E
WS_BGRFC_INBOUND000,083,SRTQS_00505684390C1EDBAD92806D8EBFA71E,00505684390C1EDBAD92806D8EC0271E
WS_BGRFC_INBOUND000,083,SRTQS_00505684390C1EDBAD928092BB21A71E,00505684390C1EDBAD928092BB22271E
WS_BGRFC_INBOUND000,083,SRTQS_00505684390C1EDBAD928093E899271E,00505684390C1EDBAD928093E899871E
WS_BGRFC_INBOUND000,083,SRTQS_00505684390C1EDBAD9280B9060C871E,00505684390C1EDBAD9280B9060D071E
WS_BGRFC_INBOUND000,083,SRTQS_00505684390C1EDBAD9280BA37DE471E,00505684390C1EDBAD9280BA37DEA71E
WS_BGRFC_INBOUND000,083,SRTQS_00505684390C1EDBAD9280DF07DE871E,00505684390C1EDBAD9280DF07DF071E
WS_BGRFC_INBOUND000,083,SRTQS_00505684390C1EDBAD9280DFF573E71E,00505684390C1EDBAD9280DFF574471E
WS_BGRFC_INBOUND000,083,SRTQS_00505684390C1EDBAD9281055C73E71E,00505684390C1EDBAD9281055C74671E
WS_BGRFC_INBOUND000,083,SRTQS_00505684390C1EDBAD928106DECBA71E,00505684390C1EDBAD928106DECC071E
WS_BGRFC_INBOUND000,083,SRTQS_00505684390C1EDBAD92812B52A4E71E,00505684390C1EDBAD92812B52A5671E
WS_BGRFC_INBOUND000,083,SRTQS_00505684390C1EDBAD92812B9200271E,00505684390C1EDBAD92812B9200871E
WS_BGRFC_INBOUND000,083,SRTQS_00505684390C1EDBAD928151AF61471E,00505684390C1EDBAD928151AF61A71E
WS_BGRFC_INBOUND000,083,SRTQS_00505684390C1EDBAD928151AF67671E,00505684390C1EDBAD9281793C12C71E
WS_BGRFC_INBOUND000,083,SRTQS_00505684390C1EDBAD9281526A88E71E,00505684390C1EDBAD9281526A89671E
WS_BGRFC_INBOUND000,083,SRTQS_00505684390C1EDBAD9281649491E71E,00505684390C1EDBAD9281649492471E
WS_BGRFC_INBOUND000,083,SRTQS_00505684390C1EDBAD9281649496671E,00505684390C1EDBAD9281649496C71E
WS_BGRFC_INBOUND000,083,SRTQS_00505684390C1EDBAD928177F0DF871E,00505684390C1EDBAD928177F0E0071E
WS_BGRFC_INBOUND000,083,SRTQS_00505684390C1EDBAD9281793C18871E,00505684390C1EDBAD9281793C18E71E
WS_BGRFC_INBOUND000,083,SRTQS_00505684390C1EDBAD92819EA2D1E71E,00505684390C1EDBAD92819EA2D2671E
WS_BGRFC_INBOUND000,083,SRTQS_00505684390C1EDBAD9281C41B5B071E,00505684390C1EDBAD9281C41B5B871E
WS_BGRFC_INBOUND000,083,SRTQS_00505684390C1EDBAD9281EA615D671E,00505684390C1EDBAD9281EA615DE71E
WS_BGRFC_INBOUND000,083,SRTQS_00505684390C1EDBAD928236E95A671E,00505684390C1EDBAD928236E95AE71E
WS_BGRFC_INBOUND000,083,SRTQS_00505684390C1EDBAD92825DA201271E,00505684390C1EDBAD92825DA201A71E
WS_BGRFC_INBOUND000,083,SRTQS_00505684390C1EDBAD928282DE2AA71E,00505684390C1EDBAD928282DE2B271E
WS_BGRFC_INBOUND000,083,SRTQS_00505684390C1EDBAD9282CF879B071E,00505684390C1EDBAD9282CF879B871E
WS_BGRFC_INBOUND000,083,SRTQS_00505684390C1EDBAD9282F62CA4A71E,00505684390C1EDBAD9282F62CA5271E
WS_BGRFC_INBOUND000,083,SRTQS_00505684390C1EDBAD92831BB7A5671E,00505684390C1EDBAD92831BB7A5E71E
WS_BGRFC_INBOUND000,083,SRTQS_00505684390C1EDBAD928367A9C4671F,00505684390C1EDBAD928367A9C4E71F
WS_BGRFC_INBOUND000,083,SRTQS_00505684390C1EDBAD928391419D671F,00505684390C1EDBAD928391419DE71F
WS_BGRFC_INBOUND000,083,SRTQS_00505684390C1EDBAD9283B435F9471F,00505684390C1EDBAD9283B435F9C71F
WS_BGRFC_INBOUND000,083,SRTQS_00505684390C1EDBAD9283DD167EE71F,00505684390C1EDBAD9283DD167F671F
WS_BGRFC_INBOUND000,083,SRTQS_00505684390C1EDBAD928401A628871F,00505684390C1EDBAD928401A629071F
WS_BGRFC_INBOUND000,083,SRTQS_00505684390C1EDBAD928401A62F471F,00505684390C1EDBAD928401A62FC71F
WS_BGRFC_INBOUND000,083,SRTQS_00505684390C1EDBAD928426D58E071F,00505684390C1EDBAD928426D58E871F
WS_BGRFC_INBOUND000,083,SRTQS_00505684390C1EDBAD92844CE56BE71F,00505684390C1EDBAD92844CE56C671F
WS_BGRFC_INBOUND000,083,SRTQS_00505684390C1EDBAD92844CE572A71F,00505684390C1EDBAD92844CE573271F
WS_BGRFC_INBOUND000,083,SRTQS_00505684390C1EDBAD9284731EF6671F,00505684390C1EDBAD9284731EF6E71F
WS_BGRFC_INBOUND000,083,SRTQS_00505684390C1EDBAD9284731EFD271F,00505684390C1EDBAD9284731EFDA71F
WS_BGRFC_INBOUND000,083,SRTQS_00505684390C1EDBAD92849A0A40A71F,00505684390C1EDBAD92849A0A41271F
WS_BGRFC_INBOUND000,083,SRTQS_00505684390C1EDBAD9284BFB22B071F,00505684390C1EDBAD9284BFB22B871F
WS_BGRFC_INBOUND000,083,SRTQS_00505684390C1EDBAD9284E5323FA71F,00505684390C1EDBAD9284E53240271F
WS_BGRFC_INBOUND000,083,SRTQS_00505684390C1EDBAD9284E53247471F,00505684390C1EDBAD9284E53247C71F
WS_BGRFC_INBOUND000,083,SRTQS_00505684390C1EDBAD92850E2985C71F,00505684390C1EDBAD92850E2986471F
WS_BGRFC_INBOUND000,083,SRTQS_00505684390C1EDBAD9285317CA6471F,00505684390C1EDBAD9285317CA6C71F
WS_BGRFC_INBOUND000,083,SRTQS_00505684390C1EDBAD928562714FC71F,00505684390C1EDBAD9285627150471F
WS_BGRFC_INBOUND000,083,SRTQS_00505684390C1EDBAD9285811A0BA71F,00505684390C1EDBAD9285A4003F071F
WS_BGRFC_INBOUND000,083,SRTQS_00505684390C1EDBAD9285CC8F0F271F,00505684390C1EDBAD9285CC8F0FA71F
WS_BGRFC_INBOUND000,083,SRTQS_00505684390C1EDBAD9285F00B48A71F,00505684390C1EDBAD9285F00B49271F
WS_BGRFC_INBOUND000,083,SRTQS_00505684390C1EDBAD9285F00B4FE71F,00505684390C1EDBAD9285F00B50671F
WS_BGRFC_INBOUND000,083,SRTQS_00505684390C1EDBAD92863CA74CA71F,00505684390C1EDBAD92863CA74D271F
WS_BGRFC_INBOUND000,083,SRTQS_00505684390C1EDBAD9286632D3E271F,00505684390C1EDBAD9286632D3EA71F
WS_BGRFC_INBOUND000,083,SRTQS_00505684390C1EDBAD928688A457471F,00505684390C1EDBAD928688A457C71F
WS_BGRFC_INBOUND000,083,SRTQS_00505684390C1EDBAD9286AF7550671F,00505684390C1EDBAD9286AF7550E71F
WS_BGRFC_INBOUND000,083,SRTQS_00505684390C1EDBAD9286D70847E71F,00505684390C1EDBAD9286D70848671F
WS_BGRFC_INBOUND000,083,SRTQS_00505684390C1EDBAD9286FB1263C71F,00505684390C1EDBAD9286FB1264471F
WS_BGRFC_INBOUND000,083,SRTQS_00505684390C1EDBAD9287212E72E71F,00505684390C1EDBAD9287212E73671F
WS_BGRFC_INBOUND000,083,SRTQS_00505684390C1EDBAD928747AADFA71F,00505684390C1EDBAD928747AAE0271F
WS_BGRFC_INBOUND000,083,SRTQS_00505684390C1EDBAD9299AE9D44071F,00505684390C1EDBAD9299AE9D44871F
WS_BGRFC_INBOUND000,083,SRTQS_00505684390C1EDBAD9299D6F3D8671F,00505684390C1EDBAD9299D6F3D8E71F
WS_BGRFC_INBOUND000,083,SRTQS_00505684390C1EDBAD9299FD855C671F,00505684390C1EDBAD9299FD855CE71F
WS_BGRFC_INBOUND000,083,SRTQS_00505684390C1EDBAD929A21B822471F,00505684390C1EDBAD929A21B822C71F
WS_BGRFC_INBOUND000,083,SRTQS_00505684390C1EDBAD929A485B9CA71F,00505684390C1EDBAD929A485B9D271F
WS_BGRFC_INBOUND000,083,SRTQS_00505684390C1EDBAD929A6DF2F3C71F,00505684390C1EDBAD929A6DF2F4471F
WS_BGRFC_INBOUND000,083,SRTQS_00505684390C1EDBAD929A949205671F,00505684390C1EDBAD929A949205E71F
WS_BGRFC_INBOUND000,083,SRTQS_00505684390C1EDBAD929ABA6BA8E71F,00505684390C1EDBAD929ABA6BA9671F
WS_BGRFC_INBOUND000,083,SRTQS_00505684390C1EDBAD929AE44587271F,00505684390C1EDBAD929AE44587A71F
WS_BGRFC_INBOUND000,083,SRTQS_00505684390C1EDBAD929B0D273EA71F,00505684390C1EDBAD929B0D273F271F
WS_BGRFC_INBOUND000,083,SRTQS_00505684390C1EDBAD929B35D03E671F,00505684390C1EDBAD929B35D03EE71F
WS_BGRFC_INBOUND000,083,SRTQS_00505684390C1EDBAD929B790B46271F,00505684390C1EDBAD929B790B46A71F
WS_BGRFC_INBOUND000,083,SRTQS_00505684390C1EDBAD929BC857FA871F,00505684390C1EDBAD929BC857FB071F
WS_BGRFC_INBOUND000,083,SRTQS_00505684390C1EDBAD929BF3BF29E71F,00505684390C1EDBAD929BF3BF2A671F
WS_BGRFC_INBOUND000,083,SRTQS_00505684390C1EDBAD929C3CD07DA71F,00505684390C1EDBAD929C3CD07E271F
WS_BGRFC_INBOUND000,083,SRTQS_00505684390C1EDBAD929C83D405E71F,00505684390C1EDBAD929C83D406671F
WS_BGRFC_INBOUND000,083,SRTQS_00505684390C1EDBAD929CAA7351271F,00505684390C1EDBAD929CAA7351A71F
WS_BGRFC_INBOUND000,083,SRTQS_00505684390C1EDBAD929CDEBF27A71F,00505684390C1EDBAD929CDEBF28271F
WS_BGRFC_INBOUND000,083,SRTQS_00505684390C1EDBAD929D423071C71F,00505684390C1EDBAD929D423072471F
WS_BGRFC_INBOUND000,083,SRTQS_00505684390C1EDBAD929D697D01271F,00505684390C1EDBAD929D697D01A71F
WS_BGRFC_INBOUND000,083,SRTQS_00505684390C1EDBAD929D9C159FC71F,00505684390C1EDBAD929D9C15A0471F
WS_BGRFC_INBOUND000,083,SRTQS_00505684390C1EDBAD929DDC7DF8671F,00505684390C1EDBAD929E01146F071F
WS_BGRFC_INBOUND000,083,SRTQS_00505684390C1EDBAD929E011474271F,00505684390C1EDBAD929E011474A71F
WS_BGRFC_INBOUND000,083,SRTQS_00505684390C1EDBAD929E280CF1A71F,00505684390C1EDBAD929E280CF2271F
WS_BGRFC_INBOUND000,083,SRTQS_00505684390C1EDBAD929E4D1D06671F,00505684390C1EDBAD929E4D1D06E71F
WS_BGRFC_INBOUND000,083,SRTQS_00505684390C1EDBAD929E4D1D0CC71F,00505684390C1EDBAD929E4D1D0D471F
WS_BGRFC_INBOUND000,083,SRTQS_00505684390C1EDBAD929E73438AE71F,00505684390C1EDBAD929E73438B671F
WS_BGRFC_INBOUND000,083,SRTQS_00505684390C1EDBAD929E734391471F,00505684390C1EDBAD929E734391C71F
WS_BGRFC_INBOUND000,083,SRTQS_00505684390C1EDBAD929E99E57D871F,00505684390C1EDBAD929E99E57E071F
WS_BGRFC_INBOUND000,083,SRTQS_00505684390C1EDBAD929E99E583E71F,00505684390C1EDBAD929E99E584671F
WS_BGRFC_INBOUND000,083,SRTQS_00505684390C1EDBAD929EBFF555471F,00505684390C1EDBAD929EBFF555C71F
WS_BGRFC_INBOUND000,083,SRTQS_00505684390C1EDBAD929EBFF55BA71F,00505684390C1EDBAD929EBFF55C271F
WS_BGRFC_INBOUND000,083,SRTQS_00505684390C1EDBAD929EE5CC75271F,00505684390C1EDBAD929EE5CC75A71F
WS_BGRFC_INBOUND000,083,SRTQS_00505684390C1EDBAD929F0C8149A71F,00505684390C1EDBAD929F0C814A271F
WS_BGRFC_INBOUND000,083,SRTQS_00505684390C1EDBAD929F0C8152271F,00505684390C1EDBAD929F0C8152A71F
WS_BGRFC_INBOUND000,083,SRTQS_00505684390C1EDBAD929F32170BE71F,00505684390C1EDBAD929F32170C671F
WS_BGRFC_INBOUND000,083,SRTQS_00505684390C1EDBAD929F321713471F,00505684390C1EDBAD929F321713C71F
WS_BGRFC_INBOUND000,083,SRTQS_00505684390C1EDBAD929F586D53271F,00505684390C1EDBAD929F586D53A71F
WS_BGRFC_INBOUND000,083,SRTQS_00505684390C1EDBAD929F7E5006871F,00505684390C1EDBAD929F7E5007071F
WS_BGRFC_INBOUND000,083,SRTQS_00505684390C1EDBAD929FCB1C3CE71F,00505684390C1EDBAD929FCB1C3D671F
WS_BGRFC_INBOUND000,083,SRTQS_00505684390C1EDBAD92A08990A1A71F,00505684390C1EDBAD92A08990A2271F
WS_BGRFC_INBOUND000,083,SRTQS_00505684390C1EDBAD92A1489CEA471F,00505684390C1EDBAD92A1489CEAC71F
WS_BGRFC_INBOUND000,083,SRTQS_00505684390C1EDBAD92A1489CF1C71F,00505684390C1EDBAD92A1489CF2471F
WS_BGRFC_INBOUND000,083,SRTQS_00505684390C1EDBAD92A1707F29271F,00505684390C1EDBAD92A1707F29A71F
WS_BGRFC_INBOUND000,083,SRTQS_00505684390C1EDBAD92A1947116C71F,00505684390C1EDBAD92A1947117471F
WS_BGRFC_INBOUND000,083,SRTQS_00505684390C1EDBAD92A197034B271F,00505684390C1EDBAD92A197034BA71F
WS_BGRFC_INBOUND000,083,SRTQS_00505684390C1EDBAD92A1C0C022A71F,00505684390C1EDBAD92A1C0C023271F
WS_BGRFC_INBOUND000,083,SRTQS_00505684390C1EDBAD92A27BCE72071F,00505684390C1EDBAD92A27BCE72871F
WS_BGRFC_INBOUND000,083,SRTQS_00505684390C1EDBAD92A3FE0CA3E71F,00505684390C1EDBAD92A3FE0CA4671F
WS_BGRFC_INBOUND000,083,SRTQS_00505684390C1EDBAD92A490023EE71F,00505684390C1EDBAD92A490023F671F
WS_BGRFC_INBOUND000,083,SRTQS_00505684390C1EDBAD92A4DB91CBC71F,00505684390C1EDBAD92A4DB91CC471F
WS_BGRFC_INBOUND000,083,SRTQS_00505684390C1EDBAD92A621AFB8871F,00505684390C1EDBAD92A621AFB9071F
WS_BGRFC_INBOUND000,083,SRTQS_00505684390C1EDBAD92A659BDAE071F,00505684390C1EDBAD92A659BDAE871F
WS_BGRFC_INBOUND000,083,SRTQS_00505684390C1EDBAD92A6CDE54E071F,00505684390C1EDBAD92A6CDE54E871F
WS_BGRFC_INBOUND000,083,SRTQS_00505684390C1EDBAD92A73FF546C71F,00505684390C1EDBAD92A73FF547471F
WS_BGRFC_INBOUND000,083,SRTQS_00505684390C1EDBAD92A7664981471F,00505684390C1EDBAD92A7664981C71F
WS_BGRFC_INBOUND000,083,SRTQS_00505684390C1EDBAD92A78BD83EE71F,00505684390C1EDBAD92A78BD83F671F
WS_BGRFC_INBOUND000,083,SRTQS_00505684390C1EDBAD92A78BD844871F,00505684390C1EDBAD92A78BD845071F
WS_BGRFC_INBOUND000,083,SRTQS_00505684390C1EDBAD92A7B16EA4871F,00505684390C1EDBAD92A7B16EA5071F
WS_BGRFC_INBOUND000,083,SRTQS_00505684390C1EDBAD92A7D6829EC71F,00505684390C1EDBAD92A7D6829F471F
WS_BGRFC_INBOUND000,083,SRTQS_00505684390C1EDBAD92A7FDC6E9671F,00505684390C1EDBAD92A7FDC6E9E71F
WS_BGRFC_INBOUND000,083,SRTQS_00505684390C1EDBAD92A7FDC6EE071F,00505684390C1EDBAD92A7FDC6EE871F
WS_BGRFC_INBOUND000,083,SRTQS_00505684390C1EDBAD92A87141C1E71F,00505684390C1EDBAD92A87141C2671F
WS_BGRFC_INBOUND000,083,SRTQS_00505684390C1EDBAD92CC47C14CE71F,00505684390C1EDBAD92CC47C14D471F
WS_BGRFC_INBOUND000,083,SRTQS_00505684390C1EDBAD92CE108C82671F,00505684390C1EDBAD92CE108C82C71F
WS_BGRFC_INBOUND000,083,SRTQS_00505684390C1EDBAD92CE108C86C71F,00505684390C1EDBAD92CE108C87271F
WS_BGRFC_INBOUND000,083,SRTQS_00505684390C1EDBAD92CE37A31AE71F,00505684390C1EDBAD92CE37A31B471F
WS_BGRFC_INBOUND000,083,SRTQS_00505684390C1EDBAD92CE5C9FDA871F,00505684390C1EDBAD92CE5C9FDAE71F
WS_BGRFC_INBOUND000,083,SRTQS_00505684390C1EDBAD92CE81C1FAA71F,00505684390C1EDBAD92CE81C1FB071F
WS_BGRFC_INBOUND000,083,SRTQS_00505684390C1EDBAD92CEAACE3FE71F,00505684390C1EDBAD92CEAACE40471F
WS_BGRFC_INBOUND000,083,SRTQS_00505684390C1EDBAD92CEBF892E471F,00505684390C1EDBAD92CEBF892EA71F
WS_BGRFC_INBOUND000,083,SRTQS_00505684390C1EDBAD92CEBF8933071F,00505684390C1EDBAD92CEBF8933671F
WS_BGRFC_INBOUND000,083,SRTQS_00505684390C1EDBAD92CECEE0AEE71F,00505684390C1EDBAD92CECEE0AF471F
WS_BGRFC_INBOUND000,083,SRTQS_00505684390C1EDBAD92CEF494BAA71F,00505684390C1EDBAD92CEF494BB071F
WS_BGRFC_INBOUND000,083,SRTQS_00505684390C1EDBAD92CF1A44B2271F,00505684390C1EDBAD92CF1A44B2871F
WS_BGRFC_INBOUND000,083,SRTQS_00505684390C1EDBAD92CF43AAFE671F,00505684390C1EDBAD92CF43AAFEC71F
WS_BGRFC_INBOUND000,083,SRTQS_00505684390C1EDBAD92CF667D36A71F,00505684390C1EDBAD92CF667D37071F
WS_BGRFC_INBOUND000,083,SRTQS_00505684390C1EDBAD92D5F99961671F,00505684390C1EDBAD92D5F99961E71F
WS_BGRFC_INBOUND000,083,SRTQS_00505684390C1EDBAD92D61BDC80E71F,00505684390C1EDBAD92D61BDC81671F
WS_BGRFC_INBOUND000,083,SRTQS_00505684390C1EDBAD92D6418F02E71F,00505684390C1EDBAD92D6418F03671F
WS_BGRFC_INBOUND000,083,SRTQS_00505684390C1EDBAD92D668F3ABC71F,00505684390C1EDBAD92D668F3AC471F
WS_BGRFC_INBOUND000,083,SRTQS_00505684390C1EDBAD92D690D19F871F,00505684390C1EDBAD92D690D1A0071F
WS_BGRFC_INBOUND000,083,SRTQS_00505684390C1EDBAD92D6B78FD1071F,00505684390C1EDBAD92D6B78FD1871F
WS_BGRFC_INBOUND000,083,SRTQS_00505684390C1EDBAD92D6DDC5C6471F,00505684390C1EDBAD92D6DDC5C6C71F
WS_BGRFC_INBOUND000,083,SRTQS_00505684390C1EDBAD92D7047559471F,00505684390C1EDBAD92D7047559C71F
WS_BGRFC_INBOUND000,083,SRTQS_00505684390C1EDBAD92D72B66C2071F,00505684390C1EDBAD92D72B66C2871F
WS_BGRFC_INBOUND000,083,SRTQS_00505684390C1EDBAD92D7519825471F,00505684390C1EDBAD92D7519825C71F
WS_BGRFC_INBOUND000,083,SRTQS_00505684390C1EDBAD92D7779D1E871F,00505684390C1EDBAD92D7779D1F071F
WS_BGRFC_INBOUND000,083,SRTQS_00505684390C1EDBAD92D79D0B86C71F,00505684390C1EDBAD92D79D0B87471F
WS_BGRFC_INBOUND000,083,SRTQS_00505684390C1EDBAD92D7C23E5A871F,00505684390C1EDBAD92D7C23E5B071F
WS_BGRFC_INBOUND000,083,SRTQS_00505684390C1EDBAD92D7E82CBE871F,00505684390C1EDBAD92D7E82CBF071F
WS_BGRFC_INBOUND000,083,SRTQS_00505684390C1EDBAD92D80EBE2C071F,00505684390C1EDBAD92D80EBE2C871F
WS_BGRFC_INBOUND000,083,SRTQS_00505684390C1EDBAD92D834E11F071F,00505684390C1EDBAD92D834E11F871F
WS_BGRFC_INBOUND000,083,SRTQS_00505684390C1EDBAD92D85A4446071F,00505684390C1EDBAD92D85A4446871F
WS_BGRFC_INBOUND000,083,SRTQS_00505684390C1EDBAD92D87EAC0E871F,00505684390C1EDBAD92D8A395D5471F
WS_BGRFC_INBOUND000,083,SRTQS_00505684390C1EDBAD92D8CAB3FE671F,00505684390C1EDBAD92D8CAB3FEE71F
WS_BGRFC_INBOUND000,083,SRTQS_00505684390C1EDBAD92D8F5AF03A71F,00505684390C1EDBAD92D8F5AF04271F
WS_BGRFC_INBOUND000,083,SRTQS_00505684390C1EDBAD92D93C367CE71F,00505684390C1EDBAD92D93C367D671F
WS_BGRFC_INBOUND000,083,SRTQS_00505684390C1EDBAD92EF36E750A71F,00505684390C1EDBAD92EF36E751071F
WS_BGRFC_INBOUND000,083,SRTQS_00505684390C1EDBAD92EF5E78FC271F,00505684390C1EDBAD92EF5E78FC871F
WS_BGRFC_INBOUND000,083,SRTQS_00505684390C1EDBAD944A8F9D3F0724,00505684390C1EDBAD944A8F9D3F8724
WS_BGRFC_INBOUND000,083,SRTQS_00505684390C1EDBAD944BE6CF868724,00505684390C1EDBAD944BE6CF870724
WS_BGRFC_INBOUND000,083,SRTQS_00505684390C1EDBADA734C54308E74D,00505684390C1EDBADA734C54309674D
WS_BGRFC_INBOUND000,083,SRTQS_00505684390C1EDBADA7366A8D5A274D,00505684390C1EDBADA7366A8D5AA74D
WS_BGRFC_INBOUND000,083,SRTQS_00505684390C1EDBADAC366228422785,00505684390C1EDBADAC36622842C785
WS_BGRFC_INBOUND000,083,SRTQS_00505684390C1EDBADAC36B9AC682785,00505684390C1EDBADAC36B9AC68A785
WS_BGRFC_INBOUND000,083,SRTQS_00505684390C1EDBADACE9E68D8D278A,00505684390C1EDBADACEA133069078A
WS_BGRFC_INBOUND000,083,SRTQS_00505684390C1EDBADAD074F7066278B,00505684390C1EDBADAD074F7066E78B
WS_BGRFC_INBOUND000,083,SRTQS_00505684390C1EDBADC4534EEEF627CD,00505684390C1EDBADC4534EEEF6C7CD
WS_BGRFC_INBOUND000,083,SRTQS_00505684390C1EDBADC4538B1D8B47CD,00505684390C1EDBADC4538B1D8BC7CD
WS_BGRFC_INBOUND000,083,SRTQS_00505684390C1EDBADFC66DAC87AC9EC,00505684390C1EDBADFC66DAC87B49EC
WS_BGRFC_INBOUND000,083,SRTQS_00505684390C1EDBADFC6BCF9E81E9EC,00505684390C1EDBADFC6BCF9E8269EC
WS_BGRFC_INBOUND000,083,SRTQS_00505684390C1EDBADFC6E99B5E109EC,00505684390C1EDBADFC6E99B5E189EC
WS_BGRFC_INBOUND000,083,SRTQS_00505684390C1EDBAEC2E169C6BEEAE9,00505684390C1EDBAEC2E169C6BF8AE9
WS_BGRFC_INBOUND000,083,SRTQS_00505684390C1EDBAEC2E1B59A802AE9,00505684390C1EDBAEC2E1B59A80AAE9
WS_BGRFC_INBOUND000,083,SRTQS_00505684390C1EDBB18BB66380FAEFAB,00505684390C1EDBB18BB66380FB6FAB
WS_BGRFC_INBOUND000,083,SRTQS_00505684390C1EDBB18BB666655FEFAB,00505684390C1EDBB18BB66665606FAB
WS_BGRFC_INBOUND000,083,SRTQS_00505684390C1EDBB18BB865DA674FAB,00505684390C1EDBB18BB865DA67CFAB
WS_BGRFC_INBOUND000,083,SRTQS_00505684390C1EDBB18BBC330A0B6FAB,00505684390C1EDBB18BBC330A0BEFAB
WS_BGRFC_INBOUND000,083,SRTQS_00505684390C1EDBB18BBD3F5A8EAFAB,00505684390C1EDBB18BBD3F5A8F2FAB
WS_BGRFC_INBOUND000,083,SRTQS_00505684390C1EDBB18BC87E5CC9EFAB,00505684390C1EDBB18BC87E5CCA6FAB
WS_BGRFC_INBOUND000,083,SRTQS_00505684390C1EDBB18BCFF0D990AFAB,00505684390C1EDBB18BCFF0D9912FAB
WS_BGRFC_INBOUND000,083,SRTQS_00505684390C1EDBB18BD508FFB66FAB,00505684390C1EDBB18BD508FFB6EFAB
WS_BGRFC_INBOUND000,083,SRTQS_00505684390C1EDBB18C3D2A9830EFAF,00505684390C1EDBB18C3D2A98316FAF
WS_BGRFC_INBOUND000,083,SRTQS_00505684390C1EDBB2C79C99798C5158,00505684390C1EDBB2C79CC097509158
WS_BGRFC_INBOUND000,083,SRTQS_00505684390C1EDBB2C79CC09754F158,00505684390C1EDBB2C79CC097555158
WS_BGRFC_INBOUND000,083,SRTQS_00505684390C1EDBB2C7DA2653559158,00505684390C1EDBB2C7DA2653561158
WS_BGRFC_INBOUND000,083,SRTQS_00505684390C1EDBB2C7DA49EF25F158,00505684390C1EDBB2C7DA49EF267158
WS_BGRFC_INBOUND000,083,SRTQS_00505684390C1EDBB2C7DA71747CD158,00505684390C1EDBB2C7DA71747D5158
WS_BGRFC_INBOUND000,083,SRTQS_00505684390C1EDBB2C7DABC2ADD9158,00505684390C1EDBB2C7DABC2ADE1158
WS_BGRFC_INBOUND000,083,SRTQS_00505684390C1EDBB2C7DB0B545B3158,00505684390C1EDBB2C7DB0B545BB158
WS_BGRFC_INBOUND000,083,SRTQS_00505684390C1EDBB2C7DB352BC4D158,00505684390C1EDBB2C7DB352BC55158
WS_BGRFC_INBOUND000,083,SRTQS_00505684390C1EDBB2C7DB592DE65158,00505684390C1EDBB2C7DB592DE6D158
WS_BGRFC_INBOUND000,083,SRTQS_00505684390C1EDBB2C7DBA10D033158,00505684390C1EDBB2C7DBA10D03B158
WS_BGRFC_INBOUND000,083,SRTQS_00505684390C1EDBB2C7DBC756149158,00505684390C1EDBB2C7DBC756151158
WS_BGRFC_INBOUND000,083,SRTQS_00505684390C1EDBB2C7DBEDCFF1D158,00505684390C1EDBB2C7DBEDCFF25158
WS_BGRFC_INBOUND000,083,SRTQS_00505684390C1EDBB2C7DC3C8F883158,00505684390C1EDBB2C7DC3C8F88B158
WS_BGRFC_INBOUND000,083,SRTQS_00505684390C1EDBB2C7DC61CA535158,00505684390C1EDBB2C7DC61CA53D158
WS_BGRFC_INBOUND000,083,SRTQS_00505684390C1EDBB2C7DCB1B1BCF158,00505684390C1EDBB2C7DCB1B1BD7158
WS_BGRFC_INBOUND000,083,SRTQS_00505684390C1EDBB2C7DCD676B1D158,00505684390C1EDBB2C7DCD676B25158
WS_BGRFC_INBOUND000,083,SRTQS_00505684390C1EDBB2C7DD09CB8E7158,00505684390C1EDBB2C7DD09CB8EF158
WS_BGRFC_INBOUND000,083,SRTQS_00505684390C1EDBB2C7DD47CB38F158,00505684390C1EDBB2C7DD47CB397158
WS_BGRFC_INBOUND000,083,SRTQS_00505684390C1EDBB2C7DD6CEF6B3158,00505684390C1EDBB2C7DD6CEF6BB158
WS_BGRFC_INBOUND000,083,SRTQS_00505684390C1EDBB2C7DD93E153B158,00505684390C1EDBB2C7DD93E1543158
WS_BGRFC_INBOUND000,083,SRTQS_00505684390C1EDBB2C7DE2A71D57158,00505684390C1EDBB2C7DE2A71D5F158
WS_BGRFC_INBOUND000,083,SRTQS_00505684390C1EDBB2C7DE4FB2F95158,00505684390C1EDBB2C7DE4FB2F9D158
WS_BGRFC_INBOUND000,083,SRTQS_00505684390C1EDBB2C7DE768897B158,00505684390C1EDBB2C7DE7688983158
WS_BGRFC_INBOUND000,083,SRTQS_00505684390C1EDBB2C7DEC40E539158,00505684390C1EDBB2C7DEC40E541158
WS_BGRFC_INBOUND000,083,SRTQS_00505684390C1EDBB2C7DF11ABB8B158,00505684390C1EDBB2C7DF11ABB93158
WS_BGRFC_INBOUND000,083,SRTQS_00505684390C1EDBB2C7DF34BA567158,00505684390C1EDBB2C7DF34BA56F158
WS_BGRFC_INBOUND000,083,SRTQS_00505684390C1EDBB2C7DF5BBFD4B158,00505684390C1EDBB2C7DF5BBFD53158
WS_BGRFC_INBOUND000,083,SRTQS_00505684390C1EDBB2C7DF84EE6FF158,00505684390C1EDBB2C7DF84EE707158
WS_BGRFC_INBOUND000,083,SRTQS_00505684390C1EDBB2C7DFAA1BF21158,00505684390C1EDBB2C7DFAA1BF29158
WS_BGRFC_INBOUND000,083,SRTQS_00505684390C1EDBB2C7DFCDC5F4D158,00505684390C1EDBB2C7DFCDC5F55158
WS_BGRFC_INBOUND000,083,SRTQS_00505684390C1EDBB2C7DFF6A1ED5158,00505684390C1EDBB2C7DFF6A1EDD158
WS_BGRFC_INBOUND000,083,SRTQS_00505684390C1EDBB2C7E01CCA689158,00505684390C1EDBB2C7E01CCA691158
WS_BGRFC_INBOUND000,083,SRTQS_00505684390C1EDBB2C7E044899A9158,00505684390C1EDBB2C7E044899B1158
WS_BGRFC_INBOUND000,083,SRTQS_00505684390C1EDBB2C7E06AC7175158,00505684390C1EDBB2C7E06AC717D158
WS_BGRFC_INBOUND000,083,SRTQS_00505684390C1EDBB2C7E091D27B5158,00505684390C1EDBB2C7E091D27BD158
WS_BGRFC_INBOUND000,083,SRTQS_00505684390C1EDBB2C7E0B297CAD158,00505684390C1EDBB2C7E0B297CB5158
WS_BGRFC_INBOUND000,083,SRTQS_00505684390C1EDBB2C7E0DA1E67B158,00505684390C1EDBB2C7E0DA1E683158
WS_BGRFC_INBOUND000,083,SRTQS_00505684390C1EDBB2C7E0DA1E6FF158,00505684390C1EDBB2C7E0DA1E707158
WS_BGRFC_INBOUND000,083,SRTQS_00505684390C1EDBB2C7E1011C653158,00505684390C1EDBB2C7E1011C65B158
WS_BGRFC_INBOUND000,083,SRTQS_00505684390C1EDBB2C7E124A306D158,00505684390C1EDBB2C7E124A3075158
WS_BGRFC_INBOUND000,083,SRTQS_00505684390C1EDBB2C7E14B2E671158,00505684390C1EDBB2C7E14B2E679158
WS_BGRFC_INBOUND000,083,SRTQS_00505684390C1EDBB2C7E17358887158,00505684390C1EDBB2C7E1735888F158
WS_BGRFC_INBOUND000,083,SRTQS_00505684390C1EDBB2C7E1CC9B57F158,00505684390C1EDBB2C7E1CC9B587158
WS_BGRFC_INBOUND000,083,SRTQS_00505684390C1EDBB2C7E1E598035158,00505684390C1EDBB2C7E1E59803D158
WS_BGRFC_INBOUND000,083,SRTQS_00505684390C1EDBB2C7E2A58989D158,00505684390C1EDBB2C7E2A5898A5158
WS_BGRFC_INBOUND000,083,SRTQS_00505684390C1EDBB2C7E4700C3EF158,00505684390C1EDBB2C7E4700C3F7158
WS_BGRFC_INBOUND000,083,SRTQS_00505684390C1EDBB2C7E492038AD158,00505684390C1EDBB2C7E492038B5158
WS_BGRFC_INBOUND000,083,SRTQS_00505684390C1EDBB2C7E4DEDCDBF158,00505684390C1EDBB2C7E4DEDCDC7158
WS_BGRFC_INBOUND000,083,SRTQS_00505684390C1EDBB2C7E4DEDCE0B158,00505684390C1EDBB2C7E4DEDCE13158
WS_BGRFC_INBOUND000,083,SRTQS_00505684390C1EDBB2C7E610DA413158,00505684390C1EDBB2C7E610DA41B158
WS_BGRFC_INBOUND000,083,SRTQS_00505684390C1EDBB2C7E7365B3B7158,00505684390C1EDBB2C7E7365B3BF158
WS_BGRFC_INBOUND000,083,SRTQS_00505684390C1EDBB2C7E815492D3158,00505684390C1EDBB2C7E815492DB158
WS_BGRFC_INBOUND000,083,SRTQS_00505684390C1EDBB2C7E8D839245158,00505684390C1EDBB2C7E8D83924D158
WS_BGRFC_INBOUND000,083,SRTQS_00505684390C1EDBB2C7EA9BF1667158,00505684390C1EDBB2C7EA9BF166F158
WS_BGRFC_INBOUND000,083,SRTQS_00505684390C1EDBB2C7EC42BD3F3158,00505684390C1EDBB2C7EC42BD3FB158
WS_BGRFC_INBOUND000,083,SRTQS_00505684390C1EDBB2C7EC64CA127158,00505684390C1EDBB2C7EC64CA12F158
WS_BGRFC_INBOUND000,083,SRTQS_00505684390C1EDBB2C7EC8B0ED77158,00505684390C1EDBB2C7EC8B0ED7F158
WS_BGRFC_INBOUND000,083,SRTQS_00505684390C1EDBB2C7ECB161F27158,00505684390C1EDBB2C7ECB161F2F158
WS_BGRFC_INBOUND000,083,SRTQS_00505684390C1EDBB2C7ECD8C824F158,00505684390C1EDBB2C7ECD8C8257158
WS_BGRFC_INBOUND000,083,SRTQS_00505684390C1EDBB2C7ED2482BB5158,00505684390C1EDBB2C7ED2482BBD158
WS_BGRFC_INBOUND000,083,SRTQS_00505684390C1EDBB2C7ED71BD6AB158,00505684390C1EDBB2C7ED71BD6B3158
WS_BGRFC_INBOUND000,083,SRTQS_00505684390C1EDBB2C7ED9A5EBC7158,00505684390C1EDBB2C7ED9A5EBCF158
WS_BGRFC_INBOUND000,083,SRTQS_00505684390C1EDBB2C7EE7B820BF158,00505684390C1EDBB2C7EE7B820C7158
WS_BGRFC_INBOUND000,083,SRTQS_00505684390C1EDBB2C7EEC6EF261158,00505684390C1EDBB2C7EEC6EF269158
WS_BGRFC_INBOUND000,083,SRTQS_00505684390C1EDBB3A0D14D8414119C,00505684390C1EDBB3A0D14D8414719C
WS_BGRFC_INBOUND000,083,SRTQS_00505684390C1EDBB3A0D172E696F19C,00505684390C1EDBB3A0D172E697519C
WS_BGRFC_INBOUND000,083,SRTQS_00505684390C1EDBB3A1035F55E1919C,00505684390C1EDBB3A1035F55E2119C
WS_BGRFC_INBOUND000,083,SRTQS_00505684390C1EDBB3A10384122F919C,00505684390C1EDBB3A103841230119C
WS_BGRFC_INBOUND000,083,SRTQS_00505684390C1EDBB3A103F639CBB19C,00505684390C1EDBB3A103F639CC319C
WS_BGRFC_INBOUND000,083,SRTQS_00505684390C1EDBB3A104267C2C719C,00505684390C1EDBB3A104267C2CF19C
WS_BGRFC_INBOUND000,083,SRTQS_00505684390C1EDBB3A10443597C919C,00505684390C1EDBB3A10443597D119C
WS_BGRFC_INBOUND000,083,SRTQS_00505684390C1EDBB3A1046A2544B19C,00505684390C1EDBB3A1046A2545319C
WS_BGRFC_INBOUND000,083,SRTQS_00505684390C1EDBB3A104939113B19C,00505684390C1EDBB3A104939114319C
WS_BGRFC_INBOUND000,083,SRTQS_00505684390C1EDBB3A104B5EB05719C,00505684390C1EDBB3A104B5EB05F19C
WS_BGRFC_INBOUND000,083,SRTQS_00505684390C1EDBB3A104DB4C0AD19C,00505684390C1EDBB3A104DB4C0B519C
WS_BGRFC_INBOUND000,083,SRTQS_00505684390C1EDBB3A10505DF35B19C,00505684390C1EDBB3A10505DF36319C
WS_BGRFC_INBOUND000,083,SRTQS_00505684390C1EDBB3A10530E573F19C,00505684390C1EDBB3A10530E574719C
WS_BGRFC_INBOUND000,083,SRTQS_00505684390C1EDBB3A1054DB001719C,00505684390C1EDBB3A1054DB001F19C
WS_BGRFC_INBOUND000,083,SRTQS_00505684390C1EDBB3A105742B6BD19C,00505684390C1EDBB3A105742B6C519C
WS_BGRFC_INBOUND000,083,SRTQS_00505684390C1EDBB3A1059BE953F19C,00505684390C1EDBB3A1059BE954719C
WS_BGRFC_INBOUND000,083,SRTQS_00505684390C1EDBB3A105C009B0119C,00505684390C1EDBB3A105C009B0919C
WS_BGRFC_INBOUND000,083,SRTQS_00505684390C1EDBB3A105E99C90319C,00505684390C1EDBB3A105E99C90B19C
WS_BGRFC_INBOUND000,083,SRTQS_00505684390C1EDBB3A105E99C97F19C,00505684390C1EDBB3A105E99C98719C
WS_BGRFC_INBOUND000,083,SRTQS_00505684390C1EDBB3A1060C8476719C,00505684390C1EDBB3A1060C8476F19C
WS_BGRFC_INBOUND000,083,SRTQS_00505684390C1EDBB3A106A8AAF9719C,00505684390C1EDBB3A106A8AAF9F19C
WS_BGRFC_INBOUND000,083,SRTQS_00505684390C1EDBB3A106F166FC319C,00505684390C1EDBB3A106F166FCB19C
WS_BGRFC_INBOUND000,083,SRTQS_00505684390C1EDBB3A106F16705B19C,00505684390C1EDBB3A106F16706319C
WS_BGRFC_INBOUND000,083,SRTQS_00505684390C1EDBB3A1073E3A2B519C,00505684390C1EDBB3A1073E3A2BD19C
WS_BGRFC_INBOUND000,083,SRTQS_00505684390C1EDBB3A107D66E4B519C,00505684390C1EDBB3A107D66E4BD19C
WS_BGRFC_INBOUND000,083,SRTQS_00505684390C1EDBB3A1092D4FCAB19C,00505684390C1EDBB3A1092D4FCB319C
WS_BGRFC_INBOUND000,083,SRTQS_00505684390C1EDBB3A10A3B0313319C,00505684390C1EDBB3A10A3B0313B19C
WS_BGRFC_INBOUND000,083,SRTQS_00505684390C1EDBB3A10A62B127B19C,00505684390C1EDBB3A10A62B128319C
WS_BGRFC_INBOUND000,083,SRTQS_00505684390C1EDBB3A10AD0E737519C,00505684390C1EDBB3A10AD0E737D19C
WS_BGRFC_INBOUND000,083,SRTQS_00505684390C1EDBB3A10AF82C63D19C,00505684390C1EDBB3A10AF82C64519C
WS_BGRFC_INBOUND000,083,SRTQS_00505684390C1EDBB3A10C027CED319C,00505684390C1EDBB3A10C027CEDB19C
WS_BGRFC_INBOUND000,083,SRTQS_00505684390C1EDBB3A10C28A9CA519C,00505684390C1EDBB3A10C28A9CAD19C
WS_BGRFC_INBOUND000,083,SRTQS_00505684390C1EDBB3A10C778877D19C,00505684390C1EDBB3A10C778878519C
WS_BGRFC_INBOUND000,083,SRTQS_00505684390C1EDBB3A10C77887EB19C,00505684390C1EDBB3A10C77887F319C
WS_BGRFC_INBOUND000,083,SRTQS_00505684390C1EDBB3A10C9CDFB8F19C,00505684390C1EDBB3A10C9CDFB9719C
WS_BGRFC_INBOUND000,083,SRTQS_00505684390C1EDBB3A10DF20AED719C,00505684390C1EDBB3A10DF20AEDF19C
WS_BGRFC_INBOUND000,083,SRTQS_00505684390C1EDBB3A10DF20AF4919C,00505684390C1EDBB3A10DF20AF5119C
WS_BGRFC_INBOUND000,083,SRTQS_00505684390C1EDBB3A10E8FDFB2F19C,00505684390C1EDBB3A10E8FDFB3719C
WS_BGRFC_INBOUND000,083,SRTQS_00505684390C1EDBB3A10EB2A013119C,00505684390C1EDBB3A10EB2A013919C
WS_BGRFC_INBOUND000,083,SRTQS_00505684390C1EDBB3A110F0BCE5519C,00505684390C1EDBB3A110F0BCE5D19C
WS_BGRFC_INBOUND000,083,SRTQS_00505684390C1EDBB3A111148C27F19C,00505684390C1EDBB3A111148C28719C
WS_BGRFC_INBOUND000,083,SRTQS_00505684390C1EDBB3A111148C2F119C,00505684390C1EDBB3A111148C2F919C
WS_BGRFC_INBOUND000,083,SRTQS_00505684390C1EDBB3A111670B61519C,00505684390C1EDBB3A111670B61D19C
WS_BGRFC_INBOUND000,083,SRTQS_00505684390C1EDBB3A111858013319C,00505684390C1EDBB3A111858013B19C
WS_BGRFC_INBOUND000,083,SRTQS_00505684390C1EDBB3A1126A805C319C,00505684390C1EDBB3A1126A805CB19C
WS_BGRFC_INBOUND000,083,SRTQS_00505684390C1EDBB3A113E98131719C,00505684390C1EDBB3A113E98131F19C
WS_BGRFC_INBOUND000,083,SRTQS_00505684390C1EDBB3A11412ECA7F19C,00505684390C1EDBB3A11412ECA8719C
WS_BGRFC_INBOUND000,083,SRTQS_00505684390C1EDBB3A114346B34D19C,00505684390C1EDBB3A114346B35519C
WS_BGRFC_INBOUND000,083,SRTQS_00505684390C1EDBB3A114346B39919C,00505684390C1EDBB3A114346B3A119C
WS_BGRFC_INBOUND000,083,SRTQS_00505684390C1EDBB3A1153F2F4C119C,00505684390C1EDBB3A1153F2F4C919C
WS_BGRFC_INBOUND000,083,SRTQS_00505684390C1EDBB3A1164A79F3919C,00505684390C1EDBB3A1164A79F4119C
WS_BGRFC_INBOUND000,083,SRTQS_00505684390C1EDBB3A1170C0917F19C,00505684390C1EDBB3A1170C0918719C
WS_BGRFC_INBOUND000,083,SRTQS_00505684390C1EDBB3A117A576CBB19C,00505684390C1EDBB3A117A576CC319C
WS_BGRFC_INBOUND000,083,SRTQS_00505684390C1EDBB3A1194C1815319C,00505684390C1EDBB3A1194C1815B19C
WS_BGRFC_INBOUND000,083,SRTQS_00505684390C1EDBB3A11AA1E0DC319C,00505684390C1EDBB3A11AA1E0DCB19C
WS_BGRFC_INBOUND000,083,SRTQS_00505684390C1EDBB3A11AC38FC2D19C,00505684390C1EDBB3A11AC38FC3519C
WS_BGRFC_INBOUND000,083,SRTQS_00505684390C1EDBB3A11AE9E750719C,00505684390C1EDBB3A11AE9E750F19C
WS_BGRFC_INBOUND000,083,SRTQS_00505684390C1EDBB3A11B101158B19C,00505684390C1EDBB3A11B101159319C
WS_BGRFC_INBOUND000,083,SRTQS_00505684390C1EDBB3A11B388E31319C,00505684390C1EDBB3A11B388E31B19C
WS_BGRFC_INBOUND000,083,SRTQS_00505684390C1EDBB3A11B5C3266519C,00505684390C1EDBB3A11B5C3266D19C
WS_BGRFC_INBOUND000,083,SRTQS_00505684390C1EDBB3A11BA87859719C,00505684390C1EDBB3A11BA87859F19C
WS_BGRFC_INBOUND000,083,SRTQS_00505684390C1EDBB3A11BCDE18FB19C,00505684390C1EDBB3A11BCDE190319C
WS_BGRFC_INBOUND000,083,SRTQS_00505684390C1EDBB3A11C9BE6E7319C,00505684390C1EDBB3A11C9BE6E7B19C
WS_BGRFC_INBOUND000,083,SRTQS_00505684390C1EDBB3A11CD9566E319C,00505684390C1EDBB3A11CD9566EB19C
WS_BGRFC_INBOUND000,083,SRTQS_00505684390C1EDBB3AC12B14711D1AA,00505684390C1EDBB3AC12DDC201D1AA
WS_BGRFC_INBOUND000,083,SRTQS_00505684390C1EDBB3AC12DDC206D1AA,00505684390C1EDBB3AC12F7231651AA
WS_BGRFC_INBOUND000,083,SRTQS_00505684390C1EDBB3AC40A2699271AB,00505684390C1EDBB3AC40A26992F1AB
WS_BGRFC_INBOUND000,083,SRTQS_00505684390C1EDBB3AC40C7E54BD1AB,00505684390C1EDBB3AC40C7E54C51AB
WS_BGRFC_INBOUND000,083,SRTQS_00505684390C1EDBB3AC413AED7131AB,00505684390C1EDBB3AC413AED71B1AB
WS_BGRFC_INBOUND000,083,SRTQS_00505684390C1EDBB3AC4164DC5471AB,00505684390C1EDBB3AC4164DC54F1AB
WS_BGRFC_INBOUND000,083,SRTQS_00505684390C1EDBB3AC418715B8D1AB,00505684390C1EDBB3AC418715B951AB
WS_BGRFC_INBOUND000,083,SRTQS_00505684390C1EDBB3AC41AD5C0091AB,00505684390C1EDBB3AC41AD5C0111AB
WS_BGRFC_INBOUND000,083,SRTQS_00505684390C1EDBB3AC41D362FBD1AB,00505684390C1EDBB3AC41D362FC51AB
WS_BGRFC_INBOUND000,083,SRTQS_00505684390C1EDBB3AC41F9B07731AB,00505684390C1EDBB3AC41F9B077B1AB
WS_BGRFC_INBOUND000,083,SRTQS_00505684390C1EDBB3AC421FF388F1AB,00505684390C1EDBB3AC421FF38971AB
WS_BGRFC_INBOUND000,083,SRTQS_00505684390C1EDBB3AC424581B831AB,00505684390C1EDBB3AC424581B8B1AB
WS_BGRFC_INBOUND000,083,SRTQS_00505684390C1EDBB3AC426BE13AF1AB,00505684390C1EDBB3AC426BE13B71AB
WS_BGRFC_INBOUND000,083,SRTQS_00505684390C1EDBB3AC429151D0B1AB,00505684390C1EDBB3AC429151D131AB
WS_BGRFC_INBOUND000,083,SRTQS_00505684390C1EDBB3AC42B82AE431AB,00505684390C1EDBB3AC42B82AE4B1AB
WS_BGRFC_INBOUND000,083,SRTQS_00505684390C1EDBB3AC42B82AEBB1AB,00505684390C1EDBB3AC42DD9E94B1AB
WS_BGRFC_INBOUND000,083,SRTQS_00505684390C1EDBB3AC42DD9E9C11AB,00505684390C1EDBB3AC42DD9E9C91AB
WS_BGRFC_INBOUND000,083,SRTQS_00505684390C1EDBB3AC4305110811AB,00505684390C1EDBB3AC4305110891AB
WS_BGRFC_INBOUND000,083,SRTQS_00505684390C1EDBB3AC432A2BEF91AB,00505684390C1EDBB3AC432A2BF011AB
WS_BGRFC_INBOUND000,083,SRTQS_00505684390C1EDBB3AC432A2BF771AB,00505684390C1EDBB3AC435007E351AB
WS_BGRFC_INBOUND000,083,SRTQS_00505684390C1EDBB3AC43C391FE51AB,00505684390C1EDBB3AC43C391FED1AB
WS_BGRFC_INBOUND000,083,SRTQS_00505684390C1EDBB3AC43E8E76591AB,00505684390C1EDBB3AC43E8E76611AB
WS_BGRFC_INBOUND000,083,SRTQS_00505684390C1EDBB3AC4435B99591AB,00505684390C1EDBB3AC4435B99611AB
WS_BGRFC_INBOUND000,083,SRTQS_00505684390C1EDBB3AC448248F971AB,00505684390C1EDBB3AC448248F9F1AB
WS_BGRFC_INBOUND000,083,SRTQS_00505684390C1EDBB3AC4567117AF1AB,00505684390C1EDBB3AC4567117B71AB
WS_BGRFC_INBOUND000,083,SRTQS_00505684390C1EDBB3AC46BED87CD1AB,00505684390C1EDBB3AC46BED87D51AB
WS_BGRFC_INBOUND000,083,SRTQS_00505684390C1EDBB3AC47CADD0671AB,00505684390C1EDBB3AC47CADD06F1AB
WS_BGRFC_INBOUND000,083,SRTQS_00505684390C1EDBB3AC47FFD611D1AB,00505684390C1EDBB3AC47FFD61251AB
WS_BGRFC_INBOUND000,083,SRTQS_00505684390C1EDBB3AC488A109491AB,00505684390C1EDBB3AC488A109511AB
WS_BGRFC_INBOUND000,083,SRTQS_00505684390C1EDBB3AC488A109B91AB,00505684390C1EDBB3AC488A109C11AB
WS_BGRFC_INBOUND000,083,SRTQS_00505684390C1EDBB3AC49E13C5CD1AB,00505684390C1EDBB3AC49E13C5D51AB
WS_BGRFC_INBOUND000,083,SRTQS_00505684390C1EDBB3AC49E13C63D1AB,00505684390C1EDBB3AC4A049F0E11AB
WS_BGRFC_INBOUND000,083,SRTQS_00505684390C1EDBB3AC4A52633931AB,00505684390C1EDBB3AC4A526339B1AB
WS_BGRFC_INBOUND000,083,SRTQS_00505684390C1EDBB3AC4A52634031AB,00505684390C1EDBB3AC4A526340B1AB
WS_BGRFC_INBOUND000,083,SRTQS_00505684390C1EDBB3AC4A7733B631AB,00505684390C1EDBB3AC4A7733B6B1AB
WS_BGRFC_INBOUND000,083,SRTQS_00505684390C1EDBB3AC4BF4D967B1AB,00505684390C1EDBB3AC4BF4D96831AB
WS_BGRFC_INBOUND000,083,SRTQS_00505684390C1EDBB3AC4BF4D96EF1AB,00505684390C1EDBB3AC4BF4D96F71AB
WS_BGRFC_INBOUND000,083,SRTQS_00505684390C1EDBB3AC4C8DE63071AB,00505684390C1EDBB3AC4C8DE630F1AB
WS_BGRFC_INBOUND000,083,SRTQS_00505684390C1EDBB3AC4CB5D021F1AB,00505684390C1EDBB3AC4CB5D02271AB
WS_BGRFC_INBOUND000,083,SRTQS_00505684390C1EDBB3AC4EEFB74711AB,00505684390C1EDBB3AC4EEFB74791AB
WS_BGRFC_INBOUND000,083,SRTQS_00505684390C1EDBB3AC4F15AE40D1AB,00505684390C1EDBB3AC4F15AE4151AB
WS_BGRFC_INBOUND000,083,SRTQS_00505684390C1EDBB3AC4F3DDC9831AB,00505684390C1EDBB3AC4F3DDC98B1AB
WS_BGRFC_INBOUND000,083,SRTQS_00505684390C1EDBB3AC4F883A0451AB,00505684390C1EDBB3AC4F883A04D1AB
WS_BGRFC_INBOUND000,083,SRTQS_00505684390C1EDBB3AC4FAE404271AB,00505684390C1EDBB3AC4FAE4042F1AB
WS_BGRFC_INBOUND000,083,SRTQS_00505684390C1EDBB3AC5094650911AB,00505684390C1EDBB3AC5094650991AB
WS_BGRFC_INBOUND000,083,SRTQS_00505684390C1EDBB3AC52113BC991AB,00505684390C1EDBB3AC52113BCA11AB
WS_BGRFC_INBOUND000,083,SRTQS_00505684390C1EDBB3AC5236BB94D1AB,00505684390C1EDBB3AC5236BB9551AB
WS_BGRFC_INBOUND000,083,SRTQS_00505684390C1EDBB3AC525D1C5171AB,00505684390C1EDBB3AC525D1C51F1AB
WS_BGRFC_INBOUND000,083,SRTQS_00505684390C1EDBB3AC52832D50B1AB,00505684390C1EDBB3AC52832D5131AB
WS_BGRFC_INBOUND000,083,SRTQS_00505684390C1EDBB3AC538FC5F4B1AB,00505684390C1EDBB3AC538FC5F531AB
WS_BGRFC_INBOUND000,083,SRTQS_00505684390C1EDBB3AC547A497391AB,00505684390C1EDBB3AC547A497411AB
WS_BGRFC_INBOUND000,083,SRTQS_00505684390C1EDBB3AC5531C7B711AB,00505684390C1EDBB3AC5531C7B791AB
WS_BGRFC_INBOUND000,083,SRTQS_00505684390C1EDBB3AC55F2B071D1AB,00505684390C1EDBB3AC55F2B07251AB
WS_BGRFC_INBOUND000,083,SRTQS_00505684390C1EDBB3AC576F246591AB,00505684390C1EDBB3AC57941FA8D1AB
WS_BGRFC_INBOUND000,083,SRTQS_00505684390C1EDBB3AC58F536FFB1AB,00505684390C1EDBB3AC58F5370031AB
WS_BGRFC_INBOUND000,083,SRTQS_00505684390C1EDBB3AC59124532F1AB,00505684390C1EDBB3AC5912453371AB
WS_BGRFC_INBOUND000,083,SRTQS_00505684390C1EDBB3AC5912453991AB,00505684390C1EDBB3AC5912453A11AB
WS_BGRFC_INBOUND000,083,SRTQS_00505684390C1EDBB3AC593903ED51AB,00505684390C1EDBB3AC593903EDD1AB
WS_BGRFC_INBOUND000,083,SRTQS_00505684390C1EDBB3AC595FBDB4B1AB,00505684390C1EDBB3AC595FBDB531AB
WS_BGRFC_INBOUND000,083,SRTQS_00505684390C1EDBB3AC5984BE3E91AB,00505684390C1EDBB3AC5984BE3F11AB
WS_BGRFC_INBOUND000,083,SRTQS_00505684390C1EDBB3AC59D0B4CBF1AB,00505684390C1EDBB3AC59D0B4CC71AB
WS_BGRFC_INBOUND000,083,SRTQS_00505684390C1EDBB3AC59D0B4D0B1AB,00505684390C1EDBB3AC59D0B4D131AB
WS_BGRFC_INBOUND000,083,SRTQS_00505684390C1EDBB3AC5A6E080871AB,00505684390C1EDBB3AC5A6E0808F1AB
WS_BGRFC_INBOUND000,083,SRTQS_00505684390C1EDBB3AC5A91C8BDB1AB,00505684390C1EDBB3AC5A91C8BE31AB
WS_BGRFC_INBOUND000,083,SRTQS_00505684390C1EDBB3C53842EDF5D1DF,00505684390C1EDBB3C53868DBD911DF
WS_BGRFC_INBOUND000,083,SRTQS_00505684390C1EDBB3C53868DBDDF1DF,00505684390C1EDBB3C53868DBDE51DF
WS_BGRFC_INBOUND000,083,SRTQS_00505684390C1EDBB3C56689B397D1E0,00505684390C1EDBB3C56689B39851E0
WS_BGRFC_INBOUND000,083,SRTQS_00505684390C1EDBB3C566ADFF7711E0,00505684390C1EDBB3C566ADFF7791E0
WS_BGRFC_INBOUND000,083,SRTQS_00505684390C1EDBB3C566F9DFB3B1E0,00505684390C1EDBB3C566F9DFB431E0
WS_BGRFC_INBOUND000,083,SRTQS_00505684390C1EDBB3C56720676C11E0,00505684390C1EDBB3C56745EFA8D1E0
WS_BGRFC_INBOUND000,083,SRTQS_00505684390C1EDBB3C5676C150131E0,00505684390C1EDBB3C5676C1501B1E0
WS_BGRFC_INBOUND000,083,SRTQS_00505684390C1EDBB3C56793AFA691E0,00505684390C1EDBB3C56793AFA711E0
WS_BGRFC_INBOUND000,083,SRTQS_00505684390C1EDBB3C567B8628171E0,00505684390C1EDBB3C567B86281F1E0
WS_BGRFC_INBOUND000,083,SRTQS_00505684390C1EDBB3C567DF170831E0,00505684390C1EDBB3C567DF1708B1E0
WS_BGRFC_INBOUND000,083,SRTQS_00505684390C1EDBB3C567DF171011E0,00505684390C1EDBB3C567DF171091E0
WS_BGRFC_INBOUND000,083,SRTQS_00505684390C1EDBB3C56805342011E0,00505684390C1EDBB3C56805342091E0
WS_BGRFC_INBOUND000,083,SRTQS_00505684390C1EDBB3C5682C264F91E0,00505684390C1EDBB3C5682C265011E0
WS_BGRFC_INBOUND000,083,SRTQS_00505684390C1EDBB3C56853A15EF1E0,00505684390C1EDBB3C56853A15F71E0
WS_BGRFC_INBOUND000,083,SRTQS_00505684390C1EDBB3C5687C838831E0,00505684390C1EDBB3C5687C8388B1E0
WS_BGRFC_INBOUND000,083,SRTQS_00505684390C1EDBB3C5689E9B3A91E0,00505684390C1EDBB3C5689E9B3B11E0
WS_BGRFC_INBOUND000,083,SRTQS_00505684390C1EDBB3C568C5886051E0,00505684390C1EDBB3C568C58860D1E0
WS_BGRFC_INBOUND000,083,SRTQS_00505684390C1EDBB3C568E9EE5651E0,00505684390C1EDBB3C568E9EE56D1E0
WS_BGRFC_INBOUND000,083,SRTQS_00505684390C1EDBB3C568E9EE5E31E0,00505684390C1EDBB3C568E9EE5EB1E0
WS_BGRFC_INBOUND000,083,SRTQS_00505684390C1EDBB3C5690FB68651E0,00505684390C1EDBB3C5690FB686D1E0
WS_BGRFC_INBOUND000,083,SRTQS_00505684390C1EDBB3C569F5633CB1E0,00505684390C1EDBB3C569F5633D31E0
WS_BGRFC_INBOUND000,083,SRTQS_00505684390C1EDBB3C56A8F12CC11E0,00505684390C1EDBB3C56A8F12CC91E0
WS_BGRFC_INBOUND000,083,SRTQS_00505684390C1EDBB3C56AB5709FD1E0,00505684390C1EDBB3C56AB570A051E0
WS_BGRFC_INBOUND000,083,SRTQS_00505684390C1EDBB3C56B006ADD51E0,00505684390C1EDBB3C56B006ADDD1E0
WS_BGRFC_INBOUND000,083,SRTQS_00505684390C1EDBB3C56BBF0C8C51E0,00505684390C1EDBB3C56BBF0C8CD1E0
WS_BGRFC_INBOUND000,083,SRTQS_00505684390C1EDBB3C56D18192971E0,00505684390C1EDBB3C56D181929F1E0
WS_BGRFC_INBOUND000,083,SRTQS_00505684390C1EDBB3C56DFB23E4F1E0,00505684390C1EDBB3C56E20A53B11E0
WS_BGRFC_INBOUND000,083,SRTQS_00505684390C1EDBB3C56E20A53F71E0,00505684390C1EDBB3C56E20A53FF1E0
WS_BGRFC_INBOUND000,083,SRTQS_00505684390C1EDBB3C56EBBBF2151E0,00505684390C1EDBB3C56EBBBF21D1E0
WS_BGRFC_INBOUND000,083,SRTQS_00505684390C1EDBB3C56EE0494111E0,00505684390C1EDBB3C56EE0494191E0
WS_BGRFC_INBOUND000,083,SRTQS_00505684390C1EDBB3C56FEAE92371E1,00505684390C1EDBB3C56FEAE923F1E1
WS_BGRFC_INBOUND000,083,SRTQS_00505684390C1EDBB3C570109894F1E1,00505684390C1EDBB3C57010989571E1
WS_BGRFC_INBOUND000,083,SRTQS_00505684390C1EDBB3C5705CDDDEB1E1,00505684390C1EDBB3C5705CDDDF31E1
WS_BGRFC_INBOUND000,083,SRTQS_00505684390C1EDBB3C57084AA10F1E1,00505684390C1EDBB3C57084AA1171E1
WS_BGRFC_INBOUND000,083,SRTQS_00505684390C1EDBB3C57084AA17F1E1,00505684390C1EDBB3C57084AA1871E1
WS_BGRFC_INBOUND000,083,SRTQS_00505684390C1EDBB3C571DC9F55D1E1,00505684390C1EDBB3C571DC9F5651E1
WS_BGRFC_INBOUND000,083,SRTQS_00505684390C1EDBB3C57202451071E1,00505684390C1EDBB3C572024510F1E1
WS_BGRFC_INBOUND000,083,SRTQS_00505684390C1EDBB3C57299A49871E1,00505684390C1EDBB3C57299A498F1E1
WS_BGRFC_INBOUND000,083,SRTQS_00505684390C1EDBB3C57299A4A0D1E1,00505684390C1EDBB3C57299A4A151E1
WS_BGRFC_INBOUND000,083,SRTQS_00505684390C1EDBB3C574B3BDF5D1E1,00505684390C1EDBB3C574B3BDF651E1
WS_BGRFC_INBOUND000,083,SRTQS_00505684390C1EDBB3C574D6F88B31E1,00505684390C1EDBB3C574D6F88BB1E1
WS_BGRFC_INBOUND000,083,SRTQS_00505684390C1EDBB3C574D6F89271E1,00505684390C1EDBB3C574D6F892F1E1
WS_BGRFC_INBOUND000,083,SRTQS_00505684390C1EDBB3C5752CAEF391E1,00505684390C1EDBB3C5752CAEF411E1
WS_BGRFC_INBOUND000,083,SRTQS_00505684390C1EDBB3C5756E1462B1E1,00505684390C1EDBB3C5756E146331E1
WS_BGRFC_INBOUND000,083,SRTQS_00505684390C1EDBB3C576068C8EB1E1,00505684390C1EDBB3C576068C8F31E1
WS_BGRFC_INBOUND000,083,SRTQS_00505684390C1EDBB3C5775F10A291E1,00505684390C1EDBB3C5775F10A311E1
WS_BGRFC_INBOUND000,083,SRTQS_00505684390C1EDBB3C577888BDE11E1,00505684390C1EDBB3C577888BDE91E1
WS_BGRFC_INBOUND000,083,SRTQS_00505684390C1EDBB3C577AB3E80D1E1,00505684390C1EDBB3C577AB3E8151E1
WS_BGRFC_INBOUND000,083,SRTQS_00505684390C1EDBB3C577AB3E85B1E1,00505684390C1EDBB3C577AB3E8631E1
WS_BGRFC_INBOUND000,083,SRTQS_00505684390C1EDBB3C5788F7B4371E1,00505684390C1EDBB3C5788F7B43F1E1
WS_BGRFC_INBOUND000,083,SRTQS_00505684390C1EDBB3C579790B5191E1,00505684390C1EDBB3C579790B5211E1
WS_BGRFC_INBOUND000,083,SRTQS_00505684390C1EDBB3C57A329A5391E1,00505684390C1EDBB3C57A329A5411E1
WS_BGRFC_INBOUND000,083,SRTQS_00505684390C1EDBB3C57ACBF0ED51E1,00505684390C1EDBB3C57ACBF0EDD1E1
WS_BGRFC_INBOUND000,083,SRTQS_00505684390C1EDBB3C57C23890451E1,00505684390C1EDBB3C57C238904D1E1
WS_BGRFC_INBOUND000,083,SRTQS_00505684390C1EDBB3C57D7A7D7691E1,00505684390C1EDBB3C57D7A7D7711E1
WS_BGRFC_INBOUND000,083,SRTQS_00505684390C1EDBB3C57DA11C2A51E1,00505684390C1EDBB3C57DA11C2AD1E1
WS_BGRFC_INBOUND000,083,SRTQS_00505684390C1EDBB3C57DC658C971E1,00505684390C1EDBB3C57DC658C9F1E1
WS_BGRFC_INBOUND000,083,SRTQS_00505684390C1EDBB3C57DC658CF91E1,00505684390C1EDBB3C57DC658D011E1
WS_BGRFC_INBOUND000,083,SRTQS_00505684390C1EDBB3C57DED592071E1,00505684390C1EDBB3C57DED5920F1E1
WS_BGRFC_INBOUND000,083,SRTQS_00505684390C1EDBB3C57E14760351E1,00505684390C1EDBB3C57E147603D1E1
WS_BGRFC_INBOUND000,083,SRTQS_00505684390C1EDBB3C57E5FAC0931E1,00505684390C1EDBB3C57E5FAC09B1E1
WS_BGRFC_INBOUND000,083,SRTQS_00505684390C1EDBB3C57E5FAC0DF1E1,00505684390C1EDBB3C57E5FAC0E71E1
WS_BGRFC_INBOUND000,083,SRTQS_00505684390C1EDBB3C57EF9A9F1B1E1,00505684390C1EDBB3C57EF9A9F231E1
WS_BGRFC_INBOUND000,083,SRTQS_00505684390C1EDBB3C57F1E91EFF1E1,00505684390C1EDBB3C57F1E91F071E1
WS_BGRFC_INBOUND000,083,SRTQS_00505684390C1EDBB3DE5DB71174D214,00505684390C1EDBB3DE5DB711753214
WS_BGRFC_INBOUND000,083,SRTQS_00505684390C1EDBB3DE5DDCB9BF9214,00505684390C1EDBB3DE5DDCB9BFF214
WS_BGRFC_INBOUND000,083,SRTQS_00505684390C1EDBB3DE89756D1AD214,00505684390C1EDBB3DE89756D1B5214
WS_BGRFC_INBOUND000,083,SRTQS_00505684390C1EDBB3DE899ABC01B214,00505684390C1EDBB3DE899ABC023214
WS_BGRFC_INBOUND000,083,SRTQS_00505684390C1EDBB3DE89E49171B214,00505684390C1EDBB3DE89E491723214
WS_BGRFC_INBOUND000,083,SRTQS_00505684390C1EDBB3DE8A31B7BFF214,00505684390C1EDBB3DE8A31B7C07214
WS_BGRFC_INBOUND000,083,SRTQS_00505684390C1EDBB3DE8A5926525214,00505684390C1EDBB3DE8A592652D214
WS_BGRFC_INBOUND000,083,SRTQS_00505684390C1EDBB3DE8A7D728E5214,00505684390C1EDBB3DE8A7D728ED214
WS_BGRFC_INBOUND000,083,SRTQS_00505684390C1EDBB3DE8AA7ACBA3214,00505684390C1EDBB3DE8AA7ACBAB214
WS_BGRFC_INBOUND000,083,SRTQS_00505684390C1EDBB3DE8AC9B1829214,00505684390C1EDBB3DE8AC9B1831214
WS_BGRFC_INBOUND000,083,SRTQS_00505684390C1EDBB3DE8AEF83B13214,00505684390C1EDBB3DE8AEF83B1B214
WS_BGRFC_INBOUND000,083,SRTQS_00505684390C1EDBB3DE8B16BFEF7214,00505684390C1EDBB3DE8B16BFEFF214
WS_BGRFC_INBOUND000,083,SRTQS_00505684390C1EDBB3DE8B16BFF6F214,00505684390C1EDBB3DE8B3BEF417214
WS_BGRFC_INBOUND000,083,SRTQS_00505684390C1EDBB3DE8B3BEF487214,00505684390C1EDBB3DE8B3BEF48F214
WS_BGRFC_INBOUND000,083,SRTQS_00505684390C1EDBB3DE8B642A973214,00505684390C1EDBB3DE8B642A97B214
WS_BGRFC_INBOUND000,083,SRTQS_00505684390C1EDBB3DE8B887DA73214,00505684390C1EDBB3DE8B887DA7B214
WS_BGRFC_INBOUND000,083,SRTQS_00505684390C1EDBB3DE8BAE41EF5214,00505684390C1EDBB3DE8BAE41EFD214
WS_BGRFC_INBOUND000,083,SRTQS_00505684390C1EDBB3DE8BD7790A7214,00505684390C1EDBB3DE8BD7790AF214
WS_BGRFC_INBOUND000,083,SRTQS_00505684390C1EDBB3DE8BFB3D923214,00505684390C1EDBB3DE8BFB3D92B214
WS_BGRFC_INBOUND000,083,SRTQS_00505684390C1EDBB3DE8BFB3D9A1214,00505684390C1EDBB3DE8BFB3D9A9214
WS_BGRFC_INBOUND000,083,SRTQS_00505684390C1EDBB3DE8C7841495214,00505684390C1EDBB3DE8C9410931214
WS_BGRFC_INBOUND000,083,SRTQS_00505684390C1EDBB3DE8D5215119214,00505684390C1EDBB3DE8D5215121214
WS_BGRFC_INBOUND000,083,SRTQS_00505684390C1EDBB3DE8D7B1D98D214,00505684390C1EDBB3DE8D7B1D995214
WS_BGRFC_INBOUND000,083,SRTQS_00505684390C1EDBB3DE8D9E98107214,00505684390C1EDBB3DE8D9E9810F214
WS_BGRFC_INBOUND000,083,SRTQS_00505684390C1EDBB3DE8DEAC3DEB214,00505684390C1EDBB3DE8DEAC3DF3214
WS_BGRFC_INBOUND000,083,SRTQS_00505684390C1EDBB3DE8E842DE07214,00505684390C1EDBB3DE8E842DE0F214
WS_BGRFC_INBOUND000,083,SRTQS_00505684390C1EDBB3DE8FDDE320B214,00505684390C1EDBB3DE8FDDE3213214
WS_BGRFC_INBOUND000,083,SRTQS_00505684390C1EDBB3DE90E710D75214,00505684390C1EDBB3DE90E710D7D214
WS_BGRFC_INBOUND000,083,SRTQS_00505684390C1EDBB3DE910DA4ECB214,00505684390C1EDBB3DE910DA4ED3214
WS_BGRFC_INBOUND000,083,SRTQS_00505684390C1EDBB3DE917F67789214,00505684390C1EDBB3DE917F67791214
WS_BGRFC_INBOUND000,083,SRTQS_00505684390C1EDBB3DE91A4E4D37214,00505684390C1EDBB3DE91A4E4D3F214
WS_BGRFC_INBOUND000,083,SRTQS_00505684390C1EDBB3DE92D704E35214,00505684390C1EDBB3DE92D704E3D214
WS_BGRFC_INBOUND000,083,SRTQS_00505684390C1EDBB3DE92D704EA5214,00505684390C1EDBB3DE92D704EAD214
WS_BGRFC_INBOUND000,083,SRTQS_00505684390C1EDBB3DE93246E6CD214,00505684390C1EDBB3DE93246E6D5214
WS_BGRFC_INBOUND000,083,SRTQS_00505684390C1EDBB3DE93494B9D7214,00505684390C1EDBB3DE93494B9DF214
WS_BGRFC_INBOUND000,083,SRTQS_00505684390C1EDBB3DE936F6AE43214,00505684390C1EDBB3DE936F6AE4B214
WS_BGRFC_INBOUND000,083,SRTQS_00505684390C1EDBB3DE949F115EF215,00505684390C1EDBB3DE94C55117D215
WS_BGRFC_INBOUND000,083,SRTQS_00505684390C1EDBB3DE94C5511E9215,00505684390C1EDBB3DE94C5511F1215
WS_BGRFC_INBOUND000,083,SRTQS_00505684390C1EDBB3DE955E26DB9215,00505684390C1EDBB3DE955E26DC1215
WS_BGRFC_INBOUND000,083,SRTQS_00505684390C1EDBB3DE95842FB8F215,00505684390C1EDBB3DE95842FB97215
WS_BGRFC_INBOUND000,083,SRTQS_00505684390C1EDBB3DE97773EE77215,00505684390C1EDBB3DE97773EE7F215
WS_BGRFC_INBOUND000,083,SRTQS_00505684390C1EDBB3DE97773EEEB215,00505684390C1EDBB3DE97773EEF3215
WS_BGRFC_INBOUND000,083,SRTQS_00505684390C1EDBB3DE979A146BF215,00505684390C1EDBB3DE979A146C7215
WS_BGRFC_INBOUND000,083,SRTQS_00505684390C1EDBB3DE97E7768A9215,00505684390C1EDBB3DE97E7768B1215
WS_BGRFC_INBOUND000,083,SRTQS_00505684390C1EDBB3DE980D802D5215,00505684390C1EDBB3DE980D802DD215
WS_BGRFC_INBOUND000,083,SRTQS_00505684390C1EDBB3DE98CC12B31215,00505684390C1EDBB3DE98CC12B39215
WS_BGRFC_INBOUND000,083,SRTQS_00505684390C1EDBB3DE9A489F9FD215,00505684390C1EDBB3DE9A489FA05215
WS_BGRFC_INBOUND000,083,SRTQS_00505684390C1EDBB3DE9A489FA71215,00505684390C1EDBB3DE9A6F3457D215
WS_BGRFC_INBOUND000,083,SRTQS_00505684390C1EDBB3DE9A6F345E5215,00505684390C1EDBB3DE9A6F345ED215
WS_BGRFC_INBOUND000,083,SRTQS_00505684390C1EDBB3DE9A9737049215,00505684390C1EDBB3DE9A9737051215
WS_BGRFC_INBOUND000,083,SRTQS_00505684390C1EDBB3DE9B7A32443215,00505684390C1EDBB3DE9B7A3244B215
WS_BGRFC_INBOUND000,083,SRTQS_00505684390C1EDBB3DE9C86EF4B7215,00505684390C1EDBB3DE9C86EF4BF215
WS_BGRFC_INBOUND000,083,SRTQS_00505684390C1EDBB3DE9D4405A7B215,00505684390C1EDBB3DE9D4405A83215
WS_BGRFC_INBOUND000,083,SRTQS_00505684390C1EDBB3DE9DDC8776D215,00505684390C1EDBB3DE9DDC87775215
WS_BGRFC_INBOUND000,083,SRTQS_00505684390C1EDBB3DE9F5CC6153215,00505684390C1EDBB3DE9F5CC615B215
WS_BGRFC_INBOUND000,083,SRTQS_00505684390C1EDBB3DEA08AD078D215,00505684390C1EDBB3DEA08AD0795215
WS_BGRFC_INBOUND000,083,SRTQS_00505684390C1EDBB3DEA0B1D6F9F215,00505684390C1EDBB3DEA0B1D6FA7215
WS_BGRFC_INBOUND000,083,SRTQS_00505684390C1EDBB3DEA0D75F36D215,00505684390C1EDBB3DEA0D75F375215
WS_BGRFC_INBOUND000,083,SRTQS_00505684390C1EDBB3DEA0D75F3CF215,00505684390C1EDBB3DEA0FD78225215
WS_BGRFC_INBOUND000,083,SRTQS_00505684390C1EDBB3DEA0FD78281215,00505684390C1EDBB3DEA0FD78289215
WS_BGRFC_INBOUND000,083,SRTQS_00505684390C1EDBB3DEA12426B6B215,00505684390C1EDBB3DEA12426B73215
WS_BGRFC_INBOUND000,083,SRTQS_00505684390C1EDBB3DEA17092683215,00505684390C1EDBB3DEA1709268B215
WS_BGRFC_INBOUND000,083,SRTQS_00505684390C1EDBB3DEA170926CF215,00505684390C1EDBB3DEA170926D7215
WS_BGRFC_INBOUND000,083,SRTQS_00505684390C1EDBB3DEA20868EEB215,00505684390C1EDBB3DEA20868EF3215
WS_BGRFC_INBOUND000,083,SRTQS_00505684390C1EDBB3DEA231A477D215,00505684390C1EDBB3DEA231A4785215
WS_BGRFC_INBOUND000,083,SRTQS_00505684390C1EDBB3E59C0A1C133224,00505684390C1EDBB3E59C0A1C139224
WS_BGRFC_INBOUND000,083,SRTQS_00505684390C1EDBB3E59C2B002FF224,00505684390C1EDBB3E59C2B00305224
WS_BGRFC_INBOUND000,083,SRTQS_00505684390C1EDBB3E5C9C221203225,00505684390C1EDBB3E5C9C22120B225
WS_BGRFC_INBOUND000,083,SRTQS_00505684390C1EDBB3E5C9EA5A5CD225,00505684390C1EDBB3E5C9EA5A5D5225
WS_BGRFC_INBOUND000,083,SRTQS_00505684390C1EDBB3E5CA346DA0B225,00505684390C1EDBB3E5CA346DA13225
WS_BGRFC_INBOUND000,083,SRTQS_00505684390C1EDBB3E5CA8B41E8B225,00505684390C1EDBB3E5CA8B41E93225
WS_BGRFC_INBOUND000,083,SRTQS_00505684390C1EDBB3E5CAA792C77225,00505684390C1EDBB3E5CAA792C7F225
WS_BGRFC_INBOUND000,083,SRTQS_00505684390C1EDBB3E5CACDBE391225,00505684390C1EDBB3E5CACDBE399225
WS_BGRFC_INBOUND000,083,SRTQS_00505684390C1EDBB3E5CAF426D31225,00505684390C1EDBB3E5CAF426D39225
WS_BGRFC_INBOUND000,083,SRTQS_00505684390C1EDBB3E5CB1A206B1225,00505684390C1EDBB3E5CB1A206B9225
WS_BGRFC_INBOUND000,083,SRTQS_00505684390C1EDBB3E5CB1A2072F225,00505684390C1EDBB3E5CB1A20737225
WS_BGRFC_INBOUND000,083,SRTQS_00505684390C1EDBB3E5CB4020A9F225,00505684390C1EDBB3E5CB4020AA7225
WS_BGRFC_INBOUND000,083,SRTQS_00505684390C1EDBB3E5CB917DC9F225,00505684390C1EDBB3E5CB917DCA7225
WS_BGRFC_INBOUND000,083,SRTQS_00505684390C1EDBB3E5CBB577BAF225,00505684390C1EDBB3E5CBB577BB7225
WS_BGRFC_INBOUND000,083,SRTQS_00505684390C1EDBB3E5CBDA6F0F7225,00505684390C1EDBB3E5CBDA6F0FF225
WS_BGRFC_INBOUND000,083,SRTQS_00505684390C1EDBB3E5CC0099C4B225,00505684390C1EDBB3E5CC0099C53225
WS_BGRFC_INBOUND000,083,SRTQS_00505684390C1EDBB3E5CC0099CC9225,00505684390C1EDBB3E5CC0099CD1225
WS_BGRFC_INBOUND000,083,SRTQS_00505684390C1EDBB3E5CC26BABCD225,00505684390C1EDBB3E5CC26BABD5225
WS_BGRFC_INBOUND000,083,SRTQS_00505684390C1EDBB3E5CC4E4B61B225,00505684390C1EDBB3E5CC4E4B623225
WS_BGRFC_INBOUND000,083,SRTQS_00505684390C1EDBB3E5CC72F3A7F225,00505684390C1EDBB3E5CC72F3A87225
WS_BGRFC_INBOUND000,083,SRTQS_00505684390C1EDBB3E5CCBF43EC7225,00505684390C1EDBB3E5CCBF43ECF225
WS_BGRFC_INBOUND000,083,SRTQS_00505684390C1EDBB3E5CD7BB08BF225,00505684390C1EDBB3E5CD7BB08C7225
WS_BGRFC_INBOUND000,083,SRTQS_00505684390C1EDBB3E5CDA2D7F9F225,00505684390C1EDBB3E5CDA2D7FA7225
WS_BGRFC_INBOUND000,083,SRTQS_00505684390C1EDBB3E5CDC991F5F225,00505684390C1EDBB3E5CDC991F67225
WS_BGRFC_INBOUND000,083,SRTQS_00505684390C1EDBB3E5CE1628417225,00505684390C1EDBB3E5CE162841F225
WS_BGRFC_INBOUND000,083,SRTQS_00505684390C1EDBB3E5CEAE84D53225,00505684390C1EDBB3E5CEAE84D5B225
WS_BGRFC_INBOUND000,083,SRTQS_00505684390C1EDBB3E5D02F87E23225,00505684390C1EDBB3E5D02F87E2B225
WS_BGRFC_INBOUND000,083,SRTQS_00505684390C1EDBB3E5D10FC9AE3225,00505684390C1EDBB3E5D10FC9AEB225
WS_BGRFC_INBOUND000,083,SRTQS_00505684390C1EDBB3E5D10FC9B31225,00505684390C1EDBB3E5D10FC9B39225
WS_BGRFC_INBOUND000,083,SRTQS_00505684390C1EDBB3E5D1A88904B225,00505684390C1EDBB3E5D1A889053225
WS_BGRFC_INBOUND000,083,SRTQS_00505684390C1EDBB3E5D1A8890BB225,00505684390C1EDBB3E5D1A8890C3225
WS_BGRFC_INBOUND000,083,SRTQS_00505684390C1EDBB3E5D3035AD77225,00505684390C1EDBB3E5D3035AD7F225
WS_BGRFC_INBOUND000,083,SRTQS_00505684390C1EDBB3E5D3035ADE7225,00505684390C1EDBB3E5D3035ADEF225
WS_BGRFC_INBOUND000,083,SRTQS_00505684390C1EDBB3E5D374CBDD5225,00505684390C1EDBB3E5D374CBDDD225
WS_BGRFC_INBOUND000,083,SRTQS_00505684390C1EDBB3E5D397E4977225,00505684390C1EDBB3E5D397E497F225
WS_BGRFC_INBOUND000,083,SRTQS_00505684390C1EDBB3E5D397E49E7225,00505684390C1EDBB3E5D397E49EF225
WS_BGRFC_INBOUND000,083,SRTQS_00505684390C1EDBB3E5D4F0A9FF3225,00505684390C1EDBB3E5D4F0A9FFB225
WS_BGRFC_INBOUND000,083,SRTQS_00505684390C1EDBB3E5D517119FD225,00505684390C1EDBB3E5D51711A05225
WS_BGRFC_INBOUND000,083,SRTQS_00505684390C1EDBB3E5D58984441225,00505684390C1EDBB3E5D58984449225
WS_BGRFC_INBOUND000,083,SRTQS_00505684390C1EDBB3E5D5AE4004B225,00505684390C1EDBB3E5D5AE40053225
WS_BGRFC_INBOUND000,083,SRTQS_00505684390C1EDBB3E5D7A09BAEF225,00505684390C1EDBB3E5D7A09BAF7225
WS_BGRFC_INBOUND000,083,SRTQS_00505684390C1EDBB3E5D7C6D68B3225,00505684390C1EDBB3E5D7C6D68BB225
WS_BGRFC_INBOUND000,083,SRTQS_00505684390C1EDBB3E5D7EB747B9225,00505684390C1EDBB3E5D7EB747C1225
WS_BGRFC_INBOUND000,083,SRTQS_00505684390C1EDBB3E5D85C67B77225,00505684390C1EDBB3E5D85C67B7F225
WS_BGRFC_INBOUND000,083,SRTQS_00505684390C1EDBB3E5D8839D9AF225,00505684390C1EDBB3E5D8839D9B7225
WS_BGRFC_INBOUND000,083,SRTQS_00505684390C1EDBB3E5D9426E8DD225,00505684390C1EDBB3E5D9426E8E5225
WS_BGRFC_INBOUND000,083,SRTQS_00505684390C1EDBB3E5DABEF895B225,00505684390C1EDBB3E5DABEF8963225
WS_BGRFC_INBOUND000,083,SRTQS_00505684390C1EDBB3E5DAE9CFEF1225,00505684390C1EDBB3E5DAE9CFEF9225
WS_BGRFC_INBOUND000,083,SRTQS_00505684390C1EDBB3E5DB879236F225,00505684390C1EDBB3E5DB8792377225
WS_BGRFC_INBOUND000,083,SRTQS_00505684390C1EDBB3E5DB87923BD225,00505684390C1EDBB3E5DB87923C5225
WS_BGRFC_INBOUND000,083,SRTQS_00505684390C1EDBB3E5DCAF4CF23225,00505684390C1EDBB3E5DCAF4CF2B225
WS_BGRFC_INBOUND000,083,SRTQS_00505684390C1EDBB3E5DD93D2B9B225,00505684390C1EDBB3E5DD93D2BA3225
WS_BGRFC_INBOUND000,083,SRTQS_00505684390C1EDBB3E5DE2EC2A55225,00505684390C1EDBB3E5DE2EC2A5D225
WS_BGRFC_INBOUND000,083,SRTQS_00505684390C1EDBB3E5DEEC3E7D3225,00505684390C1EDBB3E5DEEC3E7DB225
WS_BGRFC_INBOUND000,083,SRTQS_00505684390C1EDBB3E5E044213D7225,00505684390C1EDBB3E5E044213DF225
WS_BGRFC_INBOUND000,083,SRTQS_00505684390C1EDBB3E5E1752D965225,00505684390C1EDBB3E5E1752D96D225
WS_BGRFC_INBOUND000,083,SRTQS_00505684390C1EDBB3E5E19AA00C3225,00505684390C1EDBB3E5E19AA00CB225
WS_BGRFC_INBOUND000,083,SRTQS_00505684390C1EDBB3E5E1C0BC95D225,00505684390C1EDBB3E5E1C0BC965225
WS_BGRFC_INBOUND000,083,SRTQS_00505684390C1EDBB3E5E1E5E53C1225,00505684390C1EDBB3E5E1E5E53C9225
WS_BGRFC_INBOUND000,083,SRTQS_00505684390C1EDBB3E5E212E38FF225,00505684390C1EDBB3E5E212E3907225
WS_BGRFC_INBOUND000,083,SRTQS_00505684390C1EDBB3E5E232C8805225,00505684390C1EDBB3E5E232C880D225
WS_BGRFC_INBOUND000,083,SRTQS_00505684390C1EDBB3E5E25929443225,00505684390C1EDBB3E5E2592944B225
WS_BGRFC_INBOUND000,083,SRTQS_00505684390C1EDBB3E5E27E5D1FB225,00505684390C1EDBB3E5E27E5D203225
WS_BGRFC_INBOUND000,083,SRTQS_00505684390C1EDBB3E5E318EBEDB225,00505684390C1EDBB3E5E318EBEE3225
WS_BGRFC_INBOUND000,083,SRTQS_00505684390C1EDBB3E5E33F22997225,00505684390C1EDBB3E5E33F2299F225
WS_BGRFC_INBOUND000,083,SRTQS_00505684390C1EDBB3F79CB979EC72BA,00505684390C1EDBB3F79CB979ECF2BA
WS_BGRFC_INBOUND000,083,SRTQS_00505684390C1EDBB3F79D51B1F572BA,00505684390C1EDBB3F79D51B1F5F2BA
WS_BGRFC_INBOUND000,083,SRTQS_00505684390C1EDBB3F79E8499BDD2BA,00505684390C1EDBB3F79E8499BE52BA
WS_BGRFC_INBOUND000,083,SRTQS_00505684390C1EDBB3F79EAB3B6C32BA,00505684390C1EDBB3F79EAB3B6CB2BA
WS_BGRFC_INBOUND000,083,SRTQS_00505684390C1EDBB3F79F66848C52BA,00505684390C1EDBB3F79F66848CD2BA
WS_BGRFC_INBOUND000,083,SRTQS_00505684390C1EDBB3F7A024EB8CF2BA,00505684390C1EDBB3F7A024EB8D72BA
WS_BGRFC_INBOUND000,083,SRTQS_00505684390C1EDBB3F7A0C505EA72BA,00505684390C1EDBB3F7A0C505EAF2BA
WS_BGRFC_INBOUND000,083,SRTQS_00505684390C1EDBB3F7A1307F8452BA,00505684390C1EDBB3F7A1307F84D2BA
WS_BGRFC_INBOUND000,083,SRTQS_00505684390C1EDBB3F7A263544572BA,00505684390C1EDBB3F7A2635445F2BA
WS_BGRFC_INBOUND000,083,SRTQS_00505684390C1EDBB3F7A397D49DF2BA,00505684390C1EDBB3F7A397D49E72BA
WS_BGRFC_INBOUND000,083,SRTQS_00505684390C1EDBB490C59F826973F0,00505684390C1EDBB490C59F8269F3F0
WS_BGRFC_INBOUND000,083,SRTQS_00505684390C1EDBB490C6570B5413F0,00505684390C1EDBB490C6570B5493F0
WS_BGRFC_INBOUND000,083,SRTQS_00505684390C1EDBB490C7D4C92A73F0,00505684390C1EDBB490C7D4C92AF3F0
WS_BGRFC_INBOUND000,083,SRTQS_00505684390C1EDBB490C7D4C92F93F0,00505684390C1EDBB490C7D4C93013F0
WS_BGRFC_INBOUND000,083,SRTQS_00505684390C1EDBB490C8E0FC7CD3F0,00505684390C1EDBB490C8E0FC7D53F0
WS_BGRFC_INBOUND000,083,SRTQS_00505684390C1EDBB490C9EB7C3173F0,00505684390C1EDBB490C9EB7C31F3F0
WS_BGRFC_INBOUND000,083,SRTQS_00505684390C1EDBB490CAA9A3E7F3F0,00505684390C1EDBB490CAA9A3E873F0
WS_BGRFC_INBOUND000,083,SRTQS_00505684390C1EDBB490CB4228F213F0,00505684390C1EDBB490CB4228F293F0
WS_BGRFC_INBOUND000,083,SRTQS_00505684390C1EDBB490CC9A074013F0,00505684390C1EDBB490CC9A074093F0
WS_BGRFC_INBOUND000,083,SRTQS_00505684390C1EDBB490CDF23C1573F0,00505684390C1EDBB490CDF23C15F3F0
WS_BGRFC_INBOUND000,083,SRTQS_00505684390C1EDBB4DC3BCB205AB503,00505684390C1EDBB4DC3BCB205B3503
WS_BGRFC_INBOUND000,083,SRTQS_00505684390C1EDBB4DC3DD94A89B503,00505684390C1EDBB4DC3DD94A8A3503
WS_BGRFC_INBOUND000,083,SRTQS_00505684390C1EDBB4DC3E001261B503,00505684390C1EDBB4DC3E0012623503
WS_BGRFC_INBOUND000,083,SRTQS_00505684390C1EDBB4DC3E262A7AD503,00505684390C1EDBB4DC3E262A7B5503
WS_BGRFC_INBOUND000,083,SRTQS_00505684390C1EDBB4DC3E4CD2D9B503,00505684390C1EDBB4DC3E4CD2DA3503
WS_BGRFC_INBOUND000,083,SRTQS_00505684390C1EDBB4DC3F2FC270B503,00505684390C1EDBB4DC3F2FC2713503
WS_BGRFC_INBOUND000,083,SRTQS_00505684390C1EDBB4DC404F16EC3503,00505684390C1EDBB4DC404F16ECB503
WS_BGRFC_INBOUND000,083,SRTQS_00505684390C1EDBB4DC410CA9717503,00505684390C1EDBB4DC410CA971F503
WS_BGRFC_INBOUND000,083,SRTQS_00505684390C1EDBB4DC41FAA0633503,00505684390C1EDBB4DC41FAA063B503
WS_BGRFC_INBOUND000,083,SRTQS_00505684390C1EDBB4DC4372FFE43503,00505684390C1EDBB4DC4372FFE4B503
WS_BGRFC_INBOUND000,083,SRTQS_00505684390C1EDBB4DC44F47C1FF503,00505684390C1EDBB4DC44F47C207503
WS_BGRFC_INBOUND000,083,SRTQS_00505684390C1EDBB4DC5E7F217A1503,00505684390C1EDBB4DC5E7F217A9503
WS_BGRFC_INBOUND000,083,SRTQS_00505684390C1EDBB4DC5F39B079B503,00505684390C1EDBB4DC5F39B07A3503
WS_BGRFC_INBOUND000,083,SRTQS_00505684390C1EDBB4DC5F87BF36D503,00505684390C1EDBB4DC5F87BF375503
WS_BGRFC_INBOUND000,083,SRTQS_00505684390C1EDBB4DC5FF870395503,00505684390C1EDBB4DC5FF87039D503
WS_BGRFC_INBOUND000,083,SRTQS_00505684390C1EDBB4DC60CA1C8A5505,00505684390C1EDBB4DC60CA1C8AD505
WS_BGRFC_INBOUND000,083,SRTQS_00505684390C1EDBB4F57CDE6C59F51E,00505684390C1EDBB4F57CDE6C5A751E
WS_BGRFC_INBOUND000,083,SRTQS_00505684390C1EDBB4F57ECB11C2751E,00505684390C1EDBB4F57ECB11C2F51E
WS_BGRFC_INBOUND000,083,SRTQS_00505684390C1EDBB4F57EF094D4151E,00505684390C1EDBB4F57EF094D4951E
WS_BGRFC_INBOUND000,083,SRTQS_00505684390C1EDBB4F57F24A3E1D51E,00505684390C1EDBB4F57F24A3E2551E
WS_BGRFC_INBOUND000,083,SRTQS_00505684390C1EDBB4F57F46223E151E,00505684390C1EDBB4F57F46223E951E
WS_BGRFC_INBOUND000,083,SRTQS_00505684390C1EDBB4F57FFC0990351E,00505684390C1EDBB4F57FFC0990B51E
WS_BGRFC_INBOUND000,083,SRTQS_00505684390C1EDBB4F580E1CE08351E,00505684390C1EDBB4F580E1CE08B51E
WS_BGRFC_INBOUND000,083,SRTQS_00505684390C1EDBB4F581A33488F51E,00505684390C1EDBB4F581A33489751E
WS_BGRFC_INBOUND000,083,SRTQS_00505684390C1EDBB4F58236F831551E,00505684390C1EDBB4F58236F831D51E
WS_BGRFC_INBOUND000,083,SRTQS_00505684390C1EDBB4F5838EE8B1351E,00505684390C1EDBB4F5838EE8B1B51E
WS_BGRFC_INBOUND000,083,SRTQS_00505684390C1EDBB4F584BF77FDF51E,00505684390C1EDBB4F584BF77FE751E
WS_BGRFC_INBOUND000,083,SRTQS_00505684390C1EDBB58E5F6BBC25D531,00505684390C1EDBB58E5F9C97ECD531
WS_BGRFC_INBOUND000,083,SRTQS_00505684390C1EDBB58E5FB1EBF4B531,00505684390C1EDBB58E5FB1EBF51531
WS_BGRFC_INBOUND000,083,SRTQS_00505684390C1EDBB58E5FB47380B531,00505684390C1EDBB58E5FB473813531
WS_BGRFC_INBOUND000,083,SRTQS_00505684390C1EDBB58E9308B8C45531,00505684390C1EDBB58E9308B8C4D531
WS_BGRFC_INBOUND000,083,SRTQS_00505684390C1EDBB58E935443457531,00505684390C1EDBB58E93544345F531
WS_BGRFC_INBOUND000,083,SRTQS_00505684390C1EDBB58E93A0531B7531,00505684390C1EDBB58E93C5E98DD531
WS_BGRFC_INBOUND000,083,SRTQS_00505684390C1EDBB58E93ED07653531,00505684390C1EDBB58E93ED0765B531
WS_BGRFC_INBOUND000,083,SRTQS_00505684390C1EDBB58E94127398B531,00505684390C1EDBB58E941273993531
WS_BGRFC_INBOUND000,083,SRTQS_00505684390C1EDBB58E943B23961531,00505684390C1EDBB58E943B23969531
WS_BGRFC_INBOUND000,083,SRTQS_00505684390C1EDBB58E94639568F531,00505684390C1EDBB58E946395697531
WS_BGRFC_INBOUND000,083,SRTQS_00505684390C1EDBB58E94FA25865531,00505684390C1EDBB58E94FA2586D531
WS_BGRFC_INBOUND000,083,SRTQS_00505684390C1EDBB58E9522EFF61531,00505684390C1EDBB58E9522EFF69531
WS_BGRFC_INBOUND000,083,SRTQS_00505684390C1EDBB58E9545835FD531,00505684390C1EDBB58E954583605531
WS_BGRFC_INBOUND000,083,SRTQS_00505684390C1EDBB58E956E0B04D531,00505684390C1EDBB58E956E0B055531
WS_BGRFC_INBOUND000,083,SRTQS_00505684390C1EDBB58E9592FFBB5531,00505684390C1EDBB58E9592FFBBD531
WS_BGRFC_INBOUND000,083,SRTQS_00505684390C1EDBB58E95B6CD283531,00505684390C1EDBB58E95B6CD28B531
WS_BGRFC_INBOUND000,083,SRTQS_00505684390C1EDBB58E95DDEC10B531,00505684390C1EDBB58E95DDEC113531
WS_BGRFC_INBOUND000,083,SRTQS_00505684390C1EDBB58E96048615B531,00505684390C1EDBB58E960486163531
WS_BGRFC_INBOUND000,083,SRTQS_00505684390C1EDBB58E9629561CB531,00505684390C1EDBB58E9629561D3531
WS_BGRFC_INBOUND000,083,SRTQS_00505684390C1EDBB58E964E40B8D531,00505684390C1EDBB58E964E40B95531
WS_BGRFC_INBOUND000,083,SRTQS_00505684390C1EDBB58E967464907531,00505684390C1EDBB58E96746490F531
WS_BGRFC_INBOUND000,083,SRTQS_00505684390C1EDBB58E96E89706D531,00505684390C1EDBB58E96E897075531
WS_BGRFC_INBOUND000,083,SRTQS_00505684390C1EDBB58E97A67F221531,00505684390C1EDBB58E97A67F229531
WS_BGRFC_INBOUND000,083,SRTQS_00505684390C1EDBB58E97CBC0289531,00505684390C1EDBB58E97CBC0291531
WS_BGRFC_INBOUND000,083,SRTQS_00505684390C1EDBB58E97F49B427531,00505684390C1EDBB58E97F49B42F531
WS_BGRFC_INBOUND000,083,SRTQS_00505684390C1EDBB58E983FB33D3531,00505684390C1EDBB58E983FB33DB531
WS_BGRFC_INBOUND000,083,SRTQS_00505684390C1EDBB58E9900957F7531,00505684390C1EDBB58E9900957FF531
WS_BGRFC_INBOUND000,083,SRTQS_00505684390C1EDBB58E9AA0E3F8D531,00505684390C1EDBB58E9AA0E3F95531
WS_BGRFC_INBOUND000,083,SRTQS_00505684390C1EDBB58E9BABE55A9531,00505684390C1EDBB58E9BABE55B1531
WS_BGRFC_INBOUND000,083,SRTQS_00505684390C1EDBB58E9BD20EFF3531,00505684390C1EDBB58E9BD20EFFB531
WS_BGRFC_INBOUND000,083,SRTQS_00505684390C1EDBB58E9C5A700A9531,00505684390C1EDBB58E9C5A700B1531
WS_BGRFC_INBOUND000,083,SRTQS_00505684390C1EDBB58E9C7E2F2B7531,00505684390C1EDBB58E9C7E2F2BF531
WS_BGRFC_INBOUND000,083,SRTQS_00505684390C1EDBB58E9DAE981F3531,00505684390C1EDBB58E9DAE981FB531
WS_BGRFC_INBOUND000,083,SRTQS_00505684390C1EDBB58E9DAE98263531,00505684390C1EDBB58E9DAE9826B531
WS_BGRFC_INBOUND000,083,SRTQS_00505684390C1EDBB58E9E217012B531,00505684390C1EDBB58E9E2170133531
WS_BGRFC_INBOUND000,083,SRTQS_00505684390C1EDBB58E9E217019B531,00505684390C1EDBB58E9E21701A3531
WS_BGRFC_INBOUND000,083,SRTQS_00505684390C1EDBB58E9E4B57BC9531,00505684390C1EDBB58E9E4B57BD1531
WS_BGRFC_INBOUND000,083,SRTQS_00505684390C1EDBB58E9F9E89053531,00505684390C1EDBB58E9F9E8905B531
WS_BGRFC_INBOUND000,083,SRTQS_00505684390C1EDBB58E9F9E890C5531,00505684390C1EDBB58E9F9E890CD531
WS_BGRFC_INBOUND000,083,SRTQS_00505684390C1EDBB58EA0373038F531,00505684390C1EDBB58EA03730397531
WS_BGRFC_INBOUND000,083,SRTQS_00505684390C1EDBB58EA05E4E237531,00505684390C1EDBB58EA05E4E23F531
WS_BGRFC_INBOUND000,083,SRTQS_00505684390C1EDBB58EA2278EB17531,00505684390C1EDBB58EA2278EB1F531
WS_BGRFC_INBOUND000,083,SRTQS_00505684390C1EDBB58EA2278EB89531,00505684390C1EDBB58EA2278EB91531
WS_BGRFC_INBOUND000,083,SRTQS_00505684390C1EDBB58EA24DCC9B5531,00505684390C1EDBB58EA24DCC9BD531
WS_BGRFC_INBOUND000,083,SRTQS_00505684390C1EDBB58EA29DC8A23531,00505684390C1EDBB58EA29DC8A2B531
WS_BGRFC_INBOUND000,083,SRTQS_00505684390C1EDBB58EA2BFFC31F531,00505684390C1EDBB58EA2BFFC327531
WS_BGRFC_INBOUND000,083,SRTQS_00505684390C1EDBB58EA37F6C803531,00505684390C1EDBB58EA37F6C80B531
WS_BGRFC_INBOUND000,083,SRTQS_00505684390C1EDBB58EA489A1837531,00505684390C1EDBB58EA489A183F531
WS_BGRFC_INBOUND000,083,SRTQS_00505684390C1EDBB58EA4B046D91531,00505684390C1EDBB58EA4B046D99531
WS_BGRFC_INBOUND000,083,SRTQS_00505684390C1EDBB58EA4D5EED37531,00505684390C1EDBB58EA4D5EED3F531
WS_BGRFC_INBOUND000,083,SRTQS_00505684390C1EDBB58EA4FC678BF531,00505684390C1EDBB58EA4FC678C7531
WS_BGRFC_INBOUND000,083,SRTQS_00505684390C1EDBB58EA5BA78CF9531,00505684390C1EDBB58EA5BA78D01531
WS_BGRFC_INBOUND000,083,SRTQS_00505684390C1EDBB58EA67AF838F531,00505684390C1EDBB58EA67AF8397531
WS_BGRFC_INBOUND000,083,SRTQS_00505684390C1EDBB58EA738022AF531,00505684390C1EDBB58EA738022B7531
WS_BGRFC_INBOUND000,083,SRTQS_00505684390C1EDBB58EA7D32842B531,00505684390C1EDBB58EA7D328433531
WS_BGRFC_INBOUND000,083,SRTQS_00505684390C1EDBB58EA904C375F531,00505684390C1EDBB58EA904C3767531
WS_BGRFC_INBOUND000,083,SRTQS_00505684390C1EDBB58EAA0ECFBF9531,00505684390C1EDBB58EAA0ECFC01531
WS_BGRFC_INBOUND000,083,SRTQS_00505684390C1EDBB58EAA35D4615531,00505684390C1EDBB58EAA35D461D531
WS_BGRFC_INBOUND000,083,SRTQS_00505684390C1EDBB58EAA5941665531,00505684390C1EDBB58EAA594166D531
WS_BGRFC_INBOUND000,083,SRTQS_00505684390C1EDBB58EAA59416C7531,00505684390C1EDBB58EAA59416CF531
WS_BGRFC_INBOUND000,083,SRTQS_00505684390C1EDBB58EAA7F476F5531,00505684390C1EDBB58EAA7F476FD531
WS_BGRFC_INBOUND000,083,SRTQS_00505684390C1EDBB58EAACB6C549531,00505684390C1EDBB58EAACB6C551531
WS_BGRFC_INBOUND000,083,SRTQS_00505684390C1EDBB58EAAF213BAF531,00505684390C1EDBB58EAAF213BB7531
WS_BGRFC_INBOUND000,083,SRTQS_00505684390C1EDBB58EAB180B52D531,00505684390C1EDBB58EAB180B535531
WS_BGRFC_INBOUND000,083,SRTQS_00505684390C1EDBB58EAB8BD51BB531,00505684390C1EDBB58EAB8BD51C3531
WS_BGRFC_INBOUND000,083,SRTQS_00505684390C1EDBB58EABB04DF9B531,00505684390C1EDBB58EABD756D65531
WS_BGRFC_INBOUND000,083,SRTQS_00505684390C1EDBB58EABD756DBF531,00505684390C1EDBB58EABD756DC7531
WS_BGRFC_INBOUND000,083,SRTQS_00505684390C1EDBB5979E14B10CB545,00505684390C1EDBB5979E14B10D1545
WS_BGRFC_INBOUND000,083,SRTQS_00505684390C1EDBB5979E87B0D33545,00505684390C1EDBB5979E87B0D3B545
WS_BGRFC_INBOUND000,083,SRTQS_00505684390C1EDBB597EA73BE091545,00505684390C1EDBB597EA73BE099545
WS_BGRFC_INBOUND000,083,SRTQS_00505684390C1EDBB597EAC34BA71545,00505684390C1EDBB597EAE31DB43545
WS_BGRFC_INBOUND000,083,SRTQS_00505684390C1EDBB597EB560150F545,00505684390C1EDBB597EB5601517545
WS_BGRFC_INBOUND000,083,SRTQS_00505684390C1EDBB597EB7BFA30F545,00505684390C1EDBB597EB7BFA317545
WS_BGRFC_INBOUND000,083,SRTQS_00505684390C1EDBB597EBCBAC087545,00505684390C1EDBB597EBCBAC08F545
WS_BGRFC_INBOUND000,083,SRTQS_00505684390C1EDBB597EC1481EF7545,00505684390C1EDBB597EC1481EFF545
WS_BGRFC_INBOUND000,083,SRTQS_00505684390C1EDBB597EC631AF63545,00505684390C1EDBB597EC631AF6B545
WS_BGRFC_INBOUND000,083,SRTQS_00505684390C1EDBB597EC87B80D9545,00505684390C1EDBB597EC87B80E1545
WS_BGRFC_INBOUND000,083,SRTQS_00505684390C1EDBB597ECB044F97545,00505684390C1EDBB597ECB044F9F545
WS_BGRFC_INBOUND000,083,SRTQS_00505684390C1EDBB597ECD3004B9545,00505684390C1EDBB597ECD3004C1545
WS_BGRFC_INBOUND000,083,SRTQS_00505684390C1EDBB597ECFD39A5B545,00505684390C1EDBB597ECFD39A63545
WS_BGRFC_INBOUND000,083,SRTQS_00505684390C1EDBB597ED4ACEE87545,00505684390C1EDBB597ED4ACEE8F545
WS_BGRFC_INBOUND000,083,SRTQS_00505684390C1EDBB597ED6D65BAF545,00505684390C1EDBB597ED6D65BB7545
WS_BGRFC_INBOUND000,083,SRTQS_00505684390C1EDBB597ED928B06F545,00505684390C1EDBB597ED928B077545
WS_BGRFC_INBOUND000,083,SRTQS_00505684390C1EDBB597EDB9368C7545,00505684390C1EDBB597EDB9368CF545
WS_BGRFC_INBOUND000,083,SRTQS_00505684390C1EDBB597EDDE24795545,00505684390C1EDBB597EDDE2479D545
WS_BGRFC_INBOUND000,083,SRTQS_00505684390C1EDBB597EE0500573545,00505684390C1EDBB597EE050057B545
WS_BGRFC_INBOUND000,083,SRTQS_00505684390C1EDBB597EE2AC2521545,00505684390C1EDBB597EE2AC2529545
WS_BGRFC_INBOUND000,083,SRTQS_00505684390C1EDBB597EEC7BF2CD545,00505684390C1EDBB597EEC7BF2D5545
WS_BGRFC_INBOUND000,083,SRTQS_00505684390C1EDBB597EFAA9AF21545,00505684390C1EDBB597EFAA9AF29545
WS_BGRFC_INBOUND000,083,SRTQS_00505684390C1EDBB597EFF539DF7545,00505684390C1EDBB597EFF539DFF545
WS_BGRFC_INBOUND000,083,SRTQS_00505684390C1EDBB597F01A75375545,00505684390C1EDBB597F01A7537D545
WS_BGRFC_INBOUND000,083,SRTQS_00505684390C1EDBB597F08CBCECD545,00505684390C1EDBB597F08CBCED5545
WS_BGRFC_INBOUND000,083,SRTQS_00505684390C1EDBB597F17282A87545,00505684390C1EDBB597F17282A8F545
WS_BGRFC_INBOUND000,083,SRTQS_00505684390C1EDBB597F315301E1545,00505684390C1EDBB597F315301E9545
WS_BGRFC_INBOUND000,083,SRTQS_00505684390C1EDBB597F42431D95545,00505684390C1EDBB597F42431D9D545
WS_BGRFC_INBOUND000,083,SRTQS_00505684390C1EDBB597F4466A0C9545,00505684390C1EDBB597F4466A0D1545
WS_BGRFC_INBOUND000,083,SRTQS_00505684390C1EDBB597F4E07A313545,00505684390C1EDBB597F4E07A31B545
WS_BGRFC_INBOUND000,083,SRTQS_00505684390C1EDBB597F5054B13B545,00505684390C1EDBB597F5054B143545
WS_BGRFC_INBOUND000,083,SRTQS_00505684390C1EDBB597F684ECE21545,00505684390C1EDBB597F684ECE29545
WS_BGRFC_INBOUND000,083,SRTQS_00505684390C1EDBB597F6AADCCE9545,00505684390C1EDBB597F6AADCCF1545
WS_BGRFC_INBOUND000,083,SRTQS_00505684390C1EDBB597F71B7A8DD545,00505684390C1EDBB597F71B7A8E5545
WS_BGRFC_INBOUND000,083,SRTQS_00505684390C1EDBB597F74367F47545,00505684390C1EDBB597F74367F4F545
WS_BGRFC_INBOUND000,083,SRTQS_00505684390C1EDBB597F76838A0B545,00505684390C1EDBB597F76838A13545
WS_BGRFC_INBOUND000,083,SRTQS_00505684390C1EDBB597F8E826B9F545,00505684390C1EDBB597F8E826BA7545
WS_BGRFC_INBOUND000,083,SRTQS_00505684390C1EDBB597F90CD73DB545,00505684390C1EDBB597F90CD73E3545
WS_BGRFC_INBOUND000,083,SRTQS_00505684390C1EDBB597F9F2B54C7545,00505684390C1EDBB597F9F2B54CF545
WS_BGRFC_INBOUND000,083,SRTQS_00505684390C1EDBB597FA16A1813545,00505684390C1EDBB597FA16A181B545
WS_BGRFC_INBOUND000,083,SRTQS_00505684390C1EDBB597FC52D9E59545,00505684390C1EDBB597FC52D9E61545
WS_BGRFC_INBOUND000,083,SRTQS_00505684390C1EDBB597FC7882195545,00505684390C1EDBB597FC788219D545
WS_BGRFC_INBOUND000,083,SRTQS_00505684390C1EDBB597FCA3F8CB7545,00505684390C1EDBB597FCA3F8CBF545
WS_BGRFC_INBOUND000,083,SRTQS_00505684390C1EDBB597FD124C92F545,00505684390C1EDBB597FD124C937545
WS_BGRFC_INBOUND000,083,SRTQS_00505684390C1EDBB597FD5EA814F545,00505684390C1EDBB597FD5EA8157545
WS_BGRFC_INBOUND000,083,SRTQS_00505684390C1EDBB597FE42DE70B545,00505684390C1EDBB597FE42DE713545
WS_BGRFC_INBOUND000,083,SRTQS_00505684390C1EDBB597FFE6C1537545,00505684390C1EDBB597FFE6C153F545
WS_BGRFC_INBOUND000,083,SRTQS_00505684390C1EDBB59800349DCB3545,00505684390C1EDBB59800349DCBB545
WS_BGRFC_INBOUND000,083,SRTQS_00505684390C1EDBB598005AFDF1B545,00505684390C1EDBB598005AFDF23545
WS_BGRFC_INBOUND000,083,SRTQS_00505684390C1EDBB598005AFDF69545,00505684390C1EDBB598005AFDF71545
WS_BGRFC_INBOUND000,083,SRTQS_00505684390C1EDBB598016B221EF545,00505684390C1EDBB598016B221F7545
WS_BGRFC_INBOUND000,083,SRTQS_00505684390C1EDBB598024996C3B545,00505684390C1EDBB598024996C43545
WS_BGRFC_INBOUND000,083,SRTQS_00505684390C1EDBB59803543E107545,00505684390C1EDBB59803543E10F545
WS_BGRFC_INBOUND000,083,SRTQS_00505684390C1EDBB598043F0879B545,00505684390C1EDBB598043F087A3545
WS_BGRFC_INBOUND000,083,SRTQS_00505684390C1EDBB59805DCF4323545,00505684390C1EDBB59805DCF432B545
WS_BGRFC_INBOUND000,083,SRTQS_00505684390C1EDBB598075C4CE67545,00505684390C1EDBB598077FFCD4D545
WS_BGRFC_INBOUND000,083,SRTQS_00505684390C1EDBB598077FFCDAD545,00505684390C1EDBB598077FFCDB5545
WS_BGRFC_INBOUND000,083,SRTQS_00505684390C1EDBB59807A71C9A7545,00505684390C1EDBB59807A71C9AF545
WS_BGRFC_INBOUND000,083,SRTQS_00505684390C1EDBB59807CDA6B41545,00505684390C1EDBB59807CDA6B49545
WS_BGRFC_INBOUND000,083,SRTQS_00505684390C1EDBB59807F1DB6F1545,00505684390C1EDBB59807F1DB6F9545
WS_BGRFC_INBOUND000,083,SRTQS_00505684390C1EDBB598083F2FF31545,00505684390C1EDBB598083F2FF39545
WS_BGRFC_INBOUND000,083,SRTQS_00505684390C1EDBB598088E14753545,00505684390C1EDBB598088E1475B545
WS_BGRFC_INBOUND000,083,SRTQS_00505684390C1EDBB598088E1479F545,00505684390C1EDBB598088E147A7545
WS_BGRFC_INBOUND000,083,SRTQS_00505684390C1EDBB598094A7BB7B545,00505684390C1EDBB598094A7BB83545
WS_BGRFC_INBOUND000,083,SRTQS_00505684390C1EDBB598096F6A169545,00505684390C1EDBB598096F6A171545
WS_BGRFC_INBOUND000,083,SRTQS_00505684390C1EDBB59809963316B545,00505684390C1EDBB598099633173545
WS_BGRFC_INBOUND000,083,SRTQS_00505684390C1EDBB5A784EDB992F559,00505684390C1EDBB5A78516F30FD559
WS_BGRFC_INBOUND000,083,SRTQS_00505684390C1EDBB5A78516F314D559,00505684390C1EDBB5A785394DBAD559
WS_BGRFC_INBOUND000,083,SRTQS_00505684390C1EDBB5A7853EE181F559,00505684390C1EDBB5A7853EE1827559
WS_BGRFC_INBOUND000,083,SRTQS_00505684390C1EDBB5A7855F8D04F559,00505684390C1EDBB5A7855F8D057559
WS_BGRFC_INBOUND000,083,SRTQS_00505684390C1EDBB5A7B92821B2355A,00505684390C1EDBB5A7B92821B2B55A
WS_BGRFC_INBOUND000,083,SRTQS_00505684390C1EDBB5A7B94D6799755A,00505684390C1EDBB5A7B94D6799F55A
WS_BGRFC_INBOUND000,083,SRTQS_00505684390C1EDBB5A7B9C1637A955A,00505684390C1EDBB5A7B9C1637B155A
WS_BGRFC_INBOUND000,083,SRTQS_00505684390C1EDBB5A7B9E50749155A,00505684390C1EDBB5A7B9E50749955A
WS_BGRFC_INBOUND000,083,SRTQS_00505684390C1EDBB5A7BA57760DF55A,00505684390C1EDBB5A7BA57760E755A
WS_BGRFC_INBOUND000,083,SRTQS_00505684390C1EDBB5A7BA7E9F92555A,00505684390C1EDBB5A7BA7E9F92D55A
WS_BGRFC_INBOUND000,083,SRTQS_00505684390C1EDBB5A7BAA97BFA155A,00505684390C1EDBB5A7BAA97BFA955A
WS_BGRFC_INBOUND000,083,SRTQS_00505684390C1EDBB5A7BACEABEC555A,00505684390C1EDBB5A7BACEABECD55A
WS_BGRFC_INBOUND000,083,SRTQS_00505684390C1EDBB5A7BADD9AED355A,00505684390C1EDBB5A7BB032439F55A
WS_BGRFC_INBOUND000,083,SRTQS_00505684390C1EDBB5A7BB2E2B9FF55A,00505684390C1EDBB5A7BB2E2BA0755A
WS_BGRFC_INBOUND000,083,SRTQS_00505684390C1EDBB5A7BB4F9598755A,00505684390C1EDBB5A7BB4F9598F55A
WS_BGRFC_INBOUND000,083,SRTQS_00505684390C1EDBB5A7BB755F6B355A,00505684390C1EDBB5A7BB755F6BB55A
WS_BGRFC_INBOUND000,083,SRTQS_00505684390C1EDBB5A7BB9BAA2FF55A,00505684390C1EDBB5A7BB9BAA30755A
WS_BGRFC_INBOUND000,083,SRTQS_00505684390C1EDBB5A7BBC2A498755A,00505684390C1EDBB5A7BBC2A498F55A
WS_BGRFC_INBOUND000,083,SRTQS_00505684390C1EDBB5A7BBEB2737B55A,00505684390C1EDBB5A7BBEB2738355A
WS_BGRFC_INBOUND000,083,SRTQS_00505684390C1EDBB5A7BC0EBF08B55A,00505684390C1EDBB5A7BC0EBF09355A
WS_BGRFC_INBOUND000,083,SRTQS_00505684390C1EDBB5A7BC369CDCB55A,00505684390C1EDBB5A7BC369CDD355A
WS_BGRFC_INBOUND000,083,SRTQS_00505684390C1EDBB5A7BC5B07B9355A,00505684390C1EDBB5A7BC5B07B9B55A
WS_BGRFC_INBOUND000,083,SRTQS_00505684390C1EDBB5A7BCCE0C9B155A,00505684390C1EDBB5A7BCCE0C9B955A
WS_BGRFC_INBOUND000,083,SRTQS_00505684390C1EDBB5A7BD8DE522B55A,00505684390C1EDBB5A7BD8DE523355A
WS_BGRFC_INBOUND000,083,SRTQS_00505684390C1EDBB5A7BDB2017EF55A,00505684390C1EDBB5A7BDB2017F755A
WS_BGRFC_INBOUND000,083,SRTQS_00505684390C1EDBB5A7BDFDDB83355A,00505684390C1EDBB5A7BDFDDB83B55A
WS_BGRFC_INBOUND000,083,SRTQS_00505684390C1EDBB5A7BE23F2CC755A,00505684390C1EDBB5A7BE23F2CCF55A
WS_BGRFC_INBOUND000,083,SRTQS_00505684390C1EDBB5A7BE4A964EB55A,00505684390C1EDBB5A7BE4A964F355A
WS_BGRFC_INBOUND000,083,SRTQS_00505684390C1EDBB5A7BE972F15B55A,00505684390C1EDBB5A7BE972F16355A
WS_BGRFC_INBOUND000,083,SRTQS_00505684390C1EDBB5A7BF558E59355A,00505684390C1EDBB5A7BF558E59B55A
WS_BGRFC_INBOUND000,083,SRTQS_00505684390C1EDBB5A7C0FC4D6F355A,00505684390C1EDBB5A7C0FC4D6FB55A
WS_BGRFC_INBOUND000,083,SRTQS_00505684390C1EDBB5A7C2047808955A,00505684390C1EDBB5A7C2047809155A
WS_BGRFC_INBOUND000,083,SRTQS_00505684390C1EDBB5A7C204780D755A,00505684390C1EDBB5A7C204780DF55A
WS_BGRFC_INBOUND000,083,SRTQS_00505684390C1EDBB5A7C29E5BE5555A,00505684390C1EDBB5A7C29E5BE5D55A
WS_BGRFC_INBOUND000,083,SRTQS_00505684390C1EDBB5A7C2C5D67EF55A,00505684390C1EDBB5A7C2C5D67F755A
WS_BGRFC_INBOUND000,083,SRTQS_00505684390C1EDBB5A7C4403833B55A,00505684390C1EDBB5A7C4403834355A
WS_BGRFC_INBOUND000,083,SRTQS_00505684390C1EDBB5A7C440383AB55A,00505684390C1EDBB5A7C440383B355A
WS_BGRFC_INBOUND000,083,SRTQS_00505684390C1EDBB5A7C4B4FAAE755A,00505684390C1EDBB5A7C4B4FAAEF55A
WS_BGRFC_INBOUND000,083,SRTQS_00505684390C1EDBB5A7C4B4FAB5755A,00505684390C1EDBB5A7C4D8E2F0D55A
WS_BGRFC_INBOUND000,083,SRTQS_00505684390C1EDBB5A7C4D8E2F7555A,00505684390C1EDBB5A7C4D8E2F7D55A
WS_BGRFC_INBOUND000,083,SRTQS_00505684390C1EDBB5A7C656D12BB55A,00505684390C1EDBB5A7C656D12C355A
WS_BGRFC_INBOUND000,083,SRTQS_00505684390C1EDBB5A7C67ED0E0355A,00505684390C1EDBB5A7C67ED0E0B55A
WS_BGRFC_INBOUND000,083,SRTQS_00505684390C1EDBB5A7C717BB9A355A,00505684390C1EDBB5A7C717BB9AB55A
WS_BGRFC_INBOUND000,083,SRTQS_00505684390C1EDBB5A7C73D084FB55A,00505684390C1EDBB5A7C73D0850355A
WS_BGRFC_INBOUND000,083,SRTQS_00505684390C1EDBB5A7C95708CD355A,00505684390C1EDBB5A7C95708CDB55A
WS_BGRFC_INBOUND000,083,SRTQS_00505684390C1EDBB5A7C977BA2F355A,00505684390C1EDBB5A7C977BA2FB55A
WS_BGRFC_INBOUND000,083,SRTQS_00505684390C1EDBB5A7C99E4FC9F55A,00505684390C1EDBB5A7C99E4FCA755A
WS_BGRFC_INBOUND000,083,SRTQS_00505684390C1EDBB5A7C9E98AC4955A,00505684390C1EDBB5A7C9E98AC5155A
WS_BGRFC_INBOUND000,083,SRTQS_00505684390C1EDBB5A7CA35D739B55A,00505684390C1EDBB5A7CA35D73A355A
WS_BGRFC_INBOUND000,083,SRTQS_00505684390C1EDBB5A7CAF571C8755A,00505684390C1EDBB5A7CAF571C8F55A
WS_BGRFC_INBOUND000,083,SRTQS_00505684390C1EDBB5A7CC73D38EF55A,00505684390C1EDBB5A7CC73D38F755A
WS_BGRFC_INBOUND000,083,SRTQS_00505684390C1EDBB5A7CC9C6F30B55A,00505684390C1EDBB5A7CC9C6F31355A
WS_BGRFC_INBOUND000,083,SRTQS_00505684390C1EDBB5A7CCC07ADB355A,00505684390C1EDBB5A7CCC07ADBB55A
WS_BGRFC_INBOUND000,083,SRTQS_00505684390C1EDBB5A7CCC07AE0155A,00505684390C1EDBB5A7CCC07AE0955A
WS_BGRFC_INBOUND000,083,SRTQS_00505684390C1EDBB5A7CDA57F5F355A,00505684390C1EDBB5A7CDA57F5FB55A
WS_BGRFC_INBOUND000,083,SRTQS_00505684390C1EDBB5A7CEB27F6EB55A,00505684390C1EDBB5A7CEB27F6F355A
WS_BGRFC_INBOUND000,083,SRTQS_00505684390C1EDBB5A7CF487F51955A,00505684390C1EDBB5A7CF487F52155A
WS_BGRFC_INBOUND000,083,SRTQS_00505684390C1EDBB5A7D0094BD2355A,00505684390C1EDBB5A7D0094BD2B55A
WS_BGRFC_INBOUND000,083,SRTQS_00505684390C1EDBB5A7D15F542EF55A,00505684390C1EDBB5A7D15F542F755A
WS_BGRFC_INBOUND000,083,SRTQS_00505684390C1EDBB5A7D2B45E00355A,00505684390C1EDBB5A7D2B45E00B55A
WS_BGRFC_INBOUND000,083,SRTQS_00505684390C1EDBB5A7D2B45E06B55A,00505684390C1EDBB5A7D2B45E07355A
WS_BGRFC_INBOUND000,083,SRTQS_00505684390C1EDBB5A7D2DD26DDF55A,00505684390C1EDBB5A7D2DD26DE755A
WS_BGRFC_INBOUND000,083,SRTQS_00505684390C1EDBB5A7D302DA91B55A,00505684390C1EDBB5A7D302DA92355A
WS_BGRFC_INBOUND000,083,SRTQS_00505684390C1EDBB5A7D32ABD93B55A,00505684390C1EDBB5A7D32ABD94355A
WS_BGRFC_INBOUND000,083,SRTQS_00505684390C1EDBB5A7D34F1063155A,00505684390C1EDBB5A7D34F1063955A
WS_BGRFC_INBOUND000,083,SRTQS_00505684390C1EDBB5A7D373F412F55A,00505684390C1EDBB5A7D373F413755A
WS_BGRFC_INBOUND000,083,SRTQS_00505684390C1EDBB5A7D3994FC5555A,00505684390C1EDBB5A7D3994FC5D55A
WS_BGRFC_INBOUND000,083,SRTQS_00505684390C1EDBB5A7D433C1D8355A,00505684390C1EDBB5A7D433C1D8B55A
WS_BGRFC_INBOUND000,083,SRTQS_00505684390C1EDBB5A7D45B1F1FF55A,00505684390C1EDBB5A7D45B1F20755A
WS_BGRFC_INBOUND000,083,SRTQS_00505684390C1EDBB5A7D45B1F26155A,00505684390C1EDBB5A7D45B1F26955A
WS_BGRFC_INBOUND000,083,SRTQS_00505684390C1EDBB5C0AE9E1071758E,00505684390C1EDBB5C0AE9E1071D58E
WS_BGRFC_INBOUND000,083,SRTQS_00505684390C1EDBB5C0AE9E1076D58E,00505684390C1EDBB5C0AE9E1077358E
WS_BGRFC_INBOUND000,083,SRTQS_00505684390C1EDBB5C0AEC452ED158E,00505684390C1EDBB5C0AEC452ED958E
WS_BGRFC_INBOUND000,083,SRTQS_00505684390C1EDBB5C0AEEF8666558E,00505684390C1EDBB5C0AEEF8666D58E
WS_BGRFC_INBOUND000,083,SRTQS_00505684390C1EDBB5C0E2FFB1D6D58E,00505684390C1EDBB5C0E2FFB1D7558E
WS_BGRFC_INBOUND000,083,SRTQS_00505684390C1EDBB5C0E34BC720558E,00505684390C1EDBB5C0E34BC720D58E
WS_BGRFC_INBOUND000,083,SRTQS_00505684390C1EDBB5C0E3BF0619758E,00505684390C1EDBB5C0E3BF0619F58E
WS_BGRFC_INBOUND000,083,SRTQS_00505684390C1EDBB5C0E3E4B82DF58E,00505684390C1EDBB5C0E3E4B82E758E
WS_BGRFC_INBOUND000,083,SRTQS_00505684390C1EDBB5C0E43225C3D58E,00505684390C1EDBB5C0E43225C4558E
WS_BGRFC_INBOUND000,083,SRTQS_00505684390C1EDBB5C0E458618EB58E,00505684390C1EDBB5C0E458618F358E
WS_BGRFC_INBOUND000,083,SRTQS_00505684390C1EDBB5C0E4806FCFB58E,00505684390C1EDBB5C0E4806FD0358E
WS_BGRFC_INBOUND000,083,SRTQS_00505684390C1EDBB5C0E4A3E3D3758E,00505684390C1EDBB5C0E4A3E3D3F58E
WS_BGRFC_INBOUND000,083,SRTQS_00505684390C1EDBB5C0E4C8F160958E,00505684390C1EDBB5C0E4C8F161158E
WS_BGRFC_INBOUND000,083,SRTQS_00505684390C1EDBB5C0E4F00A93758E,00505684390C1EDBB5C0E4F00A93F58E
WS_BGRFC_INBOUND000,083,SRTQS_00505684390C1EDBB5C0E514D83A158E,00505684390C1EDBB5C0E514D83A958E
WS_BGRFC_INBOUND000,083,SRTQS_00505684390C1EDBB5C0E53B9B49B58E,00505684390C1EDBB5C0E53B9B4A358E
WS_BGRFC_INBOUND000,083,SRTQS_00505684390C1EDBB5C0E5610AF4958E,00505684390C1EDBB5C0E5610AF5158E
WS_BGRFC_INBOUND000,083,SRTQS_00505684390C1EDBB5C0E588C388B58E,00505684390C1EDBB5C0E588C389358E
WS_BGRFC_INBOUND000,083,SRTQS_00505684390C1EDBB5C0E5AD7FDD358E,00505684390C1EDBB5C0E5AD7FDDB58E
WS_BGRFC_INBOUND000,083,SRTQS_00505684390C1EDBB5C0E5D45CAD758E,00505684390C1EDBB5C0E5D45CADF58E
WS_BGRFC_INBOUND000,083,SRTQS_00505684390C1EDBB5C0E5D45CB5358E,00505684390C1EDBB5C0E5F9CB3DB58E
WS_BGRFC_INBOUND000,083,SRTQS_00505684390C1EDBB5C0E5F9CB44F58E,00505684390C1EDBB5C0E5F9CB45758E
WS_BGRFC_INBOUND000,083,SRTQS_00505684390C1EDBB5C0E69B1751B58E,00505684390C1EDBB5C0E69B1752358E
WS_BGRFC_INBOUND000,083,SRTQS_00505684390C1EDBB5C0E72ACFC0758E,00505684390C1EDBB5C0E72ACFC0F58E
WS_BGRFC_INBOUND000,083,SRTQS_00505684390C1EDBB5C0E752770EB58E,00505684390C1EDBB5C0E752770F358E
WS_BGRFC_INBOUND000,083,SRTQS_00505684390C1EDBB5C0E79EFB85958E,00505684390C1EDBB5C0E79EFB86158E
WS_BGRFC_INBOUND000,083,SRTQS_00505684390C1EDBB5C0E7C48D90358E,00505684390C1EDBB5C0E7C48D90B58E
WS_BGRFC_INBOUND000,083,SRTQS_00505684390C1EDBB5C0E7EADE91B58E,00505684390C1EDBB5C0E7EADE92358E
WS_BGRFC_INBOUND000,083,SRTQS_00505684390C1EDBB5C0E85CE8AAB58E,00505684390C1EDBB5C0E85CE8AB358E
WS_BGRFC_INBOUND000,083,SRTQS_00505684390C1EDBB5C0E92247E4558E,00505684390C1EDBB5C0E92247E4D58E
WS_BGRFC_INBOUND000,083,SRTQS_00505684390C1EDBB5C0EABEC1DBB58E,00505684390C1EDBB5C0EABEC1DC358E
WS_BGRFC_INBOUND000,083,SRTQS_00505684390C1EDBB5C0EBF032C5358E,00505684390C1EDBB5C0EBF032C5B58E
WS_BGRFC_INBOUND000,083,SRTQS_00505684390C1EDBB5C0EC15EDA3358E,00505684390C1EDBB5C0EC15EDA3B58E
WS_BGRFC_INBOUND000,083,SRTQS_00505684390C1EDBB5C0EC894EEF558E,00505684390C1EDBB5C0EC894EEFD58E
WS_BGRFC_INBOUND000,083,SRTQS_00505684390C1EDBB5C0ECAE43ADB58E,00505684390C1EDBB5C0ECAE43AE358E
WS_BGRFC_INBOUND000,083,SRTQS_00505684390C1EDBB5C0EDB97BE9958E,00505684390C1EDBB5C0EDB97BEA158E
WS_BGRFC_INBOUND000,083,SRTQS_00505684390C1EDBB5C0EDE26700F58E,00505684390C1EDBB5C0EDE26701758E
WS_BGRFC_INBOUND000,083,SRTQS_00505684390C1EDBB5C0EE2E833B958E,00505684390C1EDBB5C0EE2E833C158E
WS_BGRFC_INBOUND000,083,SRTQS_00505684390C1EDBB5C0EE5375B8B58E,00505684390C1EDBB5C0EE5375B9358E
WS_BGRFC_INBOUND000,083,SRTQS_00505684390C1EDBB5C0EE7A083F358E,00505684390C1EDBB5C0EE7A083FB58E
WS_BGRFC_INBOUND000,083,SRTQS_00505684390C1EDBB5C0EFAB89D5158E,00505684390C1EDBB5C0EFCF7926358E
WS_BGRFC_INBOUND000,083,SRTQS_00505684390C1EDBB5C0EFCF792CD58E,00505684390C1EDBB5C0EFCF792D558E
WS_BGRFC_INBOUND000,083,SRTQS_00505684390C1EDBB5C0F0683C0B358E,00505684390C1EDBB5C0F0683C0BB58E
WS_BGRFC_INBOUND000,083,SRTQS_00505684390C1EDBB5C0F08E4F50758E,00505684390C1EDBB5C0F08E4F50F58E
WS_BGRFC_INBOUND000,083,SRTQS_00505684390C1EDBB5C0F2349A03158E,00505684390C1EDBB5C0F2349A03958E
WS_BGRFC_INBOUND000,083,SRTQS_00505684390C1EDBB5C0F25A9C6A958E,00505684390C1EDBB5C0F25A9C6B158E
WS_BGRFC_INBOUND000,083,SRTQS_00505684390C1EDBB5C0F2817EC3758E,00505684390C1EDBB5C0F2817EC3F58E
WS_BGRFC_INBOUND000,083,SRTQS_00505684390C1EDBB5C0F2CAD03E758E,00505684390C1EDBB5C0F2CAD03EF58E
WS_BGRFC_INBOUND000,083,SRTQS_00505684390C1EDBB5C0F2F253DED58E,00505684390C1EDBB5C0F2F253DF558E
WS_BGRFC_INBOUND000,083,SRTQS_00505684390C1EDBB5C0F3AFF255F58E,00505684390C1EDBB5C0F3AFF256758E
WS_BGRFC_INBOUND000,083,SRTQS_00505684390C1EDBB5C0F4E8B0C5358E,00505684390C1EDBB5C0F4E8B0C5B58E
WS_BGRFC_INBOUND000,083,SRTQS_00505684390C1EDBB5C0F50AA6C5758E,00505684390C1EDBB5C0F50AA6C5F58E
WS_BGRFC_INBOUND000,083,SRTQS_00505684390C1EDBB5C0F52D9BF4B58E,00505684390C1EDBB5C0F52D9BF5358E
WS_BGRFC_INBOUND000,083,SRTQS_00505684390C1EDBB5C0F52D9BF9958E,00505684390C1EDBB5C0F52D9BFA158E
WS_BGRFC_INBOUND000,083,SRTQS_00505684390C1EDBB5C0F61309D3F58E,00505684390C1EDBB5C0F61309D4758E
WS_BGRFC_INBOUND000,083,SRTQS_00505684390C1EDBB5C0F6D24F28F58E,00505684390C1EDBB5C0F6D24F29758E
WS_BGRFC_INBOUND000,083,SRTQS_00505684390C1EDBB5C0F7696A56358E,00505684390C1EDBB5C0F78F187CD58E
WS_BGRFC_INBOUND000,083,SRTQS_00505684390C1EDBB5C0F82AF52FF58E,00505684390C1EDBB5C0F82AF530758E
WS_BGRFC_INBOUND000,083,SRTQS_00505684390C1EDBB5C0F95CC134B58E,00505684390C1EDBB5C0F95CC135358E
WS_BGRFC_INBOUND000,083,SRTQS_00505684390C1EDBB5C0FA8FF4E8358E,00505684390C1EDBB5C0FA8FF4E8B58E
WS_BGRFC_INBOUND000,083,SRTQS_00505684390C1EDBB5C0FA8FF4EEB58E,00505684390C1EDBB5C0FA8FF4EF358E
WS_BGRFC_INBOUND000,083,SRTQS_00505684390C1EDBB5C0FAB2F331358E,00505684390C1EDBB5C0FAB2F331B58E
WS_BGRFC_INBOUND000,083,SRTQS_00505684390C1EDBB5C0FAD66E19158E,00505684390C1EDBB5C0FAD66E19958E
WS_BGRFC_INBOUND000,083,SRTQS_00505684390C1EDBB5C0FAFC6F8A158E,00505684390C1EDBB5C0FAFC6F8A958E
WS_BGRFC_INBOUND000,083,SRTQS_00505684390C1EDBB5C0FB235C74F58E,00505684390C1EDBB5C0FB235C75758E
WS_BGRFC_INBOUND000,083,SRTQS_00505684390C1EDBB5C0FB4A7673F58E,00505684390C1EDBB5C0FB4A7674758E
WS_BGRFC_INBOUND000,083,SRTQS_00505684390C1EDBB5C0FB706224358E,00505684390C1EDBB5C0FB706224B58E
WS_BGRFC_INBOUND000,083,SRTQS_00505684390C1EDBB5C0FBE1BC34F58E,00505684390C1EDBB5C0FBE1BC35758E
WS_BGRFC_INBOUND000,083,SRTQS_00505684390C1EDBB5C0FC079405758E,00505684390C1EDBB5C0FC079405F58E
WS_BGRFC_INBOUND000,083,SRTQS_00505684390C1EDBB5C0FC2F69F7158E,00505684390C1EDBB5C0FC2F69F7958E
WS_BGRFC_INBOUND000,083,SRTQS_00505684390C1EDBB5E03B58C0CDF59B,00505684390C1EDBB5E03B8FE8B3159B
WS_BGRFC_INBOUND000,083,SRTQS_00505684390C1EDBB5E03B8FE8B7F59B,00505684390C1EDBB5E03BA49510559B
WS_BGRFC_INBOUND000,083,SRTQS_00505684390C1EDBB5E03BBC2B69359B,00505684390C1EDBB5E03BBC2B69B59B
WS_BGRFC_INBOUND000,083,SRTQS_00505684390C1EDBB5E03BDFFBD4359B,00505684390C1EDBB5E03BDFFBD4B59B
WS_BGRFC_INBOUND000,083,SRTQS_00505684390C1EDBB5E071CFD411359B,00505684390C1EDBB5E071CFD411B59B
WS_BGRFC_INBOUND000,083,SRTQS_00505684390C1EDBB5E071F70E3AB59B,00505684390C1EDBB5E071F70E3B359B
WS_BGRFC_INBOUND000,083,SRTQS_00505684390C1EDBB5E072B5B730D59B,00505684390C1EDBB5E072B5B731559B
WS_BGRFC_INBOUND000,083,SRTQS_00505684390C1EDBB5E072DC8771359B,00505684390C1EDBB5E072DC8771B59B
WS_BGRFC_INBOUND000,083,SRTQS_00505684390C1EDBB5E073269E22B59B,00505684390C1EDBB5E073269E23359B
WS_BGRFC_INBOUND000,083,SRTQS_00505684390C1EDBB5E0734EE18AB59B,00505684390C1EDBB5E0734EE18B359B
WS_BGRFC_INBOUND000,083,SRTQS_00505684390C1EDBB5E073782327359B,00505684390C1EDBB5E073782327B59B
WS_BGRFC_INBOUND000,083,SRTQS_00505684390C1EDBB5E073994BD0759B,00505684390C1EDBB5E073994BD0F59B
WS_BGRFC_INBOUND000,083,SRTQS_00505684390C1EDBB5E073994BD8359B,00505684390C1EDBB5E073994BD8B59B
WS_BGRFC_INBOUND000,083,SRTQS_00505684390C1EDBB5E073C1F3C2D59B,00505684390C1EDBB5E073C1F3C3559B
WS_BGRFC_INBOUND000,083,SRTQS_00505684390C1EDBB5E073E53DCD759B,00505684390C1EDBB5E073E53DCDF59B
WS_BGRFC_INBOUND000,083,SRTQS_00505684390C1EDBB5E0740B5428D59B,00505684390C1EDBB5E0740B5429559B
WS_BGRFC_INBOUND000,083,SRTQS_00505684390C1EDBB5E07431C507559B,00505684390C1EDBB5E07431C507D59B
WS_BGRFC_INBOUND000,083,SRTQS_00505684390C1EDBB5E074579E0FB59B,00505684390C1EDBB5E074579E10359B
WS_BGRFC_INBOUND000,083,SRTQS_00505684390C1EDBB5E0747DA77DD59B,00505684390C1EDBB5E0747DA77E559B
WS_BGRFC_INBOUND000,083,SRTQS_00505684390C1EDBB5E074A51C65559B,00505684390C1EDBB5E074A51C65D59B
WS_BGRFC_INBOUND000,083,SRTQS_00505684390C1EDBB5E074CA8864F59B,00505684390C1EDBB5E074CA8865759B
WS_BGRFC_INBOUND000,083,SRTQS_00505684390C1EDBB5E074F2FBB9B59B,00505684390C1EDBB5E074F2FBBA359B
WS_BGRFC_INBOUND000,083,SRTQS_00505684390C1EDBB5E07565AE26959B,00505684390C1EDBB5E07565AE27159B
WS_BGRFC_INBOUND000,083,SRTQS_00505684390C1EDBB5E0762495D0759B,00505684390C1EDBB5E0762495D0F59B
WS_BGRFC_INBOUND000,083,SRTQS_00505684390C1EDBB5E07649B9AF759B,00505684390C1EDBB5E07649B9AFF59B
WS_BGRFC_INBOUND000,083,SRTQS_00505684390C1EDBB5E07649B9B4359B,00505684390C1EDBB5E07649B9B4B59B
WS_BGRFC_INBOUND000,083,SRTQS_00505684390C1EDBB5E07693F57B759B,00505684390C1EDBB5E07693F57BF59B
WS_BGRFC_INBOUND000,083,SRTQS_00505684390C1EDBB5E076BC1DC4F59B,00505684390C1EDBB5E076BC1DC5759B
WS_BGRFC_INBOUND000,083,SRTQS_00505684390C1EDBB5E076E3731EB59B,00505684390C1EDBB5E076E3731F359B
WS_BGRFC_INBOUND000,083,SRTQS_00505684390C1EDBB5E0772D4FF1F59B,00505684390C1EDBB5E0772D4FF2759B
WS_BGRFC_INBOUND000,083,SRTQS_00505684390C1EDBB5E077EB80DF559B,00505684390C1EDBB5E077EB80DFD59B
WS_BGRFC_INBOUND000,083,SRTQS_00505684390C1EDBB5E07969DA6CD59B,00505684390C1EDBB5E07969DA6D559B
WS_BGRFC_INBOUND000,083,SRTQS_00505684390C1EDBB5E07A74861F359B,00505684390C1EDBB5E07A74861FB59B
WS_BGRFC_INBOUND000,083,SRTQS_00505684390C1EDBB5E07A9C3C1D759B,00505684390C1EDBB5E07A9C3C1DF59B
WS_BGRFC_INBOUND000,083,SRTQS_00505684390C1EDBB5E07B351F74559B,00505684390C1EDBB5E07B351F74D59B
WS_BGRFC_INBOUND000,083,SRTQS_00505684390C1EDBB5E07B5906B3F59B,00505684390C1EDBB5E07B5906B4759B
WS_BGRFC_INBOUND000,083,SRTQS_00505684390C1EDBB5E07CB0A591759B,00505684390C1EDBB5E07CB0A591F59B
WS_BGRFC_INBOUND000,083,SRTQS_00505684390C1EDBB5E07CB0A598759B,00505684390C1EDBB5E07CB0A598F59B
WS_BGRFC_INBOUND000,083,SRTQS_00505684390C1EDBB5E07D24653A759B,00505684390C1EDBB5E07D24653AF59B
WS_BGRFC_INBOUND000,083,SRTQS_00505684390C1EDBB5E07D246541759B,00505684390C1EDBB5E07D246541F59B
WS_BGRFC_INBOUND000,083,SRTQS_00505684390C1EDBB5E07D4A0C57B59B,00505684390C1EDBB5E07D4A0C58359B
WS_BGRFC_INBOUND000,083,SRTQS_00505684390C1EDBB5E07EC696A0759B,00505684390C1EDBB5E07EC696A0F59B
WS_BGRFC_INBOUND000,083,SRTQS_00505684390C1EDBB5E07EC696A7959B,00505684390C1EDBB5E07EC696A8159B
WS_BGRFC_INBOUND000,083,SRTQS_00505684390C1EDBB5E07F8622AEB59B,00505684390C1EDBB5E07F8622AF359B
WS_BGRFC_INBOUND000,083,SRTQS_00505684390C1EDBB5E07F8622B6F59B,00505684390C1EDBB5E07F8622B7759B
WS_BGRFC_INBOUND000,083,SRTQS_00505684390C1EDBB5E0814E5796F59B,00505684390C1EDBB5E0814E5797759B
WS_BGRFC_INBOUND000,083,SRTQS_00505684390C1EDBB5E08174DBDC559B,00505684390C1EDBB5E08174DBDCD59B
WS_BGRFC_INBOUND000,083,SRTQS_00505684390C1EDBB5E0819DA23BF59B,00505684390C1EDBB5E0819DA23C759B
WS_BGRFC_INBOUND000,083,SRTQS_00505684390C1EDBB5E081F424C8359B,00505684390C1EDBB5E081F424C8B59B
WS_BGRFC_INBOUND000,083,SRTQS_00505684390C1EDBB5E0820D0B4DF59B,00505684390C1EDBB5E0820D0B4E759B
WS_BGRFC_INBOUND000,083,SRTQS_00505684390C1EDBB5E082A809AAB59B,00505684390C1EDBB5E082A809AB359B
WS_BGRFC_INBOUND000,083,SRTQS_00505684390C1EDBB5E083FF7E95B59B,00505684390C1EDBB5E083FF7E96359B
WS_BGRFC_INBOUND000,083,SRTQS_00505684390C1EDBB5E08426105E759B,00505684390C1EDBB5E08426105EF59B
WS_BGRFC_INBOUND000,083,SRTQS_00505684390C1EDBB5E0844A73EDF59B,00505684390C1EDBB5E0844A73EE759B
WS_BGRFC_INBOUND000,083,SRTQS_00505684390C1EDBB5E0846F666FD59B,00505684390C1EDBB5E0846F6670559B
WS_BGRFC_INBOUND000,083,SRTQS_00505684390C1EDBB5E0852F4A47F59B,00505684390C1EDBB5E0852F4A48759B
WS_BGRFC_INBOUND000,083,SRTQS_00505684390C1EDBB5E0861321D6359B,00505684390C1EDBB5E0861321D6B59B
WS_BGRFC_INBOUND000,083,SRTQS_00505684390C1EDBB5E086D87C72759B,00505684390C1EDBB5E086D87C72F59B
WS_BGRFC_INBOUND000,083,SRTQS_00505684390C1EDBB5E0876A72D4959B,00505684390C1EDBB5E0876A72D5159B
WS_BGRFC_INBOUND000,083,SRTQS_00505684390C1EDBB5E088C239CC159B,00505684390C1EDBB5E088C239CC959B
WS_BGRFC_INBOUND000,083,SRTQS_00505684390C1EDBB5E08A1D96AF559B,00505684390C1EDBB5E08A1D96AFD59B
WS_BGRFC_INBOUND000,083,SRTQS_00505684390C1EDBB5E08A43BD57959B,00505684390C1EDBB5E08A43BD58159B
WS_BGRFC_INBOUND000,083,SRTQS_00505684390C1EDBB5E08A658085359B,00505684390C1EDBB5E08A658085B59B
WS_BGRFC_INBOUND000,083,SRTQS_00505684390C1EDBB5E08A8DECAD759B,00505684390C1EDBB5E08A8DECADF59B
WS_BGRFC_INBOUND000,083,SRTQS_00505684390C1EDBB5E08AB2502F359B,00505684390C1EDBB5E08AB2502FB59B
WS_BGRFC_INBOUND000,083,SRTQS_00505684390C1EDBB5E08AD81EEBF59B,00505684390C1EDBB5E08AD81EEC759B
WS_BGRFC_INBOUND000,083,SRTQS_00505684390C1EDBB5E08B26339D759B,00505684390C1EDBB5E08B26339DF59B
WS_BGRFC_INBOUND000,083,SRTQS_00505684390C1EDBB5E08B2633A2359B,00505684390C1EDBB5E08B2633A2B59B
WS_BGRFC_INBOUND000,083,SRTQS_00505684390C1EDBB5E08BBD11F5B59B,00505684390C1EDBB5E08BBD11F6359B
WS_BGRFC_INBOUND000,083,SRTQS_00505684390C1EDBB5E08BE32729159B,00505684390C1EDBB5E08C09568A159B
WS_BGRFC_INBOUND000,083,SRTQS_00505684390C1EDBB5E08C09568FB59B,00505684390C1EDBB5E08C095690359B
WS_BGRFC_INBOUND000,083,SRTQS_00505684390C1EDBB5E7F4E4CB7315A2,00505684390C1EDBB5E7F515A50515A2
WS_BGRFC_INBOUND000,083,SRTQS_00505684390C1EDBB5E7F52E4EF7F5A2,00505684390C1EDBB5E7F52E4EF855A2
WS_BGRFC_INBOUND000,083,SRTQS_00505684390C1EDBB5E7F5472D8835A2,00505684390C1EDBB5E7F5472D88B5A2
WS_BGRFC_INBOUND000,083,SRTQS_00505684390C1EDBB5E7F5754D6DB5A2,00505684390C1EDBB5E7F5754D6E35A2
WS_BGRFC_INBOUND000,083,SRTQS_00505684390C1EDBB5E82A39601955A2,00505684390C1EDBB5E82A396019D5A2
WS_BGRFC_INBOUND000,083,SRTQS_00505684390C1EDBB5E82A88197FD5A2,00505684390C1EDBB5E82A88198055A2
WS_BGRFC_INBOUND000,083,SRTQS_00505684390C1EDBB5E82AFA037175A2,00505684390C1EDBB5E82AFA0371F5A2
WS_BGRFC_INBOUND000,083,SRTQS_00505684390C1EDBB5E82B447041D5A2,00505684390C1EDBB5E82B44704255A2
WS_BGRFC_INBOUND000,083,SRTQS_00505684390C1EDBB5E82B913E4875A2,00505684390C1EDBB5E82B913E48F5A2
WS_BGRFC_INBOUND000,083,SRTQS_00505684390C1EDBB5E82BB7650D75A2,00505684390C1EDBB5E82BB7650DF5A2
WS_BGRFC_INBOUND000,083,SRTQS_00505684390C1EDBB5E82BDD0E3555A2,00505684390C1EDBB5E82BDD0E35D5A2
WS_BGRFC_INBOUND000,083,SRTQS_00505684390C1EDBB5E82C03298E35A2,00505684390C1EDBB5E82C03298EB5A2
WS_BGRFC_INBOUND000,083,SRTQS_00505684390C1EDBB5E82C2B27DFF5A2,00505684390C1EDBB5E82C2B27E075A2
WS_BGRFC_INBOUND000,083,SRTQS_00505684390C1EDBB5E82C5382CD35A2,00505684390C1EDBB5E82C5382CDB5A2
WS_BGRFC_INBOUND000,083,SRTQS_00505684390C1EDBB5E82C78DCC135A2,00505684390C1EDBB5E82C78DCC1B5A2
WS_BGRFC_INBOUND000,083,SRTQS_00505684390C1EDBB5E82C9F055075A2,00505684390C1EDBB5E82C9F0550F5A2
WS_BGRFC_INBOUND000,083,SRTQS_00505684390C1EDBB5E82CC66FD3B5A2,00505684390C1EDBB5E82CC66FD435A2
WS_BGRFC_INBOUND000,083,SRTQS_00505684390C1EDBB5E82CE83F5735A2,00505684390C1EDBB5E82CE83F57B5A2
WS_BGRFC_INBOUND000,083,SRTQS_00505684390C1EDBB5E82D0F4B3D75A2,00505684390C1EDBB5E82D0F4B3DF5A2
WS_BGRFC_INBOUND000,083,SRTQS_00505684390C1EDBB5E82D37689D35A2,00505684390C1EDBB5E82D37689DB5A2
WS_BGRFC_INBOUND000,083,SRTQS_00505684390C1EDBB5E82D5AC9CE75A2,00505684390C1EDBB5E82D5AC9CEF5A2
WS_BGRFC_INBOUND000,083,SRTQS_00505684390C1EDBB5E82D5AC9D635A2,00505684390C1EDBB5E82D5AC9D6B5A2
WS_BGRFC_INBOUND000,083,SRTQS_00505684390C1EDBB5E82DF5B0FC15A2,00505684390C1EDBB5E82DF5B0FC95A2
WS_BGRFC_INBOUND000,083,SRTQS_00505684390C1EDBB5E82EFEAF5195A2,00505684390C1EDBB5E82EFEAF5215A2
WS_BGRFC_INBOUND000,083,SRTQS_00505684390C1EDBB5E82F24DA5515A2,00505684390C1EDBB5E82F24DA5595A2
WS_BGRFC_INBOUND000,083,SRTQS_00505684390C1EDBB5E82F4D51D8F5A2,00505684390C1EDBB5E82F4D51D975A2
WS_BGRFC_INBOUND000,083,SRTQS_00505684390C1EDBB5E82F98009B15A2,00505684390C1EDBB5E82F98009B95A2
WS_BGRFC_INBOUND000,083,SRTQS_00505684390C1EDBB5E82FE6A5A675A2,00505684390C1EDBB5E82FE6A5A6F5A2
WS_BGRFC_INBOUND000,083,SRTQS_00505684390C1EDBB5E830092C4115A2,00505684390C1EDBB5E830092C4195A2
WS_BGRFC_INBOUND000,083,SRTQS_00505684390C1EDBB5E830586F99D5A2,00505684390C1EDBB5E830586F9A55A2
WS_BGRFC_INBOUND000,083,SRTQS_00505684390C1EDBB5E8313D286CB5A2,00505684390C1EDBB5E8313D286D35A2
WS_BGRFC_INBOUND000,083,SRTQS_00505684390C1EDBB5E832DE630855A2,00505684390C1EDBB5E832DE6308D5A2
WS_BGRFC_INBOUND000,083,SRTQS_00505684390C1EDBB5E8340F404C95A2,00505684390C1EDBB5E8340F404D15A2
WS_BGRFC_INBOUND000,083,SRTQS_00505684390C1EDBB5E8343833D955A2,00505684390C1EDBB5E8345B895A35A2
WS_BGRFC_INBOUND000,083,SRTQS_00505684390C1EDBB5E834F41D5635A2,00505684390C1EDBB5E834F41D56B5A2
WS_BGRFC_INBOUND000,083,SRTQS_00505684390C1EDBB5E834F41D5D35A2,00505684390C1EDBB5E834F41D5DB5A2
WS_BGRFC_INBOUND000,083,SRTQS_00505684390C1EDBB5E8364BAF94D5A2,00505684390C1EDBB5E8364BAF9555A2
WS_BGRFC_INBOUND000,083,SRTQS_00505684390C1EDBB5E83672BF5235A2,00505684390C1EDBB5E83672BF52B5A2
WS_BGRFC_INBOUND000,083,SRTQS_00505684390C1EDBB5E836E4B699B5A2,00505684390C1EDBB5E836E4B69A35A2
WS_BGRFC_INBOUND000,083,SRTQS_00505684390C1EDBB5E8370B460435A2,00505684390C1EDBB5E8370B4604B5A2
WS_BGRFC_INBOUND000,083,SRTQS_00505684390C1EDBB5E837339BC1F5A2,00505684390C1EDBB5E837339BC275A2
WS_BGRFC_INBOUND000,083,SRTQS_00505684390C1EDBB5E838B0159855A2,00505684390C1EDBB5E838B01598D5A2
WS_BGRFC_INBOUND000,083,SRTQS_00505684390C1EDBB5E838D5EF97F5A2,00505684390C1EDBB5E838D5EF9875A2
WS_BGRFC_INBOUND000,083,SRTQS_00505684390C1EDBB5E8396D2490F5A2,00505684390C1EDBB5E8396D249175A2
WS_BGRFC_INBOUND000,083,SRTQS_00505684390C1EDBB5E839938AE6B5A2,00505684390C1EDBB5E839938AE735A2
WS_BGRFC_INBOUND000,083,SRTQS_00505684390C1EDBB5E83B85C90975A2,00505684390C1EDBB5E83B85C909F5A2
WS_BGRFC_INBOUND000,083,SRTQS_00505684390C1EDBB5E83BAA78DC35A2,00505684390C1EDBB5E83BAA78DCB5A2
WS_BGRFC_INBOUND000,083,SRTQS_00505684390C1EDBB5E83BCFD910F5A2,00505684390C1EDBB5E83BCFD91175A2
WS_BGRFC_INBOUND000,083,SRTQS_00505684390C1EDBB5E83C3E102135A2,00505684390C1EDBB5E83C3E1021B5A2
WS_BGRFC_INBOUND000,083,SRTQS_00505684390C1EDBB5E83C55539195A2,00505684390C1EDBB5E83C55539215A2
WS_BGRFC_INBOUND000,083,SRTQS_00505684390C1EDBB5E83D12EB3E15A2,00505684390C1EDBB5E83D12EB3E95A2
WS_BGRFC_INBOUND000,083,SRTQS_00505684390C1EDBB5E83E4699C575A2,00505684390C1EDBB5E83E4699C5F5A2
WS_BGRFC_INBOUND000,083,SRTQS_00505684390C1EDBB5E83E6E80A635A2,00505684390C1EDBB5E83E6E80A6B5A2
WS_BGRFC_INBOUND000,083,SRTQS_00505684390C1EDBB5E83E92DAE9B5A2,00505684390C1EDBB5E83E92DAEA35A2
WS_BGRFC_INBOUND000,083,SRTQS_00505684390C1EDBB5E83EB7797BB5A2,00505684390C1EDBB5E83EB7797C35A2
WS_BGRFC_INBOUND000,083,SRTQS_00505684390C1EDBB5E83F7552B115A2,00505684390C1EDBB5E83F9B6C0315A2
WS_BGRFC_INBOUND000,083,SRTQS_00505684390C1EDBB5E840AA2A62B5A2,00505684390C1EDBB5E840AA2A6335A2
WS_BGRFC_INBOUND000,083,SRTQS_00505684390C1EDBB5E8416727D1D5A2,00505684390C1EDBB5E8416727D255A2
WS_BGRFC_INBOUND000,083,SRTQS_00505684390C1EDBB5E84224F3D1D5A2,00505684390C1EDBB5E84224F3D255A2
WS_BGRFC_INBOUND000,083,SRTQS_00505684390C1EDBB5E843A918DB35A2,00505684390C1EDBB5E843A918DBB5A2
WS_BGRFC_INBOUND000,083,SRTQS_00505684390C1EDBB5E8452AC841B5A2,00505684390C1EDBB5E8452AC84235A2
WS_BGRFC_INBOUND000,083,SRTQS_00505684390C1EDBB5E845465A1075A2,00505684390C1EDBB5E845465A10F5A2
WS_BGRFC_INBOUND000,083,SRTQS_00505684390C1EDBB5E8456B2CBBF5A2,00505684390C1EDBB5E8456B2CBC75A2
WS_BGRFC_INBOUND000,083,SRTQS_00505684390C1EDBB5E8456B2CC215A2,00505684390C1EDBB5E8456B2CC295A2
WS_BGRFC_INBOUND000,083,SRTQS_00505684390C1EDBB5E845932524F5A2,00505684390C1EDBB5E84593252575A2
WS_BGRFC_INBOUND000,083,SRTQS_00505684390C1EDBB5E845E0FA6E75A2,00505684390C1EDBB5E845E0FA6EF5A2
WS_BGRFC_INBOUND000,083,SRTQS_00505684390C1EDBB5E84603C1E1B5A2,00505684390C1EDBB5E84603C1E235A2
WS_BGRFC_INBOUND000,083,SRTQS_00505684390C1EDBB5E8462A61E075A2,00505684390C1EDBB5E8462A61E0F5A2
WS_BGRFC_INBOUND000,083,SRTQS_00505684390C1EDBB5E846C3505B75A2,00505684390C1EDBB5E846C3505BF5A2
WS_BGRFC_INBOUND000,083,SRTQS_00505684390C1EDBB5E846EB3A3E95A2,00505684390C1EDBB5E846EB3A3F15A2
WS_BGRFC_INBOUND000,083,SRTQS_00505684390C1EDBB5E8470EFBA3D5A2,00505684390C1EDBB5E8470EFBA455A2
WS_BGRFC_INBOUND000,083,SRTQS_00505684390C1EDBB5E8A8E4D5AAB5A2,00505684390C1EDBB5E8A8E4D5AB35A2
WS_BGRFC_INBOUND000,083,SRTQS_00505684390C1EDBB5E8AA15FFA6B5A2,00505684390C1EDBB5E8AA15FFA735A2
WS_BGRFC_INBOUND000,083,SRTQS_00505684390C1EDBB5E8AA60E8A7F5A2,00505684390C1EDBB5E8AA60E8A875A2
WS_BGRFC_INBOUND000,083,SRTQS_00505684390C1EDBB5E8AA8704B595A2,00505684390C1EDBB5E8AA8704B615A2
WS_BGRFC_INBOUND000,083,SRTQS_00505684390C1EDBB5E8AAAF89D2B5A2,00505684390C1EDBB5E8AAAF89D335A2
WS_BGRFC_INBOUND000,083,SRTQS_00505684390C1EDBB5E8AB733BBAB5A2,00505684390C1EDBB5E8AB733BBB35A2
WS_BGRFC_INBOUND000,083,SRTQS_00505684390C1EDBB5E8AC2DE2A075A2,00505684390C1EDBB5E8AC2DE2A0F5A2
WS_BGRFC_INBOUND000,083,SRTQS_00505684390C1EDBB5E8ACC32521F5A2,00505684390C1EDBB5E8ACC3252275A2
WS_BGRFC_INBOUND000,083,SRTQS_00505684390C1EDBB5E8AD5E731015A2,00505684390C1EDBB5E8AD5E731095A2
WS_BGRFC_INBOUND000,083,SRTQS_00505684390C1EDBB5E8AE8DBB6A55A2,00505684390C1EDBB5E8AE8DBB6AD5A2
WS_BGRFC_INBOUND000,083,SRTQS_00505684390C1EDBB5E8AFE80CB4B5A2,00505684390C1EDBB5E8AFE80CB535A2
WS_BGRFC_INBOUND000,083,SRTQS_00505684390C1EDBB5E8B0C8B2F175A2,00505684390C1EDBB5E8B0C8B2F1F5A2
WS_BGRFC_INBOUND000,083,SRTQS_00505684390C1EDBB5E8B686211455A2,00505684390C1EDBB5E8B6862114D5A2
WS_BGRFC_INBOUND000,083,SRTQS_00505684390C1EDBB5E8B6B220C1D5A2,00505684390C1EDBB5E8B6B220C255A2
WS_BGRFC_INBOUND000,083,SRTQS_00505684390C1EDBB5E8B744B48935A2,00505684390C1EDBB5E8B76A716495A2
WS_BGRFC_INBOUND000,083,SRTQS_00505684390C1EDBB5E8BA402181D5A2,00505684390C1EDBB5E8BA40218255A2
WS_BGRFC_INBOUND000,083,SRTQS_00505684390C1EDBB5E8BB4A177A15A2,00505684390C1EDBB5E8BB4A177A95A2
WS_BGRFC_INBOUND000,083,SRTQS_00505684390C1EDBB5E8BBBC7F53B5A2,00505684390C1EDBB5E8BBE20550F5A2
WS_BGRFC_INBOUND000,083,SRTQS_00505684390C1EDBB5E8BE7E813B35A2,00505684390C1EDBB5E8BEA4B576D5A2
WS_BGRFC_INBOUND000,083,SRTQS_00505684390C1EDBB5E8C10630A7B5A2,00505684390C1EDBB5E8C10630A835A2
WS_BGRFC_INBOUND000,083,SRTQS_00505684390C1EDBB5E8C2D4238255A2,00505684390C1EDBB5E8C2D42382D5A2
WS_BGRFC_INBOUND000,083,SRTQS_00505684390C1EDBB5E8C43BF6A0B5A2,00505684390C1EDBB5E8C43BF6A135A2
WS_BGRFC_INBOUND000,083,SRTQS_00505684390C1EDBB5E8C5965BE795A2,00505684390C1EDBB5E8C5965BE815A2
WS_BGRFC_INBOUND000,083,SRTQS_00505684390C1EDBB5E8C6042005D5A2,00505684390C1EDBB5E8C604200655A2
WS_BGRFC_INBOUND000,083,SRTQS_00505684390C1EDBB5E8C652720A55A2,00505684390C1EDBB5E8C652720AD5A2
WS_BGRFC_INBOUND000,083,SRTQS_00505684390C1EDBB5E8C6C49AAC75A2,00505684390C1EDBB5E8C6C49AACF5A2
WS_BGRFC_INBOUND000,083,SRTQS_00505684390C1EDBB5E8C71495B335A2,00505684390C1EDBB5E8C71495B3B5A2
WS_BGRFC_INBOUND000,083,SRTQS_00505684390C1EDBB5E8C7A7D47655A2,00505684390C1EDBB5E8C7A7D476D5A2
WS_BGRFC_INBOUND000,083,SRTQS_00505684390C1EDBB5E8C7F4B1AB35A2,00505684390C1EDBB5E8C7F4B1ABB5A2
WS_BGRFC_INBOUND000,083,SRTQS_00505684390C1EDBB5E8C8404CF155A2,00505684390C1EDBB5E8C8404CF1D5A2
WS_BGRFC_INBOUND000,083,SRTQS_00505684390C1EDBB5E8C8B52822F5A2,00505684390C1EDBB5E8C8B5282375A2
WS_BGRFC_INBOUND000,083,SRTQS_00505684390C1EDBB5E8C9010283B5A2,00505684390C1EDBB5E8C901028435A2
WS_BGRFC_INBOUND000,083,SRTQS_00505684390C1EDBB5E8C94B6E4835A2,00505684390C1EDBB5E8C971693FF5A2
WS_BGRFC_INBOUND000,083,SRTQS_00505684390C1EDBB5E8C9BF8D7BB5A2,00505684390C1EDBB5E8C9BF8D7C35A2
WS_BGRFC_INBOUND000,083,SRTQS_00505684390C1EDBB5E8CA0D1CB2B5A2,00505684390C1EDBB5E8CA0D1CB335A2
WS_BGRFC_INBOUND000,083,SRTQS_00505684390C1EDBB5E8CA7D539735A2,00505684390C1EDBB5E8CA7D5397B5A2
WS_BGRFC_INBOUND000,083,SRTQS_00505684390C1EDBB5E8CACDFB1DF5A2,00505684390C1EDBB5E8CACDFB1E75A2
WS_BGRFC_INBOUND000,083,SRTQS_00505684390C1EDBB5E8CB3C7665F5A2,00505684390C1EDBB5E8CB3C766675A2
WS_BGRFC_INBOUND000,083,SRTQS_00505684390C1EDBB68C5EC0193A35AF,00505684390C1EDBB68C5EC0193AB5AF
WS_BGRFC_INBOUND000,083,SRTQS_00505684390C1EDBB68C75CA63A835AF,00505684390C1EDBB68C75CA63A8B5AF
WS_BGRFC_INBOUND000,083,SRTQS_00505684390C1EDBB68C7611D63375AF,00505684390C1EDBB68C7611D633F5AF
WS_BGRFC_INBOUND000,083,SRTQS_00505684390C1EDBB68CDFF2213D75AF,00505684390C1EDBB68CDFF2213DF5AF
WS_BGRFC_INBOUND000,083,SRTQS_00505684390C1EDBB68CE2C6120515AF,00505684390C1EDBB68CE2C6120595AF
WS_BGRFC_INBOUND000,083,SRTQS_00505684390C1EDBB6A579D7B27F35CA,00505684390C1EDBB6A579D7B27FB5CA
WS_BGRFC_INBOUND000,083,SRTQS_00505684390C1EDBB6A579FFAE0015CA,00505684390C1EDBB6A579FFAE0095CA
WS_BGRFC_INBOUND000,083,SRTQS_00505684390C1EDBB6A57A279214D5CA,00505684390C1EDBB6A57A27921555CA
WS_BGRFC_INBOUND000,083,SRTQS_00505684390C1EDBB6A57A968548B5CA,00505684390C1EDBB6A57A96854935CA
WS_BGRFC_INBOUND000,083,SRTQS_00505684390C1EDBB6A57ABC900295CA,00505684390C1EDBB6A57ABC900315CA
WS_BGRFC_INBOUND000,083,SRTQS_00505684390C1EDBB6A57AE35657D5CA,00505684390C1EDBB6A57AE3565855CA
WS_BGRFC_INBOUND000,083,SRTQS_00505684390C1EDBB6A57B08DBBA35CA,00505684390C1EDBB6A57B08DBBAB5CA
WS_BGRFC_INBOUND000,083,SRTQS_00505684390C1EDBB6A57B08DBC0D5CA,00505684390C1EDBB6A57B08DBC155CA
WS_BGRFC_INBOUND000,083,SRTQS_00505684390C1EDBB6A57B2FD89155CA,00505684390C1EDBB6A57B2FD891D5CA
WS_BGRFC_INBOUND000,083,SRTQS_00505684390C1EDBB6A57B55F83EF5CA,00505684390C1EDBB6A57B55F83F75CA
WS_BGRFC_INBOUND000,083,SRTQS_00505684390C1EDBB6A57B55F84595CA,00505684390C1EDBB6A57B55F84615CA
WS_BGRFC_INBOUND000,083,SRTQS_00505684390C1EDBB6A57B7C8A67D5CA,00505684390C1EDBB6A57B7C8A6855CA
WS_BGRFC_INBOUND000,083,SRTQS_00505684390C1EDBB6A57BA184C775CA,00505684390C1EDBB6A57BA184C7F5CA
WS_BGRFC_INBOUND000,083,SRTQS_00505684390C1EDBB6A57BA184CE15CA,00505684390C1EDBB6A57BA184CE95CA
WS_BGRFC_INBOUND000,083,SRTQS_00505684390C1EDBB6A57BC8F46895CA,00505684390C1EDBB6A57BC8F46915CA
WS_BGRFC_INBOUND000,083,SRTQS_00505684390C1EDBB6A57BEDAFAC35CA,00505684390C1EDBB6A57BEDAFACB5CA
WS_BGRFC_INBOUND000,083,SRTQS_00505684390C1EDBB6A57C1372B3B5CA,00505684390C1EDBB6A57C1372B435CA
WS_BGRFC_INBOUND000,083,SRTQS_00505684390C1EDBB6A57C1372BB95CA,00505684390C1EDBB6A57C1372BC15CA
WS_BGRFC_INBOUND000,083,SRTQS_00505684390C1EDBB6A57C39A5F2F5CA,00505684390C1EDBB6A57C39A5F375CA
WS_BGRFC_INBOUND000,083,SRTQS_00505684390C1EDBB6A57C62D945F5CA,00505684390C1EDBB6A57C62D94675CA
WS_BGRFC_INBOUND000,083,SRTQS_00505684390C1EDBB6A57C62D94CB5CA,00505684390C1EDBB6A57C62D94D35CA
WS_BGRFC_INBOUND000,083,SRTQS_00505684390C1EDBB6A57CBA800A95CA,00505684390C1EDBB6A57CD234D7B5CA
WS_BGRFC_INBOUND000,083,SRTQS_00505684390C1EDBB6A57D91355FF5CA,00505684390C1EDBB6A57D91356075CA
WS_BGRFC_INBOUND000,083,SRTQS_00505684390C1EDBB6A57EC4A40AD5CA,00505684390C1EDBB6A57EE8651415CA
WS_BGRFC_INBOUND000,083,SRTQS_00505684390C1EDBB6A57EE8651A55CA,00505684390C1EDBB6A57EE8651AD5CA
WS_BGRFC_INBOUND000,083,SRTQS_00505684390C1EDBB6A585E95A3755CA,00505684390C1EDBB6A585E95A37D5CA
WS_BGRFC_INBOUND000,083,SRTQS_00505684390C1EDBB6A58637AEDDB5CA,00505684390C1EDBB6A58637AEDE35CA
WS_BGRFC_INBOUND000,083,SRTQS_00505684390C1EDBB6A5FE06DDF1D5CA,00505684390C1EDBB6A5FE06DDF255CA
WS_BGRFC_INBOUND000,083,SRTQS_00505684390C1EDBB6BE6AB0D75095DD,00505684390C1EDBB6BE6AB0D750F5DD
WS_BGRFC_INBOUND000,083,SRTQS_00505684390C1EDBB6BEA2A4DAC0B5DD,00505684390C1EDBB6BEA2A4DAC135DD
WS_BGRFC_INBOUND000,083,SRTQS_00505684390C1EDBB6BEA4CF40FF95DD,00505684390C1EDBB6BEA4CF410015DD
WS_BGRFC_INBOUND000,083,SRTQS_00505684390C1EDBB6BEAA0C3D55B5DD,00505684390C1EDBB6BEAA0C3D5635DD
WS_BGRFC_INBOUND000,083,SRTQS_00505684390C1EDBB6BEB0E028F155DD,00505684390C1EDBB6BEB0E028F1D5DD
WS_BGRFC_INBOUND000,083,SRTQS_00505684390C1EDBB6BEB12C4AC9B5DD,00505684390C1EDBB6BEB12C4ACA35DD
WS_BGRFC_INBOUND000,083,SRTQS_00505684390C1EDBB6D78FA5579135EC,00505684390C1EDBB6D78FA5579195EC
WS_BGRFC_INBOUND000,083,SRTQS_00505684390C1EDBB6D7CC46A33555EC,00505684390C1EDBB6D7CC46A335D5EC
WS_BGRFC_INBOUND000,083,SRTQS_00505684390C1EDBB6D7CEB9CA24F5EC,00505684390C1EDBB6D7CEB9CA2575EC
WS_BGRFC_INBOUND000,083,SRTQS_00505684390C1EDBB6D7D48DB5C035EC,00505684390C1EDBB6D7D48DB5C0B5EC
WS_BGRFC_INBOUND000,083,SRTQS_00505684390C1EDBB6D7D596AA0115EC,00505684390C1EDBB6D7D596AA0195EC
WS_BGRFC_INBOUND000,083,SRTQS_00505684390C1EDBB6D7DC128DDCB5EC,00505684390C1EDBB6D7DC128DDD35EC
WS_BGRFC_INBOUND000,083,SRTQS_00505684390C1EDBB6D7DC5D27EAF5EC,00505684390C1EDBB6D7DC5D27EB75EC
WS_BGRFC_INBOUND000,083,SRTQS_00505684390C1EDBB6D83350EA7BB5ED,00505684390C1EDBB6D83350EA7C35ED
WS_BGRFC_INBOUND000,083,SRTQS_00505684390C1EDBB6F0F30F0CE035F9,00505684390C1EDBB6F0F30F0CE0B5F9
WS_BGRFC_INBOUND000,083,SRTQS_00505684390C1EDBB6F0F848C1B895F9,00505684390C1EDBB6F0F848C1B915F9
WS_BGRFC_INBOUND000,083,SRTQS_00505684390C1EDBB6F0FAD0FD2495F9,00505684390C1EDBB6F0FAD0FD2515F9
WS_BGRFC_INBOUND000,083,SRTQS_00505684390C1EDBB6F0FB8E3AB395F9,00505684390C1EDBB6F0FB8E3AB415F9
WS_BGRFC_INBOUND000,083,SRTQS_00505684390C1EDBB6F0FD31C2BB35F9,00505684390C1EDBB6F0FD31C2BBB5F9
WS_BGRFC_INBOUND000,083,SRTQS_00505684390C1EDBB6F0FEB4839435F9,00505684390C1EDBB6F0FEB48394B5F9
WS_BGRFC_INBOUND000,083,SRTQS_00505684390C1EDBB6F0FED7E4F675F9,00505684390C1EDBB6F0FED7E4F6F5F9
WS_BGRFC_INBOUND000,083,SRTQS_00505684390C1EDBB6F0FEFC020F15F9,00505684390C1EDBB6F0FEFC020F95F9
WS_BGRFC_INBOUND000,083,SRTQS_00505684390C1EDBB6F0FF21D519D5F9,00505684390C1EDBB6F0FF21D51A55F9
WS_BGRFC_INBOUND000,083,SRTQS_00505684390C1EDBB6F0FF47D03755F9,00505684390C1EDBB6F0FF47D037D5F9
WS_BGRFC_INBOUND000,083,SRTQS_00505684390C1EDBB6F0FF6DC05D75F9,00505684390C1EDBB6F0FF6DC05DF5F9
WS_BGRFC_INBOUND000,083,SRTQS_00505684390C1EDBB6F0FFBEA199F5F9,00505684390C1EDBB6F0FFBEA19A75F9
WS_BGRFC_INBOUND000,083,SRTQS_00505684390C1EDBB6F0FFBEA19EB5F9,00505684390C1EDBB6F0FFBEA19F35F9
WS_BGRFC_INBOUND000,083,SRTQS_00505684390C1EDBB6F10053D15B55F9,00505684390C1EDBB6F10053D15BD5F9
WS_BGRFC_INBOUND000,083,SRTQS_00505684390C1EDBB6F10078DACFF5F9,00505684390C1EDBB6F10078DAD075F9
WS_BGRFC_INBOUND000,083,SRTQS_00505684390C1EDBB6F1009E8ACB15F9,00505684390C1EDBB6F1009E8ACB95F9
WS_BGRFC_INBOUND000,083,SRTQS_00505684390C1EDBB6F14E8EB28A75F9,00505684390C1EDBB6F14E8EB28AF5F9
WS_BGRFC_INBOUND000,083,SRTQS_00505684390C1EDBB6F14EB4F614D5F9,00505684390C1EDBB6F14EB4F61555F9
WS_BGRFC_INBOUND000,083,SRTQS_00505684390C1EDBB6F14F9B4213B5F9,00505684390C1EDBB6F14F9B421435F9
WS_BGRFC_INBOUND000,083,SRTQS_00505684390C1EDBB890C021CBBB965D,00505684390C1EDBB890C021CBBC165D
WS_BGRFC_INBOUND000,083,SRTQS_00505684390C1EDBB8DB42C4E679F68E,00505684390C1EDBB8DB42C4E67A768E
WS_BGRFC_INBOUND000,083,SRTQS_00505684390C1EDBBCDDEB6DF890784A,00505684390C1EDBBCDDEB9C5124D84A
WS_BGRFC_INBOUND000,083,SRTQS_00505684390C1EDBBCDDEC67B520384A,00505684390C1EDBBCDDEC67B520B84A
WS_BGRFC_INBOUND000,083,SRTQS_00505684390C1EDBBCDE0763C87FF84A,00505684390C1EDBBCDE0763C880584A
WS_BGRFC_INBOUND000,083,SRTQS_00505684390C1EDBBCDE1D131ADD384A,00505684390C1EDBBCDE1D131ADD984A
WS_BGRFC_INBOUND000,083,SRTQS_00505684390C1EDBBCDE43A7180C384C,00505684390C1EDBBCDE43CB65B1384C
WS_BGRFC_INBOUND000,083,SRTQS_00505684390C1EDBBCDE53546F23F84C,00505684390C1EDBBCDE53546F24584C
WS_BGRFC_INBOUND000,083,SRTQS_00505684390C1EDBBCDE5AAD6601784C,00505684390C1EDBBCDE5AAD6601D84C
WS_BGRFC_INBOUND000,083,SRTQS_00505684390C1EDC8CB9C00D3FE5BDD5,00505684390C1EDC8CB9C00D3FE63DD5
WS_BGRFC_INBOUND000,083,SRTQS_00505684390C1EDC8CB9CA59528BBDD5,00505684390C1EDC8CB9CA59528C3DD5
WS_BGRFC_INBOUND000,083,SRTQS_00505684390C1EDC8CB9D09E07663DD5,00505684390C1EDC8CB9D09E0766BDD5
WS_BGRFC_INBOUND000,083,SRTQS_00505684390C1EDC8CB9D4F3AE923DD5,00505684390C1EDC8CB9D4F3AE92BDD5
WS_BGRFC_INBOUND000,083,SRTQS_00505684390C1EDC8CBA298569D23DD5,00505684390C1EDC8CBA298569D2BDD5
WS_BGRFC_INBOUND000,083,SRTQS_00505684390C1EDC8CBA2FEAB8AF7DD5,00505684390C1EDC8CBA2FEAB8AFFDD5
WS_BGRFC_INBOUND000,083,SRTQS_00505684390C1EDC8CBDC30A0C6E3DDD,00505684390C1EDC8CBDC30A0C6EBDDD
WS_BGRFC_INBOUND000,083,SRTQS_00505684390C1EDC8CBDC37AD7941DDD,00505684390C1EDC8CBDC37AD7949DDD
WS_BGRFC_INBOUND000,083,SRTQS_00505684390C1EDC8CBDC3A3AA0FBDDD,00505684390C1EDC8CBDC3A3AA103DDD
WS_BGRFC_INBOUND000,083,SRTQS_00505684390C1EDC8CBDC5512531FDDD,00505684390C1EDC8CBDC55125327DDD
WS_BGRFC_INBOUND000,083,SRTQS_00505684390C1EDC8CBDC5DBF6DE3DDD,00505684390C1EDC8CBDC5DBF6DEBDDD
WS_BGRFC_INBOUND000,083,SRTQS_00505684390C1EDC8CBDC6035D329DDD,00505684390C1EDC8CBDC6035D331DDD
WS_BGRFC_INBOUND000,083,SRTQS_00505684390C1EDC8CBDC62942FCDDDD,00505684390C1EDC8CBDC62942FD5DDD
WS_BGRFC_INBOUND000,083,SRTQS_00505684390C1EDC8CBDC64EBED9DDDD,00505684390C1EDC8CBDC64EBEDA5DDD
WS_BGRFC_INBOUND000,083,SRTQS_00505684390C1EDC8CBDC69BD9DB7DDD,00505684390C1EDC8CBDC69BD9DBFDDD
WS_BGRFC_INBOUND000,083,SRTQS_00505684390C1EDC8CBDC787ABB2BDDD,00505684390C1EDC8CBDC787ABB33DDD
WS_BGRFC_INBOUND000,083,SRTQS_00505684390C1EDC8CBDC787ABB7BDDD,00505684390C1EDC8CBDC7A5C05EBDDD
WS_BGRFC_INBOUND000,083,SRTQS_00505684390C1EDC8CBDCC984B30FDDD,00505684390C1EDC8CBDCC984B317DDD
WS_BGRFC_INBOUND000,083,SRTQS_00505684390C1EDC8CBDCE5DABCFBDDD,00505684390C1EDC8CBDCE5DABD03DDD
WS_BGRFC_INBOUND000,083,SRTQS_00505684390C1EDC8CBDEC4900A37DDD,00505684390C1EDC8CBDEC4900A3FDDD
WS_BGRFC_INBOUND000,083,SRTQS_00505684390C1EDC8CBDED815394FDDD,00505684390C1EDC8CBDED8153957DDD
WS_BGRFC_INBOUND000,083,SRTQS_00505684390C1EDC8CBDF32F87E4BDDD,00505684390C1EDC8CBDF32F87E53DDD
WS_BGRFC_INBOUND000,083,SRTQS_00505684390C1EDC8CBDF52C9B241DDE,00505684390C1EDC8CBDF52C9B249DDE
WS_BGRFC_INBOUND000,083,SRTQS_00505684390C1EDC8CBDF6A92733DDDE,00505684390C1EDC8CBDF6A927345DDE
WS_BGRFC_INBOUND000,083,SRTQS_00505684390C1EDC8CBDF82BF4C93DDE,00505684390C1EDC8CBDF82BF4C9BDDE
WS_BGRFC_INBOUND000,083,SRTQS_00505684390C1EDC8CBDF984B9107DDE,00505684390C1EDC8CBDF984B910FDDE
WS_BGRFC_INBOUND000,083,SRTQS_00505684390C1EDC8CBE000C6FD95DDE,00505684390C1EDC8CBE000C6FD9DDDE
WS_BGRFC_INBOUND000,083,SRTQS_00505684390C1EDC8CBE39E8207EBDDF,00505684390C1EDC8CBE39E8207F1DDF
WS_BGRFC_INBOUND000,083,SRTQS_00505684390C1EDC8CBE3A46A22ABDDF,00505684390C1EDC8CBE3A46A22B1DDF
WS_BGRFC_INBOUND000,083,SRTQS_00505684390C1EDC8CC223ACB9D2BDDF,00505684390C1EDC8CC223ACB9D33DDF
WS_BGRFC_INBOUND000,083,SRTQS_00505684390C1EDC8CC2244460D23DDF,00505684390C1EDC8CC2244460D2BDDF
WS_BGRFC_INBOUND000,083,SRTQS_00505684390C1EDC8CD701371D353DF4,00505684390C1EDC8CD701371D35BDF4
WS_BGRFC_INBOUND000,083,SRTQS_00505684390C1EDC8CD7020471527DF4,00505684390C1EDC8CD702047152FDF4
WS_BGRFC_INBOUND000,083,SRTQS_00505684390C1EDC8CD702204F587DF4,00505684390C1EDC8CD702204F58FDF4
WS_BGRFC_INBOUND000,083,SRTQS_00505684390C1EDC8CD70466EB25FDF4,00505684390C1EDC8CD70466EB267DF4
WS_BGRFC_INBOUND000,083,SRTQS_00505684390C1EDC8CD705C28EB5BDF4,00505684390C1EDC8CD705C28EB63DF4
WS_BGRFC_INBOUND000,083,SRTQS_00505684390C1EDC8CD705EC0784FDF4,00505684390C1EDC8CD705EC07857DF4
WS_BGRFC_INBOUND000,083,SRTQS_00505684390C1EDC8CD7060FF544DDF4,00505684390C1EDC8CD7060FF5455DF4
WS_BGRFC_INBOUND000,083,SRTQS_00505684390C1EDC8CD7066E1BC8FDF4,00505684390C1EDC8CD7066E1BC97DF4
WS_BGRFC_INBOUND000,083,SRTQS_00505684390C1EDC8CD706C4D8FFFDF4,00505684390C1EDC8CD706C4D9007DF4
WS_BGRFC_INBOUND000,083,SRTQS_00505684390C1EDC8CD708292A093DF4,00505684390C1EDC8CD708292A09BDF4
WS_BGRFC_INBOUND000,083,SRTQS_00505684390C1EDC8CD7084C314BFDF4,00505684390C1EDC8CD7084C314C7DF4
WS_BGRFC_INBOUND000,083,SRTQS_00505684390C1EDC8CD70DD372263DF4,00505684390C1EDC8CD70DF7AEF07DF4
WS_BGRFC_INBOUND000,083,SRTQS_00505684390C1EDC8CD7100D5BEA3DF4,00505684390C1EDC8CD7100D5BEABDF4
WS_BGRFC_INBOUND000,083,SRTQS_00505684390C1EDC8CD715ED946F3DF4,00505684390C1EDC8CD715ED946FBDF4
WS_BGRFC_INBOUND000,083,SRTQS_00505684390C1EDC8CD7282E56D03DF4,00505684390C1EDC8CD7282E56D0BDF4
WS_BGRFC_INBOUND000,083,SRTQS_00505684390C1EDC8CD72BAF11BCFDF4,00505684390C1EDC8CD72BAF11BD7DF4
WS_BGRFC_INBOUND000,083,SRTQS_00505684390C1EDC8CD72D5279DD3DF4,00505684390C1EDC8CD72D5279DDBDF4
WS_BGRFC_INBOUND000,083,SRTQS_00505684390C1EDC8CD72F467512FDF4,00505684390C1EDC8CD72F4675137DF4
WS_BGRFC_INBOUND000,083,SRTQS_00505684390C1EDC8CD730C014FB1DF4,00505684390C1EDC8CD730C014FB9DF4
WS_BGRFC_INBOUND000,083,SRTQS_00505684390C1EDC8CD7323F733ABDF4,00505684390C1EDC8CD7323F733B3DF4
WS_BGRFC_INBOUND000,083,SRTQS_00505684390C1EDC8CD7336E7D8EFDF4,00505684390C1EDC8CD7336E7D8F7DF4
WS_BGRFC_INBOUND000,083,SRTQS_00505684390C1EDC8CD7391A7DEFDDF4,00505684390C1EDC8CD7391A7DF05DF4
WS_BGRFC_INBOUND000,083,SRTQS_00505684390C1EDC8CD7718F9D117DF4,00505684390C1EDC8CD7718F9D11DDF4
WS_BGRFC_INBOUND000,083,SRTQS_00505684390C1EDC8CD771F1D2BCBDF4,00505684390C1EDC8CD771F1D2BD1DF4
WS_BGRFC_INBOUND000,083,SRTQS_00505684390C1EDC8CDB3DD2B749DDF4,00505684390C1EDC8CDB3DD2B74A5DF4
WS_BGRFC_INBOUND000,083,SRTQS_00505684390C1EDC8CDB3E64678AFDF4,00505684390C1EDC8CDB3E64678B7DF4
WS_BGRFC_INBOUND000,083,SRTQS_00505684390C1EDC8CDE49991562FDF7,00505684390C1EDC8CDE499915637DF7
WS_BGRFC_INBOUND000,083,SRTQS_00505684390C1EDC8CF005F6595E3E38,00505684390C1EDC8CF005F6595EBE38
WS_BGRFC_INBOUND000,083,SRTQS_00505684390C1EDC8CF0061DBCF87E38,00505684390C1EDC8CF0061DBCF8FE38
WS_BGRFC_INBOUND000,083,SRTQS_00505684390C1EDC8CF007520DDF3E38,00505684390C1EDC8CF007520DDFBE38
WS_BGRFC_INBOUND000,083,SRTQS_00505684390C1EDC8CF007C02CCA7E38,00505684390C1EDC8CF007C02CCAFE38
WS_BGRFC_INBOUND000,083,SRTQS_00505684390C1EDC8CF007E51438DE38,00505684390C1EDC8CF007E514395E38
WS_BGRFC_INBOUND000,083,SRTQS_00505684390C1EDC8CF0080BB35F5E38,00505684390C1EDC8CF0080BB35FDE38
WS_BGRFC_INBOUND000,083,SRTQS_00505684390C1EDC8CF00833AB6C3E38,00505684390C1EDC8CF00833AB6CBE38
WS_BGRFC_INBOUND000,083,SRTQS_00505684390C1EDC8CF008F0A603FE38,00505684390C1EDC8CF008F0A6047E38
WS_BGRFC_INBOUND000,083,SRTQS_00505684390C1EDC8CF008F0A608FE38,00505684390C1EDC8CF0091738247E38
WS_BGRFC_INBOUND000,083,SRTQS_00505684390C1EDC8CF00D93CB14BE38,00505684390C1EDC8CF00D93CB153E38
WS_BGRFC_INBOUND000,083,SRTQS_00505684390C1EDC8CF01163CEC77E38,00505684390C1EDC8CF01163CEC7FE38
WS_BGRFC_INBOUND000,083,SRTQS_00505684390C1EDC8CF0134C26523E38,00505684390C1EDC8CF0134C2652BE38
WS_BGRFC_INBOUND000,083,SRTQS_00505684390C1EDC8CF02422B6A33E38,00505684390C1EDC8CF02422B6A3BE38
WS_BGRFC_INBOUND000,083,SRTQS_00505684390C1EDC8CF0245C8474FE38,00505684390C1EDC8CF0245C84757E38
WS_BGRFC_INBOUND000,083,SRTQS_00505684390C1EDC8CF028EE239BFE38,00505684390C1EDC8CF028EE239C7E38
WS_BGRFC_INBOUND000,083,SRTQS_00505684390C1EDC8CF02B0070EB3E38,00505684390C1EDC8CF02B0070EBBE38
WS_BGRFC_INBOUND000,083,SRTQS_00505684390C1EDC8CF02B6FDE46DE38,00505684390C1EDC8CF02B6FDE475E38
WS_BGRFC_INBOUND000,083,SRTQS_00505684390C1EDC8CF02C2E40187E38,00505684390C1EDC8CF02C2E4018FE38
WS_BGRFC_INBOUND000,083,SRTQS_00505684390C1EDC8CF02D602FB93E38,00505684390C1EDC8CF02D602FB9BE38
WS_BGRFC_INBOUND000,083,SRTQS_00505684390C1EDC8CF02E459D689E38,00505684390C1EDC8CF02E459D691E38
WS_BGRFC_INBOUND000,083,SRTQS_00505684390C1EDC8CF0332FB8807E38,00505684390C1EDC8CF0332FB880FE38
WS_BGRFC_INBOUND000,083,SRTQS_00505684390C1EDC8CF05C4B3C56FE38,00505684390C1EDC8CF05C4B3C575E38
WS_BGRFC_INBOUND000,083,SRTQS_00505684390C1EDC8CF05C8AA10E3E38,00505684390C1EDC8CF05C8AA10E9E38
WS_BGRFC_INBOUND000,083,SRTQS_00505684390C1EDC8CF437C492197E38,00505684390C1EDC8CF437C49219FE38
WS_BGRFC_INBOUND000,083,SRTQS_00505684390C1EDC8CF43856F36B7E38,00505684390C1EDC8CF43856F36BFE38
WS_BGRFC_INBOUND000,083,SRTQS_00505684390C1EDC8DBB77E083243E59,00505684390C1EDC8DBB77E08324BE59
WS_BGRFC_INBOUND000,083,SRTQS_00505684390C1EDC8DBB785278F37E59,00505684390C1EDC8DBB785278F3FE59
WS_BGRFC_INBOUND000,083,SRTQS_00505684390C1EDC8DBB785278F89E59,00505684390C1EDC8DBB7878A56EBE59
WS_BGRFC_INBOUND000,083,SRTQS_00505684390C1EDC8DBB79A9F0963E59,00505684390C1EDC8DBB79A9F096BE59
WS_BGRFC_INBOUND000,083,SRTQS_00505684390C1EDC8DBB7A1D7FF61E59,00505684390C1EDC8DBB7A1D7FF69E59
WS_BGRFC_INBOUND000,083,SRTQS_00505684390C1EDC8DBB7A4215945E59,00505684390C1EDC8DBB7A421594DE59
WS_BGRFC_INBOUND000,083,SRTQS_00505684390C1EDC8DBB7A902A59BE59,00505684390C1EDC8DBB7A902A5A3E59
WS_BGRFC_INBOUND000,083,SRTQS_00505684390C1EDC8DBB7AB6BEC5BE59,00505684390C1EDC8DBB7AB6BEC63E59
WS_BGRFC_INBOUND000,083,SRTQS_00505684390C1EDC8DBB7B741C63BE59,00505684390C1EDC8DBB7B741C643E59
WS_BGRFC_INBOUND000,083,SRTQS_00505684390C1EDC8DBB7B741C68BE59,00505684390C1EDC8DBB7B9AAA5EFE59
WS_BGRFC_INBOUND000,083,SRTQS_00505684390C1EDC8DBB83981870FE59,00505684390C1EDC8DBB839818717E59
WS_BGRFC_INBOUND000,083,SRTQS_00505684390C1EDC8DBB853C23B73E59,00505684390C1EDC8DBB853C23B7BE59
WS_BGRFC_INBOUND000,083,SRTQS_00505684390C1EDC8DBB85CF9896BE59,00505684390C1EDC8DBB85CF98973E59
WS_BGRFC_INBOUND000,083,SRTQS_00505684390C1EDC8DBB91E887853E59,00505684390C1EDC8DBB91E88785BE59
WS_BGRFC_INBOUND000,083,SRTQS_00505684390C1EDC8DBB94BDDC96BE59,00505684390C1EDC8DBB94BDDC973E59
WS_BGRFC_INBOUND000,083,SRTQS_00505684390C1EDC8DBB9632D31F5E59,00505684390C1EDC8DBB9632D31FDE59
WS_BGRFC_INBOUND000,083,SRTQS_00505684390C1EDC8DBB97D63F53DE59,00505684390C1EDC8DBB97FC8D0A5E59
WS_BGRFC_INBOUND000,083,SRTQS_00505684390C1EDC8DBB984E823DDE59,00505684390C1EDC8DBB986F1B15FE59
WS_BGRFC_INBOUND000,083,SRTQS_00505684390C1EDC8DBB992E20F0BE59,00505684390C1EDC8DBB992E20F13E59
WS_BGRFC_INBOUND000,083,SRTQS_00505684390C1EDC8DBB9AD50E623E59,00505684390C1EDC8DBB9AD50E62BE59
WS_BGRFC_INBOUND000,083,SRTQS_00505684390C1EDC8DBB9BB87F419E59,00505684390C1EDC8DBB9BB87F421E59
WS_BGRFC_INBOUND000,083,SRTQS_00505684390C1EDC8DBBA07C34961E59,00505684390C1EDC8DBBA0A1321B3E59
WS_BGRFC_INBOUND000,083,SRTQS_00505684390C1EDC8DBBCFE3E5C03E59,00505684390C1EDC8DBBCFE3E5C09E59
WS_BGRFC_INBOUND000,083,SRTQS_00505684390C1EDC8DBBD00451475E59,00505684390C1EDC8DBBD0045147BE59
WS_BGRFC_INBOUND000,083,SRTQS_00505684390C1EDC8DBFE11708433E5A,00505684390C1EDC8DBFE1170843BE5A
WS_BGRFC_INBOUND000,083,SRTQS_00505684390C1EDC8DBFE1AEA186DE5A,00505684390C1EDC8DBFE1AEA1875E5A
WS_BGRFC_INBOUND000,083,SRTQS_00505684390C1EDC90E9A4ADA6AD9F81,00505684390C1EDC90E9A4ADA6AE1F81
WS_BGRFC_INBOUND000,083,SRTQS_00505684390C1EDC90E9AB187843BF81,00505684390C1EDC90E9AB1878443F81
WS_BGRFC_INBOUND000,083,SRTQS_00505684390C1EDC90E9ACE1636A3F81,00505684390C1EDC90E9ACE1636ABF81
WS_BGRFC_INBOUND000,083,SRTQS_00505684390C1EEA9B9E75E0D0E4B0F8,00505684390C1EEA9B9E75E0D0E5B0F8
WS_BGRFC_INBOUND000,083,SRTQS_00505684390C1EEA9B9E80B6B49BD0F8,00505684390C1EEA9B9E80B6B49C70F8
WS_BGRFC_INBOUND000,083,SRTQS_00505684390C1EEA9BFF8C54D661D3B4,00505684390C1EEA9BFF8C54D66233B4
WS_BGRFC_INBOUND000,083,SRTQS_00505684390C1EEA9C80B058699173B9,00505684390C1EEA9C80B0586991D3B9
WS_BGRFC_INBOUND000,083,SRTQS_00505684390C1EEA9C810F4AB2C733C0,00505684390C1EEA9C810F4AB2C793C0
WS_BGRFC_INBOUND000,083,SRTQS_00505684390C1EEA9C81141FC203F3C1,00505684390C1EEA9C81141FC20453C1
WS_BGRFC_INBOUND000,083,SRTQS_00505684390C1EEA9C826A6647EF33C5,00505684390C1EEA9C826A6647EF93C5
WS_BGRFC_INBOUND000,083,SRTQS_00505684390C1EEA9C826C61B2FB33C5,00505684390C1EEA9C826C7B86FB93C5
WS_BGRFC_INBOUND000,083,SRTQS_00505684390C1EEA9CBCDDD2C93EB46F,00505684390C1EEA9CBCDDD2C93F146F
WS_BGRFC_INBOUND000,083,SRTQS_00505684390C1EEA9CBCE8B500E2F46F,00505684390C1EEA9CBCE8B500E3546F
WS_BGRFC_INBOUND000,083,SRTQS_00505684390C1EEA9CCB1E63E00BB493,00505684390C1EEA9CCB1E63E00C1493
WS_BGRFC_INBOUND000,083,SRTQS_00505684390C1EEA9CCB40A401D17494,00505684390C1EEA9CCB40A401D1D494
WS_BGRFC_INBOUND000,083,SRTQS_00505684390C1EEA9CCB47BE406EF495,00505684390C1EEA9CCB47BE406F5495
WS_BGRFC_INBOUND000,083,SRTQS_00505684390C1EEA9CCB49F52C007495,00505684390C1EEA9CCB49F52C00D495
WS_BGRFC_INBOUND000,083,SRTQS_00505684390C1EEA9CCB531FA69D3495,00505684390C1EEA9CCB531FA69D9495
WS_BGRFC_INBOUND000,083,SRTQS_00505684390C1EEA9CCB6064B1F2F495,00505684390C1EEA9CCB6064B1F35495
WS_BGRFC_INBOUND000,083,SRTQS_00505684390C1EEA9CCB62935D6FF495,00505684390C1EEA9CCB62935D705495
WS_BGRFC_INBOUND000,083,SRTQS_00505684390C1EEA9CCB62935D72D495,00505684390C1EEA9CCB62935D733495
WS_BGRFC_INBOUND000,083,SRTQS_00505684390C1EEA9CCB62B6A658F495,00505684390C1EEA9CCB62B6A6595495
WS_BGRFC_INBOUND000,083,SRTQS_00505684390C1EEA9CCB9B6422E67496,00505684390C1EEA9CCB9B6422E6D496
WS_BGRFC_INBOUND000,083,SRTQS_00505684390C1EEA9CCBCC333A83B496,00505684390C1EEA9CCBCC333A841496
WS_BGRFC_INBOUND000,083,SRTQS_00505684390C1EEA9CCBE49A683F7497,00505684390C1EEA9CCBE49A683FD497
WS_BGRFC_INBOUND000,083,SRTQS_00505684390C1EEA9CCC11898405349C,00505684390C1EEA9CCC11898405949C
WS_BGRFC_INBOUND000,083,SRTQS_00505684390C1EEA9CCD23E6E5AB34A5,00505684390C1EEA9CCD23E6E5AB94A5
WS_BGRFC_INBOUND000,083,SRTQS_00505684390C1EEA9CCDDB7BB4CDB4AE,00505684390C1EEA9CCDDB7BB4CE14AE
WS_BGRFC_INBOUND000,083,SRTQS_00505684390C1EEA9CCE0B610C7B34AE,00505684390C1EEA9CCE0B610C7B94AE
WS_BGRFC_INBOUND000,083,SRTQS_00505684390C1EEA9EB0FD82F6B97BC5,00505684390C1EEA9EB0FD82F6BA7BC5
WS_BGRFC_INBOUND000,083,SRTQS_00505684390C1EEAB8A668D17E0A2EA5,00505684390C1EEAB8A668D17E0A8EA5
WS_BGRFC_INBOUND000,083,SRTQS_00505684390C1EEABAA1DAB6636834DE,00505684390C1EEABAA1DAB66368D4DE
WS_BGRFC_INBOUND000,083,SRTQS_00505684390C1EEB81CE757E15C72285,00505684390C1EEB81CE75A905BDE285
WS_BGRFC_INBOUND000,083,SRTQS_00505684390C1EEB8E8971BF56D2A75C,00505684390C1EEB8E8971E4AE9F875C
WS_BGRFC_INBOUND000,083,SRTQS_00505684390C1EEB8E8972112A14275C,00505684390C1EEB8E8972112A14C75C
WS_BGRFC_INBOUND000,083,SRTQS_00505684390C1EEB8E897230BDE4875C,00505684390C1EEB8E897230BDE5275C
WS_BGRFC_INBOUND000,083,SRTQS_00505684390C1EEB8E897230BDE7675C,00505684390C1EEB8E897230BDE8075C
WS_BGRFC_INBOUND000,083,SRTQS_00505684390C1EEB8E89725ECF21275C,00505684390C1EEB8E89725ECF21C75C
WS_BGRFC_INBOUND000,083,SRTQS_00505684390C1EEB8E89725ECF24075C,00505684390C1EEB8E89725ECF24A75C
WS_BGRFC_INBOUND000,083,SRTQS_00505684390C1EEB8E897295AFFB675C,00505684390C1EEB8E897295AFFC075C
WS_BGRFC_INBOUND000,083,SRTQS_00505684390C1EEB8E897295AFFE475C,00505684390C1EEB8E897295AFFEE75C
WS_BGRFC_INBOUND000,083,SRTQS_00505684390C1EEB8E8972C7EFADA75C,00505684390C1EEB8E8972C7EFAE475C
WS_BGRFC_INBOUND000,083,SRTQS_00505684390C1EEB8E8972E5D806A75C,00505684390C1EEB8E8972E5D807475C
WS_BGRFC_INBOUND000,083,SRTQS_00505684390C1EEB8E89730341F4675C,00505684390C1EEB8E89730341F5075C
WS_BGRFC_INBOUND000,083,SRTQS_00505684390C1EEB8E89730341F7475C,00505684390C1EEB8E89730341F7E75C
WS_BGRFC_INBOUND000,083,SRTQS_00505684390C1EEB8E89733BFD6DE75C,00505684390C1EEB8E89733BFD6E875C
WS_BGRFC_INBOUND000,083,SRTQS_00505684390C1EEB8E897361D177A75C,00505684390C1EEB8E897361D178475C
WS_BGRFC_INBOUND000,083,SRTQS_00505684390C1EEB8E897388FABE275C,00505684390C1EEB8E897388FABEC75C
WS_BGRFC_INBOUND000,083,SRTQS_00505684390C1EEB8E897388FAC1075C,00505684390C1EEB8E897388FAC1A75C
WS_BGRFC_INBOUND000,083,SRTQS_00505684390C1EEB8E8973C68562675C,00505684390C1EEB8E8973C68563075C
WS_BGRFC_INBOUND000,083,SRTQS_00505684390C1EEB8E8977434F59675C,00505684390C1EEB8E8977434F59C75C
WS_BGRFC_INBOUND000,083,SRTQS_00505684390C1EEB8E897766B9AAE75C,00505684390C1EEB8E897766B9AB475C
WS_BGRFC_INBOUND000,083,SRTQS_00505684390C1EEB8E89778E115A275C,00505684390C1EEB8E89778E115A875C
WS_BGRFC_INBOUND000,083,SRTQS_00505684390C1EEB8E897897314CE75C,00505684390C1EEB8E897897314D475C
WS_BGRFC_INBOUND000,083,SRTQS_00505684390C1EEB8E8979A252E1A75C,00505684390C1EEB8E8979A252E2075C
WS_BGRFC_INBOUND000,083,SRTQS_00505684390C1EEB8E897AB0E1FF275C,00505684390C1EEB8E897AB0E1FF875C
WS_BGRFC_INBOUND000,083,SRTQS_00505684390C1EEB8E897BBFFA04275C,00505684390C1EEB8E897BBFFA04875C
WS_BGRFC_INBOUND000,083,SRTQS_00505684390C1EEB93CD9102E74AB634,00505684390C1EEB93CD912777D1D634
WS_BGRFC_INBOUND000,083,SRTQS_00505684390C1EEB9EBC3DC7CB02610D,00505684390C1EEB9EBC3DC7CB02C10D
WS_BGRFC_INBOUND000,083,SRTQS_00505684390C1EEB9EC09583D00F011E,00505684390C1EEB9EC09583D00F611E
WS_BGRFC_INBOUND000,083,SRTQS_00505684390C1EEB9EC09725CA59811E,00505684390C1EEB9EC09725CA59E11E
WS_BGRFC_INBOUND000,083,SRTQS_00505684390C1EEB9EC09725CA5E011E,00505684390C1EEB9EC09725CA5E611E
WS_BGRFC_INBOUND000,083,SRTQS_00505684390C1EEB9EC097C8C058811E,00505684390C1EEB9EC097C8C058E11E
WS_BGRFC_INBOUND000,083,SRTQS_00505684390C1EEB9EC097E59D5C011E,00505684390C1EEB9EC097E59D5C611E
WS_BGRFC_INBOUND000,083,SRTQS_00505684390C1EEB9EC0986C164BC11E,00505684390C1EEB9EC0986C164C211E
WS_BGRFC_INBOUND000,083,SRTQS_00505684390C1EEB9EC0986C1651E11E,00505684390C1EEB9EC09891EED4C11E
WS_BGRFC_INBOUND000,083,SRTQS_00505684390C1EEB9EC09891A8D4A11E,00505684390C1EEB9EC09891A8D5211E
WS_BGRFC_INBOUND000,083,SRTQS_00505684390C1EEB9EC09891EEDA811E,00505684390C1EEB9EC09891EEDAE11E
WS_BGRFC_INBOUND000,083,SRTQS_00505684390C1EEB9EC098B786C0011E,00505684390C1EEB9EC098B786C0611E
WS_BGRFC_INBOUND000,083,SRTQS_00505684390C1EEB9EC098E09F79E11E,00505684390C1EEB9EC098E09F7A411E
WS_BGRFC_INBOUND000,083,SRTQS_00505684390C1EEB9EC09902A5EA211E,00505684390C1EEB9EC09902A5EAA11E
WS_BGRFC_INBOUND000,083,SRTQS_00505684390C1EEB9EC0990F242FC11E,00505684390C1EEB9EC0990F2430211E
WS_BGRFC_INBOUND000,083,SRTQS_00505684390C1EEB9EC09928A28BA11E,00505684390C1EEB9EC09928A28C011E
WS_BGRFC_INBOUND000,083,SRTQS_00505684390C1EEB9EC09951AC79211E,00505684390C1EEB9EC09951AC79A11E
WS_BGRFC_INBOUND000,083,SRTQS_00505684390C1EEB9EC0999C97B5611E,00505684390C1EEB9EC0999C97B5E11E
WS_BGRFC_INBOUND000,083,SRTQS_00505684390C1EEB9EC099C33FBE211E,00505684390C1EEB9EC099C33FBEA11E
WS_BGRFC_INBOUND000,083,SRTQS_00505684390C1EEB9EC09A0EC571611E,00505684390C1EEB9EC09A0EC571E11E
WS_BGRFC_INBOUND000,083,SRTQS_00505684390C1EEB9EC09A59A859611E,00505684390C1EEB9EC09A59A859E11E
WS_BGRFC_INBOUND000,083,SRTQS_00505684390C1EEB9EC09AD03756E11E,00505684390C1EEB9EC09AD03757611E
WS_BGRFC_INBOUND000,083,SRTQS_00505684390C1EEB9EC09B18AC9B211E,00505684390C1EEB9EC09B18AC9BA11E
WS_BGRFC_INBOUND000,083,SRTQS_00505684390C1EEB9EC09C196E10611E,00505684390C1EEB9EC09C196E10E11E
WS_BGRFC_INBOUND000,083,SRTQS_00505684390C1EEB9EC09C3997E0011E,00505684390C1EEB9EC09C3997E0811E
WS_BGRFC_INBOUND000,083,SRTQS_00505684390C1EEB9EC09C6CBC97011E,00505684390C1EEB9EC09C82C1A7A11E
WS_BGRFC_INBOUND000,083,SRTQS_00505684390C1EEB9EC09F0D100AA11E,00505684390C1EEB9EC09F0D100B211E
WS_BGRFC_INBOUND000,083,SRTQS_00505684390C1EEB9EC09FE826D2011E,00505684390C1EEB9EC09FE826D2811E
WS_BGRFC_INBOUND000,083,SRTQS_00505684390C1EEB9EC0A00A7E8B811E,00505684390C1EEB9EC0A00A7E8C011E
WS_BGRFC_INBOUND000,083,SRTQS_00505684390C1EEB9EC0A05007E8411E,00505684390C1EEB9EC0A05007E8C11E
WS_BGRFC_INBOUND000,083,SRTQS_00505684390C1EEB9EC0A09CE3F5211E,00505684390C1EEB9EC0A09CE3F5A11E
WS_BGRFC_INBOUND000,083,SRTQS_00505684390C1EEB9EC0A19784D7011E,00505684390C1EEB9EC0A19784D7811E
WS_BGRFC_INBOUND000,083,SRTQS_00505684390C1EEB9EC0A1BD48ADE11E,00505684390C1EEB9EC0A1BD48AE611E
WS_BGRFC_INBOUND000,083,SRTQS_00505684390C1EEB9EC0A2E90B8A011E,00505684390C1EEB9EC0A2E90B8A811E
WS_BGRFC_INBOUND000,083,SRTQS_00505684390C1EEB9EC0A338D380A11E,00505684390C1EEB9EC0A338D381211E
WS_BGRFC_INBOUND000,083,SRTQS_00505684390C1EEB9EC0A3603B42011E,00505684390C1EEB9EC0A3603B42811E
WS_BGRFC_INBOUND000,083,SRTQS_00505684390C1EEB9EC0A52DB8E4A11E,00505684390C1EEB9EC0A52DB8E5211E
WS_BGRFC_INBOUND000,083,SRTQS_00505684390C1EEB9EC0A5E83FD1E11E,00505684390C1EEB9EC0A5E83FD2611E
WS_BGRFC_INBOUND000,083,SRTQS_00505684390C1EEB9EC0A610E2BB411E,00505684390C1EEB9EC0A610E2BBC11E
WS_BGRFC_INBOUND000,083,SRTQS_00505684390C1EEB9EC0A63B8D42A11E,00505684390C1EEB9EC0A63B8D43211E
WS_BGRFC_INBOUND000,083,SRTQS_00505684390C1EEB9EC0A665A43DA11E,00505684390C1EEB9EC0A665A43E211E
WS_BGRFC_INBOUND000,083,SRTQS_00505684390C1EEB9EC0A68F915EE11E,00505684390C1EEB9EC0A68F915F611E
WS_BGRFC_INBOUND000,083,SRTQS_00505684390C1EEB9EC0A6CBA0A4A11E,00505684390C1EEB9EC0A6CBA0A5211E
WS_BGRFC_INBOUND000,083,SRTQS_00505684390C1EEB9EC0A6F4B8E8611E,00505684390C1EEB9EC0A6F4B8E8E11E
WS_BGRFC_INBOUND000,083,SRTQS_00505684390C1EEB9EC0A78EC5CC211E,00505684390C1EEB9EC0A78EC5CCA11E
WS_BGRFC_INBOUND000,083,SRTQS_00505684390C1EEB9EC0D23CC227611E,00505684390C1EEB9EC0D23CC227C11E
WS_BGRFC_INBOUND000,083,SRTQS_00505684390C1EEB9EC0D26121F8A11E,00505684390C1EEB9EC0D26121F9011E
WS_BGRFC_INBOUND000,083,SRTQS_00505684390C1EEB9EC0DC7022AF011E,00505684390C1EEB9EC0DC7022AF811E
WS_BGRFC_INBOUND000,083,SRTQS_00505684390C1EEB9EC0DC97649B611E,00505684390C1EEB9EC0DC97649BE11E
WS_BGRFC_INBOUND000,083,SRTQS_00505684390C1EEB9EC0DCBCFFEF011E,00505684390C1EEB9EC0DCBCFFEF811E
WS_BGRFC_INBOUND000,083,SRTQS_00505684390C1EEB9EC0DD08CB34211E,00505684390C1EEB9EC0DD08CB34A11E
WS_BGRFC_INBOUND000,083,SRTQS_00505684390C1EEB9EC0DD2F60B7C11E,00505684390C1EEB9EC0DD2F60B8411E
WS_BGRFC_INBOUND000,083,SRTQS_00505684390C1EEB9EC0DD54B746011E,00505684390C1EEB9EC0DD54B746811E
WS_BGRFC_INBOUND000,083,SRTQS_00505684390C1EEB9EC0DDA4B903011E,00505684390C1EEB9EC0DDA4B903811E
WS_BGRFC_INBOUND000,083,SRTQS_00505684390C1EEB9EC0DDED85A6A11E,00505684390C1EEB9EC0DDED85A7211E
WS_BGRFC_INBOUND000,083,SRTQS_00505684390C1EEB9EC0DDED85AC411E,00505684390C1EEB9EC0DDED85ACC11E
WS_BGRFC_INBOUND000,083,SRTQS_00505684390C1EEB9EC0DE176E86211E,00505684390C1EEB9EC0DE176E86A11E
WS_BGRFC_INBOUND000,083,SRTQS_00505684390C1EEB9EC0DE176E8AE11E,00505684390C1EEB9EC0DE176E8B611E
WS_BGRFC_INBOUND000,083,SRTQS_00505684390C1EEB9EC0DE39B81BC11E,00505684390C1EEB9EC0DE39B81C411E
WS_BGRFC_INBOUND000,083,SRTQS_00505684390C1EEB9EC0DE39B822211E,00505684390C1EEB9EC0DE39B822A11E
WS_BGRFC_INBOUND000,083,SRTQS_00505684390C1EEB9EC0DE61F3CFE11E,00505684390C1EEB9EC0DE61F3D0611E
WS_BGRFC_INBOUND000,083,SRTQS_00505684390C1EEB9EC0DE86CB22411E,00505684390C1EEB9EC0DE86CB22C11E
WS_BGRFC_INBOUND000,083,SRTQS_00505684390C1EEB9EC0DE86CB28A11E,00505684390C1EEB9EC0DE86CB29211E
WS_BGRFC_INBOUND000,083,SRTQS_00505684390C1EEB9EC0DEAC1F45E11E,00505684390C1EEB9EC0DEAC1F46611E
WS_BGRFC_INBOUND000,083,SRTQS_00505684390C1EEB9EC0DEAC1F4C411E,00505684390C1EEB9EC0DED25872011E
WS_BGRFC_INBOUND000,083,SRTQS_00505684390C1EEB9EC0DED25879211E,00505684390C1EEB9EC0DED25879A11E
WS_BGRFC_INBOUND000,083,SRTQS_00505684390C1EEB9EC0DEFA046E011E,00505684390C1EEB9EC0DEFA046E811E
WS_BGRFC_INBOUND000,083,SRTQS_00505684390C1EEB9EC0DF1FCC8AA11E,00505684390C1EEB9EC0DF1FCC8B211E
WS_BGRFC_INBOUND000,083,SRTQS_00505684390C1EEB9EC0DF1FCC93011E,00505684390C1EEB9EC0DF1FCC93811E
WS_BGRFC_INBOUND000,083,SRTQS_00505684390C1EEB9EC0DF44A9FAC11E,00505684390C1EEB9EC0DF44A9FB411E
WS_BGRFC_INBOUND000,083,SRTQS_00505684390C1EEB9EC0DF6C718E011E,00505684390C1EEB9EC0DF6C718E811E
WS_BGRFC_INBOUND000,083,SRTQS_00505684390C1EEB9EC0DF919343011E,00505684390C1EEB9EC0DF919343811E
WS_BGRFC_INBOUND000,083,SRTQS_00505684390C1EEB9EC0DFE7EFF2611E,00505684390C1EEB9EC0DFE7EFF2E11E
WS_BGRFC_INBOUND000,083,SRTQS_00505684390C1EEB9EC0E00378A0A11E,00505684390C1EEB9EC0E00378A1211E
WS_BGRFC_INBOUND000,083,SRTQS_00505684390C1EEB9EC0E0E855E6C11E,00505684390C1EEB9EC0E0E855E7411E
WS_BGRFC_INBOUND000,083,SRTQS_00505684390C1EEB9EC0E21A001DA11E,00505684390C1EEB9EC0E21A001E211E
WS_BGRFC_INBOUND000,083,SRTQS_00505684390C1EEB9EC0E241A45C211E,00505684390C1EEB9EC0E241A45CA11E
WS_BGRFC_INBOUND000,083,SRTQS_00505684390C1EEB9EC0E265DA22411E,00505684390C1EEB9EC0E265DA22C11E
WS_BGRFC_INBOUND000,083,SRTQS_00505684390C1EEB9EC0E28BCC26811E,00505684390C1EEB9EC0E28BCC27011E
WS_BGRFC_INBOUND000,083,SRTQS_00505684390C1EEB9EC0E42FF271811E,00505684390C1EEB9EC0E42FF272011E
WS_BGRFC_INBOUND000,083,SRTQS_00505684390C1EEB9EC0E5D311EBE11E,00505684390C1EEB9EC0E5D311EC611E
WS_BGRFC_INBOUND000,083,SRTQS_00505684390C1EEB9EC0E64627E4A11E,00505684390C1EEB9EC0E64627E5211E
WS_BGRFC_INBOUND000,083,SRTQS_00505684390C1EEB9EC0E6928107C11E,00505684390C1EEB9EC0E6928108411E
WS_BGRFC_INBOUND000,083,SRTQS_00505684390C1EEB9EC0E72B0EFDA11E,00505684390C1EEB9EC0E72B0EFE211E
WS_BGRFC_INBOUND000,083,SRTQS_00505684390C1EEB9EC0E7C3D1A8411E,00505684390C1EEB9EC0E7C3D1A8C11E
WS_BGRFC_INBOUND000,083,SRTQS_00505684390C1EEB9EC0E7E9646A211E,00505684390C1EEB9EC0E7E9646AA11E
WS_BGRFC_INBOUND000,083,SRTQS_00505684390C1EEB9EC0E80F4FD3611E,00505684390C1EEB9EC0E80F4FD3E11E
WS_BGRFC_INBOUND000,083,SRTQS_00505684390C1EEB9EC0E80F4FD9011E,00505684390C1EEB9EC0E80F4FD9811E
WS_BGRFC_INBOUND000,083,SRTQS_00505684390C1EEB9EC0E837E640811E,00505684390C1EEB9EC0E837E641011E
WS_BGRFC_INBOUND000,083,SRTQS_00505684390C1EEB9EC0E85CC52A611E,00505684390C1EEB9EC0E85CC52AE11E
WS_BGRFC_INBOUND000,083,SRTQS_00505684390C1EEB9EC11A0E253F211E,00505684390C1EEB9EC11A0E253FA11E
WS_BGRFC_INBOUND000,083,SRTQS_00505684390C1EEB9EC11A362E9EA11E,00505684390C1EEB9EC11A362E9F211E
WS_BGRFC_INBOUND000,083,SRTQS_00505684390C1EEB9EC11A5C5147411E,00505684390C1EEB9EC11A5C5147C11E
WS_BGRFC_INBOUND000,083,SRTQS_00505684390C1EEB9EC11A815BE7011E,00505684390C1EEB9EC11A815BE7811E
WS_BGRFC_INBOUND000,083,SRTQS_00505684390C1EEB9EC11AA81528411E,00505684390C1EEB9EC11AA81528C11E
WS_BGRFC_INBOUND000,083,SRTQS_00505684390C1EEB9EC11ACD4D65011E,00505684390C1EEB9EC11ACD4D65811E
WS_BGRFC_INBOUND000,083,SRTQS_00505684390C1EEB9EC11AF46130211E,00505684390C1EEB9EC11AF46130A11E
WS_BGRFC_INBOUND000,083,SRTQS_00505684390C1EEB9EC11B192413A11E,00505684390C1EEB9EC11B192414211E
WS_BGRFC_INBOUND000,083,SRTQS_00505684390C1EEB9EC11B431F6B811E,00505684390C1EEB9EC11B431F6C011E
WS_BGRFC_INBOUND000,083,SRTQS_00505684390C1EEB9EC11B67F25AA11E,00505684390C1EEB9EC11B67F25B211E
WS_BGRFC_INBOUND000,083,SRTQS_00505684390C1EEB9EC11B8C7C79A11E,00505684390C1EEB9EC11B8C7C7A211E
WS_BGRFC_INBOUND000,083,SRTQS_00505684390C1EEB9EC11BB4BA9E411E,00505684390C1EEB9EC11BB4BA9EC11E
WS_BGRFC_INBOUND000,083,SRTQS_00505684390C1EEB9EC11BD9F7B9411E,00505684390C1EEB9EC11BD9F7B9C11E
WS_BGRFC_INBOUND000,083,SRTQS_00505684390C1EEB9EC11C001A21811E,00505684390C1EEB9EC11C001A22011E
WS_BGRFC_INBOUND000,083,SRTQS_00505684390C1EEB9EC11C239B43011E,00505684390C1EEB9EC11C239B43811E
WS_BGRFC_INBOUND000,083,SRTQS_00505684390C1EEB9EC11C50049EE11E,00505684390C1EEB9EC11C50049F611E
WS_BGRFC_INBOUND000,083,SRTQS_00505684390C1EEB9EC11C718AD8E11E,00505684390C1EEB9EC11C718AD9611E
WS_BGRFC_INBOUND000,083,SRTQS_00505684390C1EEB9EC11CBC90B9211E,00505684390C1EEB9EC11CBC90B9A11E
WS_BGRFC_INBOUND000,083,SRTQS_00505684390C1EEB9EC11CE30359211E,00505684390C1EEB9EC11CE30359A11E
WS_BGRFC_INBOUND000,083,SRTQS_00505684390C1EEB9EC11D08FB01C11E,00505684390C1EEB9EC11D08FB02411E
WS_BGRFC_INBOUND000,083,SRTQS_00505684390C1EEB9EC11D2F23B2011E,00505684390C1EEB9EC11D2F23B2811E
WS_BGRFC_INBOUND000,083,SRTQS_00505684390C1EEB9EC11D7D6BD3E11E,00505684390C1EEB9EC11D7D6BD4611E
WS_BGRFC_INBOUND000,083,SRTQS_00505684390C1EEB9EC11DA4EB55611E,00505684390C1EEB9EC11DA4EB55E11E
WS_BGRFC_INBOUND000,083,SRTQS_00505684390C1EEB9EC11DC7CC04211E,00505684390C1EEB9EC11DC7CC04A11E
WS_BGRFC_INBOUND000,083,SRTQS_00505684390C1EEB9EC11E13AAD6E11E,00505684390C1EEB9EC11E13AAD7611E
WS_BGRFC_INBOUND000,083,SRTQS_00505684390C1EEB9EC11E3A90A3611E,00505684390C1EEB9EC11E3A90A3E11E
WS_BGRFC_INBOUND000,083,SRTQS_00505684390C1EEB9EC11E601CB9A11E,00505684390C1EEB9EC11E601CBA211E
WS_BGRFC_INBOUND000,083,SRTQS_00505684390C1EEB9EC11E88AE86211E,00505684390C1EEB9EC11E88AE86A11E
WS_BGRFC_INBOUND000,083,SRTQS_00505684390C1EEB9EC11E88AE8C611E,00505684390C1EEB9EC11E88AE8CE11E
WS_BGRFC_INBOUND000,083,SRTQS_00505684390C1EEB9EC11EAE2C07611E,00505684390C1EEB9EC11EAE2C07E11E
WS_BGRFC_INBOUND000,083,SRTQS_00505684390C1EEB9EC11ED2E032211E,00505684390C1EEB9EC11ED2E032A11E
WS_BGRFC_INBOUND000,083,SRTQS_00505684390C1EEB9EC11ED2E038611E,00505684390C1EEB9EC11ED2E038E11E
WS_BGRFC_INBOUND000,083,SRTQS_00505684390C1EEB9EC11EF9AE43E11E,00505684390C1EEB9EC11EF9AE44611E
WS_BGRFC_INBOUND000,083,SRTQS_00505684390C1EEB9EC11EF9AE4A211E,00505684390C1EEB9EC11EF9AE4AA11E
WS_BGRFC_INBOUND000,083,SRTQS_00505684390C1EEB9EC11F1FD278611E,00505684390C1EEB9EC11F1FD278E11E
WS_BGRFC_INBOUND000,083,SRTQS_00505684390C1EEB9EC11F47D770211E,00505684390C1EEB9EC11F47D770A11E
WS_BGRFC_INBOUND000,083,SRTQS_00505684390C1EEB9EC11F6D2AFFA11E,00505684390C1EEB9EC11F6D2B00211E
WS_BGRFC_INBOUND000,083,SRTQS_00505684390C1EEB9EC11F6D2B06C11E,00505684390C1EEB9EC11F6D2B07411E
WS_BGRFC_INBOUND000,083,SRTQS_00505684390C1EEB9EC11F910091011E,00505684390C1EEB9EC11F910091811E
WS_BGRFC_INBOUND000,083,SRTQS_00505684390C1EEB9EC11FB7F7BB811E,00505684390C1EEB9EC11FB7F7BC011E
WS_BGRFC_INBOUND000,083,SRTQS_00505684390C1EEB9EC11FDDF596011E,00505684390C1EEB9EC11FDDF596811E
WS_BGRFC_INBOUND000,083,SRTQS_00505684390C1EEB9EC1202AA49AA11E,00505684390C1EEB9EC1202AA49B211E
WS_BGRFC_INBOUND000,083,SRTQS_00505684390C1EEB9EC1202AA4A1A11E,00505684390C1EEB9EC1202AA4A2211E
WS_BGRFC_INBOUND000,083,SRTQS_00505684390C1EEB9EC1204FE323A11E,00505684390C1EEB9EC1204FE324211E
WS_BGRFC_INBOUND000,083,SRTQS_00505684390C1EEB9EC1207A13D2611E,00505684390C1EEB9EC1207A13D2E11E
WS_BGRFC_INBOUND000,083,SRTQS_00505684390C1EEB9EC1209F9118211E,00505684390C1EEB9EC1209F9118A11E
WS_BGRFC_INBOUND000,083,SRTQS_00505684390C1EEB9EC120C24311811E,00505684390C1EEB9EC120C24312011E
WS_BGRFC_INBOUND000,083,SRTQS_00505684390C1EEB9EC120C24317A11E,00505684390C1EEB9EC120C24318211E
WS_BGRFC_INBOUND000,083,SRTQS_00505684390C1EEB9EC120E9B3D9011E,00505684390C1EEB9EC120E9B3D9811E
WS_BGRFC_INBOUND000,083,SRTQS_00505684390C1EEB9EC12110BB5D811E,00505684390C1EEB9EC12110BB5E011E
WS_BGRFC_INBOUND000,083,SRTQS_00505684390C1EEB9EC121389025611E,00505684390C1EEB9EC121389025E11E
WS_BGRFC_INBOUND000,083,SRTQS_00505684390C1EEB9EC1215D0AD7611E,00505684390C1EEB9EC1215D0AD7E11E
WS_BGRFC_INBOUND000,083,SRTQS_00505684390C1EEB9EC1215D0ADD811E,00505684390C1EEB9EC1215D0ADE011E
WS_BGRFC_INBOUND000,083,SRTQS_00505684390C1EEB9EC12180EDB3C11E,00505684390C1EEB9EC12180EDB4411E
WS_BGRFC_INBOUND000,083,SRTQS_00505684390C1EEB9EC8DE948B0AA151,00505684390C1EEB9EC8DE948B0B0151
WS_BGRFC_INBOUND000,083,SRTQS_00505684390C1EEB9EC8E4923804A151,00505684390C1EEB9EC8E4B1165CC151
WS_BGRFC_INBOUND000,083,SRTQS_00505684390C1EEB9EC8E49238054151,00505684390C1EEB9EC8E4B1165D0151
WS_BGRFC_INBOUND000,083,SRTQS_00505684390C1EEB9ECA5977F766A15A,00505684390C1EEB9ECA5977F767015A
WS_BGRFC_INBOUND000,083,SRTQS_00505684390C1EEB9ECCAB099213A15E,00505684390C1EEB9ECCAB099214015E
WS_BGRFC_INBOUND000,083,SRTQS_00505684390C1EEB9ECCB41D7B93A15F,00505684390C1EEB9ECCB41D7B94015F
WS_BGRFC_INBOUND000,083,SRTQS_00505684390C1EEB9ECCF74833CEE164,00505684390C1EEB9ECCF74833CFE164
WS_BGRFC_INBOUND000,083,SRTQS_00505684390C1EEB9ECCF74833CF8164,00505684390C1EEB9ECCF74833D02164
WS_BGRFC_INBOUND000,083,SRTQS_00505684390C1EEB9ECF47AEE501217C,00505684390C1EEB9ECF47AEE501817C
WS_BGRFC_INBOUND000,083,SRTQS_00505684390C1EEB9ECF4C8CDAF6217C,00505684390C1EEB9ECF4C8CDAF6817C
WS_BGRFC_INBOUND000,083,SRTQS_00505684390C1EEB9ED03FEBE21BA18D,00505684390C1EEB9ED040082169818D
WS_BGRFC_INBOUND000,083,SRTQS_00505684390C1EEB9ED07103F715218D,00505684390C1EEB9ED0711B4530218D
WS_BGRFC_INBOUND000,083,SRTQS_00505684390C1EEB9ED08B49CCC4E18E,00505684390C1EEB9ED08B49CCC5418E
WS_BGRFC_INBOUND000,083,SRTQS_00505684390C1EEB9ED09A6344C4E18E,00505684390C1EEB9ED09A6344C5418E
WS_BGRFC_INBOUND000,083,SRTQS_00505684390C1EEB9ED157F25D7A61A0,00505684390C1EEB9ED157F25D7AC1A0
WS_BGRFC_INBOUND000,083,SRTQS_00505684390C1EEB9ED16037CB7221A0,00505684390C1EEB9ED16037CB7281A0
WS_BGRFC_INBOUND000,083,SRTQS_00505684390C1EEB9ED223CC3C2EC1A8,00505684390C1EEB9ED223CC3C2F61A8
WS_BGRFC_INBOUND000,083,SRTQS_00505684390C1EEB9ED224602D31E1A8,00505684390C1EEB9ED224602D3261A8
WS_BGRFC_INBOUND000,083,SRTQS_00505684390C1EEB9ED3CF3638ACE1AB,00505684390C1EEB9ED3CF3638ADA1AB
WS_BGRFC_INBOUND000,083,SRTQS_00505684390C1EEB9ED9B766665D41BD,00505684390C1EEB9ED9B7A1669901BD
WS_BGRFC_INBOUND000,083,SRTQS_00505684390C1EEB9ED9B80F9968E1BD,00505684390C1EEB9ED9B80F996961BD
WS_BGRFC_INBOUND000,083,SRTQS_00505684390C1EEB9ED9B93E8E8C21BD,00505684390C1EEB9ED9B93E8E8C81BD
WS_BGRFC_INBOUND000,083,SRTQS_00505684390C1EEB9ED9B93E8E90A1BD,00505684390C1EEB9ED9B93E8E9101BD
WS_BGRFC_INBOUND000,083,SRTQS_00505684390C1EEB9ED9B964AFDDE1BD,00505684390C1EEB9ED9B964AFDE41BD
WS_BGRFC_INBOUND000,083,SRTQS_00505684390C1EEB9ED9B98B528BA1BD,00505684390C1EEB9ED9B98B528C01BD
WS_BGRFC_INBOUND000,083,SRTQS_00505684390C1EEB9ED9B9B591B221BD,00505684390C1EEB9ED9B9B591B281BD
WS_BGRFC_INBOUND000,083,SRTQS_00505684390C1EEB9ED9B9D78BB961BD,00505684390C1EEB9ED9B9D78BB9C1BD
WS_BGRFC_INBOUND000,083,SRTQS_00505684390C1EEB9ED9B9FD4E46C1BD,00505684390C1EEB9ED9B9FD4E4721BD
WS_BGRFC_INBOUND000,083,SRTQS_00505684390C1EEB9ED9BA25BA8BE1BD,00505684390C1EEB9ED9BA25BA8C41BD
WS_BGRFC_INBOUND000,083,SRTQS_00505684390C1EEB9ED9BA4E516A21BD,00505684390C1EEB9ED9BA4E516A81BD
WS_BGRFC_INBOUND000,083,SRTQS_00505684390C1EEB9ED9BA6FFAD4E1BD,00505684390C1EEB9ED9BA6FFAD541BD
WS_BGRFC_INBOUND000,083,SRTQS_00505684390C1EEB9ED9BA6FFADB01BD,00505684390C1EEB9ED9BA96542FC1BD
WS_BGRFC_INBOUND000,083,SRTQS_00505684390C1EEB9ED9F45540F321BE,00505684390C1EEB9ED9F45540F381BE
WS_BGRFC_INBOUND000,083,SRTQS_00505684390C1EEB9ED9F47B7962E1BE,00505684390C1EEB9ED9F47B796341BE
WS_BGRFC_INBOUND000,083,SRTQS_00505684390C1EEB9EDA30AEACC021BF,00505684390C1EEB9EDA30AEACC0A1BF
WS_BGRFC_INBOUND000,083,SRTQS_00505684390C1EEB9EDA30FA48F781BF,00505684390C1EEB9EDA30FA48F801BF
WS_BGRFC_INBOUND000,083,SRTQS_00505684390C1EEB9EDA3121976461BF,00505684390C1EEB9EDA31219764E1BF
WS_BGRFC_INBOUND000,083,SRTQS_00505684390C1EEB9EDA3145F039E1BF,00505684390C1EEB9EDA3145F03A61BF
WS_BGRFC_INBOUND000,083,SRTQS_00505684390C1EEB9EDA316CAF5AE1BF,00505684390C1EEB9EDA316CAF5B61BF
WS_BGRFC_INBOUND000,083,SRTQS_00505684390C1EEB9EDA31930051E1BF,00505684390C1EEB9EDA3193005261BF
WS_BGRFC_INBOUND000,083,SRTQS_00505684390C1EEB9EDA31B8BF4761BF,00505684390C1EEB9EDA31B8BF47E1BF
WS_BGRFC_INBOUND000,083,SRTQS_00505684390C1EEB9EDA31B8BF5081BF,00505684390C1EEB9EDA31DEBE1B01BF
WS_BGRFC_INBOUND000,083,SRTQS_00505684390C1EEB9EDA31DEBE23A1BF,00505684390C1EEB9EDA31DEBE2421BF
WS_BGRFC_INBOUND000,083,SRTQS_00505684390C1EEB9EDA32075D69C1BF,00505684390C1EEB9EDA32075D6A41BF
WS_BGRFC_INBOUND000,083,SRTQS_00505684390C1EEB9EDA322C0A08C1BF,00505684390C1EEB9EDA322C0A0941BF
WS_BGRFC_INBOUND000,083,SRTQS_00505684390C1EEB9EDA3251EC8F21BF,00505684390C1EEB9EDA3251EC8FA1BF
WS_BGRFC_INBOUND000,083,SRTQS_00505684390C1EEB9EDA327BE2CF41BF,00505684390C1EEB9EDA327BE2CFC1BF
WS_BGRFC_INBOUND000,083,SRTQS_00505684390C1EEB9EDA329FF69101BF,00505684390C1EEB9EDA329FF69181BF
WS_BGRFC_INBOUND000,083,SRTQS_00505684390C1EEB9EDA32C4026101BF,00505684390C1EEB9EDA32C4026181BF
WS_BGRFC_INBOUND000,083,SRTQS_00505684390C1EEB9EDA32E99B6841BF,00505684390C1EEB9EDA32E99B68C1BF
WS_BGRFC_INBOUND000,083,SRTQS_00505684390C1EEB9EDA33153C94E1BF,00505684390C1EEB9EDA33153C9561BF
WS_BGRFC_INBOUND000,083,SRTQS_00505684390C1EEB9EDA335E073961BF,00505684390C1EEB9EDA335E0739E1BF
WS_BGRFC_INBOUND000,083,SRTQS_00505684390C1EEB9EDA3384F56E61BF,00505684390C1EEB9EDA3384F56EE1BF
WS_BGRFC_INBOUND000,083,SRTQS_00505684390C1EEB9EDA33A838BF21BF,00505684390C1EEB9EDA33A838BFA1BF
WS_BGRFC_INBOUND000,083,SRTQS_00505684390C1EEB9EDA33CF8B2F01BF,00505684390C1EEB9EDA33CF8B2F81BF
WS_BGRFC_INBOUND000,083,SRTQS_00505684390C1EEB9EDA341B7112A1BF,00505684390C1EEB9EDA341B711321BF
WS_BGRFC_INBOUND000,083,SRTQS_00505684390C1EEB9EDA3447106FE1BF,00505684390C1EEB9EDA3447107061BF
WS_BGRFC_INBOUND000,083,SRTQS_00505684390C1EEB9EDA3468CBF8A1BF,00505684390C1EEB9EDA3468CBF921BF
WS_BGRFC_INBOUND000,083,SRTQS_00505684390C1EEB9EDA34B460FEE1BF,00505684390C1EEB9EDA34B460FF61BF
WS_BGRFC_INBOUND000,083,SRTQS_00505684390C1EEB9EDA34D9662541BF,00505684390C1EEB9EDA34D96625C1BF
WS_BGRFC_INBOUND000,083,SRTQS_00505684390C1EEB9EDA34D9662B81BF,00505684390C1EEB9EDA34D9662C01BF
WS_BGRFC_INBOUND000,083,SRTQS_00505684390C1EEB9EDA3525CA7921BF,00505684390C1EEB9EDA3525CA79A1BF
WS_BGRFC_INBOUND000,083,SRTQS_00505684390C1EEB9EDA3525CA7F61BF,00505684390C1EEB9EDA3525CA7FE1BF
WS_BGRFC_INBOUND000,083,SRTQS_00505684390C1EEB9EDA354CA58F21BF,00505684390C1EEB9EDA354CA58FA1BF
WS_BGRFC_INBOUND000,083,SRTQS_00505684390C1EEB9EDA354CA59561BF,00505684390C1EEB9EDA354CA595E1BF
WS_BGRFC_INBOUND000,083,SRTQS_00505684390C1EEB9EDA3572B699E1BF,00505684390C1EEB9EDA3572B69A61BF
WS_BGRFC_INBOUND000,083,SRTQS_00505684390C1EEB9EDA35990B8A21BF,00505684390C1EEB9EDA35990B8AA1BF
WS_BGRFC_INBOUND000,083,SRTQS_00505684390C1EEB9EDA35990B9061BF,00505684390C1EEB9EDA35990B90E1BF
WS_BGRFC_INBOUND000,083,SRTQS_00505684390C1EEB9EDA35BF292161BF,00505684390C1EEB9EDA35BF2921E1BF
WS_BGRFC_INBOUND000,083,SRTQS_00505684390C1EEB9EDA35E733E621BF,00505684390C1EEB9EDA35E733E6A1BF
WS_BGRFC_INBOUND000,083,SRTQS_00505684390C1EEB9EDA35E733ED41BF,00505684390C1EEB9EDA35E733EDC1BF
WS_BGRFC_INBOUND000,083,SRTQS_00505684390C1EEB9EDA360C4BC481BF,00505684390C1EEB9EDA360C4BC501BF
WS_BGRFC_INBOUND000,083,SRTQS_00505684390C1EEB9EDA36315D5F61BF,00505684390C1EEB9EDA36315D5FE1BF
WS_BGRFC_INBOUND000,083,SRTQS_00505684390C1EEB9EDA365738B001BF,00505684390C1EEB9EDA365738B081BF
WS_BGRFC_INBOUND000,083,SRTQS_00505684390C1EEB9EDA3680B3B961BF,00505684390C1EEB9EDA3680B3B9E1BF
WS_BGRFC_INBOUND000,083,SRTQS_00505684390C1EEB9EDA36F3CD8F01BF,00505684390C1EEB9EDA36F3CD8F81BF
WS_BGRFC_INBOUND000,083,SRTQS_00505684390C1EEB9EDA37164A8BA1BF,00505684390C1EEB9EDA37164A8C21BF
WS_BGRFC_INBOUND000,083,SRTQS_00505684390C1EEB9EDA373BFF4C61BF,00505684390C1EEB9EDA373BFF4CE1BF
WS_BGRFC_INBOUND000,083,SRTQS_00505684390C1EEB9EDA373BFF52A1BF,00505684390C1EEB9EDA373BFF5321BF
WS_BGRFC_INBOUND000,083,SRTQS_00505684390C1EEB9EDA3762053701BF,00505684390C1EEB9EDA3762053781BF
WS_BGRFC_INBOUND000,083,SRTQS_00505684390C1EEB9EDA37887E2FA1BF,00505684390C1EEB9EDA37887E3021BF
WS_BGRFC_INBOUND000,083,SRTQS_00505684390C1EEB9EDA37AF7C7E41BF,00505684390C1EEB9EDA37AF7C7EC1BF
WS_BGRFC_INBOUND000,083,SRTQS_00505684390C1EEB9EDA37D5B59801BF,00505684390C1EEB9EDA37D5B59881BF
WS_BGRFC_INBOUND000,083,SRTQS_00505684390C1EEB9EDA37FC87E9C1BF,00505684390C1EEB9EDA37FC87EA41BF
WS_BGRFC_INBOUND000,083,SRTQS_00505684390C1EEB9EDA3820ECAC01BF,00505684390C1EEB9EDA3820ECAC81BF
WS_BGRFC_INBOUND000,083,SRTQS_00505684390C1EEB9EDA384762EDC1BF,00505684390C1EEB9EDA384762EE41BF
WS_BGRFC_INBOUND000,083,SRTQS_00505684390C1EEB9EDA386DB3C421BF,00505684390C1EEB9EDA386DB3C4A1BF
WS_BGRFC_INBOUND000,083,SRTQS_00505684390C1EEB9EDA386DB3CA41BF,00505684390C1EEB9EDA386DB3CAC1BF
WS_BGRFC_INBOUND000,083,SRTQS_00505684390C1EEBA6874D965B2E779C,00505684390C1EEBA6874D965B2ED79C
WS_BGRFC_INBOUND000,083,SRTQS_00505684390C1EEC99DFC769E5CEC29D,00505684390C1EEC99DFC769E5CF229D
WS_BGRFC_INBOUND000,083,SRTQS_00505684390C1EEC9FB8D21D9233E506,00505684390C1EEC9FB8D21D9234C506
WS_BGRFC_INBOUND000,083,SRTQS_00505684390C1EECA181CFB146AAA5BF,00505684390C1EECA181CFB146AB05BF
WS_BGRFC_INBOUND000,083,SRTQS_00505684390C1EECA18237459F91A5C0,00505684390C1EECA1823763B5E2C5C0
WS_BGRFC_INBOUND000,083,SRTQS_00505684390C1EECA18238121A37E5C0,00505684390C1EECA18238121A3865C0
WS_BGRFC_INBOUND000,083,SRTQS_00505684390C1EECA1824E19F182E5C0,00505684390C1EECA1824E19F18345C0
WS_BGRFC_INBOUND000,083,SRTQS_00505684390C1EECA18254275D48A5C0,00505684390C1EECA18254275D4905C0
WS_BGRFC_INBOUND000,083,SRTQS_00505684390C1EECA18315CADCCE65C1,00505684390C1EECA18315CADCCEE5C1
WS_BGRFC_INBOUND000,083,SRTQS_00505684390C1EECA1832470172825C1,00505684390C1EECA18324701728A5C1
WS_BGRFC_INBOUND000,083,SRTQS_00505684390C1EECA1833B4B5C3B25C1,00505684390C1EECA1833B4B5C3B85C1
WS_BGRFC_INBOUND000,083,SRTQS_00505684390C1EECA183410EF96B25C1,00505684390C1EECA183410EF96B85C1
WS_BGRFC_INBOUND000,083,SRTQS_00505684390C1EECA18350031E48A5C1,00505684390C1EECA18350031E4905C1
WS_BGRFC_INBOUND000,083,SRTQS_00505684390C1EECA183845F86BC65C1,00505684390C1EECA183845F86BCC5C1
WS_BGRFC_INBOUND000,083,SRTQS_00505684390C1EECA29C6C8FD4B20614,00505684390C1EECA29C6EE152298614
WS_BGRFC_INBOUND000,083,SRTQS_00505684390C1EECB1A74608856BC81D,00505684390C1EECB1A74608856CA81D
WS_BGRFC_INBOUND000,083,SRTQS_00505684390C1EECB1A747081350681D,00505684390C1EECB1A747081351481D
WS_BGRFC_INBOUND000,083,SRTQS_00505684390C1EECB1A762F16D8E681D,00505684390C1EECB1A762F16D8F481D
WS_BGRFC_INBOUND000,083,SRTQS_00505684390C1EECB1A763E00D52681D,00505684390C1EECB1A763E00D53481D
WS_BGRFC_INBOUND000,083,SRTQS_00505684390C1EECB9DEFD43FE31681D,00505684390C1EECB9DEFD43FE33081D
WS_BGRFC_INBOUND000,083,SRTQS_00505684390C1EECB9DEFD43FE32081D,00505684390C1EECB9DEFD43FE33481D
WS_BGRFC_INBOUND000,083,SRTQS_00505684390C1EECB9DEFD43FE32A81D,00505684390C1EECB9DEFD43FE33881D
WS_BGRFC_INBOUND000,083,SRTQS_00505684390C1EECBBB8EE7CF264681D,00505684390C1EECBBB8EE7CF265081D
WS_BGRFC_INBOUND000,083,SRTQS_00505684390C1EECBBB8EEA34187C81D,00505684390C1EECBBB8EEA34188681D
WS_BGRFC_INBOUND000,083,SRTQS_00505684390C1EECBBB8EEA3418D281D,00505684390C1EECBBB8EEA3418DC81D
WS_BGRFC_INBOUND000,083,SRTQS_00505684390C1EECBBB8EECA67A7281D,00505684390C1EECBBB8EECA67A7C81D
WS_BGRFC_INBOUND000,083,SRTQS_00505684390C1EECBBB8EEEFF90CE81D,00505684390C1EECBBB8EEEFF90D881D
WS_BGRFC_INBOUND000,083,SRTQS_00505684390C1EECBBB8EF153C0A481D,00505684390C1EECBBB8EF153C0AE81D
WS_BGRFC_INBOUND000,083,SRTQS_00505684390C1EECBBB8EF3EBAD9681D,00505684390C1EECBBB8EF3EBADA081D
WS_BGRFC_INBOUND000,083,SRTQS_00505684390C1EECBBB8F013CB4DA81D,00505684390C1EECBBB8F013CB4E681D
WS_BGRFC_INBOUND000,083,SRTQS_00505684390C1EECBBB8F0CC10C1881D,00505684390C1EECBBB8F0CC10C2481D
WS_BGRFC_INBOUND000,083,SRTQS_00505684390C1EECBBB8F0F82AB5881D,00505684390C1EECBBB8F0F82AB6281D
WS_BGRFC_INBOUND000,083,SRTQS_00505684390C1EECBBB8F1B5A47EA81D,00505684390C1EECBBB8F1B5A47F681D
WS_BGRFC_INBOUND000,083,SRTQS_00505684390C1EECBBB8F1D69902281D,00505684390C1EECBBB8F1D69902C81D
WS_BGRFC_INBOUND000,083,SRTQS_00505684390C1EECBBB8F1FD99F4881D,00505684390C1EECBBB8F222F60D881D
WS_BGRFC_INBOUND000,083,SRTQS_00505684390C1EECBBB8F249768EE81D,00505684390C1EECBBB8F249768F881D
WS_BGRFC_INBOUND000,083,SRTQS_00505684390C1EECBBB8F26FFEB3881D,00505684390C1EECBBB8F26FFEB4281D
WS_BGRFC_INBOUND000,083,SRTQS_00505684390C1EECBBB8F2C1B124E81D,00505684390C1EECBBB8F2C1B125881D
WS_BGRFC_INBOUND000,083,SRTQS_00505684390C1EECBBB8F2E1E43B481D,00505684390C1EECBBB8F2E1E43BE81D
WS_BGRFC_INBOUND000,083,SRTQS_00505684390C1EECBBB8F33131B9681D,00505684390C1EECBBB8F33131BA081D
WS_BGRFC_INBOUND000,083,SRTQS_00505684390C1EECBBB8F353EA28481D,00505684390C1EECBBB8F353EA28E81D
WS_BGRFC_INBOUND000,083,SRTQS_00505684390C1EECBBB8F37AB920A81D,00505684390C1EECBBB8F37AB921481D
WS_BGRFC_INBOUND000,083,SRTQS_00505684390C1EECBBB8F3CBD313681D,00505684390C1EECBBB8F3CBD314081D
WS_BGRFC_INBOUND000,083,SRTQS_00505684390C1EECBBB8F3EDF063081D,00505684390C1EECBBB8F3EDF063A81D
WS_BGRFC_INBOUND000,083,SRTQS_00505684390C1EECBBB8F438FB69281D,00505684390C1EECBBB8F438FB69C81D
WS_BGRFC_INBOUND000,083,SRTQS_00505684390C1EECBBB8F463EF7F081D,00505684390C1EECBBB8F463EF7FA81D
WS_BGRFC_INBOUND000,083,SRTQS_00505684390C1EECBBB8F4B15ABD281D,00505684390C1EECBBB8F4B15ABDC81D
WS_BGRFC_INBOUND000,083,SRTQS_00505684390C1EECBBB8F521FE80281D,00505684390C1EECBBB8F521FE80C81D
WS_BGRFC_INBOUND000,083,SRTQS_00505684390C1EECBBB8F543F0DBA81D,00505684390C1EECBBB8F543F0DC681D
WS_BGRFC_INBOUND000,083,SRTQS_00505684390C1EECBBB8F5B783CEE81D,00505684390C1EECBBB8F5B783CF881D
WS_BGRFC_INBOUND000,083,SRTQS_00505684390C1EECBBB8F62AEECF081D,00505684390C1EECBBB8F62AEECFA81D
WS_BGRFC_INBOUND000,083,SRTQS_00505684390C1EECBBB8F64F37DD881D,00505684390C1EECBBB8F64F37DE281D
WS_BGRFC_INBOUND000,083,SRTQS_00505684390C1EECBBB8F6C90C39481D,00505684390C1EECBBB8F6C90C39E81D
WS_BGRFC_INBOUND000,083,SRTQS_00505684390C1EECBBB8F7103F40281D,00505684390C1EECBBB8F7103F40C81D
WS_BGRFC_INBOUND000,083,SRTQS_00505684390C1EECBBB8F75A104FC81D,00505684390C1EECBBB8F75A1050681D
WS_BGRFC_INBOUND000,083,SRTQS_00505684390C1EECBBB8F7CC6548281D,00505684390C1EECBBB8F7CC6548C81D
WS_BGRFC_INBOUND000,083,SRTQS_00505684390C1EECBBB8F818B9E9881D,00505684390C1EECBBB8F818B9EA281D
WS_BGRFC_INBOUND000,083,SRTQS_00505684390C1EECBBB8F842CB1E081D,00505684390C1EECBBB8F842CB1EA81D
WS_BGRFC_INBOUND000,083,SRTQS_00505684390C1EECBBB8F88BEC59C81D,00505684390C1EECBBB8F88BEC5A681D
WS_BGRFC_INBOUND000,083,SRTQS_00505684390C1EECBBB8F90450E0A81D,00505684390C1EECBBB8F90450E1481D
WS_BGRFC_INBOUND000,083,SRTQS_00505684390C1EECBBB8F9704818081D,00505684390C1EECBBB8F9704818A81D
WS_BGRFC_INBOUND000,083,SRTQS_00505684390C1EECBBB8F9E34F17681D,00505684390C1EECBBB8F9E34F18281D
WS_BGRFC_INBOUND000,083,SRTQS_00505684390C1EECBBB8FA5598F2281D,00505684390C1EECBBB8FA5598F3081D
WS_BGRFC_INBOUND000,083,SRTQS_00505684390C1EECBBB8FAC78DDDE81D,00505684390C1EECBBB8FAC78DDEC81D
WS_BGRFC_INBOUND000,083,SRTQS_00505684390C1EECBBB8FAEE4BCE881D,00505684390C1EECBBB8FAEE4BCF281D
WS_BGRFC_INBOUND000,083,SRTQS_00505684390C1EECBBB8FB14E8CA081D,00505684390C1EECBBB8FB14E8CAA81D
WS_BGRFC_INBOUND000,083,SRTQS_00505684390C1EECBBB8FB6727FFE81D,00505684390C1EECBBB8FB672800881D
WS_BGRFC_INBOUND000,083,SRTQS_00505684390C1EECBBB8FBD3D71EA81D,00505684390C1EECBBB8FBD3D71F681D
WS_BGRFC_INBOUND000,083,SRTQS_00505684390C1EECBBB8FBF87DB4681D,00505684390C1EECBBB8FBF87DB5081D
WS_BGRFC_INBOUND000,083,SRTQS_00505684390C1EECBBB8FC44E5B9A81D,00505684390C1EECBBB8FC44E5BA481D
WS_BGRFC_INBOUND000,083,SRTQS_00505684390C1EECBBB90DCB0498681D,00505684390C1EECBBB90DCB0498C81D
WS_BGRFC_INBOUND000,083,SRTQS_00505684390C1EECBBB90DF65C01E81D,00505684390C1EECBBB90DF65C02481D
WS_BGRFC_INBOUND000,083,SRTQS_00505684390C1EECBBB91C0A7377481D,00505684390C1EECBBB91C0A7377A81D
WS_BGRFC_INBOUND000,083,SRTQS_00505684390C1EECBBF547127478A81D,00505684390C1EECBBF547127479081D
WS_BGRFC_INBOUND000,083,SRTQS_00505684390C1EECBCCE69A4E2B5E81D,00505684390C1EECBCCE69A4E2B6881D
WS_BGRFC_INBOUND000,083,SRTQS_00505684390C1EECBCCE69DBECFE081D,00505684390C1EECBCCE69DBECFE681D
WS_BGRFC_INBOUND000,083,SRTQS_00505684390C1EECBCCE6AEA019BC81D,00505684390C1EECBCCE6AEA019C281D
WS_BGRFC_INBOUND000,083,SRTQS_00505684390C1EECBCCE6B963A61A81D,00505684390C1EECBCCE6B963A62081D
WS_BGRFC_INBOUND000,083,SRTQS_00505684390C1EECBCCE6C3F0494681D,00505684390C1EECBCCE6C3F0494C81D
WS_BGRFC_INBOUND000,083,SRTQS_00505684390C1EECBCCE6C690658481D,00505684390C1EECBCCE6C8CC265081D
WS_BGRFC_INBOUND000,083,SRTQS_00505684390C1EECBCCE6CA66883881D,00505684390C1EECBCCE6CA66883E81D
WS_BGRFC_INBOUND000,083,SRTQS_00505684390C1EECBCCE6CFDC3DF281D,00505684390C1EECBCCE6CFDC3DF881D
WS_BGRFC_INBOUND000,083,SRTQS_00505684390C1EECBCCE6D66E4C6A81D,00505684390C1EECBCCE6D66E4C7081D
WS_BGRFC_INBOUND000,083,SRTQS_00505684390C1EECBCCE6E1E9449681D,00505684390C1EECBCCE6E1E9449C81D
WS_BGRFC_INBOUND000,083,SRTQS_00505684390C1EECBCCE6E5C8370281D,00505684390C1EECBCCE6E5C8370C81D
WS_BGRFC_INBOUND000,083,SRTQS_00505684390C1EECBCCE6EBF29FF281D,00505684390C1EECBCCE6EBF29FF881D
WS_BGRFC_INBOUND000,083,SRTQS_00505684390C1EECBCCE6F002A1FA81D,00505684390C1EECBCCE6F002A20081D
WS_BGRFC_INBOUND000,083,SRTQS_00505684390C1EECBCCE6FE67F14E81D,00505684390C1EECBCCE6FE67F15481D
WS_BGRFC_INBOUND000,083,SRTQS_00505684390C1EECBCCE70252065A81D,00505684390C1EECBCCE70252066481D
WS_BGRFC_INBOUND000,083,SRTQS_00505684390C1EECBCCE708266CA681D,00505684390C1EECBCCE708266CAC81D
WS_BGRFC_INBOUND000,083,SRTQS_00505684390C1EECBCCE70C7ECF8281D,00505684390C1EECBCCE70C7ECF8881D
WS_BGRFC_INBOUND000,083,SRTQS_00505684390C1EECBCCE70E053A1281D,00505684390C1EECBCCE70E053A1C81D
WS_BGRFC_INBOUND000,083,SRTQS_00505684390C1EECBCCE719098F7681D,00505684390C1EECBCCE719098F7C81D
WS_BGRFC_INBOUND000,083,SRTQS_00505684390C1EECBCCE71CD9937681D,00505684390C1EECBCCE71CD9938081D
WS_BGRFC_INBOUND000,083,SRTQS_00505684390C1EECBCCE72474DA5A81D,00505684390C1EECBCCE72474DA6481D
WS_BGRFC_INBOUND000,083,SRTQS_00505684390C1EECBCCE725A32A0481D,00505684390C1EECBCCE725A32A0A81D
WS_BGRFC_INBOUND000,083,SRTQS_00505684390C1EECBCCE72790E5B281D,00505684390C1EECBCCE72790E5B881D
WS_BGRFC_INBOUND000,083,SRTQS_00505684390C1EECBCCE72A9A52EA81D,00505684390C1EECBCCE72A9A52F481D
WS_BGRFC_INBOUND000,083,SRTQS_00505684390C1EECBCCE734034A5A81D,00505684390C1EECBCCE734034A6081D
WS_BGRFC_INBOUND000,083,SRTQS_00505684390C1EECBCCE75C99677A81D,00505684390C1EECBCCE75C99678081D
WS_BGRFC_INBOUND000,083,SRTQS_00505684390C1EECBCCE7762415BE81D,00505684390C1EECBCCE7762415C481D
WS_BGRFC_INBOUND000,083,SRTQS_00505684390C1EECBCCE77C62E84281D,00505684390C1EECBCCE77C62E84E81D
WS_BGRFC_INBOUND000,083,SRTQS_00505684390C1EECBCCE786380EC081D,00505684390C1EECBCCE78896148C81D
WS_BGRFC_INBOUND000,083,SRTQS_00505684390C1EECBCCE788A7F5B681D,00505684390C1EECBCCE788A7F5C281D
WS_BGRFC_INBOUND000,083,SRTQS_00505684390C1EECBCCE790B4127681D,00505684390C1EECBCCE790B4127C81D
WS_BGRFC_INBOUND000,083,SRTQS_00505684390C1EECBCCE7955900B681D,00505684390C1EECBCCE7955900C281D
WS_BGRFC_INBOUND000,083,SRTQS_00505684390C1EECBCCE7A6B662BA81D,00505684390C1EECBCCE7A6B662C081D
WS_BGRFC_INBOUND000,083,SRTQS_00505684390C1EECBCCE7B1A9D07E81D,00505684390C1EECBCCE7B1A9D08A81D
WS_BGRFC_INBOUND000,083,SRTQS_00505684390C1EECBCCE7B2666BFA81D,00505684390C1EECBCCE7B2666C0481D
WS_BGRFC_INBOUND000,083,SRTQS_00505684390C1EECBCCE7BBEF059281D,00505684390C1EECBCCE7BBEF059E81D
WS_BGRFC_INBOUND000,083,SRTQS_00505684390C1EECBCCE7C83A7A3281D,00505684390C1EECBCCE7C83A7A3C81D
WS_BGRFC_INBOUND000,083,SRTQS_00505684390C1EECBCCE7CA66850C81D,00505684390C1EECBCCE7CA66851681D
WS_BGRFC_INBOUND000,083,SRTQS_00505684390C1EECBCCE7D66EE4D481D,00505684390C1EECBCCE7D66EE4E081D
WS_BGRFC_INBOUND000,083,SRTQS_00505684390C1EECBCCE7DD418D3281D,00505684390C1EECBCCE7DD418D3C81D
WS_BGRFC_INBOUND000,083,SRTQS_00505684390C1EECBCCE8006269BA81D,00505684390C1EECBCCE8006269C681D
WS_BGRFC_INBOUND000,083,SRTQS_00505684390C1EECBCCE8014FE94E81D,00505684390C1EECBCCE8014FE95881D
WS_BGRFC_INBOUND000,083,SRTQS_00505684390C1EECBCCE81430A76881D,00505684390C1EECBCCE81430A77481D
WS_BGRFC_INBOUND000,083,SRTQS_00505684390C1EECBCCE82B0FB68081D,00505684390C1EECBCCE82B0FB68C81D
WS_BGRFC_INBOUND000,083,SRTQS_00505684390C1EECBCCE85B7F9C3C81D,00505684390C1EECBCCE85B7F9C4681D
WS_BGRFC_INBOUND000,083,SRTQS_00505684390C1EECBCCE86551320281D,00505684390C1EECBCCE86551320E81D
WS_BGRFC_INBOUND000,083,SRTQS_00505684390C1EECBCCE869F2C6CE81D,00505684390C1EECBCCE869F2C6D481D
WS_BGRFC_INBOUND000,083,SRTQS_00505684390C1EECBCCE86A22A25281D,00505684390C1EECBCCE86A22A25C81D
WS_BGRFC_INBOUND000,083,SRTQS_00505684390C1EECBCCE86FE5788881D,00505684390C1EECBCCE86FE5788E81D
WS_BGRFC_INBOUND000,083,SRTQS_00505684390C1EECBCCE87845555081D,00505684390C1EECBCCE87845555A81D
WS_BGRFC_INBOUND000,083,SRTQS_00505684390C1EECBCCE87AC2E11281D,00505684390C1EECBCCE87AC2E11C81D
WS_BGRFC_INBOUND000,083,SRTQS_00505684390C1EECBCCE87C4EEE2281D,00505684390C1EECBCCE87C4EEE2881D
WS_BGRFC_INBOUND000,083,SRTQS_00505684390C1EECBCCE87D0CA93A81D,00505684390C1EECBCCE87D0CA94481D
WS_BGRFC_INBOUND000,083,SRTQS_00505684390C1EECBCCE87E97DE9681D,00505684390C1EECBCCE87E97DE9C81D
WS_BGRFC_INBOUND000,083,SRTQS_00505684390C1EECBCCE880C1054E81D,00505684390C1EECBCCE880C1055881D
WS_BGRFC_INBOUND000,083,SRTQS_00505684390C1EECBCCE881BE3B6681D,00505684390C1EECBCCE88428E38881D
WS_BGRFC_INBOUND000,083,SRTQS_00505684390C1EECBCCE8830DCAEE81D,00505684390C1EECBCCE8830DCAF881D
WS_BGRFC_INBOUND000,083,SRTQS_00505684390C1EECBCCE887B81A2281D,00505684390C1EECBCCE887B81A2C81D
WS_BGRFC_INBOUND000,083,SRTQS_00505684390C1EECBCCE88963081E81D,00505684390C1EECBCCE88963082481D
WS_BGRFC_INBOUND000,083,SRTQS_00505684390C1EECBCCE88C838A1A81D,00505684390C1EECBCCE88C838A2481D
WS_BGRFC_INBOUND000,083,SRTQS_00505684390C1EECBCCE88F37330A81D,00505684390C1EECBCCE88F37331081D
WS_BGRFC_INBOUND000,083,SRTQS_00505684390C1EECBCCE8905E5F4281D,00505684390C1EECBCCE8905E5F4881D
WS_BGRFC_INBOUND000,083,SRTQS_00505684390C1EECBCCE89203099281D,00505684390C1EECBCCE89203099C81D
WS_BGRFC_INBOUND000,083,SRTQS_00505684390C1EECBCCE8960F787681D,00505684390C1EECBCCE898672A4481D
WS_BGRFC_INBOUND000,083,SRTQS_00505684390C1EECBCCE8A34242E081D,00505684390C1EECBCCE8A34242E681D
WS_BGRFC_INBOUND000,083,SRTQS_00505684390C1EECBCCE8A44ED15081D,00505684390C1EECBCCE8A44ED15681D
WS_BGRFC_INBOUND000,083,SRTQS_00505684390C1EECBCCE8A51D8FA281D,00505684390C1EECBCCE8A51D8FAE81D
WS_BGRFC_INBOUND000,083,SRTQS_00505684390C1EECBCCE8AB8264DA81D,00505684390C1EECBCCE8AB8264E081D
WS_BGRFC_INBOUND000,083,SRTQS_00505684390C1EECBCCE8B1A4FEAE81D,00505684390C1EECBCCE8B1A4FEB481D
WS_BGRFC_INBOUND000,083,SRTQS_00505684390C1EECBCCE8B399505281D,00505684390C1EECBCCE8B399505E81D
WS_BGRFC_INBOUND000,083,SRTQS_00505684390C1EECBCCE8B76B17C481D,00505684390C1EECBCCE8B76B17CE81D
WS_BGRFC_INBOUND000,083,SRTQS_00505684390C1EECBCCE8B8A8D9C881D,00505684390C1EECBCCE8B8A8D9CE81D
WS_BGRFC_INBOUND000,083,SRTQS_00505684390C1EECBCCE8BFEB4EDE81D,00505684390C1EECBCCE8BFEB4EE481D
WS_BGRFC_INBOUND000,083,SRTQS_00505684390C1EECBCCE8C5B0C80A81D,00505684390C1EECBCCE8C5B0C81681D
WS_BGRFC_INBOUND000,083,SRTQS_00505684390C1EECBCCE8CA8F1FDC81D,00505684390C1EECBCCE8CA8F1FE681D
WS_BGRFC_INBOUND000,083,SRTQS_00505684390C1EECBCCE8CFFC58A281D,00505684390C1EECBCCE8CFFC58A881D
WS_BGRFC_INBOUND000,083,SRTQS_00505684390C1EECBCCE8D00F354E81D,00505684390C1EECBCCE8D00F355881D
WS_BGRFC_INBOUND000,083,SRTQS_00505684390C1EECBCCE8D06C95B481D,00505684390C1EECBCCE8D06C95BA81D
WS_BGRFC_INBOUND000,083,SRTQS_00505684390C1EECBCCE8D10E027481D,00505684390C1EECBCCE8D10E027A81D
WS_BGRFC_INBOUND000,083,SRTQS_00505684390C1EECBCCE8D44B6B2481D,00505684390C1EECBCCE8D44B6B2E81D
WS_BGRFC_INBOUND000,083,SRTQS_00505684390C1EECBCCE8D8CD3F0081D,00505684390C1EECBCCE8D8CD3F0A81D
WS_BGRFC_INBOUND000,083,SRTQS_00505684390C1EECBCCE8DDFEBD8281D,00505684390C1EECBCCE8DDFEBD8C81D
WS_BGRFC_INBOUND000,083,SRTQS_00505684390C1EECBCCE8E26C056E81D,00505684390C1EECBCCE8E26C057881D
WS_BGRFC_INBOUND000,083,SRTQS_00505684390C1EECBCCE8E4F3E64681D,00505684390C1EECBCCE8E71DC9E081D
WS_BGRFC_INBOUND000,083,SRTQS_00505684390C1EECBCCE8E999867881D,00505684390C1EECBCCE8E999868281D
WS_BGRFC_INBOUND000,083,SRTQS_00505684390C1EECBCCE8EC028FE681D,00505684390C1EECBCCE8EC028FEC81D
WS_BGRFC_INBOUND000,083,SRTQS_00505684390C1EECBCCE8F0B0E82681D,00505684390C1EECBCCE8F0B0E83081D
WS_BGRFC_INBOUND000,083,SRTQS_00505684390C1EECBCCE8F69258D681D,00505684390C1EECBCCE8F69258E081D
WS_BGRFC_INBOUND000,083,SRTQS_00505684390C1EECBCCE8FAAAF9D481D,00505684390C1EECBCCE8FAAAF9DA81D
WS_BGRFC_INBOUND000,083,SRTQS_00505684390C1EECBCCE8FB53709681D,00505684390C1EECBCCE8FB53709C81D
WS_BGRFC_INBOUND000,083,SRTQS_00505684390C1EECBCCE8FBC1FA1E81D,00505684390C1EECBCCE8FBC1FA2881D
WS_BGRFC_INBOUND000,083,SRTQS_00505684390C1EECBCCE90083A80481D,00505684390C1EECBCCE90083A80E81D
WS_BGRFC_INBOUND000,083,SRTQS_00505684390C1EECBCCE9018C269A81D,00505684390C1EECBCCE9018C26A081D
WS_BGRFC_INBOUND000,083,SRTQS_00505684390C1EECBCCE904DDA0FE81D,00505684390C1EECBCCE904DDA10881D
WS_BGRFC_INBOUND000,083,SRTQS_00505684390C1EECBCCE90656F47A81D,00505684390C1EECBCCE90656F48081D
WS_BGRFC_INBOUND000,083,SRTQS_00505684390C1EECBCCE9099B22AA81D,00505684390C1EECBCCE9099B22B081D
WS_BGRFC_INBOUND000,083,SRTQS_00505684390C1EECBCCE90C55C6DA81D,00505684390C1EECBCCE90C55C6E481D
WS_BGRFC_INBOUND000,083,SRTQS_00505684390C1EECBCCE91823370881D,00505684390C1EECBCCE91A59BE1C81D
WS_BGRFC_INBOUND000,083,SRTQS_00505684390C1EECBCCE925BFBADA81D,00505684390C1EECBCCE925BFBAE681D
WS_BGRFC_INBOUND000,083,SRTQS_00505684390C1EECBCCE936D1419681D,00505684390C1EECBCCE936D141A081D
WS_BGRFC_INBOUND000,083,SRTQS_00505684390C1EECBCCE9374B068E81D,00505684390C1EECBCCE9374B069481D
WS_BGRFC_INBOUND000,083,SRTQS_00505684390C1EECBCCE9467F7CF681D,00505684390C1EECBCCE9467F7D0081D
WS_BGRFC_INBOUND000,083,SRTQS_00505684390C1EECBCCE94E350DEA81D,00505684390C1EECBCCE94E350DF481D
WS_BGRFC_INBOUND000,083,SRTQS_00505684390C1EECBCCE955FDE1FA81D,00505684390C1EECBCCE955FDE20081D
WS_BGRFC_INBOUND000,083,SRTQS_00505684390C1EECBCCE95C1B71E281D,00505684390C1EECBCCE95C1B71EC81D
WS_BGRFC_INBOUND000,083,SRTQS_00505684390C1EECBCCE96196F14681D,00505684390C1EECBCCE96196F15081D
WS_BGRFC_INBOUND000,083,SRTQS_00505684390C1EECBCCE96D36185681D,00505684390C1EECBCCE96D36186081D
WS_BGRFC_INBOUND000,083,SRTQS_00505684390C1EECBCCE97933DC4281D,00505684390C1EECBCCE97933DC4C81D
WS_BGRFC_INBOUND000,083,SRTQS_00505684390C1EECBCCE97AE9FBE481D,00505684390C1EECBCCE97AE9FBEA81D
WS_BGRFC_INBOUND000,083,SRTQS_00505684390C1EECBCCE97B32B96481D,00505684390C1EECBCCE97B32B96A81D
WS_BGRFC_INBOUND000,083,SRTQS_00505684390C1EECBCCE97D5B7CAC81D,00505684390C1EECBCCE97D5B7CB681D
WS_BGRFC_INBOUND000,083,SRTQS_00505684390C1EECBCCE98486EF1281D,00505684390C1EECBCCE98486EF1C81D
WS_BGRFC_INBOUND000,083,SRTQS_00505684390C1EECBCCE984A52F8681D,00505684390C1EECBCCE984A52F8C81D
WS_BGRFC_INBOUND000,083,SRTQS_00505684390C1EECBCCE98940EE9481D,00505684390C1EECBCCE98940EE9E81D
WS_BGRFC_INBOUND000,083,SRTQS_00505684390C1EECBCCE9957D9DDE81D,00505684390C1EECBCCE9957D9DE881D
WS_BGRFC_INBOUND000,083,SRTQS_00505684390C1EECBCCE9A127D4C681D,00505684390C1EECBCCE9A127D4D081D
WS_BGRFC_INBOUND000,083,SRTQS_00505684390C1EECBCCE9AA96B36481D,00505684390C1EECBCCE9AA96B37081D
WS_BGRFC_INBOUND000,083,SRTQS_00505684390C1EECBCCE9B57CF13881D,00505684390C1EECBCCE9B57CF14681D
WS_BGRFC_INBOUND000,083,SRTQS_00505684390C1EECBCCE9B8C425E281D,00505684390C1EECBCCE9B8C425EC81D
WS_BGRFC_INBOUND000,083,SRTQS_00505684390C1EECBCCE9C3A4E9F681D,00505684390C1EECBCCE9C3A4EA0481D
WS_BGRFC_INBOUND000,083,SRTQS_00505684390C1EECBCCE9C85CC17481D,00505684390C1EECBCCE9C85CC17E81D
WS_BGRFC_INBOUND000,083,SRTQS_00505684390C1EECBCCE9C8B4ADAA81D,00505684390C1EECBCCE9C8B4ADB481D
WS_BGRFC_INBOUND000,083,SRTQS_00505684390C1EECBCCE9CD370A0081D,00505684390C1EECBCCE9CD370A0A81D
WS_BGRFC_INBOUND000,083,SRTQS_00505684390C1EECBCCE9D1EF97B681D,00505684390C1EECBCCE9D1EF97C081D
WS_BGRFC_INBOUND000,083,SRTQS_00505684390C1EECBCCE9D9130C2281D,00505684390C1EECBCCE9D9130C2C81D
WS_BGRFC_INBOUND000,083,SRTQS_00505684390C1EECBCCE9DE54393281D,00505684390C1EECBCCE9DE54393E81D
WS_BGRFC_INBOUND000,083,SRTQS_00505684390C1EECBCCE9E2ADFA3081D,00505684390C1EECBCCE9E2ADFA3A81D
WS_BGRFC_INBOUND000,083,SRTQS_00505684390C1EECBCCE9E78B0D1281D,00505684390C1EECBCCE9E78B0D1C81D
WS_BGRFC_INBOUND000,083,SRTQS_00505684390C1EECBCCE9E9E9904681D,00505684390C1EECBCCE9E9E9904C81D
WS_BGRFC_INBOUND000,083,SRTQS_00505684390C1EECBCCEA11B3E80681D,00505684390C1EECBCCEA11B3E80C81D
WS_BGRFC_INBOUND000,083,SRTQS_00505684390C1EECBCCEA26DC9F8C81D,00505684390C1EECBCCEA26DC9F9681D
WS_BGRFC_INBOUND000,083,SRTQS_00505684390C1EECBCCEA3636211281D,00505684390C1EECBCCEA3636211881D
WS_BGRFC_INBOUND000,083,SRTQS_00505684390C1EECBCCEA59CFDCBE81D,00505684390C1EECBCCEA59CFDCC481D
WS_BGRFC_INBOUND000,083,SRTQS_00505684390C1EECBCCEA72D9459281D,00505684390C1EECBCCEA72D9459881D
WS_BGRFC_INBOUND000,083,SRTQS_00505684390C1EECBCCEA78DEFACE81D,00505684390C1EECBCCEA78DEFAD881D
WS_BGRFC_INBOUND000,083,SRTQS_00505684390C1EECBCCEA80544A4081D,00505684390C1EECBCCEA80544A4A81D
WS_BGRFC_INBOUND000,083,SRTQS_00505684390C1EECBCCEA8AFA9D5E81D,00505684390C1EECBCCEA8AFA9D6481D
WS_BGRFC_INBOUND000,083,SRTQS_00505684390C1EECBCCEAA3C7055C81D,00505684390C1EECBCCEAA3C7056281D
WS_BGRFC_INBOUND000,083,SRTQS_00505684390C1EECBCCEAB5A48D8281D,00505684390C1EECBCCEAB803908481D
WS_BGRFC_INBOUND000,083,SRTQS_00505684390C1EECBCCEAEBF129D281D,00505684390C1EECBCCEAEBF129D881D
WS_BGRFC_INBOUND000,083,SRTQS_00505684390C1EECBCCEAFB73B2C681D,00505684390C1EECBCCEAFB73B2CC81D
WS_BGRFC_INBOUND000,083,SRTQS_00505684390C1EECBCCEB0127860681D,00505684390C1EECBCCEB0127860C81D
WS_BGRFC_INBOUND000,083,SRTQS_00505684390C1EECBCCEB047D04C681D,00505684390C1EECBCCEB047D04CC81D
WS_BGRFC_INBOUND000,083,SRTQS_00505684390C1EECBCCEB18A0213681D,00505684390C1EECBCCEB18A0213C81D
WS_BGRFC_INBOUND000,083,SRTQS_00505684390C1EECBCCEB1AFB386081D,00505684390C1EECBCCEB1AFB386681D
WS_BGRFC_INBOUND000,083,SRTQS_00505684390C1EECBCCEB2CCEC30E81D,00505684390C1EECBCCEB2CCEC31481D
WS_BGRFC_INBOUND000,083,SRTQS_00505684390C1EECBCCEB4F612ED881D,00505684390C1EECBCCEB4F612EDE81D
WS_BGRFC_INBOUND000,083,SRTQS_00505684390C1EECBCCEB6759F29A81D,00505684390C1EECBCCEB6759F2A081D
WS_BGRFC_INBOUND000,083,SRTQS_00505684390C1EECBCCEB7809B18E81D,00505684390C1EECBCCEB7809B19481D
WS_BGRFC_INBOUND000,083,SRTQS_00505684390C1EECBCCEB8907972E81D,00505684390C1EECBCCEB8907973481D
WS_BGRFC_INBOUND000,083,SRTQS_00505684390C1EECBCCEBA5358D6881D,00505684390C1EECBCCEBA5358D6E81D
WS_BGRFC_INBOUND000,083,SRTQS_00505684390C1EECBCCEBB853E0EA81D,00505684390C1EECBCCEBB853E0F081D
WS_BGRFC_INBOUND000,083,SRTQS_00505684390C1EECBCCEBC8FCB13C81D,00505684390C1EECBCCEBC8FCB14281D
WS_BGRFC_INBOUND000,083,SRTQS_00505684390C1EECBCCEBDC1DAEC281D,00505684390C1EECBCCEBDC1DAEC881D
WS_BGRFC_INBOUND000,083,SRTQS_00505684390C1EECBCCEBEFBB8A7A81D,00505684390C1EECBCCEBEFBB8A8081D
WS_BGRFC_INBOUND000,083,SRTQS_00505684390C1EECBCCEBFFCE2AD481D,00505684390C1EECBCCEBFFCE2ADA81D
WS_BGRFC_INBOUND000,083,SRTQS_00505684390C1EECBCCEC174ADC1281D,00505684390C1EECBCCEC174ADC1881D
WS_BGRFC_INBOUND000,083,SRTQS_00505684390C1EECBCCEC2C24CCC681D,00505684390C1EECBCCEC2C24CCCC81D
WS_BGRFC_INBOUND000,083,SRTQS_00505684390C1EECBCCEC3F8463BA81D,00505684390C1EECBCCEC3F8463C081D
WS_BGRFC_INBOUND000,083,SRTQS_00505684390C1EECBCCEC534C9A2481D,00505684390C1EECBCCEC534C9A2A81D
WS_BGRFC_INBOUND000,083,SRTQS_00505684390C1EECBCCEC62CBA68C81D,00505684390C1EECBCCEC62CBA69281D
WS_BGRFC_INBOUND000,083,SRTQS_00505684390C1EECBCCEC777730AE81D,00505684390C1EECBCCEC777730B481D
WS_BGRFC_INBOUND000,083,SRTQS_00505684390C1EECBCCEC8A7A757681D,00505684390C1EECBCCEC8A7A757C81D
WS_BGRFC_INBOUND000,083,SRTQS_00505684390C1EECBCCEC999A6C7481D,00505684390C1EECBCCEC999A6C7A81D
WS_BGRFC_INBOUND000,083,SRTQS_00505684390C1EECBCCECA916560081D,00505684390C1EECBCCECA916560681D
WS_BGRFC_INBOUND000,083,SRTQS_00505684390C1EECBCCECB89EFCBC81D,00505684390C1EECBCCECB89EFCC281D
WS_BGRFC_INBOUND000,083,SRTQS_00505684390C1EECBCCECC504FC4881D,00505684390C1EECBCCECC6EB422081D
WS_BGRFC_INBOUND000,083,SRTQS_00505684390C1EECBCCECD7A23C5A81D,00505684390C1EECBCCECD7A23C6081D
WS_BGRFC_INBOUND000,083,SRTQS_00505684390C1EECBCCECF6A4033E81D,00505684390C1EECBCCECF6A4034481D
WS_BGRFC_INBOUND000,083,SRTQS_00505684390C1EECBCCED0E6AFC8481D,00505684390C1EECBCCED0E6AFC8A81D
WS_BGRFC_INBOUND000,083,SRTQS_00505684390C1EECBCCED204B697281D,00505684390C1EECBCCED204B697881D
WS_BGRFC_INBOUND000,083,SRTQS_00505684390C1EECBCCED313BF78881D,00505684390C1EECBCCED313BF78E81D
WS_BGRFC_INBOUND000,083,SRTQS_00505684390C1EECBCCED457ED80A81D,00505684390C1EECBCCED457ED81081D
WS_BGRFC_INBOUND000,083,SRTQS_00505684390C1EECBCCED585AFC4881D,00505684390C1EECBCCED585AFC4E81D
WS_BGRFC_INBOUND000,083,SRTQS_00505684390C1EECBCCED6CCCFCBE81D,00505684390C1EECBCCED6CCCFCC481D
WS_BGRFC_INBOUND000,083,SRTQS_00505684390C1EECBCCED7E9F7A2881D,00505684390C1EECBCCED7E9F7A2E81D
WS_BGRFC_INBOUND000,083,SRTQS_00505684390C1EECBCCED91CCD3BA81D,00505684390C1EECBCCED91CCD3C081D
WS_BGRFC_INBOUND000,083,SRTQS_00505684390C1EECBCCEDA24084BA81D,00505684390C1EECBCCEDA24084C081D
WS_BGRFC_INBOUND000,083,SRTQS_00505684390C1EECBCCEDB67FDD8A81D,00505684390C1EECBCCEDB67FDD9081D
WS_BGRFC_INBOUND000,083,SRTQS_00505684390C1EECBCCEDCA11D4EE81D,00505684390C1EECBCCEDCA11D4F481D
WS_BGRFC_INBOUND000,083,SRTQS_00505684390C1EECBCCEDDCA39C2081D,00505684390C1EECBCCEDDCA39C2681D
WS_BGRFC_INBOUND000,083,SRTQS_00505684390C1EECBCCEDEFCB154081D,00505684390C1EECBCCEDEFCB154681D
WS_BGRFC_INBOUND000,083,SRTQS_00505684390C1EECBCCEE0538488681D,00505684390C1EECBCCEE0538488C81D
WS_BGRFC_INBOUND000,083,SRTQS_00505684390C1EECBCCEE19FEDC0E81D,00505684390C1EECBCCEE19FEDC1481D
WS_BGRFC_INBOUND000,083,SRTQS_00505684390C1EECBCCEE30C0DB8681D,00505684390C1EECBCCEE30C0DB8C81D
WS_BGRFC_INBOUND000,083,SRTQS_00505684390C1EECBCCEE432BBD2A81D,00505684390C1EECBCCEE432BBD3081D
WS_BGRFC_INBOUND000,083,SRTQS_00505684390C1EECBCCEE56BEFFF281D,00505684390C1EECBCCEE56BEFFF881D
WS_BGRFC_INBOUND000,083,SRTQS_00505684390C1EECBCCEE6A0BB14A81D,00505684390C1EECBCCEE6A0BB15081D
WS_BGRFC_INBOUND000,083,SRTQS_00505684390C1EECBCCEE76ED016681D,00505684390C1EECBCCEE76ED016C81D
WS_BGRFC_INBOUND000,083,SRTQS_00505684390C1EECBCCEE827BF43C81D,00505684390C1EECBCCEE827BF44281D
WS_BGRFC_INBOUND000,083,SRTQS_00505684390C1EECBCCEE90D8814281D,00505684390C1EECBCCEE90D8814881D
WS_BGRFC_INBOUND000,083,SRTQS_00505684390C1EECBCCEE9CA29A1481D,00505684390C1EECBCCEE9CA29A1A81D
WS_BGRFC_INBOUND000,083,SRTQS_00505684390C1EECBCCEEAD46A9B281D,00505684390C1EECBCCEEAD46A9B881D
WS_BGRFC_INBOUND000,083,SRTQS_00505684390C1EECBCCEEBF9EA68A81D,00505684390C1EECBCCEEBF9EA69081D
WS_BGRFC_INBOUND000,083,SRTQS_00505684390C1EECBCCEECFEFD05C81D,00505684390C1EECBCCEECFEFD06281D
WS_BGRFC_INBOUND000,083,SRTQS_00505684390C1EECBCCEEE09D015681D,00505684390C1EECBCCEEE09D015C81D
WS_BGRFC_INBOUND000,083,SRTQS_00505684390C1EECBCCEEEA387C1A81D,00505684390C1EECBCCEEEA387C2081D
WS_BGRFC_INBOUND000,083,SRTQS_00505684390C1EECBCCEEF1373FC881D,00505684390C1EECBCCEEF1373FCE81D
WS_BGRFC_INBOUND000,083,SRTQS_00505684390C1EECBCCEEFD865F7C81D,00505684390C1EECBCCEEFD865F8281D
WS_BGRFC_INBOUND000,083,SRTQS_00505684390C1EECBCCEF0937BDAC81D,00505684390C1EECBCCEF0937BDB281D
WS_BGRFC_INBOUND000,083,SRTQS_00505684390C1EECBCCEF176637DC81D,00505684390C1EECBCCEF176637E281D
WS_BGRFC_INBOUND000,083,SRTQS_00505684390C1EECBCCEF2885863281D,00505684390C1EECBCCEF2885863881D
WS_BGRFC_INBOUND000,083,SRTQS_00505684390C1EED93D6ED6778F9C81D,00505684390C1EED93D6ED6778FA281D
WS_BGRFC_INBOUND000,083,SRTQS_00505684390C1EED93D707EC5BA0281D,00505684390C1EED93D707EC5BA0881D
WS_BGRFC_INBOUND000,083,SRTQS_00505684390C1EED96B4304AA1F1C81D,00505684390C1EED96B4304AA1F2281D
WS_BGRFC_INBOUND000,083,SRTQS_00505684390C1EED96B467D68299E81D,00505684390C1EED96B467D6829A481D
WS_BGRFC_INBOUND000,083,SRTQS_00505684390C1EED96B47A17BB50281D,00505684390C1EED96B47A17BB50881D
WS_BGRFC_INBOUND000,083,SRTQS_00505684390C1EED96B5230208DFA81D,00505684390C1EED96B5230208E0081D
WS_BGRFC_INBOUND000,083,SRTQS_00505684390C1EED96B54405CB80E81D,00505684390C1EED96B54405CB81481D
WS_BGRFC_INBOUND000,083,SRTQS_00505684390C1EED96B557840E76281D,00505684390C1EED96B557840E76881D
WS_BGRFC_INBOUND000,083,SRTQS_00505684390C1EED96B56E00A025681D,00505684390C1EED96B56E00A025C81D
WS_BGRFC_INBOUND000,083,SRTQS_00505684390C1EED9BF6095FEF4BA81D,00505684390C1EED9BF60987734C681D
WS_BGRFC_INBOUND000,083,SRTQS_00505684390C1EED9BF61B41F004A81D,00505684390C1EED9BF61B41F005A81D
WS_BGRFC_INBOUND000,083,SRTQS_00505684390C1EEDA2D4A8834E84681D,00505684390C1EEDA2D4A8834E84C81D
WS_BGRFC_INBOUND000,083,SRTQS_00505684390C1EEDA2D4DA5860CA281D,00505684390C1EEDA2D4DA5860CBC81D
WS_BGRFC_INBOUND000,083,SRTQS_00505684390C1EEDACB9C630C229481D,00505684390C1EEDACB9C630C22A681D
WS_BGRFC_INBOUND000,083,SRTQS_00505684390C1EEDACB9C73BB08B881D,00505684390C1EEDACB9C73BB08CA81D
WS_BGRFC_INBOUND000,083,SRTQS_00505684390C1EEDB1E19D5D8AAA281D,00505684390C1EEDB1E19D5D8AAAC81D
WS_BGRFC_INBOUND000,083,SRTQS_00505684390C1EEDB1E19DCA095A881D,00505684390C1EEDB1E19DCA095B281D
WS_BGRFC_INBOUND000,083,SRTQS_00505684390C1EEDB58C97DD7EB3E81D,00505684390C1EEDB58C97DD7EB4881D
WS_BGRFC_INBOUND000,083,SRTQS_00505684390C1EEDB58FFAAC2C03A81D,00505684390C1EEDB58FFAAC2C04481D
WS_BGRFC_INBOUND000,083,SRTQS_00505684390C1EEE86FDF3C3F8C4A81D,00505684390C1EEE86FDF3C3F8C5681D
WS_BGRFC_INBOUND000,083,SRTQS_00505684390C1EEE86FDF8537F89A81D,00505684390C1EEE86FDF8537F8AA81D
WS_BGRFC_INBOUND000,083,SRTQS_00505684390C1EEE86FE1B88F330281D,00505684390C1EEE86FE1B88F331281D
WS_BGRFC_INBOUND000,083,SRTQS_00505684390C1EEE86FE27D7F25FE81D,00505684390C1EEE86FE27D7F260481D
WS_BGRFC_INBOUND000,083,SRTQS_00505684390C1EEE8790DE040A3AE81D,00505684390C1EEE8790DE040A3B481D
WS_BGRFC_INBOUND000,083,SRTQS_00505684390C1EEE8793123455EB281D,00505684390C1EEE8793123455EBC81D
WS_BGRFC_INBOUND000,083,SRTQS_00505684390C1EEE8793125E206A281D,00505684390C1EEE8793125E206AC81D
WS_BGRFC_INBOUND000,083,SRTQS_00505684390C1EEE87932C7EC77F681D,00505684390C1EEE87932C7EC780081D
WS_BGRFC_INBOUND000,083,SRTQS_00505684390C1EEE87932CA990C1081D,00505684390C1EEE87932CA990C1A81D
WS_BGRFC_INBOUND000,083,SRTQS_00505684390C1EEE879532788D03E81D,00505684390C1EEE879532788D04A81D
WS_BGRFC_INBOUND000,083,SRTQS_00505684390C1EEE8795606EA1D6481D,00505684390C1EEE8795606EA1D7481D
WS_BGRFC_INBOUND000,083,SRTQS_00505684390C1EEE91B405618989281D,00505684390C1EEE91B405618989881D
WS_BGRFC_INBOUND000,083,SRTQS_00505684390C1EEE91B40581B3F3881D,00505684390C1EEE91B40581B3F3E81D
WS_BGRFC_INBOUND000,083,SRTQS_00505684390C1EEE91B40581B3F5881D,00505684390C1EEE91B40581B3F5E81D
WS_BGRFC_INBOUND000,083,SRTQS_00505684390C1EEFA2F370AA3388482A,00505684390C1EEFA2F3740E2601882A
WS_BGRFC_INBOUND000,083,SRTQS_00505684390C1EEFA2F3BB1D8594282A,00505684390C1EEFA2F3BB951AD7082A
WS_BGRFC_INBOUND000,083,SRTQS_00505684390C1EEFA2F4FA0DFB32E82A,00505684390C1EEFA2F4FAC94527882A
WS_BGRFC_INBOUND000,083,SRTQS_00505684390C1EEFA2F60D14A7D7682A,00505684390C1EEFA2F60DFF54FBC82A
